country_or_territory,country_iso3,good_key,default_direct_t_co2e_per_t,default_indirect_t_co2e_per_t,default_total_t_co2e_per_t,production_route_code
Albania,ALB,2507008080-calcined-clay,,,,
Albania,ALB,2523100010-white-clinker,,,,
Albania,ALB,2523100090-other-clinker-including-grey-clinker,0.87,0.0,0.87,A
Albania,ALB,25232100-white-portland-cement,,,,
Albania,ALB,25232900-grey-portland-cement,0.9,0.03,0.93,
Albania,ALB,25233000-aluminous-cement,,,,
Albania,ALB,2523900010-white-hydraulic-cement,,,,
Albania,ALB,2523900090-other-hydraulic-cements-including-grey-h,0.86,0.03,0.89,A
Albania,ALB,28080000-nitric-acid-sulphonitric-acids,2.73,0.04,2.76,
Albania,ALB,28141000-anhydrous-ammonia,,,,
Albania,ALB,28142000-ammonia-in-aqueous-solution,0.65,0.03,0.68,
Albania,ALB,28342100-nitrate-of-potassium,2.19,0.05,2.24,
Albania,ALB,3102-mineral-or-chemical-fertilizers-nitrogen,,,,
Albania,ALB,31021012-urea-in-aqueous-solution-containing-45-n,0.44,0.03,0.47,
Albania,ALB,31021015-urea-in-aqueous-solution-containing-45-n,0.73,0.03,0.76,
Albania,ALB,31021019-urea-whether-or-not-in-aqueous-solution,1.33,0.08,1.42,
Albania,ALB,31021090-urea-whether-or-not-in-aqueous-solution,1.3,0.08,1.39,
Albania,ALB,31022100-ammonium-sulphate-excl-that-in-tablets-o,0.6,0.06,0.67,
Albania,ALB,31022900-double-salts-and-mixtures-of-ammonium-su,1.38,0.07,1.46,
Albania,ALB,31023010-ammonium-nitrate-in-aqueous-solution-exc,1.65,0.05,1.7,
Albania,ALB,31023090-ammonium-nitrate-excl-that-in-aqueous-so,2.54,0.08,2.62,
Albania,ALB,31024010-mixtures-of-ammonium-nitrate-with-calciu,2.15,0.08,2.22,
Albania,ALB,31024090-mixtures-of-ammonium-nitrate-with-calciu,2.15,0.08,2.22,
Albania,ALB,31025000-sodium-nitrate-excl-that-in-tablets-or-s,4.26,0.06,4.31,
Albania,ALB,31026000-double-salts-and-mixtures-of-calcium-nit,2.13,0.07,2.2,
Albania,ALB,31028000-mixtures-of-urea-and-ammonium-nitrate-in,1.56,0.07,1.62,
Albania,ALB,31029000-mineral-or-chemical-nitrogen-fertilisers,1.57,0.08,1.64,
Albania,ALB,3105-mineral-or-chemical-fertilisers-containi,,,,
Albania,ALB,31051000-mineral-or-chemical-fertilisers-of-anima,0.8,0.06,0.86,
Albania,ALB,31052010-mineral-or-chemical-fertilisers-containi,1.05,0.08,1.12,
Albania,ALB,31052090-mineral-or-chemical-fertilisers-containi,0.71,0.06,0.77,
Albania,ALB,31053000-diammonium-hydrogenorthophosphate-diammo,0.5,0.05,0.55,
Albania,ALB,31054000-ammonium-dihydrogenorthophosphate-monoam,0.32,0.04,0.35,
Albania,ALB,31055100-other-mineral-or-chemical-fertilisers-co,1.45,0.09,1.54,
Albania,ALB,31055900-other-mineral-or-chemical-fertilisers-co,0.56,0.08,0.64,
Albania,ALB,31059020-mineral-or-chemical-fertilisers-containi,1.43,0.06,1.49,
Albania,ALB,31059080-mineral-or-chemical-fertilisers-containi,0.73,0.04,0.77,
Albania,ALB,28041000-hydrogen,14.03,,14.03,
Albania,ALB,720241-ferro-chromium-containing-by-weight-4-of,2.35,,2.35,
Algeria,DZA,2507008080-calcined-clay,,,,
Algeria,DZA,2523100010-white-clinker,1.29,0.06,1.34,B
Algeria,DZA,2523100090-other-clinker-including-grey-clinker,1.24,0.04,1.28,A
Algeria,DZA,25232100-white-portland-cement,1.23,0.14,1.37,
Algeria,DZA,25232900-grey-portland-cement,1.23,0.06,1.3,
Algeria,DZA,25233000-aluminous-cement,,,,
Algeria,DZA,2523900010-white-hydraulic-cement,1.28,0.17,1.44,B
Algeria,DZA,2523900090-other-hydraulic-cements-including-grey-h,1.17,0.07,1.24,A
Algeria,DZA,28080000-nitric-acid-sulphonitric-acids,2.49,0.04,2.53,
Algeria,DZA,28141000-anhydrous-ammonia,1.96,0.12,2.08,
Algeria,DZA,28142000-ammonia-in-aqueous-solution,0.59,0.04,0.62,
Algeria,DZA,28342100-nitrate-of-potassium,2.0,0.06,2.06,
Algeria,DZA,3102-mineral-or-chemical-fertilizers-nitrogen,,,,
Algeria,DZA,31021012-urea-in-aqueous-solution-containing-45-n,0.44,0.03,0.47,
Algeria,DZA,31021015-urea-in-aqueous-solution-containing-45-n,0.72,0.03,0.76,
Algeria,DZA,31021019-urea-whether-or-not-in-aqueous-solution,1.32,0.1,1.41,
Algeria,DZA,31021090-urea-whether-or-not-in-aqueous-solution,1.29,0.09,1.38,
Algeria,DZA,31022100-ammonium-sulphate-excl-that-in-tablets-o,0.56,0.07,0.63,
Algeria,DZA,31022900-double-salts-and-mixtures-of-ammonium-su,1.27,0.08,1.36,
Algeria,DZA,31023010-ammonium-nitrate-in-aqueous-solution-exc,1.51,0.06,1.57,
Algeria,DZA,31023090-ammonium-nitrate-excl-that-in-aqueous-so,2.33,0.09,2.42,
Algeria,DZA,31024010-mixtures-of-ammonium-nitrate-with-calciu,1.98,0.09,2.07,
Algeria,DZA,31024090-mixtures-of-ammonium-nitrate-with-calciu,1.98,0.09,2.07,
Algeria,DZA,31025000-sodium-nitrate-excl-that-in-tablets-or-s,3.88,0.06,3.94,
Algeria,DZA,31026000-double-salts-and-mixtures-of-calcium-nit,1.95,0.08,2.03,
Algeria,DZA,31028000-mixtures-of-urea-and-ammonium-nitrate-in,1.46,0.08,1.53,
Algeria,DZA,31029000-mineral-or-chemical-nitrogen-fertilisers,1.49,0.09,1.58,
Algeria,DZA,3105-mineral-or-chemical-fertilisers-containi,,,,
Algeria,DZA,31051000-mineral-or-chemical-fertilisers-of-anima,0.73,0.08,0.81,
Algeria,DZA,31052010-mineral-or-chemical-fertilisers-containi,0.97,0.09,1.06,
Algeria,DZA,31052090-mineral-or-chemical-fertilisers-containi,0.66,0.07,0.72,
Algeria,DZA,31053000-diammonium-hydrogenorthophosphate-diammo,0.46,0.05,0.51,
Algeria,DZA,31054000-ammonium-dihydrogenorthophosphate-monoam,0.29,0.04,0.34,
Algeria,DZA,31055100-other-mineral-or-chemical-fertilisers-co,1.33,0.11,1.44,
Algeria,DZA,31055900-other-mineral-or-chemical-fertilisers-co,0.52,0.09,0.61,
Algeria,DZA,31059020-mineral-or-chemical-fertilisers-containi,1.31,0.07,1.38,
Algeria,DZA,31059080-mineral-or-chemical-fertilisers-containi,0.67,0.05,0.72,
Algeria,DZA,7601-unwrought-aluminium,0.36,,0.36,L
Algeria,DZA,7603-aluminium-powders-and-flakes,0.92,,0.92,L
Algeria,DZA,76041010-bars-and-rods,1.14,,1.14,L
Algeria,DZA,76041090-profiles,1.16,,1.16,L
Algeria,DZA,76042100-hollow-profiles,1.16,,1.16,L
Algeria,DZA,76042910-bars-and-rods,1.14,,1.14,L
Algeria,DZA,76042990-profiles,1.16,,1.16,L
Algeria,DZA,7605-aluminium-wire,1.14,,1.14,L
Algeria,DZA,7606-aluminium-plates-sheets-and-strip-of-a-t,1.6,,1.6,L
Algeria,DZA,7607-aluminium-foil-whether-or-not-printed-or,1.6,,1.6,L
Algeria,DZA,7608-aluminium-tubes-and-pipes,1.16,,1.16,L
Algeria,DZA,76090000-aluminium-tube-or-pipe-fittings-for-exam,1.16,,1.16,L
Algeria,DZA,76101000-doors-windows-and-their-frames-and-thres,1.16,,1.16,L
Algeria,DZA,761090-other,1.16,,1.16,L
Algeria,DZA,76109010-bridges-and-bridge-sections-towers-and-l,1.16,,1.16,L
Algeria,DZA,76109090-other,1.16,,1.16,L
Algeria,DZA,76110000-aluminium-reservoirs-tanks-vats-and-simi,1.6,,1.6,L
Algeria,DZA,7612-aluminium-casks-drums-cans-boxes-and-sim,1.6,,1.6,L
Algeria,DZA,76130000-aluminium-containers-for-compressed-or-l,1.6,,1.6,L
Algeria,DZA,7614-stranded-wire-cables-plaited-bands-and-t,1.14,,1.14,L
Algeria,DZA,76161000-nails-tacks-staples-other-than-those-of,1.6,,1.6,L
Algeria,DZA,76169100-cloth-grill-netting-and-fencing-of-alumi,1.6,,1.6,L
Algeria,DZA,76169910-cast,0.92,,0.92,L
Algeria,DZA,76169990-other,1.6,,1.6,L
Algeria,DZA,28041000-hydrogen,10.82,,10.82,
Algeria,DZA,26011200-agglomerated-iron-ores-and-concentrates,0.18,0.03,0.21,
Algeria,DZA,7201-pig-iron-and-spiegeleisen-in-pigs-blocks,2.87,,2.87,
Algeria,DZA,720211-ferro-manganese-containing-by-weight-2-o,,,,
Algeria,DZA,720219-ferro-manganese-containing-by-weight-2-c,,,,
Algeria,DZA,720241-ferro-chromium-containing-by-weight-4-of,,,,
Algeria,DZA,720249-ferro-chromium-containing-by-weight-4-of,,,,
Algeria,DZA,72026000-ferro-nickel,,,,
Algeria,DZA,7203-ferrous-products-obtained-by-direct-redu,0.81,,0.81,
Algeria,DZA,7205-granules-and-powders-of-pig-iron-spiegel,2.89,,2.89,C/F
Algeria,DZA,7206-iron-and-non-alloy-steel-in-ingots-or-ot,,,,
Algeria,DZA,72061000-ingots-of-iron-and-non-alloy-steel-excl,3.0,,3.0,C
Algeria,DZA,72069000-iron-and-non-alloy-steel-in-puddled-bars,3.0,,3.0,C
Algeria,DZA,7207-semi-finished-products-of-iron-or-non-al,,,,
Algeria,DZA,72071111-semi-finished-products-of-non-alloy-free,3.0,,3.0,C
Algeria,DZA,72071114-semi-finished-products-of-iron-or-non-al,3.0,,3.0,C
Algeria,DZA,72071116-semi-finished-products-of-iron-or-non-al,3.0,,3.0,C
Algeria,DZA,72071190-semi-finished-products-of-iron-or-non-al,3.0,,3.0,C
Algeria,DZA,72071210-semi-finished-products-of-iron-or-non-al,3.0,,3.0,C
Algeria,DZA,72071290-semi-finished-products-of-iron-or-non-al,3.0,,3.0,C
Algeria,DZA,72071912-semi-finished-products-of-iron-or-non-al,3.0,,3.0,C
Algeria,DZA,72071919-semi-finished-products-of-iron-or-non-al,3.0,,3.0,C
Algeria,DZA,72071980-semi-finished-products-of-iron-or-non-al,3.0,,3.0,C
Algeria,DZA,72072011-semi-finished-products-of-non-alloy-free,3.0,,3.0,C
Algeria,DZA,72072015-semi-finished-products-of-iron-or-non-al,3.0,,3.0,C
Algeria,DZA,72072017-semi-finished-products-of-iron-or-non-al,3.0,,3.0,C
Algeria,DZA,72072019-semi-finished-products-of-iron-or-non-al,3.0,,3.0,C
Algeria,DZA,72072032-semi-finished-products-of-iron-or-non-al,3.0,,3.0,C
Algeria,DZA,72072039-semi-finished-products-of-iron-or-non-al,3.0,,3.0,C
Algeria,DZA,72072052-semi-finished-products-of-iron-or-non-al,3.0,,3.0,C
Algeria,DZA,72072059-semi-finished-products-of-iron-or-non-al,3.0,,3.0,C
Algeria,DZA,72072080-semi-finished-products-of-iron-or-non-al,3.0,,3.0,C
Algeria,DZA,7208-flat-rolled-products-of-iron-or-non-allo,3.0,,3.0,C
Algeria,DZA,7209-flat-rolled-products-of-iron-or-non-allo,3.0,,3.0,C
Algeria,DZA,7210-flat-rolled-products-of-iron-or-non-allo,3.0,,3.0,C
Algeria,DZA,7211-flat-rolled-products-of-iron-or-non-allo,,,,
Algeria,DZA,72111300-flat-rolled-products-of-iron-or-non-allo,3.0,,3.0,C
Algeria,DZA,72111400-flat-rolled-products-of-iron-or-non-allo,3.0,,3.0,C
Algeria,DZA,72111900-flat-rolled-products-of-iron-or-non-allo,3.0,,3.0,C
Algeria,DZA,721123-flat-rolled-products-of-iron-or-non-allo,3.0,,3.0,C
Algeria,DZA,72112900-flat-rolled-products-of-iron-or-non-allo,3.0,,3.0,C
Algeria,DZA,721190-flat-rolled-products-of-iron-or-non-allo,3.0,,3.0,C
Algeria,DZA,7212-flat-rolled-products-of-iron-or-non-allo,3.0,,3.0,C
Algeria,DZA,7213-bars-and-rods-of-iron-or-non-alloy-steel,3.0,,3.0,C
Algeria,DZA,7214-bars-and-rods-of-iron-or-non-alloy-steel,,,,
Algeria,DZA,72141000-bars-and-rods-of-iron-or-non-alloy-steel,3.0,,3.0,C
Algeria,DZA,72142000-bars-and-rods-of-iron-or-non-alloy-steel,3.0,,3.0,C
Algeria,DZA,72143000-bars-and-rods-of-non-alloy-free-cutting,3.0,,3.0,C
Algeria,DZA,721491-bars-and-rods-of-iron-or-non-alloy-steel,3.0,,3.0,C
Algeria,DZA,721499-bars-and-rods-of-iron-or-non-alloy-steel,3.0,,3.0,C
Algeria,DZA,7215-bars-and-rods-of-iron-or-non-alloy-steel,3.0,,3.0,C
Algeria,DZA,7216-angles-shapes-and-sections-of-iron-or-no,3.0,,3.0,C
Algeria,DZA,7217-wire-of-iron-or-non-alloy-steel-in-coils,,,,
Algeria,DZA,721710-wire-of-iron-or-non-alloy-steel-in-coils,3.0,,3.0,C
Algeria,DZA,721720-wire-of-iron-or-non-alloy-steel-in-coils,3.0,,3.0,C
Algeria,DZA,721730-wire-of-iron-or-non-alloy-steel-in-coils,3.0,,3.0,C
Algeria,DZA,721790-wire-of-iron-or-non-alloy-steel-in-coils,3.0,,3.0,C
Algeria,DZA,7218-stainless-steel-in-ingots-or-other-prima,,,,
Algeria,DZA,72181000-steel-stainless-in-ingots-and-other-prim,3.3,,3.3,
Algeria,DZA,721891-semi-finished-products-of-stainless-stee,3.3,,3.3,
Algeria,DZA,72189911-semi-finished-products-of-stainless-stee,3.3,,3.3,
Algeria,DZA,72189919-semi-finished-products-of-stainless-stee,3.3,,3.3,
Algeria,DZA,72189920-semi-finished-products-of-stainless-stee,3.3,,3.3,
Algeria,DZA,72189980-semi-finished-products-of-stainless-stee,3.3,,3.3,
Algeria,DZA,7219-flat-rolled-products-of-stainless-steel,,,,
Algeria,DZA,72191100-flat-rolled-products-of-stainless-steel,3.3,,3.3,
Algeria,DZA,721912-flat-rolled-products-of-stainless-steel,3.3,,3.3,
Algeria,DZA,721913-flat-rolled-products-of-stainless-steel,3.3,,3.3,
Algeria,DZA,721914-flat-rolled-products-of-stainless-steel,3.3,,3.3,
Algeria,DZA,721921-flat-rolled-products-of-stainless-steel,3.3,,3.3,
Algeria,DZA,721922-flat-rolled-products-of-stainless-steel,3.3,,3.3,
Algeria,DZA,72192300-flat-rolled-products-of-stainless-steel,3.3,,3.3,
Algeria,DZA,72192400-flat-rolled-products-of-stainless-steel,3.3,,3.3,
Algeria,DZA,72193100-flat-rolled-products-of-stainless-steel,3.3,,3.3,
Algeria,DZA,721932-flat-rolled-products-of-stainless-steel,3.3,,3.3,
Algeria,DZA,721933-flat-rolled-products-of-stainless-steel,3.3,,3.3,
Algeria,DZA,721934-flat-rolled-products-of-stainless-steel,3.3,,3.3,
Algeria,DZA,721935-flat-rolled-products-of-stainless-steel,3.3,,3.3,
Algeria,DZA,721990-flat-rolled-products-of-stainless-steel,3.3,,3.3,
Algeria,DZA,7220-flat-rolled-products-of-stainless-steel,,,,
Algeria,DZA,72201100-flat-rolled-products-of-stainless-steel,3.3,,3.3,
Algeria,DZA,72201200-flat-rolled-products-of-stainless-steel,3.3,,3.3,
Algeria,DZA,722020-flat-rolled-products-of-stainless-steel,3.3,,3.3,
Algeria,DZA,722090-flat-rolled-products-of-stainless-steel,3.3,,3.3,
Algeria,DZA,7221-bars-and-rods-of-stainless-steel-hot-rol,3.3,,3.3,
Algeria,DZA,7222-other-bars-and-rods-of-stainless-steel-a,,,,
Algeria,DZA,722211-bars-and-rods-of-stainless-steel-only-ho,3.3,,3.3,
Algeria,DZA,722219-bars-and-rods-of-stainless-steel-only-ho,3.3,,3.3,
Algeria,DZA,722220-other-bars-and-rods-of-stainless-steel-n,3.3,,3.3,
Algeria,DZA,722230-other-bars-and-rods-of-stainless-steel-c,3.3,,3.3,
Algeria,DZA,722240-angles-shapes-and-sections-of-stainless,3.3,,3.3,
Algeria,DZA,7223-wire-of-stainless-steel-in-coils-excl-ba,,,,
Algeria,DZA,722300-wire-of-stainless-steel-in-coils-excl-ba,3.3,,3.3,
Algeria,DZA,7224-steel-alloy-other-than-stainless-in-ingo,,,,
Algeria,DZA,722410-steel-alloy-other-than-stainless-in-ingo,3.41,,3.41,F
Algeria,DZA,72249002-semi-finished-products-of-tool-steel,3.41,,3.41,F
Algeria,DZA,72249003-semi-finished-products-of-high-speed-ste,3.41,,3.41,F
Algeria,DZA,72249005-semi-finished-products-of-steel-containi,3.41,,3.41,F
Algeria,DZA,72249007-semi-finished-products-of-alloy-steel-ot,3.41,,3.41,F
Algeria,DZA,72249014-semi-finished-products-of-alloy-steel-ot,3.41,,3.41,F
Algeria,DZA,72249018-semi-finished-products-of-alloy-steel-ot,3.41,,3.41,F
Algeria,DZA,72249031-semi-finished-products-of-steel-containi,3.41,,3.41,F
Algeria,DZA,72249038-semi-finished-products-of-alloy-steel-ot,3.41,,3.41,F
Algeria,DZA,72249090-semi-finished-products-of-alloy-steel-ot,3.41,,3.41,F
Algeria,DZA,7225-flat-rolled-products-of-alloy-steel-othe,,,,
Algeria,DZA,72251100-flat-rolled-products-of-silicon-electric,4.52,,4.52,C
Algeria,DZA,72251910-flat-rolled-products-of-silicon-electric,3.41,,3.41,C
Algeria,DZA,72251990-flat-rolled-products-of-silicon-electric,3.41,,3.41,C
Algeria,DZA,722530-flat-rolled-products-of-alloy-steel-othe,3.41,,3.41,F
Algeria,DZA,722540-flat-rolled-products-of-alloy-steel-othe,3.41,,3.41,F
Algeria,DZA,722550-flat-rolled-products-of-alloy-steel-othe,3.41,,3.41,F
Algeria,DZA,72259100-flat-rolled-products-of-alloy-steel-othe,3.41,,3.41,F
Algeria,DZA,72259200-flat-rolled-products-of-alloy-steel-othe,3.41,,3.41,F
Algeria,DZA,72259900-flat-rolled-products-of-alloy-steel-othe,3.41,,3.41,F
Algeria,DZA,7226-flat-rolled-products-of-alloy-steel-othe,,,,
Algeria,DZA,72261100-flat-rolled-products-of-silicon-electric,4.52,,4.52,C
Algeria,DZA,72261910-flat-rolled-products-of-silicon-electric,3.41,,3.41,C
Algeria,DZA,72261980-flat-rolled-products-of-silicon-electric,3.41,,3.41,C
Algeria,DZA,72262000-flat-rolled-products-of-high-speed-steel,3.41,,3.41,F
Algeria,DZA,722691-flat-rolled-products-of-alloy-steel-othe,3.41,,3.41,F
Algeria,DZA,72269200-flat-rolled-products-of-alloy-steel-othe,3.41,,3.41,F
Algeria,DZA,722699-flat-rolled-products-of-alloy-steel-othe,3.41,,3.41,F
Algeria,DZA,7227-bars-and-rods-of-alloy-steel-other-than,3.41,,3.41,C/F
Algeria,DZA,7228-other-bars-and-rods-of-alloy-steel-other,,,,
Algeria,DZA,72281020-bars-and-rods-of-high-speed-steel-not-fu,3.41,,3.41,F
Algeria,DZA,72281050-bars-and-rods-of-high-speed-steel-forged,3.41,,3.41,F
Algeria,DZA,72281090-bars-and-rods-of-high-speed-steel-not-fu,3.41,,3.41,F
Algeria,DZA,722820-bars-and-rods-of-silico-manganese-steel,3.41,,3.41,F
Algeria,DZA,722830-bars-and-rods-of-alloy-steel-other-than,3.41,,3.41,C/F
Algeria,DZA,722840-bars-and-rods-of-alloy-steel-other-than,3.41,,3.41,F
Algeria,DZA,722850-bars-and-rods-of-alloy-steel-other-than,3.41,,3.41,C/F
Algeria,DZA,722860-bars-and-rods-of-alloy-steel-other-than,3.41,,3.41,F
Algeria,DZA,722870-angles-shapes-and-sections-of-alloy-stee,3.41,,3.41,F
Algeria,DZA,72288000-hollow-drill-bars-and-rods-of-alloy-or-n,3.41,,3.41,F
Algeria,DZA,7229-wire-of-alloy-steel-other-than-stainless,3.41,,3.41,C/F
Algeria,DZA,7301-sheet-piling-of-iron-or-steel-whether-or,3.0,,3.0,C
Algeria,DZA,7302-railway-or-tramway-track-construction-ma,3.19,,3.19,C
Algeria,DZA,7303-tubes-pipes-and-hollow-profiles-of-cast,,,,
Algeria,DZA,730300-tubes-pipes-and-hollow-profiles-of-cast,2.87,,2.87,
Algeria,DZA,7304-tubes-pipes-and-hollow-profiles-seamless,,,,
Algeria,DZA,73041100-line-pipe-of-a-kind-used-for-oil-or-gas,3.3,,3.3,
Algeria,DZA,730419-line-pipe-of-a-kind-used-for-oil-or-gas,3.0,,3.0,C
Algeria,DZA,73042200-drill-pipe-seamless-of-stainless-steel-o,3.3,,3.3,
Algeria,DZA,73042300-drill-pipe-seamless-of-a-kind-used-in-dr,3.0,,3.0,C
Algeria,DZA,73042400-casing-and-tubing-seamless-of-a-kind-use,3.3,,3.3,
Algeria,DZA,730429-casing-and-tubing-seamless-of-iron-or-st,3.0,,3.0,C
Algeria,DZA,730431-tubes-pipes-and-hollow-profiles-seamless,3.0,,3.0,C
Algeria,DZA,730439-tubes-pipes-and-hollow-profiles-seamless,3.0,,3.0,C
Algeria,DZA,73044100-tubes-pipes-and-hollow-profiles-seamless,3.3,,3.3,
Algeria,DZA,730449-tubes-pipes-and-hollow-profiles-seamless,3.3,,3.3,
Algeria,DZA,730451-tubes-pipes-and-hollow-profiles-seamless,2.91,,2.91,F
Algeria,DZA,730459-tubes-pipes-and-hollow-profiles-seamless,2.91,,2.91,C/F
Algeria,DZA,73049000-tubes-pipes-and-hollow-profiles-seamless,3.0,,3.0,C
Algeria,DZA,7305-tubes-and-pipes-having-circular-cross-se,3.0,,3.0,C
Algeria,DZA,7306-tubes-pipes-and-hollow-profiles-e-g-open,,,,
Algeria,DZA,73061100-line-pipe-of-a-kind-used-for-oil-or-gas,3.3,,3.3,
Algeria,DZA,73061900-line-pipe-of-a-kind-used-for-oil-or-gas,3.0,,3.0,C
Algeria,DZA,73062100-casing-and-tubing-of-a-kind-used-in-dril,3.3,,3.3,
Algeria,DZA,73062900-casing-and-tubing-of-a-kind-used-in-dril,3.0,,3.0,C
Algeria,DZA,73063012-precision-tubes-welded-of-circular-cross,3.0,,3.0,C
Algeria,DZA,73063018-precision-tubes-welded-of-circular-cross,3.0,,3.0,C
Algeria,DZA,73063041-threaded-or-threadable-tubes-gas-pipe-we,3.0,,3.0,C
Algeria,DZA,73063049-threaded-or-threadable-tubes-gas-pipe-we,3.0,,3.0,C
Algeria,DZA,73063072-other-tubes-pipes-and-hollow-profiles-we,3.0,,3.0,C
Algeria,DZA,73063077-other-tubes-pipes-and-hollow-profiles-we,3.0,,3.0,C
Algeria,DZA,73063080-tubes-pipes-and-hollow-profiles-welded-h,3.0,,3.0,C
Algeria,DZA,73064020-tubes-pipes-and-hollow-profiles-welded-o,3.3,,3.3,
Algeria,DZA,73064080-tubes-pipes-and-hollow-profiles-welded-o,3.3,,3.3,
Algeria,DZA,73065021-precision-steel-tubes-welded-of-circular,2.93,,2.93,F
Algeria,DZA,73065029-precision-steel-tubes-welded-of-circular,2.93,,2.93,F
Algeria,DZA,73065080-tubes-pipes-and-hollow-profiles-welded-o,2.93,,2.93,F
Algeria,DZA,73066110-tubes-and-pipes-and-hollow-profiles-weld,3.3,,3.3,
Algeria,DZA,73066192-tubes-and-pipes-and-hollow-profiles-weld,3.0,,3.0,C
Algeria,DZA,73066199-tubes-and-pipes-and-hollow-profiles-weld,3.0,,3.0,C
Algeria,DZA,73066910-tubes-pipes-and-hollow-profiles-welded-o,3.3,,3.3,
Algeria,DZA,73066990-tubes-pipes-and-hollow-profiles-welded-o,3.0,,3.0,C
Algeria,DZA,73069000-tubes-pipes-and-hollow-profiles-e-g-open,3.0,,3.0,C
Algeria,DZA,7307-tube-or-pipe-fittings-e-g-couplings-elbo,,,,
Algeria,DZA,730711-tube-or-pipe-fittings-of-non-malleable-c,2.86,,2.86,
Algeria,DZA,73071910-tube-or-pipe-fittings-of-cast-iron-excl,2.86,,2.86,
Algeria,DZA,73071990-cast-tube-or-pipe-fittings-of-steel,3.0,,3.0,C
Algeria,DZA,73072100-flanges-of-stainless-steel-excl-cast-pro,2.91,,2.91,
Algeria,DZA,730722-threaded-elbows-bends-and-sleeves-of-sta,2.91,,2.91,
Algeria,DZA,730723-butt-welding-tube-or-pipe-fittings-of-st,2.91,,2.91,
Algeria,DZA,730729-tube-or-pipe-fittings-of-stainless-steel,2.91,,2.91,
Algeria,DZA,73079100-flanges-of-iron-or-steel-excl-cast-or-st,3.0,,3.0,C
Algeria,DZA,730792-threaded-elbows-bends-and-sleeves-of-sta,3.0,,3.0,C
Algeria,DZA,730793-butt-welding-fittings-of-iron-or-steel-e,3.0,,3.0,C
Algeria,DZA,730799-tube-or-pipe-fittings-of-iron-or-steel-e,3.0,,3.0,C
Algeria,DZA,7308-structures-and-parts-of-structures-e-g-b,3.02,,3.02,C
Algeria,DZA,7309-reservoirs-tanks-vats-and-similar-contai,3.0,,3.0,C
Algeria,DZA,7310-tanks-casks-drums-cans-boxes-and-similar,3.0,,3.0,C
Algeria,DZA,7311-containers-of-iron-or-steel-for-compress,,,,
Algeria,DZA,731100-containers-of-iron-or-steel-for-compress,3.0,,3.0,C
Algeria,DZA,7318-screws-bolts-nuts-coach-screws-screw-hoo,,,,
Algeria,DZA,73181100-coach-screws-of-iron-or-steel,3.0,,3.0,C
Algeria,DZA,73181210-wood-screws-of-stainless-steel-excl-coac,3.3,,3.3,
Algeria,DZA,73181290-wood-screws-of-iron-or-steel-other-than,3.0,,3.0,C
Algeria,DZA,73181300-screw-hooks-and-screw-rings-of-iron-or-s,3.0,,3.0,C
Algeria,DZA,73181410-self-tapping-screws-of-stainless-steel-e,3.3,,3.3,
Algeria,DZA,73181491-spaced-thread-screws-of-iron-or-steel-ot,3.0,,3.0,C
Algeria,DZA,73181499-self-tapping-screws-of-iron-or-steel-oth,3.0,,3.0,C
Algeria,DZA,731815-threaded-screws-and-bolts-of-iron-or-ste,3.0,,3.0,C
Algeria,DZA,731816-nuts-of-iron-or-steel,3.0,,3.0,C
Algeria,DZA,73181900-threaded-articles-of-iron-or-steel-n-e-s,3.0,,3.0,C
Algeria,DZA,73182100-spring-washers-and-other-lock-washers-of,3.0,,3.0,C
Algeria,DZA,73182200-washers-of-iron-or-steel-excl-spring-was,3.0,,3.0,C
Algeria,DZA,73182300-rivets-of-iron-or-steel-excl-tubular-and,3.0,,3.0,C
Algeria,DZA,73182400-cotters-and-cotter-pins-of-iron-or-steel,3.0,,3.0,C
Algeria,DZA,73182900-non-threaded-articles-of-iron-or-steel,3.0,,3.0,C
Algeria,DZA,7326-articles-of-iron-or-steel-n-e-s-excl-cas,,,,
Algeria,DZA,73261100-grinding-balls-and-similar-articles-for,3.0,,3.0,C
Algeria,DZA,732619-articles-of-iron-or-steel-forged-or-stam,3.0,,3.0,C
Algeria,DZA,73262000-articles-of-iron-or-steel-wire-n-e-s,3.0,,3.0,C
Algeria,DZA,73269030-ladders-and-steps-of-iron-or-steel,3.0,,3.0,C
Algeria,DZA,73269040-pallets-and-similar-platforms-for-handli,3.0,,3.0,C
Algeria,DZA,73269050-reels-for-cables-piping-and-the-like-of,3.0,,3.0,C
Algeria,DZA,73269060-ventilators-non-mechanical-guttering-hoo,3.0,,3.0,C
Algeria,DZA,73269092-articles-of-iron-or-steel-open-die-forge,3.0,,3.0,C
Algeria,DZA,73269094-articles-of-iron-or-steel-closed-die-for,3.0,,3.0,C
Algeria,DZA,73269096-sintered-articles-of-iron-or-steel-n-e-s,3.0,,3.0,C
Algeria,DZA,73269098-articles-of-iron-or-steel-n-e-s,3.0,,3.0,C
Angola,AGO,2507008080-calcined-clay,0.22,0.04,0.25,
Angola,AGO,2523100010-white-clinker,,,,
Angola,AGO,2523100090-other-clinker-including-grey-clinker,1.24,0.02,1.26,A
Angola,AGO,25232100-white-portland-cement,,,,
Angola,AGO,25232900-grey-portland-cement,1.24,0.03,1.27,
Angola,AGO,25233000-aluminous-cement,,,,
Angola,AGO,2523900010-white-hydraulic-cement,,,,
Angola,AGO,2523900090-other-hydraulic-cements-including-grey-h,1.18,0.04,1.22,A
Angola,AGO,28041000-hydrogen,10.82,,10.82,
Angola,AGO,26011200-agglomerated-iron-ores-and-concentrates,,,,
Angola,AGO,720211-ferro-manganese-containing-by-weight-2-o,1.69,,1.69,
Angola,AGO,720241-ferro-chromium-containing-by-weight-4-of,2.35,,2.35,
Angola,AGO,72026000-ferro-nickel,3.48,,3.48,
Argentina,ARG,2507008080-calcined-clay,,,,
Argentina,ARG,2523100010-white-clinker,,,,
Argentina,ARG,2523100090-other-clinker-including-grey-clinker,0.87,0.03,0.9,A
Argentina,ARG,25232100-white-portland-cement,,,,
Argentina,ARG,25232900-grey-portland-cement,0.87,0.05,0.92,
Argentina,ARG,25233000-aluminous-cement,,,,
Argentina,ARG,2523900010-white-hydraulic-cement,,,,
Argentina,ARG,2523900090-other-hydraulic-cements-including-grey-h,,,,
Argentina,ARG,28080000-nitric-acid-sulphonitric-acids,1.9,0.03,1.93,
Argentina,ARG,28141000-anhydrous-ammonia,2.26,0.1,2.36,
Argentina,ARG,28142000-ammonia-in-aqueous-solution,0.68,0.03,0.71,
Argentina,ARG,28342100-nitrate-of-potassium,1.68,0.05,1.73,
Argentina,ARG,3102-mineral-or-chemical-fertilizers-nitrogen,,,,
Argentina,ARG,31021012-urea-in-aqueous-solution-containing-45-n,0.51,0.02,0.53,
Argentina,ARG,31021015-urea-in-aqueous-solution-containing-45-n,0.84,0.02,0.86,
Argentina,ARG,31021019-urea-whether-or-not-in-aqueous-solution,1.53,0.08,1.6,
Argentina,ARG,31021090-urea-whether-or-not-in-aqueous-solution,1.5,0.07,1.57,
Argentina,ARG,31022100-ammonium-sulphate-excl-that-in-tablets-o,0.66,0.05,0.72,
Argentina,ARG,31022900-double-salts-and-mixtures-of-ammonium-su,1.19,0.06,1.25,
Argentina,ARG,31023010-ammonium-nitrate-in-aqueous-solution-exc,1.28,0.05,1.32,
Argentina,ARG,31023090-ammonium-nitrate-excl-that-in-aqueous-so,1.97,0.07,2.04,
Argentina,ARG,31024010-mixtures-of-ammonium-nitrate-with-calciu,1.7,0.07,1.76,
Argentina,ARG,31024090-mixtures-of-ammonium-nitrate-with-calciu,1.7,0.07,1.76,
Argentina,ARG,31025000-sodium-nitrate-excl-that-in-tablets-or-s,2.97,0.05,3.02,
Argentina,ARG,31026000-double-salts-and-mixtures-of-calcium-nit,1.65,0.06,1.71,
Argentina,ARG,31028000-mixtures-of-urea-and-ammonium-nitrate-in,1.36,0.06,1.42,
Argentina,ARG,31029000-mineral-or-chemical-nitrogen-fertilisers,1.49,0.07,1.56,
Argentina,ARG,3105-mineral-or-chemical-fertilisers-containi,,,,
Argentina,ARG,31051000-mineral-or-chemical-fertilisers-of-anima,0.7,0.06,0.76,
Argentina,ARG,31052010-mineral-or-chemical-fertilisers-containi,0.86,0.06,0.92,
Argentina,ARG,31052090-mineral-or-chemical-fertilisers-containi,0.58,0.05,0.63,
Argentina,ARG,31053000-diammonium-hydrogenorthophosphate-diammo,0.53,0.04,0.57,
Argentina,ARG,31054000-ammonium-dihydrogenorthophosphate-monoam,0.34,0.03,0.37,
Argentina,ARG,31055100-other-mineral-or-chemical-fertilisers-co,1.16,0.08,1.24,
Argentina,ARG,31055900-other-mineral-or-chemical-fertilisers-co,0.61,0.08,0.69,
Argentina,ARG,31059020-mineral-or-chemical-fertilisers-containi,1.13,0.05,1.18,
Argentina,ARG,31059080-mineral-or-chemical-fertilisers-containi,0.58,0.04,0.62,
Argentina,ARG,7601-unwrought-aluminium,1.7,,1.7,K
Argentina,ARG,7603-aluminium-powders-and-flakes,1.81,,1.81,K
Argentina,ARG,76041010-bars-and-rods,2.03,,2.03,K
Argentina,ARG,76041090-profiles,2.05,,2.05,K
Argentina,ARG,76042100-hollow-profiles,2.05,,2.05,K
Argentina,ARG,76042910-bars-and-rods,2.03,,2.03,K
Argentina,ARG,76042990-profiles,2.05,,2.05,K
Argentina,ARG,7605-aluminium-wire,2.03,,2.03,K
Argentina,ARG,7606-aluminium-plates-sheets-and-strip-of-a-t,2.49,,2.49,K
Argentina,ARG,7607-aluminium-foil-whether-or-not-printed-or,2.49,,2.49,K
Argentina,ARG,7608-aluminium-tubes-and-pipes,2.05,,2.05,K
Argentina,ARG,76090000-aluminium-tube-or-pipe-fittings-for-exam,2.05,,2.05,K
Argentina,ARG,76101000-doors-windows-and-their-frames-and-thres,2.05,,2.05,K
Argentina,ARG,761090-other,2.05,,2.05,K
Argentina,ARG,76109010-bridges-and-bridge-sections-towers-and-l,2.05,,2.05,K
Argentina,ARG,76109090-other,2.05,,2.05,K
Argentina,ARG,76110000-aluminium-reservoirs-tanks-vats-and-simi,2.49,,2.49,K
Argentina,ARG,7612-aluminium-casks-drums-cans-boxes-and-sim,2.49,,2.49,K
Argentina,ARG,76130000-aluminium-containers-for-compressed-or-l,2.49,,2.49,K
Argentina,ARG,7614-stranded-wire-cables-plaited-bands-and-t,2.03,,2.03,K
Argentina,ARG,76161000-nails-tacks-staples-other-than-those-of,2.49,,2.49,K
Argentina,ARG,76169100-cloth-grill-netting-and-fencing-of-alumi,2.49,,2.49,K
Argentina,ARG,76169910-cast,1.81,,1.81,K
Argentina,ARG,76169990-other,2.49,,2.49,K
Argentina,ARG,28041000-hydrogen,10.82,,10.82,
Argentina,ARG,26011200-agglomerated-iron-ores-and-concentrates,0.14,0.05,0.2,
Argentina,ARG,7201-pig-iron-and-spiegeleisen-in-pigs-blocks,2.3,,2.3,
Argentina,ARG,720211-ferro-manganese-containing-by-weight-2-o,,,,
Argentina,ARG,720219-ferro-manganese-containing-by-weight-2-c,,,,
Argentina,ARG,720241-ferro-chromium-containing-by-weight-4-of,,,,
Argentina,ARG,720249-ferro-chromium-containing-by-weight-4-of,,,,
Argentina,ARG,72026000-ferro-nickel,,,,
Argentina,ARG,7203-ferrous-products-obtained-by-direct-redu,1.03,,1.03,
Argentina,ARG,7205-granules-and-powders-of-pig-iron-spiegel,2.37,,2.37,C/F
Argentina,ARG,7206-iron-and-non-alloy-steel-in-ingots-or-ot,,,,
Argentina,ARG,72061000-ingots-of-iron-and-non-alloy-steel-excl,2.46,,2.46,C
Argentina,ARG,72069000-iron-and-non-alloy-steel-in-puddled-bars,2.47,,2.47,C
Argentina,ARG,7207-semi-finished-products-of-iron-or-non-al,,,,
Argentina,ARG,72071111-semi-finished-products-of-non-alloy-free,2.47,,2.47,C
Argentina,ARG,72071114-semi-finished-products-of-iron-or-non-al,2.47,,2.47,C
Argentina,ARG,72071116-semi-finished-products-of-iron-or-non-al,2.47,,2.47,C
Argentina,ARG,72071190-semi-finished-products-of-iron-or-non-al,2.46,,2.46,C
Argentina,ARG,72071210-semi-finished-products-of-iron-or-non-al,2.47,,2.47,C
Argentina,ARG,72071290-semi-finished-products-of-iron-or-non-al,2.46,,2.46,C
Argentina,ARG,72071912-semi-finished-products-of-iron-or-non-al,2.47,,2.47,C
Argentina,ARG,72071919-semi-finished-products-of-iron-or-non-al,2.46,,2.46,C
Argentina,ARG,72071980-semi-finished-products-of-iron-or-non-al,2.47,,2.47,C
Argentina,ARG,72072011-semi-finished-products-of-non-alloy-free,2.47,,2.47,C
Argentina,ARG,72072015-semi-finished-products-of-iron-or-non-al,2.47,,2.47,C
Argentina,ARG,72072017-semi-finished-products-of-iron-or-non-al,2.47,,2.47,C
Argentina,ARG,72072019-semi-finished-products-of-iron-or-non-al,2.46,,2.46,C
Argentina,ARG,72072032-semi-finished-products-of-iron-or-non-al,2.47,,2.47,C
Argentina,ARG,72072039-semi-finished-products-of-iron-or-non-al,2.46,,2.46,C
Argentina,ARG,72072052-semi-finished-products-of-iron-or-non-al,2.47,,2.47,C
Argentina,ARG,72072059-semi-finished-products-of-iron-or-non-al,2.46,,2.46,C
Argentina,ARG,72072080-semi-finished-products-of-iron-or-non-al,2.47,,2.47,C
Argentina,ARG,7208-flat-rolled-products-of-iron-or-non-allo,2.59,,2.59,C
Argentina,ARG,7209-flat-rolled-products-of-iron-or-non-allo,2.68,,2.68,C
Argentina,ARG,7210-flat-rolled-products-of-iron-or-non-allo,2.68,,2.68,C
Argentina,ARG,7211-flat-rolled-products-of-iron-or-non-allo,,,,
Argentina,ARG,72111300-flat-rolled-products-of-iron-or-non-allo,2.59,,2.59,C
Argentina,ARG,72111400-flat-rolled-products-of-iron-or-non-allo,2.59,,2.59,C
Argentina,ARG,72111900-flat-rolled-products-of-iron-or-non-allo,2.59,,2.59,C
Argentina,ARG,721123-flat-rolled-products-of-iron-or-non-allo,2.68,,2.68,C
Argentina,ARG,72112900-flat-rolled-products-of-iron-or-non-allo,2.68,,2.68,C
Argentina,ARG,721190-flat-rolled-products-of-iron-or-non-allo,2.68,,2.68,C
Argentina,ARG,7212-flat-rolled-products-of-iron-or-non-allo,2.68,,2.68,C
Argentina,ARG,7213-bars-and-rods-of-iron-or-non-alloy-steel,2.47,,2.47,C
Argentina,ARG,7214-bars-and-rods-of-iron-or-non-alloy-steel,,,,
Argentina,ARG,72141000-bars-and-rods-of-iron-or-non-alloy-steel,2.46,,2.46,C
Argentina,ARG,72142000-bars-and-rods-of-iron-or-non-alloy-steel,2.47,,2.47,C
Argentina,ARG,72143000-bars-and-rods-of-non-alloy-free-cutting,2.47,,2.47,C
Argentina,ARG,721491-bars-and-rods-of-iron-or-non-alloy-steel,2.47,,2.47,C
Argentina,ARG,721499-bars-and-rods-of-iron-or-non-alloy-steel,2.47,,2.47,C
Argentina,ARG,7215-bars-and-rods-of-iron-or-non-alloy-steel,2.47,,2.47,C
Argentina,ARG,7216-angles-shapes-and-sections-of-iron-or-no,2.47,,2.47,C
Argentina,ARG,7217-wire-of-iron-or-non-alloy-steel-in-coils,,,,
Argentina,ARG,721710-wire-of-iron-or-non-alloy-steel-in-coils,2.47,,2.47,C
Argentina,ARG,721720-wire-of-iron-or-non-alloy-steel-in-coils,2.47,,2.47,C
Argentina,ARG,721730-wire-of-iron-or-non-alloy-steel-in-coils,2.47,,2.47,C
Argentina,ARG,721790-wire-of-iron-or-non-alloy-steel-in-coils,2.47,,2.47,C
Argentina,ARG,7218-stainless-steel-in-ingots-or-other-prima,,,,
Argentina,ARG,72181000-steel-stainless-in-ingots-and-other-prim,3.23,,3.23,
Argentina,ARG,721891-semi-finished-products-of-stainless-stee,3.43,,3.43,
Argentina,ARG,72189911-semi-finished-products-of-stainless-stee,3.43,,3.43,
Argentina,ARG,72189919-semi-finished-products-of-stainless-stee,3.23,,3.23,
Argentina,ARG,72189920-semi-finished-products-of-stainless-stee,3.43,,3.43,
Argentina,ARG,72189980-semi-finished-products-of-stainless-stee,3.23,,3.23,
Argentina,ARG,7219-flat-rolled-products-of-stainless-steel,,,,
Argentina,ARG,72191100-flat-rolled-products-of-stainless-steel,3.43,,3.43,
Argentina,ARG,721912-flat-rolled-products-of-stainless-steel,3.43,,3.43,
Argentina,ARG,721913-flat-rolled-products-of-stainless-steel,3.43,,3.43,
Argentina,ARG,721914-flat-rolled-products-of-stainless-steel,3.43,,3.43,
Argentina,ARG,721921-flat-rolled-products-of-stainless-steel,3.43,,3.43,
Argentina,ARG,721922-flat-rolled-products-of-stainless-steel,3.43,,3.43,
Argentina,ARG,72192300-flat-rolled-products-of-stainless-steel,3.43,,3.43,
Argentina,ARG,72192400-flat-rolled-products-of-stainless-steel,3.43,,3.43,
Argentina,ARG,72193100-flat-rolled-products-of-stainless-steel,3.52,,3.52,
Argentina,ARG,721932-flat-rolled-products-of-stainless-steel,3.52,,3.52,
Argentina,ARG,721933-flat-rolled-products-of-stainless-steel,3.52,,3.52,
Argentina,ARG,721934-flat-rolled-products-of-stainless-steel,3.52,,3.52,
Argentina,ARG,721935-flat-rolled-products-of-stainless-steel,3.52,,3.52,
Argentina,ARG,721990-flat-rolled-products-of-stainless-steel,3.52,,3.52,
Argentina,ARG,7220-flat-rolled-products-of-stainless-steel,,,,
Argentina,ARG,72201100-flat-rolled-products-of-stainless-steel,3.43,,3.43,
Argentina,ARG,72201200-flat-rolled-products-of-stainless-steel,3.43,,3.43,
Argentina,ARG,722020-flat-rolled-products-of-stainless-steel,3.52,,3.52,
Argentina,ARG,722090-flat-rolled-products-of-stainless-steel,3.52,,3.52,
Argentina,ARG,7221-bars-and-rods-of-stainless-steel-hot-rol,3.23,,3.23,
Argentina,ARG,7222-other-bars-and-rods-of-stainless-steel-a,,,,
Argentina,ARG,722211-bars-and-rods-of-stainless-steel-only-ho,3.23,,3.23,
Argentina,ARG,722219-bars-and-rods-of-stainless-steel-only-ho,3.23,,3.23,
Argentina,ARG,722220-other-bars-and-rods-of-stainless-steel-n,3.23,,3.23,
Argentina,ARG,722230-other-bars-and-rods-of-stainless-steel-c,3.23,,3.23,
Argentina,ARG,722240-angles-shapes-and-sections-of-stainless,3.23,,3.23,
Argentina,ARG,7223-wire-of-stainless-steel-in-coils-excl-ba,,,,
Argentina,ARG,722300-wire-of-stainless-steel-in-coils-excl-ba,3.23,,3.23,
Argentina,ARG,7224-steel-alloy-other-than-stainless-in-ingo,,,,
Argentina,ARG,722410-steel-alloy-other-than-stainless-in-ingo,3.14,,3.14,F
Argentina,ARG,72249002-semi-finished-products-of-tool-steel,3.34,,3.34,F
Argentina,ARG,72249003-semi-finished-products-of-high-speed-ste,3.34,,3.34,F
Argentina,ARG,72249005-semi-finished-products-of-steel-containi,3.34,,3.34,F
Argentina,ARG,72249007-semi-finished-products-of-alloy-steel-ot,3.34,,3.34,F
Argentina,ARG,72249014-semi-finished-products-of-alloy-steel-ot,3.34,,3.34,F
Argentina,ARG,72249018-semi-finished-products-of-alloy-steel-ot,3.14,,3.14,F
Argentina,ARG,72249031-semi-finished-products-of-steel-containi,3.34,,3.34,F
Argentina,ARG,72249038-semi-finished-products-of-alloy-steel-ot,3.34,,3.34,F
Argentina,ARG,72249090-semi-finished-products-of-alloy-steel-ot,3.14,,3.14,F
Argentina,ARG,7225-flat-rolled-products-of-alloy-steel-othe,,,,
Argentina,ARG,72251100-flat-rolled-products-of-silicon-electric,4.36,,4.36,C
Argentina,ARG,72251910-flat-rolled-products-of-silicon-electric,3.34,,3.34,C
Argentina,ARG,72251990-flat-rolled-products-of-silicon-electric,3.43,,3.43,C
Argentina,ARG,722530-flat-rolled-products-of-alloy-steel-othe,3.34,,3.34,F
Argentina,ARG,722540-flat-rolled-products-of-alloy-steel-othe,3.34,,3.34,F
Argentina,ARG,722550-flat-rolled-products-of-alloy-steel-othe,3.43,,3.43,F
Argentina,ARG,72259100-flat-rolled-products-of-alloy-steel-othe,3.43,,3.43,F
Argentina,ARG,72259200-flat-rolled-products-of-alloy-steel-othe,3.43,,3.43,F
Argentina,ARG,72259900-flat-rolled-products-of-alloy-steel-othe,3.43,,3.43,F
Argentina,ARG,7226-flat-rolled-products-of-alloy-steel-othe,,,,
Argentina,ARG,72261100-flat-rolled-products-of-silicon-electric,4.36,,4.36,C
Argentina,ARG,72261910-flat-rolled-products-of-silicon-electric,3.34,,3.34,C
Argentina,ARG,72261980-flat-rolled-products-of-silicon-electric,3.43,,3.43,C
Argentina,ARG,72262000-flat-rolled-products-of-high-speed-steel,3.34,,3.34,F
Argentina,ARG,722691-flat-rolled-products-of-alloy-steel-othe,3.34,,3.34,F
Argentina,ARG,72269200-flat-rolled-products-of-alloy-steel-othe,3.43,,3.43,F
Argentina,ARG,722699-flat-rolled-products-of-alloy-steel-othe,3.43,,3.43,F
Argentina,ARG,7227-bars-and-rods-of-alloy-steel-other-than,3.14,,3.14,C/F
Argentina,ARG,7228-other-bars-and-rods-of-alloy-steel-other,,,,
Argentina,ARG,72281020-bars-and-rods-of-high-speed-steel-not-fu,3.14,,3.14,F
Argentina,ARG,72281050-bars-and-rods-of-high-speed-steel-forged,3.14,,3.14,F
Argentina,ARG,72281090-bars-and-rods-of-high-speed-steel-not-fu,3.14,,3.14,F
Argentina,ARG,722820-bars-and-rods-of-silico-manganese-steel,3.14,,3.14,F
Argentina,ARG,722830-bars-and-rods-of-alloy-steel-other-than,3.14,,3.14,C/F
Argentina,ARG,722840-bars-and-rods-of-alloy-steel-other-than,3.14,,3.14,F
Argentina,ARG,722850-bars-and-rods-of-alloy-steel-other-than,3.14,,3.14,C/F
Argentina,ARG,722860-bars-and-rods-of-alloy-steel-other-than,3.14,,3.14,F
Argentina,ARG,722870-angles-shapes-and-sections-of-alloy-stee,3.14,,3.14,F
Argentina,ARG,72288000-hollow-drill-bars-and-rods-of-alloy-or-n,3.14,,3.14,F
Argentina,ARG,7229-wire-of-alloy-steel-other-than-stainless,3.14,,3.14,C/F
Argentina,ARG,7301-sheet-piling-of-iron-or-steel-whether-or,2.68,,2.68,C
Argentina,ARG,7302-railway-or-tramway-track-construction-ma,2.98,,2.98,C
Argentina,ARG,7303-tubes-pipes-and-hollow-profiles-of-cast,,,,
Argentina,ARG,730300-tubes-pipes-and-hollow-profiles-of-cast,2.35,,2.35,
Argentina,ARG,7304-tubes-pipes-and-hollow-profiles-seamless,,,,
Argentina,ARG,73041100-line-pipe-of-a-kind-used-for-oil-or-gas,3.23,,3.23,
Argentina,ARG,730419-line-pipe-of-a-kind-used-for-oil-or-gas,2.47,,2.47,C
Argentina,ARG,73042200-drill-pipe-seamless-of-stainless-steel-o,3.23,,3.23,
Argentina,ARG,73042300-drill-pipe-seamless-of-a-kind-used-in-dr,2.47,,2.47,C
Argentina,ARG,73042400-casing-and-tubing-seamless-of-a-kind-use,3.23,,3.23,
Argentina,ARG,730429-casing-and-tubing-seamless-of-iron-or-st,2.47,,2.47,C
Argentina,ARG,730431-tubes-pipes-and-hollow-profiles-seamless,2.47,,2.47,C
Argentina,ARG,730439-tubes-pipes-and-hollow-profiles-seamless,2.47,,2.47,C
Argentina,ARG,73044100-tubes-pipes-and-hollow-profiles-seamless,3.23,,3.23,
Argentina,ARG,730449-tubes-pipes-and-hollow-profiles-seamless,3.23,,3.23,
Argentina,ARG,730451-tubes-pipes-and-hollow-profiles-seamless,2.4,,2.4,F
Argentina,ARG,730459-tubes-pipes-and-hollow-profiles-seamless,2.4,,2.4,C/F
Argentina,ARG,73049000-tubes-pipes-and-hollow-profiles-seamless,2.47,,2.47,C
Argentina,ARG,7305-tubes-and-pipes-having-circular-cross-se,2.68,,2.68,C
Argentina,ARG,7306-tubes-pipes-and-hollow-profiles-e-g-open,,,,
Argentina,ARG,73061100-line-pipe-of-a-kind-used-for-oil-or-gas,3.52,,3.52,
Argentina,ARG,73061900-line-pipe-of-a-kind-used-for-oil-or-gas,2.68,,2.68,C
Argentina,ARG,73062100-casing-and-tubing-of-a-kind-used-in-dril,3.52,,3.52,
Argentina,ARG,73062900-casing-and-tubing-of-a-kind-used-in-dril,2.68,,2.68,C
Argentina,ARG,73063012-precision-tubes-welded-of-circular-cross,2.68,,2.68,C
Argentina,ARG,73063018-precision-tubes-welded-of-circular-cross,2.59,,2.59,C
Argentina,ARG,73063041-threaded-or-threadable-tubes-gas-pipe-we,2.68,,2.68,C
Argentina,ARG,73063049-threaded-or-threadable-tubes-gas-pipe-we,2.68,,2.68,C
Argentina,ARG,73063072-other-tubes-pipes-and-hollow-profiles-we,2.68,,2.68,C
Argentina,ARG,73063077-other-tubes-pipes-and-hollow-profiles-we,2.68,,2.68,C
Argentina,ARG,73063080-tubes-pipes-and-hollow-profiles-welded-h,2.68,,2.68,C
Argentina,ARG,73064020-tubes-pipes-and-hollow-profiles-welded-o,3.52,,3.52,
Argentina,ARG,73064080-tubes-pipes-and-hollow-profiles-welded-o,3.43,,3.43,
Argentina,ARG,73065021-precision-steel-tubes-welded-of-circular,2.72,,2.72,F
Argentina,ARG,73065029-precision-steel-tubes-welded-of-circular,2.63,,2.63,F
Argentina,ARG,73065080-tubes-pipes-and-hollow-profiles-welded-o,2.72,,2.72,F
Argentina,ARG,73066110-tubes-and-pipes-and-hollow-profiles-weld,3.52,,3.52,
Argentina,ARG,73066192-tubes-and-pipes-and-hollow-profiles-weld,2.68,,2.68,C
Argentina,ARG,73066199-tubes-and-pipes-and-hollow-profiles-weld,2.68,,2.68,C
Argentina,ARG,73066910-tubes-pipes-and-hollow-profiles-welded-o,3.52,,3.52,
Argentina,ARG,73066990-tubes-pipes-and-hollow-profiles-welded-o,2.68,,2.68,C
Argentina,ARG,73069000-tubes-pipes-and-hollow-profiles-e-g-open,2.68,,2.68,C
Argentina,ARG,7307-tube-or-pipe-fittings-e-g-couplings-elbo,,,,
Argentina,ARG,730711-tube-or-pipe-fittings-of-non-malleable-c,2.34,,2.34,
Argentina,ARG,73071910-tube-or-pipe-fittings-of-cast-iron-excl,2.34,,2.34,
Argentina,ARG,73071990-cast-tube-or-pipe-fittings-of-steel,2.46,,2.46,C
Argentina,ARG,73072100-flanges-of-stainless-steel-excl-cast-pro,2.41,,2.41,
Argentina,ARG,730722-threaded-elbows-bends-and-sleeves-of-sta,2.41,,2.41,
Argentina,ARG,730723-butt-welding-tube-or-pipe-fittings-of-st,2.41,,2.41,
Argentina,ARG,730729-tube-or-pipe-fittings-of-stainless-steel,2.41,,2.41,
Argentina,ARG,73079100-flanges-of-iron-or-steel-excl-cast-or-st,2.47,,2.47,C
Argentina,ARG,730792-threaded-elbows-bends-and-sleeves-of-sta,2.47,,2.47,C
Argentina,ARG,730793-butt-welding-fittings-of-iron-or-steel-e,2.47,,2.47,C
Argentina,ARG,730799-tube-or-pipe-fittings-of-iron-or-steel-e,2.47,,2.47,C
Argentina,ARG,7308-structures-and-parts-of-structures-e-g-b,3.01,,3.01,C
Argentina,ARG,7309-reservoirs-tanks-vats-and-similar-contai,3.01,,3.01,C
Argentina,ARG,7310-tanks-casks-drums-cans-boxes-and-similar,2.68,,2.68,C
Argentina,ARG,7311-containers-of-iron-or-steel-for-compress,,,,
Argentina,ARG,731100-containers-of-iron-or-steel-for-compress,2.63,,2.63,C
Argentina,ARG,7318-screws-bolts-nuts-coach-screws-screw-hoo,,,,
Argentina,ARG,73181100-coach-screws-of-iron-or-steel,2.47,,2.47,C
Argentina,ARG,73181210-wood-screws-of-stainless-steel-excl-coac,3.23,,3.23,
Argentina,ARG,73181290-wood-screws-of-iron-or-steel-other-than,2.47,,2.47,C
Argentina,ARG,73181300-screw-hooks-and-screw-rings-of-iron-or-s,2.47,,2.47,C
Argentina,ARG,73181410-self-tapping-screws-of-stainless-steel-e,3.23,,3.23,
Argentina,ARG,73181491-spaced-thread-screws-of-iron-or-steel-ot,2.47,,2.47,C
Argentina,ARG,73181499-self-tapping-screws-of-iron-or-steel-oth,2.47,,2.47,C
Argentina,ARG,731815-threaded-screws-and-bolts-of-iron-or-ste,2.47,,2.47,C
Argentina,ARG,731816-nuts-of-iron-or-steel,2.47,,2.47,C
Argentina,ARG,73181900-threaded-articles-of-iron-or-steel-n-e-s,2.47,,2.47,C
Argentina,ARG,73182100-spring-washers-and-other-lock-washers-of,2.47,,2.47,C
Argentina,ARG,73182200-washers-of-iron-or-steel-excl-spring-was,2.47,,2.47,C
Argentina,ARG,73182300-rivets-of-iron-or-steel-excl-tubular-and,2.47,,2.47,C
Argentina,ARG,73182400-cotters-and-cotter-pins-of-iron-or-steel,2.47,,2.47,C
Argentina,ARG,73182900-non-threaded-articles-of-iron-or-steel,2.47,,2.47,C
Argentina,ARG,7326-articles-of-iron-or-steel-n-e-s-excl-cas,,,,
Argentina,ARG,73261100-grinding-balls-and-similar-articles-for,2.46,,2.46,C
Argentina,ARG,732619-articles-of-iron-or-steel-forged-or-stam,2.46,,2.46,C
Argentina,ARG,73262000-articles-of-iron-or-steel-wire-n-e-s,2.47,,2.47,C
Argentina,ARG,73269030-ladders-and-steps-of-iron-or-steel,2.47,,2.47,C
Argentina,ARG,73269040-pallets-and-similar-platforms-for-handli,2.47,,2.47,C
Argentina,ARG,73269050-reels-for-cables-piping-and-the-like-of,2.47,,2.47,C
Argentina,ARG,73269060-ventilators-non-mechanical-guttering-hoo,2.47,,2.47,C
Argentina,ARG,73269092-articles-of-iron-or-steel-open-die-forge,2.46,,2.46,C
Argentina,ARG,73269094-articles-of-iron-or-steel-closed-die-for,2.46,,2.46,C
Argentina,ARG,73269096-sintered-articles-of-iron-or-steel-n-e-s,2.46,,2.46,C
Argentina,ARG,73269098-articles-of-iron-or-steel-n-e-s,2.68,,2.68,C
Armenia,ARM,2507008080-calcined-clay,,,,
Armenia,ARM,2523100010-white-clinker,,,,
Armenia,ARM,2523100090-other-clinker-including-grey-clinker,1.36,0.01,1.37,A
Armenia,ARM,25232100-white-portland-cement,,,,
Armenia,ARM,25232900-grey-portland-cement,1.32,0.02,1.35,
Armenia,ARM,25233000-aluminous-cement,,,,
Armenia,ARM,2523900010-white-hydraulic-cement,,,,
Armenia,ARM,2523900090-other-hydraulic-cements-including-grey-h,1.26,0.03,1.28,A
Armenia,ARM,28080000-nitric-acid-sulphonitric-acids,2.75,0.02,2.77,
Armenia,ARM,28141000-anhydrous-ammonia,,,,
Armenia,ARM,28142000-ammonia-in-aqueous-solution,0.65,0.02,0.66,
Armenia,ARM,28342100-nitrate-of-potassium,2.22,0.02,2.25,
Armenia,ARM,3102-mineral-or-chemical-fertilizers-nitrogen,,,,
Armenia,ARM,31021012-urea-in-aqueous-solution-containing-45-n,0.49,0.01,0.5,
Armenia,ARM,31021015-urea-in-aqueous-solution-containing-45-n,0.81,0.01,0.82,
Armenia,ARM,31021019-urea-whether-or-not-in-aqueous-solution,1.47,0.04,1.51,
Armenia,ARM,31021090-urea-whether-or-not-in-aqueous-solution,1.44,0.04,1.48,
Armenia,ARM,31022100-ammonium-sulphate-excl-that-in-tablets-o,0.64,0.03,0.66,
Armenia,ARM,31022900-double-salts-and-mixtures-of-ammonium-su,1.42,0.03,1.46,
Armenia,ARM,31023010-ammonium-nitrate-in-aqueous-solution-exc,1.68,0.03,1.71,
Armenia,ARM,31023090-ammonium-nitrate-excl-that-in-aqueous-so,2.59,0.04,2.62,
Armenia,ARM,31024010-mixtures-of-ammonium-nitrate-with-calciu,2.22,0.04,2.25,
Armenia,ARM,31024090-mixtures-of-ammonium-nitrate-with-calciu,2.22,0.04,2.25,
Armenia,ARM,31025000-sodium-nitrate-excl-that-in-tablets-or-s,4.3,0.03,4.33,
Armenia,ARM,31026000-double-salts-and-mixtures-of-calcium-nit,2.17,0.03,2.2,
Armenia,ARM,31028000-mixtures-of-urea-and-ammonium-nitrate-in,1.62,0.03,1.65,
Armenia,ARM,31029000-mineral-or-chemical-nitrogen-fertilisers,1.66,0.04,1.7,
Armenia,ARM,3105-mineral-or-chemical-fertilisers-containi,,,,
Armenia,ARM,31051000-mineral-or-chemical-fertilisers-of-anima,0.82,0.03,0.85,
Armenia,ARM,31052010-mineral-or-chemical-fertilisers-containi,1.08,0.04,1.12,
Armenia,ARM,31052090-mineral-or-chemical-fertilisers-containi,0.74,0.03,0.76,
Armenia,ARM,31053000-diammonium-hydrogenorthophosphate-diammo,0.51,0.02,0.53,
Armenia,ARM,31054000-ammonium-dihydrogenorthophosphate-monoam,0.32,0.02,0.34,
Armenia,ARM,31055100-other-mineral-or-chemical-fertilisers-co,1.49,0.04,1.54,
Armenia,ARM,31055900-other-mineral-or-chemical-fertilisers-co,0.59,0.06,0.65,
Armenia,ARM,31059020-mineral-or-chemical-fertilisers-containi,1.46,0.03,1.48,
Armenia,ARM,31059080-mineral-or-chemical-fertilisers-containi,0.75,0.02,0.77,
Australia,AUS,2507008080-calcined-clay,,,,
Australia,AUS,2523100010-white-clinker,,,,
Australia,AUS,2523100090-other-clinker-including-grey-clinker,1.38,0.04,1.42,A
Australia,AUS,25232100-white-portland-cement,,,,
Australia,AUS,25232900-grey-portland-cement,1.1,0.07,1.17,
Australia,AUS,25233000-aluminous-cement,,,,
Australia,AUS,2523900010-white-hydraulic-cement,,,,
Australia,AUS,2523900090-other-hydraulic-cements-including-grey-h,1.04,0.08,1.12,A
Australia,AUS,28080000-nitric-acid-sulphonitric-acids,1.37,0.05,1.42,
Australia,AUS,28141000-anhydrous-ammonia,1.77,0.15,1.92,
Australia,AUS,28142000-ammonia-in-aqueous-solution,0.53,0.04,0.58,
Australia,AUS,28342100-nitrate-of-potassium,1.24,0.08,1.32,
Australia,AUS,3102-mineral-or-chemical-fertilizers-nitrogen,,,,
Australia,AUS,31021012-urea-in-aqueous-solution-containing-45-n,0.41,0.04,0.45,
Australia,AUS,31021015-urea-in-aqueous-solution-containing-45-n,0.69,0.04,0.73,
Australia,AUS,31021019-urea-whether-or-not-in-aqueous-solution,1.25,0.12,1.37,
Australia,AUS,31021090-urea-whether-or-not-in-aqueous-solution,1.22,0.12,1.34,
Australia,AUS,31022100-ammonium-sulphate-excl-that-in-tablets-o,0.54,0.1,0.63,
Australia,AUS,31022900-double-salts-and-mixtures-of-ammonium-su,0.91,0.11,1.02,
Australia,AUS,31023010-ammonium-nitrate-in-aqueous-solution-exc,0.95,0.08,1.03,
Australia,AUS,31023090-ammonium-nitrate-excl-that-in-aqueous-so,1.46,0.12,1.59,
Australia,AUS,31024010-mixtures-of-ammonium-nitrate-with-calciu,1.28,0.12,1.39,
Australia,AUS,31024090-mixtures-of-ammonium-nitrate-with-calciu,1.28,0.12,1.39,
Australia,AUS,31025000-sodium-nitrate-excl-that-in-tablets-or-s,2.14,0.08,2.21,
Australia,AUS,31026000-double-salts-and-mixtures-of-calcium-nit,1.23,0.11,1.34,
Australia,AUS,31028000-mixtures-of-urea-and-ammonium-nitrate-in,1.05,0.1,1.14,
Australia,AUS,31029000-mineral-or-chemical-nitrogen-fertilisers,1.17,0.12,1.29,
Australia,AUS,3105-mineral-or-chemical-fertilisers-containi,,,,
Australia,AUS,31051000-mineral-or-chemical-fertilisers-of-anima,0.55,0.1,0.65,
Australia,AUS,31052010-mineral-or-chemical-fertilisers-containi,0.65,0.12,0.77,
Australia,AUS,31052090-mineral-or-chemical-fertilisers-containi,0.45,0.09,0.54,
Australia,AUS,31053000-diammonium-hydrogenorthophosphate-diammo,0.42,0.07,0.49,
Australia,AUS,31054000-ammonium-dihydrogenorthophosphate-monoam,0.27,0.06,0.33,
Australia,AUS,31055100-other-mineral-or-chemical-fertilisers-co,0.88,0.15,1.03,
Australia,AUS,31055900-other-mineral-or-chemical-fertilisers-co,0.5,0.12,0.62,
Australia,AUS,31059020-mineral-or-chemical-fertilisers-containi,0.84,0.09,0.93,
Australia,AUS,31059080-mineral-or-chemical-fertilisers-containi,0.44,0.06,0.5,
Australia,AUS,7601-unwrought-aluminium,1.7,,1.7,K
Australia,AUS,7603-aluminium-powders-and-flakes,1.81,,1.81,K
Australia,AUS,76041010-bars-and-rods,2.03,,2.03,K
Australia,AUS,76041090-profiles,2.05,,2.05,K
Australia,AUS,76042100-hollow-profiles,2.05,,2.05,K
Australia,AUS,76042910-bars-and-rods,2.03,,2.03,K
Australia,AUS,76042990-profiles,2.05,,2.05,K
Australia,AUS,7605-aluminium-wire,2.03,,2.03,K
Australia,AUS,7606-aluminium-plates-sheets-and-strip-of-a-t,2.49,,2.49,K
Australia,AUS,7607-aluminium-foil-whether-or-not-printed-or,2.49,,2.49,K
Australia,AUS,7608-aluminium-tubes-and-pipes,2.05,,2.05,K
Australia,AUS,76090000-aluminium-tube-or-pipe-fittings-for-exam,2.05,,2.05,K
Australia,AUS,76101000-doors-windows-and-their-frames-and-thres,2.05,,2.05,K
Australia,AUS,761090-other,2.05,,2.05,K
Australia,AUS,76109010-bridges-and-bridge-sections-towers-and-l,2.05,,2.05,K
Australia,AUS,76109090-other,2.05,,2.05,K
Australia,AUS,76110000-aluminium-reservoirs-tanks-vats-and-simi,2.49,,2.49,K
Australia,AUS,7612-aluminium-casks-drums-cans-boxes-and-sim,2.49,,2.49,K
Australia,AUS,76130000-aluminium-containers-for-compressed-or-l,2.49,,2.49,K
Australia,AUS,7614-stranded-wire-cables-plaited-bands-and-t,2.03,,2.03,K
Australia,AUS,76161000-nails-tacks-staples-other-than-those-of,2.49,,2.49,K
Australia,AUS,76169100-cloth-grill-netting-and-fencing-of-alumi,2.49,,2.49,K
Australia,AUS,76169910-cast,1.81,,1.81,K
Australia,AUS,76169990-other,2.49,,2.49,K
Australia,AUS,28041000-hydrogen,10.82,,10.82,
Australia,AUS,26011200-agglomerated-iron-ores-and-concentrates,0.07,0.02,0.09,
Australia,AUS,7201-pig-iron-and-spiegeleisen-in-pigs-blocks,2.79,,2.79,
Australia,AUS,720211-ferro-manganese-containing-by-weight-2-o,1.69,,1.69,
Australia,AUS,720219-ferro-manganese-containing-by-weight-2-c,,,,
Australia,AUS,720241-ferro-chromium-containing-by-weight-4-of,2.35,,2.35,
Australia,AUS,720249-ferro-chromium-containing-by-weight-4-of,,,,
Australia,AUS,72026000-ferro-nickel,3.48,,3.48,
Australia,AUS,7203-ferrous-products-obtained-by-direct-redu,,,,
Australia,AUS,7205-granules-and-powders-of-pig-iron-spiegel,2.81,,2.81,C/F
Australia,AUS,7206-iron-and-non-alloy-steel-in-ingots-or-ot,,,,
Australia,AUS,72061000-ingots-of-iron-and-non-alloy-steel-excl,2.92,,2.92,C
Australia,AUS,72069000-iron-and-non-alloy-steel-in-puddled-bars,2.92,,2.92,C
Australia,AUS,7207-semi-finished-products-of-iron-or-non-al,,,,
Australia,AUS,72071111-semi-finished-products-of-non-alloy-free,2.92,,2.92,C
Australia,AUS,72071114-semi-finished-products-of-iron-or-non-al,2.92,,2.92,C
Australia,AUS,72071116-semi-finished-products-of-iron-or-non-al,2.92,,2.92,C
Australia,AUS,72071190-semi-finished-products-of-iron-or-non-al,2.92,,2.92,C
Australia,AUS,72071210-semi-finished-products-of-iron-or-non-al,2.92,,2.92,C
Australia,AUS,72071290-semi-finished-products-of-iron-or-non-al,2.92,,2.92,C
Australia,AUS,72071912-semi-finished-products-of-iron-or-non-al,2.92,,2.92,C
Australia,AUS,72071919-semi-finished-products-of-iron-or-non-al,2.92,,2.92,C
Australia,AUS,72071980-semi-finished-products-of-iron-or-non-al,2.92,,2.92,C
Australia,AUS,72072011-semi-finished-products-of-non-alloy-free,2.92,,2.92,C
Australia,AUS,72072015-semi-finished-products-of-iron-or-non-al,2.92,,2.92,C
Australia,AUS,72072017-semi-finished-products-of-iron-or-non-al,2.92,,2.92,C
Australia,AUS,72072019-semi-finished-products-of-iron-or-non-al,2.92,,2.92,C
Australia,AUS,72072032-semi-finished-products-of-iron-or-non-al,2.92,,2.92,C
Australia,AUS,72072039-semi-finished-products-of-iron-or-non-al,2.92,,2.92,C
Australia,AUS,72072052-semi-finished-products-of-iron-or-non-al,2.92,,2.92,C
Australia,AUS,72072059-semi-finished-products-of-iron-or-non-al,2.92,,2.92,C
Australia,AUS,72072080-semi-finished-products-of-iron-or-non-al,2.92,,2.92,C
Australia,AUS,7208-flat-rolled-products-of-iron-or-non-allo,2.97,,2.97,C
Australia,AUS,7209-flat-rolled-products-of-iron-or-non-allo,3.0,,3.0,C
Australia,AUS,7210-flat-rolled-products-of-iron-or-non-allo,3.0,,3.0,C
Australia,AUS,7211-flat-rolled-products-of-iron-or-non-allo,,,,
Australia,AUS,72111300-flat-rolled-products-of-iron-or-non-allo,2.97,,2.97,C
Australia,AUS,72111400-flat-rolled-products-of-iron-or-non-allo,2.97,,2.97,C
Australia,AUS,72111900-flat-rolled-products-of-iron-or-non-allo,2.97,,2.97,C
Australia,AUS,721123-flat-rolled-products-of-iron-or-non-allo,3.0,,3.0,C
Australia,AUS,72112900-flat-rolled-products-of-iron-or-non-allo,3.0,,3.0,C
Australia,AUS,721190-flat-rolled-products-of-iron-or-non-allo,3.0,,3.0,C
Australia,AUS,7212-flat-rolled-products-of-iron-or-non-allo,3.0,,3.0,C
Australia,AUS,7213-bars-and-rods-of-iron-or-non-alloy-steel,2.92,,2.92,C
Australia,AUS,7214-bars-and-rods-of-iron-or-non-alloy-steel,,,,
Australia,AUS,72141000-bars-and-rods-of-iron-or-non-alloy-steel,2.92,,2.92,C
Australia,AUS,72142000-bars-and-rods-of-iron-or-non-alloy-steel,2.92,,2.92,C
Australia,AUS,72143000-bars-and-rods-of-non-alloy-free-cutting,2.92,,2.92,C
Australia,AUS,721491-bars-and-rods-of-iron-or-non-alloy-steel,2.92,,2.92,C
Australia,AUS,721499-bars-and-rods-of-iron-or-non-alloy-steel,2.92,,2.92,C
Australia,AUS,7215-bars-and-rods-of-iron-or-non-alloy-steel,2.92,,2.92,C
Australia,AUS,7216-angles-shapes-and-sections-of-iron-or-no,2.92,,2.92,C
Australia,AUS,7217-wire-of-iron-or-non-alloy-steel-in-coils,,,,
Australia,AUS,721710-wire-of-iron-or-non-alloy-steel-in-coils,2.92,,2.92,C
Australia,AUS,721720-wire-of-iron-or-non-alloy-steel-in-coils,2.92,,2.92,C
Australia,AUS,721730-wire-of-iron-or-non-alloy-steel-in-coils,2.92,,2.92,C
Australia,AUS,721790-wire-of-iron-or-non-alloy-steel-in-coils,2.92,,2.92,C
Australia,AUS,7218-stainless-steel-in-ingots-or-other-prima,,,,
Australia,AUS,72181000-steel-stainless-in-ingots-and-other-prim,3.52,,3.52,
Australia,AUS,721891-semi-finished-products-of-stainless-stee,3.6,,3.6,
Australia,AUS,72189911-semi-finished-products-of-stainless-stee,3.6,,3.6,
Australia,AUS,72189919-semi-finished-products-of-stainless-stee,3.52,,3.52,
Australia,AUS,72189920-semi-finished-products-of-stainless-stee,3.6,,3.6,
Australia,AUS,72189980-semi-finished-products-of-stainless-stee,3.52,,3.52,
Australia,AUS,7219-flat-rolled-products-of-stainless-steel,,,,
Australia,AUS,72191100-flat-rolled-products-of-stainless-steel,3.6,,3.6,
Australia,AUS,721912-flat-rolled-products-of-stainless-steel,3.6,,3.6,
Australia,AUS,721913-flat-rolled-products-of-stainless-steel,3.6,,3.6,
Australia,AUS,721914-flat-rolled-products-of-stainless-steel,3.6,,3.6,
Australia,AUS,721921-flat-rolled-products-of-stainless-steel,3.6,,3.6,
Australia,AUS,721922-flat-rolled-products-of-stainless-steel,3.6,,3.6,
Australia,AUS,72192300-flat-rolled-products-of-stainless-steel,3.6,,3.6,
Australia,AUS,72192400-flat-rolled-products-of-stainless-steel,3.6,,3.6,
Australia,AUS,72193100-flat-rolled-products-of-stainless-steel,3.63,,3.63,
Australia,AUS,721932-flat-rolled-products-of-stainless-steel,3.63,,3.63,
Australia,AUS,721933-flat-rolled-products-of-stainless-steel,3.63,,3.63,
Australia,AUS,721934-flat-rolled-products-of-stainless-steel,3.63,,3.63,
Australia,AUS,721935-flat-rolled-products-of-stainless-steel,3.63,,3.63,
Australia,AUS,721990-flat-rolled-products-of-stainless-steel,3.63,,3.63,
Australia,AUS,7220-flat-rolled-products-of-stainless-steel,,,,
Australia,AUS,72201100-flat-rolled-products-of-stainless-steel,3.6,,3.6,
Australia,AUS,72201200-flat-rolled-products-of-stainless-steel,3.6,,3.6,
Australia,AUS,722020-flat-rolled-products-of-stainless-steel,3.63,,3.63,
Australia,AUS,722090-flat-rolled-products-of-stainless-steel,3.63,,3.63,
Australia,AUS,7221-bars-and-rods-of-stainless-steel-hot-rol,3.52,,3.52,
Australia,AUS,7222-other-bars-and-rods-of-stainless-steel-a,,,,
Australia,AUS,722211-bars-and-rods-of-stainless-steel-only-ho,3.52,,3.52,
Australia,AUS,722219-bars-and-rods-of-stainless-steel-only-ho,3.52,,3.52,
Australia,AUS,722220-other-bars-and-rods-of-stainless-steel-n,3.52,,3.52,
Australia,AUS,722230-other-bars-and-rods-of-stainless-steel-c,3.52,,3.52,
Australia,AUS,722240-angles-shapes-and-sections-of-stainless,3.52,,3.52,
Australia,AUS,7223-wire-of-stainless-steel-in-coils-excl-ba,,,,
Australia,AUS,722300-wire-of-stainless-steel-in-coils-excl-ba,3.52,,3.52,
Australia,AUS,7224-steel-alloy-other-than-stainless-in-ingo,,,,
Australia,AUS,722410-steel-alloy-other-than-stainless-in-ingo,3.53,,3.53,F
Australia,AUS,72249002-semi-finished-products-of-tool-steel,3.61,,3.61,F
Australia,AUS,72249003-semi-finished-products-of-high-speed-ste,3.61,,3.61,F
Australia,AUS,72249005-semi-finished-products-of-steel-containi,3.61,,3.61,F
Australia,AUS,72249007-semi-finished-products-of-alloy-steel-ot,3.61,,3.61,F
Australia,AUS,72249014-semi-finished-products-of-alloy-steel-ot,3.61,,3.61,F
Australia,AUS,72249018-semi-finished-products-of-alloy-steel-ot,3.53,,3.53,F
Australia,AUS,72249031-semi-finished-products-of-steel-containi,3.61,,3.61,F
Australia,AUS,72249038-semi-finished-products-of-alloy-steel-ot,3.61,,3.61,F
Australia,AUS,72249090-semi-finished-products-of-alloy-steel-ot,3.53,,3.53,F
Australia,AUS,7225-flat-rolled-products-of-alloy-steel-othe,,,,
Australia,AUS,72251100-flat-rolled-products-of-silicon-electric,4.76,,4.76,C
Australia,AUS,72251910-flat-rolled-products-of-silicon-electric,3.61,,3.61,C
Australia,AUS,72251990-flat-rolled-products-of-silicon-electric,3.65,,3.65,C
Australia,AUS,722530-flat-rolled-products-of-alloy-steel-othe,3.61,,3.61,F
Australia,AUS,722540-flat-rolled-products-of-alloy-steel-othe,3.61,,3.61,F
Australia,AUS,722550-flat-rolled-products-of-alloy-steel-othe,3.65,,3.65,F
Australia,AUS,72259100-flat-rolled-products-of-alloy-steel-othe,3.65,,3.65,F
Australia,AUS,72259200-flat-rolled-products-of-alloy-steel-othe,3.65,,3.65,F
Australia,AUS,72259900-flat-rolled-products-of-alloy-steel-othe,3.65,,3.65,F
Australia,AUS,7226-flat-rolled-products-of-alloy-steel-othe,,,,
Australia,AUS,72261100-flat-rolled-products-of-silicon-electric,4.76,,4.76,C
Australia,AUS,72261910-flat-rolled-products-of-silicon-electric,3.61,,3.61,C
Australia,AUS,72261980-flat-rolled-products-of-silicon-electric,3.65,,3.65,C
Australia,AUS,72262000-flat-rolled-products-of-high-speed-steel,3.61,,3.61,F
Australia,AUS,722691-flat-rolled-products-of-alloy-steel-othe,3.61,,3.61,F
Australia,AUS,72269200-flat-rolled-products-of-alloy-steel-othe,3.65,,3.65,F
Australia,AUS,722699-flat-rolled-products-of-alloy-steel-othe,3.65,,3.65,F
Australia,AUS,7227-bars-and-rods-of-alloy-steel-other-than,3.53,,3.53,C/F
Australia,AUS,7228-other-bars-and-rods-of-alloy-steel-other,,,,
Australia,AUS,72281020-bars-and-rods-of-high-speed-steel-not-fu,3.53,,3.53,F
Australia,AUS,72281050-bars-and-rods-of-high-speed-steel-forged,3.53,,3.53,F
Australia,AUS,72281090-bars-and-rods-of-high-speed-steel-not-fu,3.53,,3.53,F
Australia,AUS,722820-bars-and-rods-of-silico-manganese-steel,3.53,,3.53,F
Australia,AUS,722830-bars-and-rods-of-alloy-steel-other-than,3.53,,3.53,C/F
Australia,AUS,722840-bars-and-rods-of-alloy-steel-other-than,3.53,,3.53,F
Australia,AUS,722850-bars-and-rods-of-alloy-steel-other-than,3.53,,3.53,C/F
Australia,AUS,722860-bars-and-rods-of-alloy-steel-other-than,3.53,,3.53,F
Australia,AUS,722870-angles-shapes-and-sections-of-alloy-stee,3.53,,3.53,F
Australia,AUS,72288000-hollow-drill-bars-and-rods-of-alloy-or-n,3.53,,3.53,F
Australia,AUS,7229-wire-of-alloy-steel-other-than-stainless,3.53,,3.53,C/F
Australia,AUS,7301-sheet-piling-of-iron-or-steel-whether-or,3.0,,3.0,C
Australia,AUS,7302-railway-or-tramway-track-construction-ma,3.32,,3.32,C
Australia,AUS,7303-tubes-pipes-and-hollow-profiles-of-cast,,,,
Australia,AUS,730300-tubes-pipes-and-hollow-profiles-of-cast,2.79,,2.79,
Australia,AUS,7304-tubes-pipes-and-hollow-profiles-seamless,,,,
Australia,AUS,73041100-line-pipe-of-a-kind-used-for-oil-or-gas,3.52,,3.52,
Australia,AUS,730419-line-pipe-of-a-kind-used-for-oil-or-gas,2.92,,2.92,C
Australia,AUS,73042200-drill-pipe-seamless-of-stainless-steel-o,3.52,,3.52,
Australia,AUS,73042300-drill-pipe-seamless-of-a-kind-used-in-dr,2.92,,2.92,C
Australia,AUS,73042400-casing-and-tubing-seamless-of-a-kind-use,3.52,,3.52,
Australia,AUS,730429-casing-and-tubing-seamless-of-iron-or-st,2.92,,2.92,C
Australia,AUS,730431-tubes-pipes-and-hollow-profiles-seamless,2.92,,2.92,C
Australia,AUS,730439-tubes-pipes-and-hollow-profiles-seamless,2.92,,2.92,C
Australia,AUS,73044100-tubes-pipes-and-hollow-profiles-seamless,3.52,,3.52,
Australia,AUS,730449-tubes-pipes-and-hollow-profiles-seamless,3.52,,3.52,
Australia,AUS,730451-tubes-pipes-and-hollow-profiles-seamless,2.83,,2.83,F
Australia,AUS,730459-tubes-pipes-and-hollow-profiles-seamless,2.83,,2.83,C/F
Australia,AUS,73049000-tubes-pipes-and-hollow-profiles-seamless,2.92,,2.92,C
Australia,AUS,7305-tubes-and-pipes-having-circular-cross-se,3.0,,3.0,C
Australia,AUS,7306-tubes-pipes-and-hollow-profiles-e-g-open,,,,
Australia,AUS,73061100-line-pipe-of-a-kind-used-for-oil-or-gas,3.63,,3.63,
Australia,AUS,73061900-line-pipe-of-a-kind-used-for-oil-or-gas,3.0,,3.0,C
Australia,AUS,73062100-casing-and-tubing-of-a-kind-used-in-dril,3.63,,3.63,
Australia,AUS,73062900-casing-and-tubing-of-a-kind-used-in-dril,3.0,,3.0,C
Australia,AUS,73063012-precision-tubes-welded-of-circular-cross,3.0,,3.0,C
Australia,AUS,73063018-precision-tubes-welded-of-circular-cross,2.97,,2.97,C
Australia,AUS,73063041-threaded-or-threadable-tubes-gas-pipe-we,3.0,,3.0,C
Australia,AUS,73063049-threaded-or-threadable-tubes-gas-pipe-we,3.0,,3.0,C
Australia,AUS,73063072-other-tubes-pipes-and-hollow-profiles-we,3.0,,3.0,C
Australia,AUS,73063077-other-tubes-pipes-and-hollow-profiles-we,3.0,,3.0,C
Australia,AUS,73063080-tubes-pipes-and-hollow-profiles-welded-h,3.0,,3.0,C
Australia,AUS,73064020-tubes-pipes-and-hollow-profiles-welded-o,3.63,,3.63,
Australia,AUS,73064080-tubes-pipes-and-hollow-profiles-welded-o,3.6,,3.6,
Australia,AUS,73065021-precision-steel-tubes-welded-of-circular,2.97,,2.97,F
Australia,AUS,73065029-precision-steel-tubes-welded-of-circular,2.93,,2.93,F
Australia,AUS,73065080-tubes-pipes-and-hollow-profiles-welded-o,2.97,,2.97,F
Australia,AUS,73066110-tubes-and-pipes-and-hollow-profiles-weld,3.63,,3.63,
Australia,AUS,73066192-tubes-and-pipes-and-hollow-profiles-weld,3.0,,3.0,C
Australia,AUS,73066199-tubes-and-pipes-and-hollow-profiles-weld,3.0,,3.0,C
Australia,AUS,73066910-tubes-pipes-and-hollow-profiles-welded-o,3.63,,3.63,
Australia,AUS,73066990-tubes-pipes-and-hollow-profiles-welded-o,3.0,,3.0,C
Australia,AUS,73069000-tubes-pipes-and-hollow-profiles-e-g-open,3.0,,3.0,C
Australia,AUS,7307-tube-or-pipe-fittings-e-g-couplings-elbo,,,,
Australia,AUS,730711-tube-or-pipe-fittings-of-non-malleable-c,2.79,,2.79,
Australia,AUS,73071910-tube-or-pipe-fittings-of-cast-iron-excl,2.79,,2.79,
Australia,AUS,73071990-cast-tube-or-pipe-fittings-of-steel,2.92,,2.92,C
Australia,AUS,73072100-flanges-of-stainless-steel-excl-cast-pro,3.0,,3.0,
Australia,AUS,730722-threaded-elbows-bends-and-sleeves-of-sta,3.0,,3.0,
Australia,AUS,730723-butt-welding-tube-or-pipe-fittings-of-st,3.0,,3.0,
Australia,AUS,730729-tube-or-pipe-fittings-of-stainless-steel,3.0,,3.0,
Australia,AUS,73079100-flanges-of-iron-or-steel-excl-cast-or-st,2.92,,2.92,C
Australia,AUS,730792-threaded-elbows-bends-and-sleeves-of-sta,2.92,,2.92,C
Australia,AUS,730793-butt-welding-fittings-of-iron-or-steel-e,2.92,,2.92,C
Australia,AUS,730799-tube-or-pipe-fittings-of-iron-or-steel-e,2.92,,2.92,C
Australia,AUS,7308-structures-and-parts-of-structures-e-g-b,3.2,,3.2,C
Australia,AUS,7309-reservoirs-tanks-vats-and-similar-contai,3.26,,3.26,C
Australia,AUS,7310-tanks-casks-drums-cans-boxes-and-similar,3.0,,3.0,C
Australia,AUS,7311-containers-of-iron-or-steel-for-compress,,,,
Australia,AUS,731100-containers-of-iron-or-steel-for-compress,3.17,,3.17,C
Australia,AUS,7318-screws-bolts-nuts-coach-screws-screw-hoo,,,,
Australia,AUS,73181100-coach-screws-of-iron-or-steel,2.92,,2.92,C
Australia,AUS,73181210-wood-screws-of-stainless-steel-excl-coac,3.52,,3.52,
Australia,AUS,73181290-wood-screws-of-iron-or-steel-other-than,2.92,,2.92,C
Australia,AUS,73181300-screw-hooks-and-screw-rings-of-iron-or-s,2.92,,2.92,C
Australia,AUS,73181410-self-tapping-screws-of-stainless-steel-e,3.52,,3.52,
Australia,AUS,73181491-spaced-thread-screws-of-iron-or-steel-ot,2.92,,2.92,C
Australia,AUS,73181499-self-tapping-screws-of-iron-or-steel-oth,2.92,,2.92,C
Australia,AUS,731815-threaded-screws-and-bolts-of-iron-or-ste,3.0,,3.0,C
Australia,AUS,731816-nuts-of-iron-or-steel,3.09,,3.09,C
Australia,AUS,73181900-threaded-articles-of-iron-or-steel-n-e-s,2.92,,2.92,C
Australia,AUS,73182100-spring-washers-and-other-lock-washers-of,2.92,,2.92,C
Australia,AUS,73182200-washers-of-iron-or-steel-excl-spring-was,2.92,,2.92,C
Australia,AUS,73182300-rivets-of-iron-or-steel-excl-tubular-and,2.92,,2.92,C
Australia,AUS,73182400-cotters-and-cotter-pins-of-iron-or-steel,2.92,,2.92,C
Australia,AUS,73182900-non-threaded-articles-of-iron-or-steel,2.92,,2.92,C
Australia,AUS,7326-articles-of-iron-or-steel-n-e-s-excl-cas,,,,
Australia,AUS,73261100-grinding-balls-and-similar-articles-for,2.92,,2.92,C
Australia,AUS,732619-articles-of-iron-or-steel-forged-or-stam,2.92,,2.92,C
Australia,AUS,73262000-articles-of-iron-or-steel-wire-n-e-s,2.92,,2.92,C
Australia,AUS,73269030-ladders-and-steps-of-iron-or-steel,2.92,,2.92,C
Australia,AUS,73269040-pallets-and-similar-platforms-for-handli,2.92,,2.92,C
Australia,AUS,73269050-reels-for-cables-piping-and-the-like-of,2.92,,2.92,C
Australia,AUS,73269060-ventilators-non-mechanical-guttering-hoo,2.92,,2.92,C
Australia,AUS,73269092-articles-of-iron-or-steel-open-die-forge,2.92,,2.92,C
Australia,AUS,73269094-articles-of-iron-or-steel-closed-die-for,2.92,,2.92,C
Australia,AUS,73269096-sintered-articles-of-iron-or-steel-n-e-s,2.92,,2.92,C
Australia,AUS,73269098-articles-of-iron-or-steel-n-e-s,3.0,,3.0,C
Azerbaijan,AZE,2507008080-calcined-clay,,,,
Azerbaijan,AZE,2523100010-white-clinker,,,,
Azerbaijan,AZE,2523100090-other-clinker-including-grey-clinker,0.87,0.03,0.89,A
Azerbaijan,AZE,25232100-white-portland-cement,,,,
Azerbaijan,AZE,25232900-grey-portland-cement,0.89,0.05,0.94,
Azerbaijan,AZE,25233000-aluminous-cement,,,,
Azerbaijan,AZE,2523900010-white-hydraulic-cement,,,,
Azerbaijan,AZE,2523900090-other-hydraulic-cements-including-grey-h,0.85,0.05,0.9,A
Azerbaijan,AZE,28080000-nitric-acid-sulphonitric-acids,2.67,0.03,2.7,
Azerbaijan,AZE,28141000-anhydrous-ammonia,2.16,0.09,2.25,
Azerbaijan,AZE,28142000-ammonia-in-aqueous-solution,0.65,0.03,0.68,
Azerbaijan,AZE,28342100-nitrate-of-potassium,2.16,0.04,2.21,
Azerbaijan,AZE,3102-mineral-or-chemical-fertilizers-nitrogen,,,,
Azerbaijan,AZE,31021012-urea-in-aqueous-solution-containing-45-n,0.49,0.02,0.51,
Azerbaijan,AZE,31021015-urea-in-aqueous-solution-containing-45-n,0.8,0.02,0.83,
Azerbaijan,AZE,31021019-urea-whether-or-not-in-aqueous-solution,1.46,0.07,1.53,
Azerbaijan,AZE,31021090-urea-whether-or-not-in-aqueous-solution,1.43,0.07,1.5,
Azerbaijan,AZE,31022100-ammonium-sulphate-excl-that-in-tablets-o,0.63,0.05,0.69,
Azerbaijan,AZE,31022900-double-salts-and-mixtures-of-ammonium-su,1.4,0.06,1.45,
Azerbaijan,AZE,31023010-ammonium-nitrate-in-aqueous-solution-exc,1.64,0.04,1.68,
Azerbaijan,AZE,31023090-ammonium-nitrate-excl-that-in-aqueous-so,2.52,0.07,2.59,
Azerbaijan,AZE,31024010-mixtures-of-ammonium-nitrate-with-calciu,2.16,0.06,2.22,
Azerbaijan,AZE,31024090-mixtures-of-ammonium-nitrate-with-calciu,2.16,0.06,2.22,
Azerbaijan,AZE,31025000-sodium-nitrate-excl-that-in-tablets-or-s,4.16,0.05,4.21,
Azerbaijan,AZE,31026000-double-salts-and-mixtures-of-calcium-nit,2.11,0.06,2.17,
Azerbaijan,AZE,31028000-mixtures-of-urea-and-ammonium-nitrate-in,1.59,0.06,1.64,
Azerbaijan,AZE,31029000-mineral-or-chemical-nitrogen-fertilisers,1.64,0.06,1.7,
Azerbaijan,AZE,3105-mineral-or-chemical-fertilisers-containi,,,,
Azerbaijan,AZE,31051000-mineral-or-chemical-fertilisers-of-anima,0.81,0.06,0.86,
Azerbaijan,AZE,31052010-mineral-or-chemical-fertilisers-containi,1.06,0.06,1.12,
Azerbaijan,AZE,31052090-mineral-or-chemical-fertilisers-containi,0.72,0.05,0.77,
Azerbaijan,AZE,31053000-diammonium-hydrogenorthophosphate-diammo,0.51,0.04,0.55,
Azerbaijan,AZE,31054000-ammonium-dihydrogenorthophosphate-monoam,0.32,0.03,0.35,
Azerbaijan,AZE,31055100-other-mineral-or-chemical-fertilisers-co,1.46,0.08,1.54,
Azerbaijan,AZE,31055900-other-mineral-or-chemical-fertilisers-co,0.58,0.08,0.66,
Azerbaijan,AZE,31059020-mineral-or-chemical-fertilisers-containi,1.42,0.05,1.47,
Azerbaijan,AZE,31059080-mineral-or-chemical-fertilisers-containi,0.73,0.03,0.76,
Azerbaijan,AZE,7601-unwrought-aluminium,1.7,,1.7,K
Azerbaijan,AZE,7603-aluminium-powders-and-flakes,1.89,,1.89,K
Azerbaijan,AZE,76041010-bars-and-rods,2.12,,2.12,K
Azerbaijan,AZE,76041090-profiles,2.13,,2.13,K
Azerbaijan,AZE,76042100-hollow-profiles,2.13,,2.13,K
Azerbaijan,AZE,76042910-bars-and-rods,2.12,,2.12,K
Azerbaijan,AZE,76042990-profiles,2.13,,2.13,K
Azerbaijan,AZE,7605-aluminium-wire,2.12,,2.12,K
Azerbaijan,AZE,7606-aluminium-plates-sheets-and-strip-of-a-t,2.57,,2.57,K
Azerbaijan,AZE,7607-aluminium-foil-whether-or-not-printed-or,2.57,,2.57,K
Azerbaijan,AZE,7608-aluminium-tubes-and-pipes,2.13,,2.13,K
Azerbaijan,AZE,76090000-aluminium-tube-or-pipe-fittings-for-exam,2.13,,2.13,K
Azerbaijan,AZE,76101000-doors-windows-and-their-frames-and-thres,2.13,,2.13,K
Azerbaijan,AZE,761090-other,2.13,,2.13,K
Azerbaijan,AZE,76109010-bridges-and-bridge-sections-towers-and-l,2.13,,2.13,K
Azerbaijan,AZE,76109090-other,2.13,,2.13,K
Azerbaijan,AZE,76110000-aluminium-reservoirs-tanks-vats-and-simi,2.57,,2.57,K
Azerbaijan,AZE,7612-aluminium-casks-drums-cans-boxes-and-sim,2.57,,2.57,K
Azerbaijan,AZE,76130000-aluminium-containers-for-compressed-or-l,2.57,,2.57,K
Azerbaijan,AZE,7614-stranded-wire-cables-plaited-bands-and-t,2.12,,2.12,K
Azerbaijan,AZE,76161000-nails-tacks-staples-other-than-those-of,2.57,,2.57,K
Azerbaijan,AZE,76169100-cloth-grill-netting-and-fencing-of-alumi,2.57,,2.57,K
Azerbaijan,AZE,76169910-cast,1.89,,1.89,K
Azerbaijan,AZE,76169990-other,2.57,,2.57,K
Azerbaijan,AZE,28041000-hydrogen,10.82,,10.82,
Azerbaijan,AZE,26011200-agglomerated-iron-ores-and-concentrates,0.07,0.05,0.12,
Azerbaijan,AZE,7201-pig-iron-and-spiegeleisen-in-pigs-blocks,,,,
Azerbaijan,AZE,720211-ferro-manganese-containing-by-weight-2-o,,,,
Azerbaijan,AZE,720219-ferro-manganese-containing-by-weight-2-c,,,,
Azerbaijan,AZE,720241-ferro-chromium-containing-by-weight-4-of,,,,
Azerbaijan,AZE,720249-ferro-chromium-containing-by-weight-4-of,,,,
Azerbaijan,AZE,72026000-ferro-nickel,,,,
Azerbaijan,AZE,7203-ferrous-products-obtained-by-direct-redu,,,,
Azerbaijan,AZE,7205-granules-and-powders-of-pig-iron-spiegel,1.5,,1.5,E/H
Azerbaijan,AZE,7206-iron-and-non-alloy-steel-in-ingots-or-ot,,,,
Azerbaijan,AZE,72061000-ingots-of-iron-and-non-alloy-steel-excl,0.13,,0.13,E
Azerbaijan,AZE,72069000-iron-and-non-alloy-steel-in-puddled-bars,0.14,,0.14,E
Azerbaijan,AZE,7207-semi-finished-products-of-iron-or-non-al,,,,
Azerbaijan,AZE,72071111-semi-finished-products-of-non-alloy-free,0.14,,0.14,E
Azerbaijan,AZE,72071114-semi-finished-products-of-iron-or-non-al,0.14,,0.14,E
Azerbaijan,AZE,72071116-semi-finished-products-of-iron-or-non-al,0.14,,0.14,E
Azerbaijan,AZE,72071190-semi-finished-products-of-iron-or-non-al,0.13,,0.13,E
Azerbaijan,AZE,72071210-semi-finished-products-of-iron-or-non-al,0.14,,0.14,E
Azerbaijan,AZE,72071290-semi-finished-products-of-iron-or-non-al,0.13,,0.13,E
Azerbaijan,AZE,72071912-semi-finished-products-of-iron-or-non-al,0.14,,0.14,E
Azerbaijan,AZE,72071919-semi-finished-products-of-iron-or-non-al,0.13,,0.13,E
Azerbaijan,AZE,72071980-semi-finished-products-of-iron-or-non-al,0.14,,0.14,E
Azerbaijan,AZE,72072011-semi-finished-products-of-non-alloy-free,0.14,,0.14,E
Azerbaijan,AZE,72072015-semi-finished-products-of-iron-or-non-al,0.14,,0.14,E
Azerbaijan,AZE,72072017-semi-finished-products-of-iron-or-non-al,0.14,,0.14,E
Azerbaijan,AZE,72072019-semi-finished-products-of-iron-or-non-al,0.13,,0.13,E
Azerbaijan,AZE,72072032-semi-finished-products-of-iron-or-non-al,0.14,,0.14,E
Azerbaijan,AZE,72072039-semi-finished-products-of-iron-or-non-al,0.13,,0.13,E
Azerbaijan,AZE,72072052-semi-finished-products-of-iron-or-non-al,0.14,,0.14,E
Azerbaijan,AZE,72072059-semi-finished-products-of-iron-or-non-al,0.13,,0.13,E
Azerbaijan,AZE,72072080-semi-finished-products-of-iron-or-non-al,0.14,,0.14,E
Azerbaijan,AZE,7208-flat-rolled-products-of-iron-or-non-allo,0.14,,0.14,E
Azerbaijan,AZE,7209-flat-rolled-products-of-iron-or-non-allo,0.14,,0.14,E
Azerbaijan,AZE,7210-flat-rolled-products-of-iron-or-non-allo,0.14,,0.14,E
Azerbaijan,AZE,7211-flat-rolled-products-of-iron-or-non-allo,,,,
Azerbaijan,AZE,72111300-flat-rolled-products-of-iron-or-non-allo,0.14,,0.14,E
Azerbaijan,AZE,72111400-flat-rolled-products-of-iron-or-non-allo,0.14,,0.14,E
Azerbaijan,AZE,72111900-flat-rolled-products-of-iron-or-non-allo,0.14,,0.14,E
Azerbaijan,AZE,721123-flat-rolled-products-of-iron-or-non-allo,0.14,,0.14,E
Azerbaijan,AZE,72112900-flat-rolled-products-of-iron-or-non-allo,0.14,,0.14,E
Azerbaijan,AZE,721190-flat-rolled-products-of-iron-or-non-allo,0.14,,0.14,E
Azerbaijan,AZE,7212-flat-rolled-products-of-iron-or-non-allo,0.14,,0.14,E
Azerbaijan,AZE,7213-bars-and-rods-of-iron-or-non-alloy-steel,0.14,,0.14,E
Azerbaijan,AZE,7214-bars-and-rods-of-iron-or-non-alloy-steel,,,,
Azerbaijan,AZE,72141000-bars-and-rods-of-iron-or-non-alloy-steel,0.13,,0.13,E
Azerbaijan,AZE,72142000-bars-and-rods-of-iron-or-non-alloy-steel,0.14,,0.14,E
Azerbaijan,AZE,72143000-bars-and-rods-of-non-alloy-free-cutting,0.14,,0.14,E
Azerbaijan,AZE,721491-bars-and-rods-of-iron-or-non-alloy-steel,0.14,,0.14,E
Azerbaijan,AZE,721499-bars-and-rods-of-iron-or-non-alloy-steel,0.14,,0.14,E
Azerbaijan,AZE,7215-bars-and-rods-of-iron-or-non-alloy-steel,0.14,,0.14,E
Azerbaijan,AZE,7216-angles-shapes-and-sections-of-iron-or-no,0.14,,0.14,E
Azerbaijan,AZE,7217-wire-of-iron-or-non-alloy-steel-in-coils,,,,
Azerbaijan,AZE,721710-wire-of-iron-or-non-alloy-steel-in-coils,0.14,,0.14,E
Azerbaijan,AZE,721720-wire-of-iron-or-non-alloy-steel-in-coils,0.14,,0.14,E
Azerbaijan,AZE,721730-wire-of-iron-or-non-alloy-steel-in-coils,0.14,,0.14,E
Azerbaijan,AZE,721790-wire-of-iron-or-non-alloy-steel-in-coils,0.14,,0.14,E
Azerbaijan,AZE,7218-stainless-steel-in-ingots-or-other-prima,,,,
Azerbaijan,AZE,72181000-steel-stainless-in-ingots-and-other-prim,2.57,,2.57,
Azerbaijan,AZE,721891-semi-finished-products-of-stainless-stee,2.57,,2.57,
Azerbaijan,AZE,72189911-semi-finished-products-of-stainless-stee,2.57,,2.57,
Azerbaijan,AZE,72189919-semi-finished-products-of-stainless-stee,2.57,,2.57,
Azerbaijan,AZE,72189920-semi-finished-products-of-stainless-stee,2.57,,2.57,
Azerbaijan,AZE,72189980-semi-finished-products-of-stainless-stee,2.57,,2.57,
Azerbaijan,AZE,7219-flat-rolled-products-of-stainless-steel,,,,
Azerbaijan,AZE,72191100-flat-rolled-products-of-stainless-steel,2.57,,2.57,
Azerbaijan,AZE,721912-flat-rolled-products-of-stainless-steel,2.57,,2.57,
Azerbaijan,AZE,721913-flat-rolled-products-of-stainless-steel,2.57,,2.57,
Azerbaijan,AZE,721914-flat-rolled-products-of-stainless-steel,2.57,,2.57,
Azerbaijan,AZE,721921-flat-rolled-products-of-stainless-steel,2.57,,2.57,
Azerbaijan,AZE,721922-flat-rolled-products-of-stainless-steel,2.57,,2.57,
Azerbaijan,AZE,72192300-flat-rolled-products-of-stainless-steel,2.57,,2.57,
Azerbaijan,AZE,72192400-flat-rolled-products-of-stainless-steel,2.57,,2.57,
Azerbaijan,AZE,72193100-flat-rolled-products-of-stainless-steel,2.57,,2.57,
Azerbaijan,AZE,721932-flat-rolled-products-of-stainless-steel,2.57,,2.57,
Azerbaijan,AZE,721933-flat-rolled-products-of-stainless-steel,2.57,,2.57,
Azerbaijan,AZE,721934-flat-rolled-products-of-stainless-steel,2.57,,2.57,
Azerbaijan,AZE,721935-flat-rolled-products-of-stainless-steel,2.57,,2.57,
Azerbaijan,AZE,721990-flat-rolled-products-of-stainless-steel,2.57,,2.57,
Azerbaijan,AZE,7220-flat-rolled-products-of-stainless-steel,,,,
Azerbaijan,AZE,72201100-flat-rolled-products-of-stainless-steel,2.57,,2.57,
Azerbaijan,AZE,72201200-flat-rolled-products-of-stainless-steel,2.57,,2.57,
Azerbaijan,AZE,722020-flat-rolled-products-of-stainless-steel,2.57,,2.57,
Azerbaijan,AZE,722090-flat-rolled-products-of-stainless-steel,2.57,,2.57,
Azerbaijan,AZE,7221-bars-and-rods-of-stainless-steel-hot-rol,2.57,,2.57,
Azerbaijan,AZE,7222-other-bars-and-rods-of-stainless-steel-a,,,,
Azerbaijan,AZE,722211-bars-and-rods-of-stainless-steel-only-ho,2.57,,2.57,
Azerbaijan,AZE,722219-bars-and-rods-of-stainless-steel-only-ho,2.57,,2.57,
Azerbaijan,AZE,722220-other-bars-and-rods-of-stainless-steel-n,2.57,,2.57,
Azerbaijan,AZE,722230-other-bars-and-rods-of-stainless-steel-c,2.57,,2.57,
Azerbaijan,AZE,722240-angles-shapes-and-sections-of-stainless,2.57,,2.57,
Azerbaijan,AZE,7223-wire-of-stainless-steel-in-coils-excl-ba,,,,
Azerbaijan,AZE,722300-wire-of-stainless-steel-in-coils-excl-ba,2.57,,2.57,
Azerbaijan,AZE,7224-steel-alloy-other-than-stainless-in-ingo,,,,
Azerbaijan,AZE,722410-steel-alloy-other-than-stainless-in-ingo,2.31,,2.31,H
Azerbaijan,AZE,72249002-semi-finished-products-of-tool-steel,2.31,,2.31,H
Azerbaijan,AZE,72249003-semi-finished-products-of-high-speed-ste,2.31,,2.31,H
Azerbaijan,AZE,72249005-semi-finished-products-of-steel-containi,2.31,,2.31,H
Azerbaijan,AZE,72249007-semi-finished-products-of-alloy-steel-ot,2.31,,2.31,H
Azerbaijan,AZE,72249014-semi-finished-products-of-alloy-steel-ot,2.31,,2.31,H
Azerbaijan,AZE,72249018-semi-finished-products-of-alloy-steel-ot,2.31,,2.31,H
Azerbaijan,AZE,72249031-semi-finished-products-of-steel-containi,2.31,,2.31,H
Azerbaijan,AZE,72249038-semi-finished-products-of-alloy-steel-ot,2.31,,2.31,H
Azerbaijan,AZE,72249090-semi-finished-products-of-alloy-steel-ot,2.31,,2.31,H
Azerbaijan,AZE,7225-flat-rolled-products-of-alloy-steel-othe,,,,
Azerbaijan,AZE,72251100-flat-rolled-products-of-silicon-electric,3.71,,3.71,E
Azerbaijan,AZE,72251910-flat-rolled-products-of-silicon-electric,2.31,,2.31,E
Azerbaijan,AZE,72251990-flat-rolled-products-of-silicon-electric,2.31,,2.31,E
Azerbaijan,AZE,722530-flat-rolled-products-of-alloy-steel-othe,2.31,,2.31,H
Azerbaijan,AZE,722540-flat-rolled-products-of-alloy-steel-othe,2.31,,2.31,H
Azerbaijan,AZE,722550-flat-rolled-products-of-alloy-steel-othe,2.31,,2.31,H
Azerbaijan,AZE,72259100-flat-rolled-products-of-alloy-steel-othe,2.31,,2.31,H
Azerbaijan,AZE,72259200-flat-rolled-products-of-alloy-steel-othe,2.31,,2.31,H
Azerbaijan,AZE,72259900-flat-rolled-products-of-alloy-steel-othe,2.31,,2.31,H
Azerbaijan,AZE,7226-flat-rolled-products-of-alloy-steel-othe,,,,
Azerbaijan,AZE,72261100-flat-rolled-products-of-silicon-electric,3.71,,3.71,E
Azerbaijan,AZE,72261910-flat-rolled-products-of-silicon-electric,2.31,,2.31,E
Azerbaijan,AZE,72261980-flat-rolled-products-of-silicon-electric,2.31,,2.31,E
Azerbaijan,AZE,72262000-flat-rolled-products-of-high-speed-steel,2.31,,2.31,H
Azerbaijan,AZE,722691-flat-rolled-products-of-alloy-steel-othe,2.31,,2.31,H
Azerbaijan,AZE,72269200-flat-rolled-products-of-alloy-steel-othe,2.31,,2.31,H
Azerbaijan,AZE,722699-flat-rolled-products-of-alloy-steel-othe,2.31,,2.31,H
Azerbaijan,AZE,7227-bars-and-rods-of-alloy-steel-other-than,2.31,,2.31,E/H
Azerbaijan,AZE,7228-other-bars-and-rods-of-alloy-steel-other,,,,
Azerbaijan,AZE,72281020-bars-and-rods-of-high-speed-steel-not-fu,2.31,,2.31,H
Azerbaijan,AZE,72281050-bars-and-rods-of-high-speed-steel-forged,2.31,,2.31,H
Azerbaijan,AZE,72281090-bars-and-rods-of-high-speed-steel-not-fu,2.31,,2.31,H
Azerbaijan,AZE,722820-bars-and-rods-of-silico-manganese-steel,2.31,,2.31,H
Azerbaijan,AZE,722830-bars-and-rods-of-alloy-steel-other-than,2.31,,2.31,E/H
Azerbaijan,AZE,722840-bars-and-rods-of-alloy-steel-other-than,2.31,,2.31,H
Azerbaijan,AZE,722850-bars-and-rods-of-alloy-steel-other-than,2.31,,2.31,E/H
Azerbaijan,AZE,722860-bars-and-rods-of-alloy-steel-other-than,2.31,,2.31,H
Azerbaijan,AZE,722870-angles-shapes-and-sections-of-alloy-stee,2.31,,2.31,H
Azerbaijan,AZE,72288000-hollow-drill-bars-and-rods-of-alloy-or-n,2.31,,2.31,H
Azerbaijan,AZE,7229-wire-of-alloy-steel-other-than-stainless,2.31,,2.31,E/H
Azerbaijan,AZE,7301-sheet-piling-of-iron-or-steel-whether-or,0.19,,0.19,E
Azerbaijan,AZE,7302-railway-or-tramway-track-construction-ma,1.85,,1.85,E
Azerbaijan,AZE,7303-tubes-pipes-and-hollow-profiles-of-cast,,,,
Azerbaijan,AZE,730300-tubes-pipes-and-hollow-profiles-of-cast,1.5,,1.5,
Azerbaijan,AZE,7304-tubes-pipes-and-hollow-profiles-seamless,,,,
Azerbaijan,AZE,73041100-line-pipe-of-a-kind-used-for-oil-or-gas,2.57,,2.57,
Azerbaijan,AZE,730419-line-pipe-of-a-kind-used-for-oil-or-gas,0.24,,0.24,E
Azerbaijan,AZE,73042200-drill-pipe-seamless-of-stainless-steel-o,2.57,,2.57,
Azerbaijan,AZE,73042300-drill-pipe-seamless-of-a-kind-used-in-dr,0.24,,0.24,E
Azerbaijan,AZE,73042400-casing-and-tubing-seamless-of-a-kind-use,2.57,,2.57,
Azerbaijan,AZE,730429-casing-and-tubing-seamless-of-iron-or-st,0.24,,0.24,E
Azerbaijan,AZE,730431-tubes-pipes-and-hollow-profiles-seamless,0.24,,0.24,E
Azerbaijan,AZE,730439-tubes-pipes-and-hollow-profiles-seamless,0.24,,0.24,E
Azerbaijan,AZE,73044100-tubes-pipes-and-hollow-profiles-seamless,2.57,,2.57,
Azerbaijan,AZE,730449-tubes-pipes-and-hollow-profiles-seamless,2.57,,2.57,
Azerbaijan,AZE,730451-tubes-pipes-and-hollow-profiles-seamless,0.24,,0.24,H
Azerbaijan,AZE,730459-tubes-pipes-and-hollow-profiles-seamless,0.24,,0.24,E/H
Azerbaijan,AZE,73049000-tubes-pipes-and-hollow-profiles-seamless,0.24,,0.24,E
Azerbaijan,AZE,7305-tubes-and-pipes-having-circular-cross-se,0.24,,0.24,E
Azerbaijan,AZE,7306-tubes-pipes-and-hollow-profiles-e-g-open,,,,
Azerbaijan,AZE,73061100-line-pipe-of-a-kind-used-for-oil-or-gas,2.57,,2.57,
Azerbaijan,AZE,73061900-line-pipe-of-a-kind-used-for-oil-or-gas,0.24,,0.24,E
Azerbaijan,AZE,73062100-casing-and-tubing-of-a-kind-used-in-dril,2.57,,2.57,
Azerbaijan,AZE,73062900-casing-and-tubing-of-a-kind-used-in-dril,0.24,,0.24,E
Azerbaijan,AZE,73063012-precision-tubes-welded-of-circular-cross,0.24,,0.24,E
Azerbaijan,AZE,73063018-precision-tubes-welded-of-circular-cross,0.24,,0.24,E
Azerbaijan,AZE,73063041-threaded-or-threadable-tubes-gas-pipe-we,0.24,,0.24,E
Azerbaijan,AZE,73063049-threaded-or-threadable-tubes-gas-pipe-we,0.24,,0.24,E
Azerbaijan,AZE,73063072-other-tubes-pipes-and-hollow-profiles-we,0.24,,0.24,E
Azerbaijan,AZE,73063077-other-tubes-pipes-and-hollow-profiles-we,0.24,,0.24,E
Azerbaijan,AZE,73063080-tubes-pipes-and-hollow-profiles-welded-h,0.24,,0.24,E
Azerbaijan,AZE,73064020-tubes-pipes-and-hollow-profiles-welded-o,2.57,,2.57,
Azerbaijan,AZE,73064080-tubes-pipes-and-hollow-profiles-welded-o,2.57,,2.57,
Azerbaijan,AZE,73065021-precision-steel-tubes-welded-of-circular,0.24,,0.24,H
Azerbaijan,AZE,73065029-precision-steel-tubes-welded-of-circular,0.24,,0.24,H
Azerbaijan,AZE,73065080-tubes-pipes-and-hollow-profiles-welded-o,0.24,,0.24,H
Azerbaijan,AZE,73066110-tubes-and-pipes-and-hollow-profiles-weld,2.57,,2.57,
Azerbaijan,AZE,73066192-tubes-and-pipes-and-hollow-profiles-weld,0.24,,0.24,E
Azerbaijan,AZE,73066199-tubes-and-pipes-and-hollow-profiles-weld,0.24,,0.24,E
Azerbaijan,AZE,73066910-tubes-pipes-and-hollow-profiles-welded-o,2.57,,2.57,
Azerbaijan,AZE,73066990-tubes-pipes-and-hollow-profiles-welded-o,0.24,,0.24,E
Azerbaijan,AZE,73069000-tubes-pipes-and-hollow-profiles-e-g-open,0.24,,0.24,E
Azerbaijan,AZE,7307-tube-or-pipe-fittings-e-g-couplings-elbo,,,,
Azerbaijan,AZE,730711-tube-or-pipe-fittings-of-non-malleable-c,1.5,,1.5,
Azerbaijan,AZE,73071910-tube-or-pipe-fittings-of-cast-iron-excl,1.5,,1.5,
Azerbaijan,AZE,73071990-cast-tube-or-pipe-fittings-of-steel,0.13,,0.13,E
Azerbaijan,AZE,73072100-flanges-of-stainless-steel-excl-cast-pro,2.36,,2.36,
Azerbaijan,AZE,730722-threaded-elbows-bends-and-sleeves-of-sta,2.36,,2.36,
Azerbaijan,AZE,730723-butt-welding-tube-or-pipe-fittings-of-st,2.36,,2.36,
Azerbaijan,AZE,730729-tube-or-pipe-fittings-of-stainless-steel,2.36,,2.36,
Azerbaijan,AZE,73079100-flanges-of-iron-or-steel-excl-cast-or-st,0.14,,0.14,E
Azerbaijan,AZE,730792-threaded-elbows-bends-and-sleeves-of-sta,0.14,,0.14,E
Azerbaijan,AZE,730793-butt-welding-fittings-of-iron-or-steel-e,0.14,,0.14,E
Azerbaijan,AZE,730799-tube-or-pipe-fittings-of-iron-or-steel-e,0.14,,0.14,E
Azerbaijan,AZE,7308-structures-and-parts-of-structures-e-g-b,1.89,,1.89,E
Azerbaijan,AZE,7309-reservoirs-tanks-vats-and-similar-contai,1.77,,1.77,E
Azerbaijan,AZE,7310-tanks-casks-drums-cans-boxes-and-similar,0.24,,0.24,E
Azerbaijan,AZE,7311-containers-of-iron-or-steel-for-compress,,,,
Azerbaijan,AZE,731100-containers-of-iron-or-steel-for-compress,1.77,,1.77,E
Azerbaijan,AZE,7318-screws-bolts-nuts-coach-screws-screw-hoo,,,,
Azerbaijan,AZE,73181100-coach-screws-of-iron-or-steel,0.14,,0.14,E
Azerbaijan,AZE,73181210-wood-screws-of-stainless-steel-excl-coac,2.57,,2.57,
Azerbaijan,AZE,73181290-wood-screws-of-iron-or-steel-other-than,0.14,,0.14,E
Azerbaijan,AZE,73181300-screw-hooks-and-screw-rings-of-iron-or-s,0.14,,0.14,E
Azerbaijan,AZE,73181410-self-tapping-screws-of-stainless-steel-e,2.57,,2.57,
Azerbaijan,AZE,73181491-spaced-thread-screws-of-iron-or-steel-ot,0.14,,0.14,E
Azerbaijan,AZE,73181499-self-tapping-screws-of-iron-or-steel-oth,0.14,,0.14,E
Azerbaijan,AZE,731815-threaded-screws-and-bolts-of-iron-or-ste,2.14,,2.14,E
Azerbaijan,AZE,731816-nuts-of-iron-or-steel,2.22,,2.22,E
Azerbaijan,AZE,73181900-threaded-articles-of-iron-or-steel-n-e-s,0.14,,0.14,E
Azerbaijan,AZE,73182100-spring-washers-and-other-lock-washers-of,0.14,,0.14,E
Azerbaijan,AZE,73182200-washers-of-iron-or-steel-excl-spring-was,1.03,,1.03,E
Azerbaijan,AZE,73182300-rivets-of-iron-or-steel-excl-tubular-and,0.75,,0.75,E
Azerbaijan,AZE,73182400-cotters-and-cotter-pins-of-iron-or-steel,0.14,,0.14,E
Azerbaijan,AZE,73182900-non-threaded-articles-of-iron-or-steel,0.14,,0.14,E
Azerbaijan,AZE,7326-articles-of-iron-or-steel-n-e-s-excl-cas,,,,
Azerbaijan,AZE,73261100-grinding-balls-and-similar-articles-for,0.13,,0.13,E
Azerbaijan,AZE,732619-articles-of-iron-or-steel-forged-or-stam,0.13,,0.13,E
Azerbaijan,AZE,73262000-articles-of-iron-or-steel-wire-n-e-s,0.14,,0.14,E
Azerbaijan,AZE,73269030-ladders-and-steps-of-iron-or-steel,0.14,,0.14,E
Azerbaijan,AZE,73269040-pallets-and-similar-platforms-for-handli,0.14,,0.14,E
Azerbaijan,AZE,73269050-reels-for-cables-piping-and-the-like-of,0.14,,0.14,E
Azerbaijan,AZE,73269060-ventilators-non-mechanical-guttering-hoo,0.14,,0.14,E
Azerbaijan,AZE,73269092-articles-of-iron-or-steel-open-die-forge,0.13,,0.13,E
Azerbaijan,AZE,73269094-articles-of-iron-or-steel-closed-die-for,0.13,,0.13,E
Azerbaijan,AZE,73269096-sintered-articles-of-iron-or-steel-n-e-s,0.13,,0.13,E
Azerbaijan,AZE,73269098-articles-of-iron-or-steel-n-e-s,0.14,,0.14,E
Bangladesh,BGD,2507008080-calcined-clay,,,,
Bangladesh,BGD,2523100010-white-clinker,,,,
Bangladesh,BGD,2523100090-other-clinker-including-grey-clinker,1.36,0.03,1.39,A
Bangladesh,BGD,25232100-white-portland-cement,1.28,0.13,1.41,
Bangladesh,BGD,25232900-grey-portland-cement,1.21,0.06,1.27,
Bangladesh,BGD,25233000-aluminous-cement,,,,
Bangladesh,BGD,2523900010-white-hydraulic-cement,1.31,0.17,1.48,B
Bangladesh,BGD,2523900090-other-hydraulic-cements-including-grey-h,1.15,0.07,1.21,A
Bangladesh,BGD,28080000-nitric-acid-sulphonitric-acids,1.82,0.05,1.87,
Bangladesh,BGD,28141000-anhydrous-ammonia,2.34,0.16,2.51,
Bangladesh,BGD,28142000-ammonia-in-aqueous-solution,0.7,0.05,0.75,
Bangladesh,BGD,28342100-nitrate-of-potassium,1.64,0.08,1.72,
Bangladesh,BGD,3102-mineral-or-chemical-fertilizers-nitrogen,,,,
Bangladesh,BGD,31021012-urea-in-aqueous-solution-containing-45-n,0.52,0.04,0.56,
Bangladesh,BGD,31021015-urea-in-aqueous-solution-containing-45-n,0.86,0.04,0.91,
Bangladesh,BGD,31021019-urea-whether-or-not-in-aqueous-solution,1.57,0.12,1.7,
Bangladesh,BGD,31021090-urea-whether-or-not-in-aqueous-solution,1.54,0.12,1.66,
Bangladesh,BGD,31022100-ammonium-sulphate-excl-that-in-tablets-o,0.68,0.09,0.77,
Bangladesh,BGD,31022900-double-salts-and-mixtures-of-ammonium-su,1.18,0.1,1.28,
Bangladesh,BGD,31023010-ammonium-nitrate-in-aqueous-solution-exc,1.25,0.08,1.32,
Bangladesh,BGD,31023090-ammonium-nitrate-excl-that-in-aqueous-so,1.92,0.12,2.04,
Bangladesh,BGD,31024010-mixtures-of-ammonium-nitrate-with-calciu,1.66,0.11,1.77,
Bangladesh,BGD,31024090-mixtures-of-ammonium-nitrate-with-calciu,1.66,0.11,1.77,
Bangladesh,BGD,31025000-sodium-nitrate-excl-that-in-tablets-or-s,2.83,0.08,2.92,
Bangladesh,BGD,31026000-double-salts-and-mixtures-of-calcium-nit,1.61,0.11,1.71,
Bangladesh,BGD,31028000-mixtures-of-urea-and-ammonium-nitrate-in,1.36,0.1,1.45,
Bangladesh,BGD,31029000-mineral-or-chemical-nitrogen-fertilisers,1.5,0.11,1.62,
Bangladesh,BGD,3105-mineral-or-chemical-fertilisers-containi,,,,
Bangladesh,BGD,31051000-mineral-or-chemical-fertilisers-of-anima,0.7,0.09,0.8,
Bangladesh,BGD,31052010-mineral-or-chemical-fertilisers-containi,0.84,0.11,0.95,
Bangladesh,BGD,31052090-mineral-or-chemical-fertilisers-containi,0.57,0.08,0.65,
Bangladesh,BGD,31053000-diammonium-hydrogenorthophosphate-diammo,0.55,0.07,0.62,
Bangladesh,BGD,31054000-ammonium-dihydrogenorthophosphate-monoam,0.35,0.05,0.4,
Bangladesh,BGD,31055100-other-mineral-or-chemical-fertilisers-co,1.14,0.13,1.27,
Bangladesh,BGD,31055900-other-mineral-or-chemical-fertilisers-co,0.63,0.11,0.74,
Bangladesh,BGD,31059020-mineral-or-chemical-fertilisers-containi,1.1,0.08,1.19,
Bangladesh,BGD,31059080-mineral-or-chemical-fertilisers-containi,0.57,0.06,0.63,
Bangladesh,BGD,7601-unwrought-aluminium,0.36,,0.36,L
Bangladesh,BGD,7603-aluminium-powders-and-flakes,1.69,,1.69,L
Bangladesh,BGD,76041010-bars-and-rods,1.91,,1.91,L
Bangladesh,BGD,76041090-profiles,1.93,,1.93,L
Bangladesh,BGD,76042100-hollow-profiles,1.93,,1.93,L
Bangladesh,BGD,76042910-bars-and-rods,1.91,,1.91,L
Bangladesh,BGD,76042990-profiles,1.93,,1.93,L
Bangladesh,BGD,7605-aluminium-wire,1.91,,1.91,L
Bangladesh,BGD,7606-aluminium-plates-sheets-and-strip-of-a-t,2.37,,2.37,L
Bangladesh,BGD,7607-aluminium-foil-whether-or-not-printed-or,2.37,,2.37,L
Bangladesh,BGD,7608-aluminium-tubes-and-pipes,1.93,,1.93,L
Bangladesh,BGD,76090000-aluminium-tube-or-pipe-fittings-for-exam,1.93,,1.93,L
Bangladesh,BGD,76101000-doors-windows-and-their-frames-and-thres,1.93,,1.93,L
Bangladesh,BGD,761090-other,1.93,,1.93,L
Bangladesh,BGD,76109010-bridges-and-bridge-sections-towers-and-l,1.93,,1.93,L
Bangladesh,BGD,76109090-other,1.93,,1.93,L
Bangladesh,BGD,76110000-aluminium-reservoirs-tanks-vats-and-simi,2.37,,2.37,L
Bangladesh,BGD,7612-aluminium-casks-drums-cans-boxes-and-sim,2.37,,2.37,L
Bangladesh,BGD,76130000-aluminium-containers-for-compressed-or-l,2.37,,2.37,L
Bangladesh,BGD,7614-stranded-wire-cables-plaited-bands-and-t,1.91,,1.91,L
Bangladesh,BGD,76161000-nails-tacks-staples-other-than-those-of,2.37,,2.37,L
Bangladesh,BGD,76169100-cloth-grill-netting-and-fencing-of-alumi,2.37,,2.37,L
Bangladesh,BGD,76169910-cast,1.69,,1.69,L
Bangladesh,BGD,76169990-other,2.37,,2.37,L
Bangladesh,BGD,28041000-hydrogen,10.82,,10.82,
Bahrain,BHR,7601-unwrought-aluminium,1.87,,1.87,K
Bahrain,BHR,7603-aluminium-powders-and-flakes,1.98,,1.98,K
Bahrain,BHR,76041010-bars-and-rods,2.2,,2.2,K
Bahrain,BHR,76041090-profiles,2.22,,2.22,K
Bahrain,BHR,76042100-hollow-profiles,2.22,,2.22,K
Bahrain,BHR,76042910-bars-and-rods,2.2,,2.2,K
Bahrain,BHR,76042990-profiles,2.22,,2.22,K
Bahrain,BHR,7605-aluminium-wire,2.2,,2.2,K
Bahrain,BHR,7606-aluminium-plates-sheets-and-strip-of-a-t,2.66,,2.66,K
Bahrain,BHR,7607-aluminium-foil-whether-or-not-printed-or,2.66,,2.66,K
Bahrain,BHR,7608-aluminium-tubes-and-pipes,2.22,,2.22,K
Bahrain,BHR,76090000-aluminium-tube-or-pipe-fittings-for-exam,2.22,,2.22,K
Bahrain,BHR,76101000-doors-windows-and-their-frames-and-thres,2.22,,2.22,K
Bahrain,BHR,761090-other,2.22,,2.22,K
Bahrain,BHR,76109010-bridges-and-bridge-sections-towers-and-l,2.22,,2.22,K
Bahrain,BHR,76109090-other,2.22,,2.22,K
Bahrain,BHR,76110000-aluminium-reservoirs-tanks-vats-and-simi,2.66,,2.66,K
Bahrain,BHR,7612-aluminium-casks-drums-cans-boxes-and-sim,2.66,,2.66,K
Bahrain,BHR,76130000-aluminium-containers-for-compressed-or-l,2.66,,2.66,K
Bahrain,BHR,7614-stranded-wire-cables-plaited-bands-and-t,2.2,,2.2,K
Bahrain,BHR,76161000-nails-tacks-staples-other-than-those-of,2.66,,2.66,K
Bahrain,BHR,76169100-cloth-grill-netting-and-fencing-of-alumi,2.66,,2.66,K
Bahrain,BHR,76169910-cast,1.98,,1.98,K
Bahrain,BHR,76169990-other,2.66,,2.66,K
Bahrain,BHR,28041000-hydrogen,10.82,,10.82,
Belarus,BLR,2507008080-calcined-clay,,,,
Belarus,BLR,2523100010-white-clinker,,,,
Belarus,BLR,2523100090-other-clinker-including-grey-clinker,1.34,0.03,1.37,A
Belarus,BLR,25232100-white-portland-cement,,,,
Belarus,BLR,25232900-grey-portland-cement,1.34,0.05,1.39,
Belarus,BLR,25233000-aluminous-cement,,,,
Belarus,BLR,2523900010-white-hydraulic-cement,,,,
Belarus,BLR,2523900090-other-hydraulic-cements-including-grey-h,1.27,0.05,1.33,A
Belarus,BLR,28080000-nitric-acid-sulphonitric-acids,2.69,0.03,2.72,
Belarus,BLR,28141000-anhydrous-ammonia,2.16,0.09,2.25,
Belarus,BLR,28142000-ammonia-in-aqueous-solution,0.65,0.03,0.68,
Belarus,BLR,28342100-nitrate-of-potassium,2.17,0.04,2.22,
Belarus,BLR,3102-mineral-or-chemical-fertilizers-nitrogen,,,,
Belarus,BLR,31021012-urea-in-aqueous-solution-containing-45-n,0.47,0.02,0.49,
Belarus,BLR,31021015-urea-in-aqueous-solution-containing-45-n,0.78,0.02,0.8,
Belarus,BLR,31021019-urea-whether-or-not-in-aqueous-solution,1.41,0.07,1.48,
Belarus,BLR,31021090-urea-whether-or-not-in-aqueous-solution,1.38,0.07,1.45,
Belarus,BLR,31022100-ammonium-sulphate-excl-that-in-tablets-o,0.62,0.05,0.67,
Belarus,BLR,31022900-double-salts-and-mixtures-of-ammonium-su,1.39,0.06,1.45,
Belarus,BLR,31023010-ammonium-nitrate-in-aqueous-solution-exc,1.64,0.04,1.69,
Belarus,BLR,31023090-ammonium-nitrate-excl-that-in-aqueous-so,2.53,0.07,2.6,
Belarus,BLR,31024010-mixtures-of-ammonium-nitrate-with-calciu,2.15,0.06,2.22,
Belarus,BLR,31024090-mixtures-of-ammonium-nitrate-with-calciu,2.15,0.06,2.22,
Belarus,BLR,31025000-sodium-nitrate-excl-that-in-tablets-or-s,4.2,0.05,4.25,
Belarus,BLR,31026000-double-salts-and-mixtures-of-calcium-nit,2.12,0.06,2.18,
Belarus,BLR,31028000-mixtures-of-urea-and-ammonium-nitrate-in,1.58,0.06,1.63,
Belarus,BLR,31029000-mineral-or-chemical-nitrogen-fertilisers,1.61,0.06,1.67,
Belarus,BLR,3105-mineral-or-chemical-fertilisers-containi,,,,
Belarus,BLR,31051000-mineral-or-chemical-fertilisers-of-anima,0.8,0.05,0.86,
Belarus,BLR,31052010-mineral-or-chemical-fertilisers-containi,1.05,0.06,1.12,
Belarus,BLR,31052090-mineral-or-chemical-fertilisers-containi,0.71,0.05,0.76,
Belarus,BLR,31053000-diammonium-hydrogenorthophosphate-diammo,0.5,0.04,0.54,
Belarus,BLR,31054000-ammonium-dihydrogenorthophosphate-monoam,0.32,0.03,0.35,
Belarus,BLR,31055100-other-mineral-or-chemical-fertilisers-co,1.45,0.08,1.53,
Belarus,BLR,31055900-other-mineral-or-chemical-fertilisers-co,0.57,0.08,0.65,
Belarus,BLR,31059020-mineral-or-chemical-fertilisers-containi,1.43,0.05,1.47,
Belarus,BLR,31059080-mineral-or-chemical-fertilisers-containi,0.73,0.03,0.76,
Belarus,BLR,28041000-hydrogen,14.03,,14.03,
Benin,BEN,2507008080-calcined-clay,,,,
Benin,BEN,2523100010-white-clinker,,,,
Benin,BEN,2523100090-other-clinker-including-grey-clinker,0.86,0.04,0.9,A
Benin,BEN,25232100-white-portland-cement,,,,
Benin,BEN,25232900-grey-portland-cement,0.92,0.07,0.99,
Benin,BEN,25233000-aluminous-cement,,,,
Benin,BEN,2523900010-white-hydraulic-cement,,,,
Benin,BEN,2523900090-other-hydraulic-cements-including-grey-h,0.88,0.07,0.96,A
Bolivia,BOL,2507008080-calcined-clay,,,,
Bolivia,BOL,2523100010-white-clinker,,,,
Bolivia,BOL,2523100090-other-clinker-including-grey-clinker,0.87,0.03,0.9,A
Bolivia,BOL,25232100-white-portland-cement,,,,
Bolivia,BOL,25232900-grey-portland-cement,0.87,0.06,0.93,
Bolivia,BOL,25233000-aluminous-cement,,,,
Bolivia,BOL,2523900010-white-hydraulic-cement,,,,
Bolivia,BOL,2523900090-other-hydraulic-cements-including-grey-h,0.83,0.06,0.89,A
Bolivia,BOL,7601-unwrought-aluminium,0.36,,0.36,L
Bolivia,BOL,7603-aluminium-powders-and-flakes,0.47,,0.47,L
Bolivia,BOL,76041010-bars-and-rods,0.69,,0.69,L
Bolivia,BOL,76041090-profiles,0.71,,0.71,L
Bolivia,BOL,76042100-hollow-profiles,0.71,,0.71,L
Bolivia,BOL,76042910-bars-and-rods,0.69,,0.69,L
Bolivia,BOL,76042990-profiles,0.71,,0.71,L
Bolivia,BOL,7605-aluminium-wire,0.69,,0.69,L
Bolivia,BOL,7606-aluminium-plates-sheets-and-strip-of-a-t,1.15,,1.15,L
Bolivia,BOL,7607-aluminium-foil-whether-or-not-printed-or,1.15,,1.15,L
Bolivia,BOL,7608-aluminium-tubes-and-pipes,0.71,,0.71,L
Bolivia,BOL,76090000-aluminium-tube-or-pipe-fittings-for-exam,0.71,,0.71,L
Bolivia,BOL,76101000-doors-windows-and-their-frames-and-thres,0.71,,0.71,L
Bolivia,BOL,761090-other,0.71,,0.71,L
Bolivia,BOL,76109010-bridges-and-bridge-sections-towers-and-l,0.71,,0.71,L
Bolivia,BOL,76109090-other,0.71,,0.71,L
Bolivia,BOL,76110000-aluminium-reservoirs-tanks-vats-and-simi,1.15,,1.15,L
Bolivia,BOL,7612-aluminium-casks-drums-cans-boxes-and-sim,1.15,,1.15,L
Bolivia,BOL,76130000-aluminium-containers-for-compressed-or-l,1.15,,1.15,L
Bolivia,BOL,7614-stranded-wire-cables-plaited-bands-and-t,0.69,,0.69,L
Bolivia,BOL,76161000-nails-tacks-staples-other-than-those-of,1.15,,1.15,L
Bolivia,BOL,76169100-cloth-grill-netting-and-fencing-of-alumi,1.15,,1.15,L
Bolivia,BOL,76169910-cast,0.47,,0.47,L
Bolivia,BOL,76169990-other,1.15,,1.15,L
Bolivia,BOL,28041000-hydrogen,10.82,,10.82,
Bosnia and Herzegovina,BIH,2507008080-calcined-clay,,,,
Bosnia and Herzegovina,BIH,2523100010-white-clinker,,,,
Bosnia and Herzegovina,BIH,2523100090-other-clinker-including-grey-clinker,0.86,0.06,0.92,A
Bosnia and Herzegovina,BIH,25232100-white-portland-cement,,,,
Bosnia and Herzegovina,BIH,25232900-grey-portland-cement,0.88,0.1,0.98,
Bosnia and Herzegovina,BIH,25233000-aluminous-cement,,,,
Bosnia and Herzegovina,BIH,2523900010-white-hydraulic-cement,,,,
Bosnia and Herzegovina,BIH,2523900090-other-hydraulic-cements-including-grey-h,0.84,0.1,0.94,A
Bosnia and Herzegovina,BIH,28080000-nitric-acid-sulphonitric-acids,2.67,0.06,2.73,
Bosnia and Herzegovina,BIH,28141000-anhydrous-ammonia,,,,
Bosnia and Herzegovina,BIH,28142000-ammonia-in-aqueous-solution,0.65,0.06,0.71,
Bosnia and Herzegovina,BIH,28342100-nitrate-of-potassium,2.16,0.09,2.26,
Bosnia and Herzegovina,BIH,3102-mineral-or-chemical-fertilizers-nitrogen,,,,
Bosnia and Herzegovina,BIH,31021012-urea-in-aqueous-solution-containing-45-n,0.49,0.05,0.54,
Bosnia and Herzegovina,BIH,31021015-urea-in-aqueous-solution-containing-45-n,0.81,0.05,0.86,
Bosnia and Herzegovina,BIH,31021019-urea-whether-or-not-in-aqueous-solution,1.47,0.15,1.62,
Bosnia and Herzegovina,BIH,31021090-urea-whether-or-not-in-aqueous-solution,1.44,0.15,1.59,
Bosnia and Herzegovina,BIH,31022100-ammonium-sulphate-excl-that-in-tablets-o,0.64,0.11,0.75,
Bosnia and Herzegovina,BIH,31022900-double-salts-and-mixtures-of-ammonium-su,1.4,0.13,1.52,
Bosnia and Herzegovina,BIH,31023010-ammonium-nitrate-in-aqueous-solution-exc,1.64,0.1,1.74,
Bosnia and Herzegovina,BIH,31023090-ammonium-nitrate-excl-that-in-aqueous-so,2.52,0.15,2.67,
Bosnia and Herzegovina,BIH,31024010-mixtures-of-ammonium-nitrate-with-calciu,2.16,0.14,2.3,
Bosnia and Herzegovina,BIH,31024090-mixtures-of-ammonium-nitrate-with-calciu,2.16,0.14,2.3,
Bosnia and Herzegovina,BIH,31025000-sodium-nitrate-excl-that-in-tablets-or-s,4.16,0.1,4.26,
Bosnia and Herzegovina,BIH,31026000-double-salts-and-mixtures-of-calcium-nit,2.11,0.13,2.24,
Bosnia and Herzegovina,BIH,31028000-mixtures-of-urea-and-ammonium-nitrate-in,1.59,0.12,1.71,
Bosnia and Herzegovina,BIH,31029000-mineral-or-chemical-nitrogen-fertilisers,1.64,0.14,1.78,
Bosnia and Herzegovina,BIH,3105-mineral-or-chemical-fertilisers-containi,,,,
Bosnia and Herzegovina,BIH,31051000-mineral-or-chemical-fertilisers-of-anima,0.81,0.12,0.92,
Bosnia and Herzegovina,BIH,31052010-mineral-or-chemical-fertilisers-containi,1.06,0.14,1.2,
Bosnia and Herzegovina,BIH,31052090-mineral-or-chemical-fertilisers-containi,0.72,0.11,0.82,
Bosnia and Herzegovina,BIH,31053000-diammonium-hydrogenorthophosphate-diammo,0.51,0.08,0.59,
Bosnia and Herzegovina,BIH,31054000-ammonium-dihydrogenorthophosphate-monoam,0.32,0.07,0.39,
Bosnia and Herzegovina,BIH,31055100-other-mineral-or-chemical-fertilisers-co,1.46,0.17,1.63,
Bosnia and Herzegovina,BIH,31055900-other-mineral-or-chemical-fertilisers-co,0.59,0.13,0.72,
Bosnia and Herzegovina,BIH,31059020-mineral-or-chemical-fertilisers-containi,1.42,0.1,1.53,
Bosnia and Herzegovina,BIH,31059080-mineral-or-chemical-fertilisers-containi,0.73,0.07,0.8,
Bosnia and Herzegovina,BIH,7601-unwrought-aluminium,1.7,,1.7,K
Bosnia and Herzegovina,BIH,7603-aluminium-powders-and-flakes,3.279,,3.279,K
Bosnia and Herzegovina,BIH,76041010-bars-and-rods,3.059,,3.059,K
Bosnia and Herzegovina,BIH,76041090-profiles,3.059,,3.059,K
Bosnia and Herzegovina,BIH,76042100-hollow-profiles,3.059,,3.059,K
Bosnia and Herzegovina,BIH,76042910-bars-and-rods,3.059,,3.059,K
Bosnia and Herzegovina,BIH,76042990-profiles,3.059,,3.059,K
Bosnia and Herzegovina,BIH,7605-aluminium-wire,3.703,,3.703,K
Bosnia and Herzegovina,BIH,7606-aluminium-plates-sheets-and-strip-of-a-t,4.532,,4.532,K
Bosnia and Herzegovina,BIH,7607-aluminium-foil-whether-or-not-printed-or,4.532,,4.532,K
Bosnia and Herzegovina,BIH,7608-aluminium-tubes-and-pipes,3.721,,3.721,K
Bosnia and Herzegovina,BIH,76090000-aluminium-tube-or-pipe-fittings-for-exam,3.721,,3.721,K
Bosnia and Herzegovina,BIH,76101000-doors-windows-and-their-frames-and-thres,3.721,,3.721,K
Bosnia and Herzegovina,BIH,761090-other,3.721,,3.721,K
Bosnia and Herzegovina,BIH,76109010-bridges-and-bridge-sections-towers-and-l,3.721,,3.721,K
Bosnia and Herzegovina,BIH,76109090-other,3.721,,3.721,K
Bosnia and Herzegovina,BIH,76110000-aluminium-reservoirs-tanks-vats-and-simi,4.532,,4.532,K
Bosnia and Herzegovina,BIH,7612-aluminium-casks-drums-cans-boxes-and-sim,4.532,,4.532,K
Bosnia and Herzegovina,BIH,76130000-aluminium-containers-for-compressed-or-l,4.532,,4.532,K
Bosnia and Herzegovina,BIH,7614-stranded-wire-cables-plaited-bands-and-t,3.703,,3.703,K
Bosnia and Herzegovina,BIH,76161000-nails-tacks-staples-other-than-those-of,4.532,,4.532,K
Bosnia and Herzegovina,BIH,76169100-cloth-grill-netting-and-fencing-of-alumi,4.532,,4.532,K
Bosnia and Herzegovina,BIH,76169910-cast,3.279,,3.279,K
Bosnia and Herzegovina,BIH,76169990-other,4.532,,4.532,K
Bosnia and Herzegovina,BIH,28041000-hydrogen,10.82,,10.82,
Bosnia and Herzegovina,BIH,26011200-agglomerated-iron-ores-and-concentrates,0.09,0.09,0.19,
Bosnia and Herzegovina,BIH,7201-pig-iron-and-spiegeleisen-in-pigs-blocks,2.16,,2.16,
Bosnia and Herzegovina,BIH,720211-ferro-manganese-containing-by-weight-2-o,,,,
Bosnia and Herzegovina,BIH,720219-ferro-manganese-containing-by-weight-2-c,,,,
Bosnia and Herzegovina,BIH,720241-ferro-chromium-containing-by-weight-4-of,,,,
Bosnia and Herzegovina,BIH,720249-ferro-chromium-containing-by-weight-4-of,,,,
Bosnia and Herzegovina,BIH,72026000-ferro-nickel,,,,
Bosnia and Herzegovina,BIH,7203-ferrous-products-obtained-by-direct-redu,,,,
Bosnia and Herzegovina,BIH,7205-granules-and-powders-of-pig-iron-spiegel,2.2,,2.2,C/F
Bosnia and Herzegovina,BIH,7206-iron-and-non-alloy-steel-in-ingots-or-ot,,,,
Bosnia and Herzegovina,BIH,72061000-ingots-of-iron-and-non-alloy-steel-excl,2.29,,2.29,C
Bosnia and Herzegovina,BIH,72069000-iron-and-non-alloy-steel-in-puddled-bars,2.29,,2.29,C
Bosnia and Herzegovina,BIH,7207-semi-finished-products-of-iron-or-non-al,,,,
Bosnia and Herzegovina,BIH,72071111-semi-finished-products-of-non-alloy-free,2.34,,2.34,C
Bosnia and Herzegovina,BIH,72071114-semi-finished-products-of-iron-or-non-al,2.34,,2.34,C
Bosnia and Herzegovina,BIH,72071116-semi-finished-products-of-iron-or-non-al,2.34,,2.34,C
Bosnia and Herzegovina,BIH,72071190-semi-finished-products-of-iron-or-non-al,2.29,,2.29,C
Bosnia and Herzegovina,BIH,72071210-semi-finished-products-of-iron-or-non-al,2.34,,2.34,C
Bosnia and Herzegovina,BIH,72071290-semi-finished-products-of-iron-or-non-al,2.29,,2.29,C
Bosnia and Herzegovina,BIH,72071912-semi-finished-products-of-iron-or-non-al,2.34,,2.34,C
Bosnia and Herzegovina,BIH,72071919-semi-finished-products-of-iron-or-non-al,2.29,,2.29,C
Bosnia and Herzegovina,BIH,72071980-semi-finished-products-of-iron-or-non-al,2.34,,2.34,C
Bosnia and Herzegovina,BIH,72072011-semi-finished-products-of-non-alloy-free,2.34,,2.34,C
Bosnia and Herzegovina,BIH,72072015-semi-finished-products-of-iron-or-non-al,2.34,,2.34,C
Bosnia and Herzegovina,BIH,72072017-semi-finished-products-of-iron-or-non-al,2.34,,2.34,C
Bosnia and Herzegovina,BIH,72072019-semi-finished-products-of-iron-or-non-al,2.29,,2.29,C
Bosnia and Herzegovina,BIH,72072032-semi-finished-products-of-iron-or-non-al,2.34,,2.34,C
Bosnia and Herzegovina,BIH,72072039-semi-finished-products-of-iron-or-non-al,2.29,,2.29,C
Bosnia and Herzegovina,BIH,72072052-semi-finished-products-of-iron-or-non-al,2.34,,2.34,C
Bosnia and Herzegovina,BIH,72072059-semi-finished-products-of-iron-or-non-al,2.29,,2.29,C
Bosnia and Herzegovina,BIH,72072080-semi-finished-products-of-iron-or-non-al,2.34,,2.34,C
Bosnia and Herzegovina,BIH,7208-flat-rolled-products-of-iron-or-non-allo,2.29,,2.29,C
Bosnia and Herzegovina,BIH,7209-flat-rolled-products-of-iron-or-non-allo,2.29,,2.29,C
Bosnia and Herzegovina,BIH,7210-flat-rolled-products-of-iron-or-non-allo,2.29,,2.29,C
Bosnia and Herzegovina,BIH,7211-flat-rolled-products-of-iron-or-non-allo,,,,
Bosnia and Herzegovina,BIH,72111300-flat-rolled-products-of-iron-or-non-allo,2.29,,2.29,C
Bosnia and Herzegovina,BIH,72111400-flat-rolled-products-of-iron-or-non-allo,2.29,,2.29,C
Bosnia and Herzegovina,BIH,72111900-flat-rolled-products-of-iron-or-non-allo,2.29,,2.29,C
Bosnia and Herzegovina,BIH,721123-flat-rolled-products-of-iron-or-non-allo,2.29,,2.29,C
Bosnia and Herzegovina,BIH,72112900-flat-rolled-products-of-iron-or-non-allo,2.29,,2.29,C
Bosnia and Herzegovina,BIH,721190-flat-rolled-products-of-iron-or-non-allo,2.29,,2.29,C
Bosnia and Herzegovina,BIH,7212-flat-rolled-products-of-iron-or-non-allo,2.29,,2.29,C
Bosnia and Herzegovina,BIH,7213-bars-and-rods-of-iron-or-non-alloy-steel,2.34,,2.34,C
Bosnia and Herzegovina,BIH,7214-bars-and-rods-of-iron-or-non-alloy-steel,,,,
Bosnia and Herzegovina,BIH,72141000-bars-and-rods-of-iron-or-non-alloy-steel,2.29,,2.29,C
Bosnia and Herzegovina,BIH,72142000-bars-and-rods-of-iron-or-non-alloy-steel,2.34,,2.34,C
Bosnia and Herzegovina,BIH,72143000-bars-and-rods-of-non-alloy-free-cutting,2.34,,2.34,C
Bosnia and Herzegovina,BIH,721491-bars-and-rods-of-iron-or-non-alloy-steel,2.34,,2.34,C
Bosnia and Herzegovina,BIH,721499-bars-and-rods-of-iron-or-non-alloy-steel,2.34,,2.34,C
Bosnia and Herzegovina,BIH,7215-bars-and-rods-of-iron-or-non-alloy-steel,2.34,,2.34,C
Bosnia and Herzegovina,BIH,7216-angles-shapes-and-sections-of-iron-or-no,2.34,,2.34,C
Bosnia and Herzegovina,BIH,7217-wire-of-iron-or-non-alloy-steel-in-coils,,,,
Bosnia and Herzegovina,BIH,721710-wire-of-iron-or-non-alloy-steel-in-coils,2.34,,2.34,C
Bosnia and Herzegovina,BIH,721720-wire-of-iron-or-non-alloy-steel-in-coils,2.34,,2.34,C
Bosnia and Herzegovina,BIH,721730-wire-of-iron-or-non-alloy-steel-in-coils,2.34,,2.34,C
Bosnia and Herzegovina,BIH,721790-wire-of-iron-or-non-alloy-steel-in-coils,2.34,,2.34,C
Bosnia and Herzegovina,BIH,7218-stainless-steel-in-ingots-or-other-prima,,,,
Bosnia and Herzegovina,BIH,72181000-steel-stainless-in-ingots-and-other-prim,3.11,,3.11,
Bosnia and Herzegovina,BIH,721891-semi-finished-products-of-stainless-stee,3.11,,3.11,
Bosnia and Herzegovina,BIH,72189911-semi-finished-products-of-stainless-stee,3.11,,3.11,
Bosnia and Herzegovina,BIH,72189919-semi-finished-products-of-stainless-stee,3.11,,3.11,
Bosnia and Herzegovina,BIH,72189920-semi-finished-products-of-stainless-stee,3.11,,3.11,
Bosnia and Herzegovina,BIH,72189980-semi-finished-products-of-stainless-stee,3.11,,3.11,
Bosnia and Herzegovina,BIH,7219-flat-rolled-products-of-stainless-steel,,,,
Bosnia and Herzegovina,BIH,72191100-flat-rolled-products-of-stainless-steel,3.11,,3.11,
Bosnia and Herzegovina,BIH,721912-flat-rolled-products-of-stainless-steel,3.11,,3.11,
Bosnia and Herzegovina,BIH,721913-flat-rolled-products-of-stainless-steel,3.11,,3.11,
Bosnia and Herzegovina,BIH,721914-flat-rolled-products-of-stainless-steel,3.11,,3.11,
Bosnia and Herzegovina,BIH,721921-flat-rolled-products-of-stainless-steel,3.11,,3.11,
Bosnia and Herzegovina,BIH,721922-flat-rolled-products-of-stainless-steel,3.11,,3.11,
Bosnia and Herzegovina,BIH,72192300-flat-rolled-products-of-stainless-steel,3.11,,3.11,
Bosnia and Herzegovina,BIH,72192400-flat-rolled-products-of-stainless-steel,3.11,,3.11,
Bosnia and Herzegovina,BIH,72193100-flat-rolled-products-of-stainless-steel,3.11,,3.11,
Bosnia and Herzegovina,BIH,721932-flat-rolled-products-of-stainless-steel,3.11,,3.11,
Bosnia and Herzegovina,BIH,721933-flat-rolled-products-of-stainless-steel,3.11,,3.11,
Bosnia and Herzegovina,BIH,721934-flat-rolled-products-of-stainless-steel,3.11,,3.11,
Bosnia and Herzegovina,BIH,721935-flat-rolled-products-of-stainless-steel,3.11,,3.11,
Bosnia and Herzegovina,BIH,721990-flat-rolled-products-of-stainless-steel,3.11,,3.11,
Bosnia and Herzegovina,BIH,7220-flat-rolled-products-of-stainless-steel,,,,
Bosnia and Herzegovina,BIH,72201100-flat-rolled-products-of-stainless-steel,3.11,,3.11,
Bosnia and Herzegovina,BIH,72201200-flat-rolled-products-of-stainless-steel,3.11,,3.11,
Bosnia and Herzegovina,BIH,722020-flat-rolled-products-of-stainless-steel,3.11,,3.11,
Bosnia and Herzegovina,BIH,722090-flat-rolled-products-of-stainless-steel,3.11,,3.11,
Bosnia and Herzegovina,BIH,7221-bars-and-rods-of-stainless-steel-hot-rol,3.27,,3.27,
Bosnia and Herzegovina,BIH,7222-other-bars-and-rods-of-stainless-steel-a,,,,
Bosnia and Herzegovina,BIH,722211-bars-and-rods-of-stainless-steel-only-ho,3.27,,3.27,
Bosnia and Herzegovina,BIH,722219-bars-and-rods-of-stainless-steel-only-ho,3.27,,3.27,
Bosnia and Herzegovina,BIH,722220-other-bars-and-rods-of-stainless-steel-n,3.27,,3.27,
Bosnia and Herzegovina,BIH,722230-other-bars-and-rods-of-stainless-steel-c,3.11,,3.11,
Bosnia and Herzegovina,BIH,722240-angles-shapes-and-sections-of-stainless,3.27,,3.27,
Bosnia and Herzegovina,BIH,7223-wire-of-stainless-steel-in-coils-excl-ba,,,,
Bosnia and Herzegovina,BIH,722300-wire-of-stainless-steel-in-coils-excl-ba,3.27,,3.27,
Bosnia and Herzegovina,BIH,7224-steel-alloy-other-than-stainless-in-ingo,,,,
Bosnia and Herzegovina,BIH,722410-steel-alloy-other-than-stainless-in-ingo,3.46,,3.46,F
Bosnia and Herzegovina,BIH,72249002-semi-finished-products-of-tool-steel,3.46,,3.46,F
Bosnia and Herzegovina,BIH,72249003-semi-finished-products-of-high-speed-ste,3.46,,3.46,F
Bosnia and Herzegovina,BIH,72249005-semi-finished-products-of-steel-containi,3.46,,3.46,F
Bosnia and Herzegovina,BIH,72249007-semi-finished-products-of-alloy-steel-ot,3.46,,3.46,F
Bosnia and Herzegovina,BIH,72249014-semi-finished-products-of-alloy-steel-ot,3.46,,3.46,F
Bosnia and Herzegovina,BIH,72249018-semi-finished-products-of-alloy-steel-ot,3.46,,3.46,F
Bosnia and Herzegovina,BIH,72249031-semi-finished-products-of-steel-containi,3.46,,3.46,F
Bosnia and Herzegovina,BIH,72249038-semi-finished-products-of-alloy-steel-ot,3.46,,3.46,F
Bosnia and Herzegovina,BIH,72249090-semi-finished-products-of-alloy-steel-ot,3.46,,3.46,F
Bosnia and Herzegovina,BIH,7225-flat-rolled-products-of-alloy-steel-othe,,,,
Bosnia and Herzegovina,BIH,72251100-flat-rolled-products-of-silicon-electric,4.59,,4.59,C
Bosnia and Herzegovina,BIH,72251910-flat-rolled-products-of-silicon-electric,3.46,,3.46,C
Bosnia and Herzegovina,BIH,72251990-flat-rolled-products-of-silicon-electric,3.46,,3.46,C
Bosnia and Herzegovina,BIH,722530-flat-rolled-products-of-alloy-steel-othe,3.46,,3.46,F
Bosnia and Herzegovina,BIH,722540-flat-rolled-products-of-alloy-steel-othe,3.46,,3.46,F
Bosnia and Herzegovina,BIH,722550-flat-rolled-products-of-alloy-steel-othe,3.46,,3.46,F
Bosnia and Herzegovina,BIH,72259100-flat-rolled-products-of-alloy-steel-othe,3.46,,3.46,F
Bosnia and Herzegovina,BIH,72259200-flat-rolled-products-of-alloy-steel-othe,3.46,,3.46,F
Bosnia and Herzegovina,BIH,72259900-flat-rolled-products-of-alloy-steel-othe,3.46,,3.46,F
Bosnia and Herzegovina,BIH,7226-flat-rolled-products-of-alloy-steel-othe,,,,
Bosnia and Herzegovina,BIH,72261100-flat-rolled-products-of-silicon-electric,4.59,,4.59,C
Bosnia and Herzegovina,BIH,72261910-flat-rolled-products-of-silicon-electric,3.46,,3.46,C
Bosnia and Herzegovina,BIH,72261980-flat-rolled-products-of-silicon-electric,3.46,,3.46,C
Bosnia and Herzegovina,BIH,72262000-flat-rolled-products-of-high-speed-steel,3.46,,3.46,F
Bosnia and Herzegovina,BIH,722691-flat-rolled-products-of-alloy-steel-othe,3.46,,3.46,F
Bosnia and Herzegovina,BIH,72269200-flat-rolled-products-of-alloy-steel-othe,3.46,,3.46,F
Bosnia and Herzegovina,BIH,722699-flat-rolled-products-of-alloy-steel-othe,3.46,,3.46,F
Bosnia and Herzegovina,BIH,7227-bars-and-rods-of-alloy-steel-other-than,3.62,,3.62,C/F
Bosnia and Herzegovina,BIH,7228-other-bars-and-rods-of-alloy-steel-other,,,,
Bosnia and Herzegovina,BIH,72281020-bars-and-rods-of-high-speed-steel-not-fu,3.62,,3.62,F
Bosnia and Herzegovina,BIH,72281050-bars-and-rods-of-high-speed-steel-forged,3.46,,3.46,F
Bosnia and Herzegovina,BIH,72281090-bars-and-rods-of-high-speed-steel-not-fu,3.62,,3.62,F
Bosnia and Herzegovina,BIH,722820-bars-and-rods-of-silico-manganese-steel,3.62,,3.62,F
Bosnia and Herzegovina,BIH,722830-bars-and-rods-of-alloy-steel-other-than,3.62,,3.62,C/F
Bosnia and Herzegovina,BIH,722840-bars-and-rods-of-alloy-steel-other-than,3.46,,3.46,F
Bosnia and Herzegovina,BIH,722850-bars-and-rods-of-alloy-steel-other-than,3.62,,3.62,C/F
Bosnia and Herzegovina,BIH,722860-bars-and-rods-of-alloy-steel-other-than,3.62,,3.62,F
Bosnia and Herzegovina,BIH,722870-angles-shapes-and-sections-of-alloy-stee,3.62,,3.62,F
Bosnia and Herzegovina,BIH,72288000-hollow-drill-bars-and-rods-of-alloy-or-n,3.62,,3.62,F
Bosnia and Herzegovina,BIH,7229-wire-of-alloy-steel-other-than-stainless,3.62,,3.62,C/F
Bosnia and Herzegovina,BIH,7301-sheet-piling-of-iron-or-steel-whether-or,2.29,,2.29,C
Bosnia and Herzegovina,BIH,7302-railway-or-tramway-track-construction-ma,2.88,,2.88,C
Bosnia and Herzegovina,BIH,7303-tubes-pipes-and-hollow-profiles-of-cast,,,,
Bosnia and Herzegovina,BIH,730300-tubes-pipes-and-hollow-profiles-of-cast,2.27,,2.27,
Bosnia and Herzegovina,BIH,7304-tubes-pipes-and-hollow-profiles-seamless,,,,
Bosnia and Herzegovina,BIH,73041100-line-pipe-of-a-kind-used-for-oil-or-gas,3.19,,3.19,
Bosnia and Herzegovina,BIH,730419-line-pipe-of-a-kind-used-for-oil-or-gas,2.37,,2.37,C
Bosnia and Herzegovina,BIH,73042200-drill-pipe-seamless-of-stainless-steel-o,3.19,,3.19,
Bosnia and Herzegovina,BIH,73042300-drill-pipe-seamless-of-a-kind-used-in-dr,2.37,,2.37,C
Bosnia and Herzegovina,BIH,73042400-casing-and-tubing-seamless-of-a-kind-use,3.19,,3.19,
Bosnia and Herzegovina,BIH,730429-casing-and-tubing-seamless-of-iron-or-st,2.37,,2.37,C
Bosnia and Herzegovina,BIH,730431-tubes-pipes-and-hollow-profiles-seamless,2.37,,2.37,C
Bosnia and Herzegovina,BIH,730439-tubes-pipes-and-hollow-profiles-seamless,2.37,,2.37,C
Bosnia and Herzegovina,BIH,73044100-tubes-pipes-and-hollow-profiles-seamless,3.19,,3.19,
Bosnia and Herzegovina,BIH,730449-tubes-pipes-and-hollow-profiles-seamless,3.19,,3.19,
Bosnia and Herzegovina,BIH,730451-tubes-pipes-and-hollow-profiles-seamless,2.29,,2.29,F
Bosnia and Herzegovina,BIH,730459-tubes-pipes-and-hollow-profiles-seamless,2.29,,2.29,C/F
Bosnia and Herzegovina,BIH,73049000-tubes-pipes-and-hollow-profiles-seamless,2.37,,2.37,C
Bosnia and Herzegovina,BIH,7305-tubes-and-pipes-having-circular-cross-se,2.29,,2.29,C
Bosnia and Herzegovina,BIH,7306-tubes-pipes-and-hollow-profiles-e-g-open,,,,
Bosnia and Herzegovina,BIH,73061100-line-pipe-of-a-kind-used-for-oil-or-gas,3.11,,3.11,
Bosnia and Herzegovina,BIH,73061900-line-pipe-of-a-kind-used-for-oil-or-gas,2.29,,2.29,C
Bosnia and Herzegovina,BIH,73062100-casing-and-tubing-of-a-kind-used-in-dril,3.11,,3.11,
Bosnia and Herzegovina,BIH,73062900-casing-and-tubing-of-a-kind-used-in-dril,2.29,,2.29,C
Bosnia and Herzegovina,BIH,73063012-precision-tubes-welded-of-circular-cross,2.29,,2.29,C
Bosnia and Herzegovina,BIH,73063018-precision-tubes-welded-of-circular-cross,2.29,,2.29,C
Bosnia and Herzegovina,BIH,73063041-threaded-or-threadable-tubes-gas-pipe-we,2.29,,2.29,C
Bosnia and Herzegovina,BIH,73063049-threaded-or-threadable-tubes-gas-pipe-we,2.29,,2.29,C
Bosnia and Herzegovina,BIH,73063072-other-tubes-pipes-and-hollow-profiles-we,2.29,,2.29,C
Bosnia and Herzegovina,BIH,73063077-other-tubes-pipes-and-hollow-profiles-we,2.29,,2.29,C
Bosnia and Herzegovina,BIH,73063080-tubes-pipes-and-hollow-profiles-welded-h,2.29,,2.29,C
Bosnia and Herzegovina,BIH,73064020-tubes-pipes-and-hollow-profiles-welded-o,3.11,,3.11,
Bosnia and Herzegovina,BIH,73064080-tubes-pipes-and-hollow-profiles-welded-o,3.11,,3.11,
Bosnia and Herzegovina,BIH,73065021-precision-steel-tubes-welded-of-circular,2.21,,2.21,F
Bosnia and Herzegovina,BIH,73065029-precision-steel-tubes-welded-of-circular,2.21,,2.21,F
Bosnia and Herzegovina,BIH,73065080-tubes-pipes-and-hollow-profiles-welded-o,2.21,,2.21,F
Bosnia and Herzegovina,BIH,73066110-tubes-and-pipes-and-hollow-profiles-weld,3.11,,3.11,
Bosnia and Herzegovina,BIH,73066192-tubes-and-pipes-and-hollow-profiles-weld,2.29,,2.29,C
Bosnia and Herzegovina,BIH,73066199-tubes-and-pipes-and-hollow-profiles-weld,2.29,,2.29,C
Bosnia and Herzegovina,BIH,73066910-tubes-pipes-and-hollow-profiles-welded-o,3.11,,3.11,
Bosnia and Herzegovina,BIH,73066990-tubes-pipes-and-hollow-profiles-welded-o,2.29,,2.29,C
Bosnia and Herzegovina,BIH,73069000-tubes-pipes-and-hollow-profiles-e-g-open,2.29,,2.29,C
Bosnia and Herzegovina,BIH,7307-tube-or-pipe-fittings-e-g-couplings-elbo,,,,
Bosnia and Herzegovina,BIH,730711-tube-or-pipe-fittings-of-non-malleable-c,2.18,,2.18,
Bosnia and Herzegovina,BIH,73071910-tube-or-pipe-fittings-of-cast-iron-excl,2.18,,2.18,
Bosnia and Herzegovina,BIH,73071990-cast-tube-or-pipe-fittings-of-steel,2.29,,2.29,C
Bosnia and Herzegovina,BIH,73072100-flanges-of-stainless-steel-excl-cast-pro,2.86,,2.86,
Bosnia and Herzegovina,BIH,730722-threaded-elbows-bends-and-sleeves-of-sta,2.86,,2.86,
Bosnia and Herzegovina,BIH,730723-butt-welding-tube-or-pipe-fittings-of-st,2.86,,2.86,
Bosnia and Herzegovina,BIH,730729-tube-or-pipe-fittings-of-stainless-steel,2.86,,2.86,
Bosnia and Herzegovina,BIH,73079100-flanges-of-iron-or-steel-excl-cast-or-st,2.37,,2.37,C
Bosnia and Herzegovina,BIH,730792-threaded-elbows-bends-and-sleeves-of-sta,2.37,,2.37,C
Bosnia and Herzegovina,BIH,730793-butt-welding-fittings-of-iron-or-steel-e,2.37,,2.37,C
Bosnia and Herzegovina,BIH,730799-tube-or-pipe-fittings-of-iron-or-steel-e,2.37,,2.37,C
Bosnia and Herzegovina,BIH,7308-structures-and-parts-of-structures-e-g-b,2.85,,2.85,C
Bosnia and Herzegovina,BIH,7309-reservoirs-tanks-vats-and-similar-contai,3.02,,3.02,C
Bosnia and Herzegovina,BIH,7310-tanks-casks-drums-cans-boxes-and-similar,2.29,,2.29,C
Bosnia and Herzegovina,BIH,7311-containers-of-iron-or-steel-for-compress,,,,
Bosnia and Herzegovina,BIH,731100-containers-of-iron-or-steel-for-compress,3.08,,3.08,C
Bosnia and Herzegovina,BIH,7318-screws-bolts-nuts-coach-screws-screw-hoo,,,,
Bosnia and Herzegovina,BIH,73181100-coach-screws-of-iron-or-steel,2.34,,2.34,C
Bosnia and Herzegovina,BIH,73181210-wood-screws-of-stainless-steel-excl-coac,3.17,,3.17,
Bosnia and Herzegovina,BIH,73181290-wood-screws-of-iron-or-steel-other-than,2.34,,2.34,C
Bosnia and Herzegovina,BIH,73181300-screw-hooks-and-screw-rings-of-iron-or-s,2.34,,2.34,C
Bosnia and Herzegovina,BIH,73181410-self-tapping-screws-of-stainless-steel-e,3.17,,3.17,
Bosnia and Herzegovina,BIH,73181491-spaced-thread-screws-of-iron-or-steel-ot,2.34,,2.34,C
Bosnia and Herzegovina,BIH,73181499-self-tapping-screws-of-iron-or-steel-oth,2.34,,2.34,C
Bosnia and Herzegovina,BIH,731815-threaded-screws-and-bolts-of-iron-or-ste,2.81,,2.81,C
Bosnia and Herzegovina,BIH,731816-nuts-of-iron-or-steel,3.04,,3.04,C
Bosnia and Herzegovina,BIH,73181900-threaded-articles-of-iron-or-steel-n-e-s,2.34,,2.34,C
Bosnia and Herzegovina,BIH,73182100-spring-washers-and-other-lock-washers-of,2.34,,2.34,C
Bosnia and Herzegovina,BIH,73182200-washers-of-iron-or-steel-excl-spring-was,2.41,,2.41,C
Bosnia and Herzegovina,BIH,73182300-rivets-of-iron-or-steel-excl-tubular-and,2.35,,2.35,C
Bosnia and Herzegovina,BIH,73182400-cotters-and-cotter-pins-of-iron-or-steel,2.34,,2.34,C
Bosnia and Herzegovina,BIH,73182900-non-threaded-articles-of-iron-or-steel,2.34,,2.34,C
Bosnia and Herzegovina,BIH,7326-articles-of-iron-or-steel-n-e-s-excl-cas,,,,
Bosnia and Herzegovina,BIH,73261100-grinding-balls-and-similar-articles-for,2.29,,2.29,C
Bosnia and Herzegovina,BIH,732619-articles-of-iron-or-steel-forged-or-stam,2.29,,2.29,C
Bosnia and Herzegovina,BIH,73262000-articles-of-iron-or-steel-wire-n-e-s,2.34,,2.34,C
Bosnia and Herzegovina,BIH,73269030-ladders-and-steps-of-iron-or-steel,2.34,,2.34,C
Bosnia and Herzegovina,BIH,73269040-pallets-and-similar-platforms-for-handli,2.34,,2.34,C
Bosnia and Herzegovina,BIH,73269050-reels-for-cables-piping-and-the-like-of,2.34,,2.34,C
Bosnia and Herzegovina,BIH,73269060-ventilators-non-mechanical-guttering-hoo,2.34,,2.34,C
Bosnia and Herzegovina,BIH,73269092-articles-of-iron-or-steel-open-die-forge,2.29,,2.29,C
Bosnia and Herzegovina,BIH,73269094-articles-of-iron-or-steel-closed-die-for,2.29,,2.29,C
Bosnia and Herzegovina,BIH,73269096-sintered-articles-of-iron-or-steel-n-e-s,2.29,,2.29,C
Bosnia and Herzegovina,BIH,73269098-articles-of-iron-or-steel-n-e-s,2.29,,2.29,C
Brazil,BRA,2507008080-calcined-clay,,,,
Brazil,BRA,2523100010-white-clinker,,,,
Brazil,BRA,2523100090-other-clinker-including-grey-clinker,,,,
Brazil,BRA,25232100-white-portland-cement,1.22,0.12,1.34,
Brazil,BRA,25232900-grey-portland-cement,,,,
Brazil,BRA,25233000-aluminous-cement,1.91,0.07,1.98,
Brazil,BRA,2523900010-white-hydraulic-cement,,,,
Brazil,BRA,2523900090-other-hydraulic-cements-including-grey-h,,,,
Brazil,BRA,28080000-nitric-acid-sulphonitric-acids,2.04,0.02,2.07,
Brazil,BRA,28141000-anhydrous-ammonia,3.12,0.08,3.21,
Brazil,BRA,28142000-ammonia-in-aqueous-solution,0.94,0.02,0.96,
Brazil,BRA,28342100-nitrate-of-potassium,1.93,0.04,1.96,
Brazil,BRA,3102-mineral-or-chemical-fertilizers-nitrogen,,,,
Brazil,BRA,31021012-urea-in-aqueous-solution-containing-45-n,0.67,0.02,0.69,
Brazil,BRA,31021015-urea-in-aqueous-solution-containing-45-n,1.11,0.02,1.13,
Brazil,BRA,31021019-urea-whether-or-not-in-aqueous-solution,2.02,0.06,2.07,
Brazil,BRA,31021090-urea-whether-or-not-in-aqueous-solution,1.97,0.05,2.03,
Brazil,BRA,31022100-ammonium-sulphate-excl-that-in-tablets-o,0.89,0.04,0.93,
Brazil,BRA,31022900-double-salts-and-mixtures-of-ammonium-su,1.44,0.04,1.48,
Brazil,BRA,31023010-ammonium-nitrate-in-aqueous-solution-exc,1.47,0.03,1.5,
Brazil,BRA,31023090-ammonium-nitrate-excl-that-in-aqueous-so,2.26,0.05,2.31,
Brazil,BRA,31024010-mixtures-of-ammonium-nitrate-with-calciu,1.94,0.04,1.99,
Brazil,BRA,31024090-mixtures-of-ammonium-nitrate-with-calciu,1.94,0.04,1.99,
Brazil,BRA,31025000-sodium-nitrate-excl-that-in-tablets-or-s,3.19,0.04,3.23,
Brazil,BRA,31026000-double-salts-and-mixtures-of-calcium-nit,1.89,0.04,1.94,
Brazil,BRA,31028000-mixtures-of-urea-and-ammonium-nitrate-in,1.65,0.04,1.69,
Brazil,BRA,31029000-mineral-or-chemical-nitrogen-fertilisers,1.86,0.05,1.91,
Brazil,BRA,3105-mineral-or-chemical-fertilisers-containi,,,,
Brazil,BRA,31051000-mineral-or-chemical-fertilisers-of-anima,0.87,0.04,0.91,
Brazil,BRA,31052010-mineral-or-chemical-fertilisers-containi,0.99,0.04,1.03,
Brazil,BRA,31052090-mineral-or-chemical-fertilisers-containi,0.68,0.03,0.71,
Brazil,BRA,31053000-diammonium-hydrogenorthophosphate-diammo,0.73,0.03,0.75,
Brazil,BRA,31054000-ammonium-dihydrogenorthophosphate-monoam,0.46,0.02,0.48,
Brazil,BRA,31055100-other-mineral-or-chemical-fertilisers-co,1.34,0.05,1.39,
Brazil,BRA,31055900-other-mineral-or-chemical-fertilisers-co,0.82,0.07,0.9,
Brazil,BRA,31059020-mineral-or-chemical-fertilisers-containi,1.31,0.03,1.34,
Brazil,BRA,31059080-mineral-or-chemical-fertilisers-containi,0.68,0.02,0.7,
Brazil,BRA,7601-unwrought-aluminium,1.7,,1.7,K
Brazil,BRA,7603-aluminium-powders-and-flakes,1.82,,1.82,K
Brazil,BRA,76041010-bars-and-rods,2.04,,2.04,K
Brazil,BRA,76041090-profiles,2.06,,2.06,K
Brazil,BRA,76042100-hollow-profiles,2.06,,2.06,K
Brazil,BRA,76042910-bars-and-rods,2.04,,2.04,K
Brazil,BRA,76042990-profiles,2.06,,2.06,K
Brazil,BRA,7605-aluminium-wire,2.04,,2.04,K
Brazil,BRA,7606-aluminium-plates-sheets-and-strip-of-a-t,2.5,,2.5,K
Brazil,BRA,7607-aluminium-foil-whether-or-not-printed-or,2.5,,2.5,K
Brazil,BRA,7608-aluminium-tubes-and-pipes,2.06,,2.06,K
Brazil,BRA,76090000-aluminium-tube-or-pipe-fittings-for-exam,2.06,,2.06,K
Brazil,BRA,76101000-doors-windows-and-their-frames-and-thres,2.06,,2.06,K
Brazil,BRA,761090-other,2.06,,2.06,K
Brazil,BRA,76109010-bridges-and-bridge-sections-towers-and-l,2.06,,2.06,K
Brazil,BRA,76109090-other,2.06,,2.06,K
Brazil,BRA,76110000-aluminium-reservoirs-tanks-vats-and-simi,2.5,,2.5,K
Brazil,BRA,7612-aluminium-casks-drums-cans-boxes-and-sim,2.5,,2.5,K
Brazil,BRA,76130000-aluminium-containers-for-compressed-or-l,2.5,,2.5,K
Brazil,BRA,7614-stranded-wire-cables-plaited-bands-and-t,2.04,,2.04,K
Brazil,BRA,76161000-nails-tacks-staples-other-than-those-of,2.5,,2.5,K
Brazil,BRA,76169100-cloth-grill-netting-and-fencing-of-alumi,2.5,,2.5,K
Brazil,BRA,76169910-cast,1.82,,1.82,K
Brazil,BRA,76169990-other,2.5,,2.5,K
Brazil,BRA,28041000-hydrogen,10.82,,10.82,
Brazil,BRA,26011200-agglomerated-iron-ores-and-concentrates,0.19,0.01,0.2,
Brazil,BRA,7201-pig-iron-and-spiegeleisen-in-pigs-blocks,1.478,,1.478,
Brazil,BRA,720211-ferro-manganese-containing-by-weight-2-o,1.69,,1.69,
Brazil,BRA,720219-ferro-manganese-containing-by-weight-2-c,,,,
Brazil,BRA,720241-ferro-chromium-containing-by-weight-4-of,2.35,,2.35,
Brazil,BRA,720249-ferro-chromium-containing-by-weight-4-of,,,,
Brazil,BRA,72026000-ferro-nickel,3.48,,3.48,
Brazil,BRA,7203-ferrous-products-obtained-by-direct-redu,,,,
Brazil,BRA,7205-granules-and-powders-of-pig-iron-spiegel,1.43,,1.43,C/F
Brazil,BRA,7206-iron-and-non-alloy-steel-in-ingots-or-ot,,,,
Brazil,BRA,72061000-ingots-of-iron-and-non-alloy-steel-excl,1.48,,1.48,C
Brazil,BRA,72069000-iron-and-non-alloy-steel-in-puddled-bars,1.48,,1.48,C
Brazil,BRA,7207-semi-finished-products-of-iron-or-non-al,,,,
Brazil,BRA,72071111-semi-finished-products-of-non-alloy-free,1.61,,1.61,C
Brazil,BRA,72071114-semi-finished-products-of-iron-or-non-al,1.61,,1.61,C
Brazil,BRA,72071116-semi-finished-products-of-iron-or-non-al,1.61,,1.61,C
Brazil,BRA,72071190-semi-finished-products-of-iron-or-non-al,2.44,,2.44,C
Brazil,BRA,72071210-semi-finished-products-of-iron-or-non-al,1.61,,1.61,C
Brazil,BRA,72071290-semi-finished-products-of-iron-or-non-al,2.44,,2.44,C
Brazil,BRA,72071912-semi-finished-products-of-iron-or-non-al,1.61,,1.61,C
Brazil,BRA,72071919-semi-finished-products-of-iron-or-non-al,2.44,,2.44,C
Brazil,BRA,72071980-semi-finished-products-of-iron-or-non-al,1.61,,1.61,C
Brazil,BRA,72072011-semi-finished-products-of-non-alloy-free,1.61,,1.61,C
Brazil,BRA,72072015-semi-finished-products-of-iron-or-non-al,1.61,,1.61,C
Brazil,BRA,72072017-semi-finished-products-of-iron-or-non-al,1.61,,1.61,C
Brazil,BRA,72072019-semi-finished-products-of-iron-or-non-al,2.44,,2.44,C
Brazil,BRA,72072032-semi-finished-products-of-iron-or-non-al,1.61,,1.61,C
Brazil,BRA,72072039-semi-finished-products-of-iron-or-non-al,2.44,,2.44,C
Brazil,BRA,72072052-semi-finished-products-of-iron-or-non-al,1.61,,1.61,C
Brazil,BRA,72072059-semi-finished-products-of-iron-or-non-al,2.44,,2.44,C
Brazil,BRA,72072080-semi-finished-products-of-iron-or-non-al,1.61,,1.61,C
Brazil,BRA,7208-flat-rolled-products-of-iron-or-non-allo,1.62,,1.62,C
Brazil,BRA,7209-flat-rolled-products-of-iron-or-non-allo,1.73,,1.73,C
Brazil,BRA,7210-flat-rolled-products-of-iron-or-non-allo,1.73,,1.73,C
Brazil,BRA,7211-flat-rolled-products-of-iron-or-non-allo,,,,
Brazil,BRA,72111300-flat-rolled-products-of-iron-or-non-allo,1.62,,1.62,C
Brazil,BRA,72111400-flat-rolled-products-of-iron-or-non-allo,1.62,,1.62,C
Brazil,BRA,72111900-flat-rolled-products-of-iron-or-non-allo,1.62,,1.62,C
Brazil,BRA,721123-flat-rolled-products-of-iron-or-non-allo,1.73,,1.73,C
Brazil,BRA,72112900-flat-rolled-products-of-iron-or-non-allo,1.73,,1.73,C
Brazil,BRA,721190-flat-rolled-products-of-iron-or-non-allo,1.73,,1.73,C
Brazil,BRA,7212-flat-rolled-products-of-iron-or-non-allo,1.73,,1.73,C
Brazil,BRA,7213-bars-and-rods-of-iron-or-non-alloy-steel,1.61,,1.61,C
Brazil,BRA,7214-bars-and-rods-of-iron-or-non-alloy-steel,,,,
Brazil,BRA,72141000-bars-and-rods-of-iron-or-non-alloy-steel,2.44,,2.44,C
Brazil,BRA,72142000-bars-and-rods-of-iron-or-non-alloy-steel,1.61,,1.61,C
Brazil,BRA,72143000-bars-and-rods-of-non-alloy-free-cutting,1.61,,1.61,C
Brazil,BRA,721491-bars-and-rods-of-iron-or-non-alloy-steel,1.61,,1.61,C
Brazil,BRA,721499-bars-and-rods-of-iron-or-non-alloy-steel,1.61,,1.61,C
Brazil,BRA,7215-bars-and-rods-of-iron-or-non-alloy-steel,1.61,,1.61,C
Brazil,BRA,7216-angles-shapes-and-sections-of-iron-or-no,1.61,,1.61,C
Brazil,BRA,7217-wire-of-iron-or-non-alloy-steel-in-coils,,,,
Brazil,BRA,721710-wire-of-iron-or-non-alloy-steel-in-coils,1.64,,1.64,C
Brazil,BRA,721720-wire-of-iron-or-non-alloy-steel-in-coils,1.64,,1.64,C
Brazil,BRA,721730-wire-of-iron-or-non-alloy-steel-in-coils,1.64,,1.64,C
Brazil,BRA,721790-wire-of-iron-or-non-alloy-steel-in-coils,1.64,,1.64,C
Brazil,BRA,7218-stainless-steel-in-ingots-or-other-prima,,,,
Brazil,BRA,72181000-steel-stainless-in-ingots-and-other-prim,3.94,,3.94,
Brazil,BRA,721891-semi-finished-products-of-stainless-stee,3.21,,3.21,
Brazil,BRA,72189911-semi-finished-products-of-stainless-stee,3.21,,3.21,
Brazil,BRA,72189919-semi-finished-products-of-stainless-stee,3.94,,3.94,
Brazil,BRA,72189920-semi-finished-products-of-stainless-stee,3.21,,3.21,
Brazil,BRA,72189980-semi-finished-products-of-stainless-stee,3.94,,3.94,
Brazil,BRA,7219-flat-rolled-products-of-stainless-steel,,,,
Brazil,BRA,72191100-flat-rolled-products-of-stainless-steel,3.21,,3.21,
Brazil,BRA,721912-flat-rolled-products-of-stainless-steel,3.21,,3.21,
Brazil,BRA,721913-flat-rolled-products-of-stainless-steel,3.21,,3.21,
Brazil,BRA,721914-flat-rolled-products-of-stainless-steel,3.21,,3.21,
Brazil,BRA,721921-flat-rolled-products-of-stainless-steel,3.21,,3.21,
Brazil,BRA,721922-flat-rolled-products-of-stainless-steel,3.21,,3.21,
Brazil,BRA,72192300-flat-rolled-products-of-stainless-steel,3.21,,3.21,
Brazil,BRA,72192400-flat-rolled-products-of-stainless-steel,3.21,,3.21,
Brazil,BRA,72193100-flat-rolled-products-of-stainless-steel,3.32,,3.32,
Brazil,BRA,721932-flat-rolled-products-of-stainless-steel,3.32,,3.32,
Brazil,BRA,721933-flat-rolled-products-of-stainless-steel,3.32,,3.32,
Brazil,BRA,721934-flat-rolled-products-of-stainless-steel,3.32,,3.32,
Brazil,BRA,721935-flat-rolled-products-of-stainless-steel,3.32,,3.32,
Brazil,BRA,721990-flat-rolled-products-of-stainless-steel,3.32,,3.32,
Brazil,BRA,7220-flat-rolled-products-of-stainless-steel,,,,
Brazil,BRA,72201100-flat-rolled-products-of-stainless-steel,3.21,,3.21,
Brazil,BRA,72201200-flat-rolled-products-of-stainless-steel,3.21,,3.21,
Brazil,BRA,722020-flat-rolled-products-of-stainless-steel,3.32,,3.32,
Brazil,BRA,722090-flat-rolled-products-of-stainless-steel,3.32,,3.32,
Brazil,BRA,7221-bars-and-rods-of-stainless-steel-hot-rol,3.34,,3.34,
Brazil,BRA,7222-other-bars-and-rods-of-stainless-steel-a,,,,
Brazil,BRA,722211-bars-and-rods-of-stainless-steel-only-ho,3.34,,3.34,
Brazil,BRA,722219-bars-and-rods-of-stainless-steel-only-ho,3.34,,3.34,
Brazil,BRA,722220-other-bars-and-rods-of-stainless-steel-n,3.34,,3.34,
Brazil,BRA,722230-other-bars-and-rods-of-stainless-steel-c,3.94,,3.94,
Brazil,BRA,722240-angles-shapes-and-sections-of-stainless,3.34,,3.34,
Brazil,BRA,7223-wire-of-stainless-steel-in-coils-excl-ba,,,,
Brazil,BRA,722300-wire-of-stainless-steel-in-coils-excl-ba,3.37,,3.37,
Brazil,BRA,7224-steel-alloy-other-than-stainless-in-ingo,,,,
Brazil,BRA,722410-steel-alloy-other-than-stainless-in-ingo,4.38,,4.38,F
Brazil,BRA,72249002-semi-finished-products-of-tool-steel,3.65,,3.65,F
Brazil,BRA,72249003-semi-finished-products-of-high-speed-ste,3.65,,3.65,F
Brazil,BRA,72249005-semi-finished-products-of-steel-containi,3.65,,3.65,F
Brazil,BRA,72249007-semi-finished-products-of-alloy-steel-ot,3.65,,3.65,F
Brazil,BRA,72249014-semi-finished-products-of-alloy-steel-ot,3.65,,3.65,F
Brazil,BRA,72249018-semi-finished-products-of-alloy-steel-ot,4.38,,4.38,F
Brazil,BRA,72249031-semi-finished-products-of-steel-containi,3.65,,3.65,F
Brazil,BRA,72249038-semi-finished-products-of-alloy-steel-ot,3.65,,3.65,F
Brazil,BRA,72249090-semi-finished-products-of-alloy-steel-ot,4.38,,4.38,F
Brazil,BRA,7225-flat-rolled-products-of-alloy-steel-othe,,,,
Brazil,BRA,72251100-flat-rolled-products-of-silicon-electric,4.76,,4.76,C
Brazil,BRA,72251910-flat-rolled-products-of-silicon-electric,3.65,,3.65,C
Brazil,BRA,72251990-flat-rolled-products-of-silicon-electric,3.76,,3.76,C
Brazil,BRA,722530-flat-rolled-products-of-alloy-steel-othe,3.65,,3.65,F
Brazil,BRA,722540-flat-rolled-products-of-alloy-steel-othe,3.65,,3.65,F
Brazil,BRA,722550-flat-rolled-products-of-alloy-steel-othe,3.76,,3.76,F
Brazil,BRA,72259100-flat-rolled-products-of-alloy-steel-othe,3.76,,3.76,F
Brazil,BRA,72259200-flat-rolled-products-of-alloy-steel-othe,3.76,,3.76,F
Brazil,BRA,72259900-flat-rolled-products-of-alloy-steel-othe,3.76,,3.76,F
Brazil,BRA,7226-flat-rolled-products-of-alloy-steel-othe,,,,
Brazil,BRA,72261100-flat-rolled-products-of-silicon-electric,4.76,,4.76,C
Brazil,BRA,72261910-flat-rolled-products-of-silicon-electric,3.65,,3.65,C
Brazil,BRA,72261980-flat-rolled-products-of-silicon-electric,3.76,,3.76,C
Brazil,BRA,72262000-flat-rolled-products-of-high-speed-steel,3.65,,3.65,F
Brazil,BRA,722691-flat-rolled-products-of-alloy-steel-othe,3.65,,3.65,F
Brazil,BRA,72269200-flat-rolled-products-of-alloy-steel-othe,3.76,,3.76,F
Brazil,BRA,722699-flat-rolled-products-of-alloy-steel-othe,3.76,,3.76,F
Brazil,BRA,7227-bars-and-rods-of-alloy-steel-other-than,3.78,,3.78,C/F
Brazil,BRA,7228-other-bars-and-rods-of-alloy-steel-other,,,,
Brazil,BRA,72281020-bars-and-rods-of-high-speed-steel-not-fu,3.78,,3.78,F
Brazil,BRA,72281050-bars-and-rods-of-high-speed-steel-forged,4.38,,4.38,F
Brazil,BRA,72281090-bars-and-rods-of-high-speed-steel-not-fu,3.78,,3.78,F
Brazil,BRA,722820-bars-and-rods-of-silico-manganese-steel,3.78,,3.78,F
Brazil,BRA,722830-bars-and-rods-of-alloy-steel-other-than,3.78,,3.78,C/F
Brazil,BRA,722840-bars-and-rods-of-alloy-steel-other-than,4.38,,4.38,F
Brazil,BRA,722850-bars-and-rods-of-alloy-steel-other-than,3.78,,3.78,C/F
Brazil,BRA,722860-bars-and-rods-of-alloy-steel-other-than,3.78,,3.78,F
Brazil,BRA,722870-angles-shapes-and-sections-of-alloy-stee,3.78,,3.78,F
Brazil,BRA,72288000-hollow-drill-bars-and-rods-of-alloy-or-n,3.78,,3.78,F
Brazil,BRA,7229-wire-of-alloy-steel-other-than-stainless,3.81,,3.81,C/F
Brazil,BRA,7301-sheet-piling-of-iron-or-steel-whether-or,1.73,,1.73,C
Brazil,BRA,7302-railway-or-tramway-track-construction-ma,2.72,,2.72,C
Brazil,BRA,7303-tubes-pipes-and-hollow-profiles-of-cast,,,,
Brazil,BRA,730300-tubes-pipes-and-hollow-profiles-of-cast,2.9,,2.9,
Brazil,BRA,7304-tubes-pipes-and-hollow-profiles-seamless,,,,
Brazil,BRA,73041100-line-pipe-of-a-kind-used-for-oil-or-gas,3.15,,3.15,
Brazil,BRA,730419-line-pipe-of-a-kind-used-for-oil-or-gas,1.67,,1.67,C
Brazil,BRA,73042200-drill-pipe-seamless-of-stainless-steel-o,3.15,,3.15,
Brazil,BRA,73042300-drill-pipe-seamless-of-a-kind-used-in-dr,1.67,,1.67,C
Brazil,BRA,73042400-casing-and-tubing-seamless-of-a-kind-use,3.15,,3.15,
Brazil,BRA,730429-casing-and-tubing-seamless-of-iron-or-st,1.67,,1.67,C
Brazil,BRA,730431-tubes-pipes-and-hollow-profiles-seamless,1.67,,1.67,C
Brazil,BRA,730439-tubes-pipes-and-hollow-profiles-seamless,1.67,,1.67,C
Brazil,BRA,73044100-tubes-pipes-and-hollow-profiles-seamless,3.15,,3.15,
Brazil,BRA,730449-tubes-pipes-and-hollow-profiles-seamless,3.15,,3.15,
Brazil,BRA,730451-tubes-pipes-and-hollow-profiles-seamless,1.65,,1.65,F
Brazil,BRA,730459-tubes-pipes-and-hollow-profiles-seamless,1.65,,1.65,C/F
Brazil,BRA,73049000-tubes-pipes-and-hollow-profiles-seamless,1.67,,1.67,C
Brazil,BRA,7305-tubes-and-pipes-having-circular-cross-se,1.73,,1.73,C
Brazil,BRA,7306-tubes-pipes-and-hollow-profiles-e-g-open,,,,
Brazil,BRA,73061100-line-pipe-of-a-kind-used-for-oil-or-gas,3.32,,3.32,
Brazil,BRA,73061900-line-pipe-of-a-kind-used-for-oil-or-gas,1.74,,1.74,C
Brazil,BRA,73062100-casing-and-tubing-of-a-kind-used-in-dril,3.32,,3.32,
Brazil,BRA,73062900-casing-and-tubing-of-a-kind-used-in-dril,1.74,,1.74,C
Brazil,BRA,73063012-precision-tubes-welded-of-circular-cross,1.74,,1.74,C
Brazil,BRA,73063018-precision-tubes-welded-of-circular-cross,1.63,,1.63,C
Brazil,BRA,73063041-threaded-or-threadable-tubes-gas-pipe-we,1.74,,1.74,C
Brazil,BRA,73063049-threaded-or-threadable-tubes-gas-pipe-we,1.74,,1.74,C
Brazil,BRA,73063072-other-tubes-pipes-and-hollow-profiles-we,1.74,,1.74,C
Brazil,BRA,73063077-other-tubes-pipes-and-hollow-profiles-we,1.74,,1.74,C
Brazil,BRA,73063080-tubes-pipes-and-hollow-profiles-welded-h,1.74,,1.74,C
Brazil,BRA,73064020-tubes-pipes-and-hollow-profiles-welded-o,3.32,,3.32,
Brazil,BRA,73064080-tubes-pipes-and-hollow-profiles-welded-o,3.21,,3.21,
Brazil,BRA,73065021-precision-steel-tubes-welded-of-circular,1.83,,1.83,F
Brazil,BRA,73065029-precision-steel-tubes-welded-of-circular,1.73,,1.73,F
Brazil,BRA,73065080-tubes-pipes-and-hollow-profiles-welded-o,1.83,,1.83,F
Brazil,BRA,73066110-tubes-and-pipes-and-hollow-profiles-weld,3.32,,3.32,
Brazil,BRA,73066192-tubes-and-pipes-and-hollow-profiles-weld,1.74,,1.74,C
Brazil,BRA,73066199-tubes-and-pipes-and-hollow-profiles-weld,1.74,,1.74,C
Brazil,BRA,73066910-tubes-pipes-and-hollow-profiles-welded-o,3.32,,3.32,
Brazil,BRA,73066990-tubes-pipes-and-hollow-profiles-welded-o,1.74,,1.74,C
Brazil,BRA,73069000-tubes-pipes-and-hollow-profiles-e-g-open,1.74,,1.74,C
Brazil,BRA,7307-tube-or-pipe-fittings-e-g-couplings-elbo,,,,
Brazil,BRA,730711-tube-or-pipe-fittings-of-non-malleable-c,2.32,,2.32,
Brazil,BRA,73071910-tube-or-pipe-fittings-of-cast-iron-excl,2.32,,2.32,
Brazil,BRA,73071990-cast-tube-or-pipe-fittings-of-steel,2.44,,2.44,C
Brazil,BRA,73072100-flanges-of-stainless-steel-excl-cast-pro,2.77,,2.77,
Brazil,BRA,730722-threaded-elbows-bends-and-sleeves-of-sta,2.77,,2.77,
Brazil,BRA,730723-butt-welding-tube-or-pipe-fittings-of-st,2.77,,2.77,
Brazil,BRA,730729-tube-or-pipe-fittings-of-stainless-steel,2.77,,2.77,
Brazil,BRA,73079100-flanges-of-iron-or-steel-excl-cast-or-st,1.65,,1.65,C
Brazil,BRA,730792-threaded-elbows-bends-and-sleeves-of-sta,1.65,,1.65,C
Brazil,BRA,730793-butt-welding-fittings-of-iron-or-steel-e,1.65,,1.65,C
Brazil,BRA,730799-tube-or-pipe-fittings-of-iron-or-steel-e,1.65,,1.65,C
Brazil,BRA,7308-structures-and-parts-of-structures-e-g-b,2.91,,2.91,C
Brazil,BRA,7309-reservoirs-tanks-vats-and-similar-contai,3.12,,3.12,C
Brazil,BRA,7310-tanks-casks-drums-cans-boxes-and-similar,1.74,,1.74,C
Brazil,BRA,7311-containers-of-iron-or-steel-for-compress,,,,
Brazil,BRA,731100-containers-of-iron-or-steel-for-compress,3.0,,3.0,C
Brazil,BRA,7318-screws-bolts-nuts-coach-screws-screw-hoo,,,,
Brazil,BRA,73181100-coach-screws-of-iron-or-steel,1.61,,1.61,C
Brazil,BRA,73181210-wood-screws-of-stainless-steel-excl-coac,3.11,,3.11,
Brazil,BRA,73181290-wood-screws-of-iron-or-steel-other-than,1.61,,1.61,C
Brazil,BRA,73181300-screw-hooks-and-screw-rings-of-iron-or-s,1.61,,1.61,C
Brazil,BRA,73181410-self-tapping-screws-of-stainless-steel-e,3.11,,3.11,
Brazil,BRA,73181491-spaced-thread-screws-of-iron-or-steel-ot,1.61,,1.61,C
Brazil,BRA,73181499-self-tapping-screws-of-iron-or-steel-oth,1.61,,1.61,C
Brazil,BRA,731815-threaded-screws-and-bolts-of-iron-or-ste,2.56,,2.56,C
Brazil,BRA,731816-nuts-of-iron-or-steel,2.96,,2.96,C
Brazil,BRA,73181900-threaded-articles-of-iron-or-steel-n-e-s,1.61,,1.61,C
Brazil,BRA,73182100-spring-washers-and-other-lock-washers-of,1.61,,1.61,C
Brazil,BRA,73182200-washers-of-iron-or-steel-excl-spring-was,1.88,,1.88,C
Brazil,BRA,73182300-rivets-of-iron-or-steel-excl-tubular-and,1.78,,1.78,C
Brazil,BRA,73182400-cotters-and-cotter-pins-of-iron-or-steel,1.61,,1.61,C
Brazil,BRA,73182900-non-threaded-articles-of-iron-or-steel,1.61,,1.61,C
Brazil,BRA,7326-articles-of-iron-or-steel-n-e-s-excl-cas,,,,
Brazil,BRA,73261100-grinding-balls-and-similar-articles-for,2.44,,2.44,C
Brazil,BRA,732619-articles-of-iron-or-steel-forged-or-stam,2.44,,2.44,C
Brazil,BRA,73262000-articles-of-iron-or-steel-wire-n-e-s,1.64,,1.64,C
Brazil,BRA,73269030-ladders-and-steps-of-iron-or-steel,1.61,,1.61,C
Brazil,BRA,73269040-pallets-and-similar-platforms-for-handli,1.61,,1.61,C
Brazil,BRA,73269050-reels-for-cables-piping-and-the-like-of,1.61,,1.61,C
Brazil,BRA,73269060-ventilators-non-mechanical-guttering-hoo,1.61,,1.61,C
Brazil,BRA,73269092-articles-of-iron-or-steel-open-die-forge,2.44,,2.44,C
Brazil,BRA,73269094-articles-of-iron-or-steel-closed-die-for,2.44,,2.44,C
Brazil,BRA,73269096-sintered-articles-of-iron-or-steel-n-e-s,2.44,,2.44,C
Brazil,BRA,73269098-articles-of-iron-or-steel-n-e-s,1.73,,1.73,C
Brunei,BRN,2507008080-calcined-clay,,,,
Brunei,BRN,2523100010-white-clinker,,,,
Brunei,BRN,2523100090-other-clinker-including-grey-clinker,,,,
Brunei,BRN,25232100-white-portland-cement,,,,
Brunei,BRN,25232900-grey-portland-cement,1.04,0.07,1.11,
Brunei,BRN,25233000-aluminous-cement,,,,
Brunei,BRN,2523900010-white-hydraulic-cement,,,,
Brunei,BRN,2523900090-other-hydraulic-cements-including-grey-h,,,,
Brunei,BRN,28041000-hydrogen,10.82,,10.82,
Cambodia,KHM,2507008080-calcined-clay,,,,
Cambodia,KHM,2523100010-white-clinker,,,,
Cambodia,KHM,2523100090-other-clinker-including-grey-clinker,0.87,0.03,0.9,A
Cambodia,KHM,25232100-white-portland-cement,,,,
Cambodia,KHM,25232900-grey-portland-cement,0.87,0.06,0.92,
Cambodia,KHM,25233000-aluminous-cement,,,,
Cambodia,KHM,2523900010-white-hydraulic-cement,,,,
Cambodia,KHM,2523900090-other-hydraulic-cements-including-grey-h,0.83,0.06,0.89,A
Cambodia,KHM,28080000-nitric-acid-sulphonitric-acids,2.26,0.05,2.32,
Cambodia,KHM,28141000-anhydrous-ammonia,,,,
Cambodia,KHM,28142000-ammonia-in-aqueous-solution,0.72,0.05,0.77,
Cambodia,KHM,28342100-nitrate-of-potassium,1.94,0.07,2.02,
Cambodia,KHM,3102-mineral-or-chemical-fertilizers-nitrogen,,,,
Cambodia,KHM,31021012-urea-in-aqueous-solution-containing-45-n,0.87,0.04,0.91,
Cambodia,KHM,31021015-urea-in-aqueous-solution-containing-45-n,1.44,0.04,1.48,
Cambodia,KHM,31021019-urea-whether-or-not-in-aqueous-solution,2.61,0.12,2.73,
Cambodia,KHM,31021090-urea-whether-or-not-in-aqueous-solution,2.55,0.12,2.67,
Cambodia,KHM,31022100-ammonium-sulphate-excl-that-in-tablets-o,0.7,0.08,0.78,
Cambodia,KHM,31022900-double-salts-and-mixtures-of-ammonium-su,1.33,0.1,1.43,
Cambodia,KHM,31023010-ammonium-nitrate-in-aqueous-solution-exc,1.47,0.07,1.55,
Cambodia,KHM,31023090-ammonium-nitrate-excl-that-in-aqueous-so,2.27,0.11,2.38,
Cambodia,KHM,31024010-mixtures-of-ammonium-nitrate-with-calciu,1.95,0.1,2.05,
Cambodia,KHM,31024090-mixtures-of-ammonium-nitrate-with-calciu,1.95,0.1,2.05,
Cambodia,KHM,31025000-sodium-nitrate-excl-that-in-tablets-or-s,3.53,0.08,3.61,
Cambodia,KHM,31026000-double-salts-and-mixtures-of-calcium-nit,1.9,0.1,2.0,
Cambodia,KHM,31028000-mixtures-of-urea-and-ammonium-nitrate-in,1.85,0.09,1.94,
Cambodia,KHM,31029000-mineral-or-chemical-nitrogen-fertilisers,2.15,0.11,2.26,
Cambodia,KHM,3105-mineral-or-chemical-fertilisers-containi,,,,
Cambodia,KHM,31051000-mineral-or-chemical-fertilisers-of-anima,0.78,0.08,0.87,
Cambodia,KHM,31052010-mineral-or-chemical-fertilisers-containi,0.97,0.1,1.07,
Cambodia,KHM,31052090-mineral-or-chemical-fertilisers-containi,0.66,0.07,0.73,
Cambodia,KHM,31053000-diammonium-hydrogenorthophosphate-diammo,0.56,0.06,0.62,
Cambodia,KHM,31054000-ammonium-dihydrogenorthophosphate-monoam,0.36,0.05,0.41,
Cambodia,KHM,31055100-other-mineral-or-chemical-fertilisers-co,1.33,0.12,1.45,
Cambodia,KHM,31055900-other-mineral-or-chemical-fertilisers-co,0.64,0.11,0.75,
Cambodia,KHM,31059020-mineral-or-chemical-fertilisers-containi,1.29,0.08,1.37,
Cambodia,KHM,31059080-mineral-or-chemical-fertilisers-containi,0.66,0.05,0.72,
Cameroon,CMR,2507008080-calcined-clay,0.18,0.08,0.26,
Cameroon,CMR,2523100010-white-clinker,,,,
Cameroon,CMR,2523100090-other-clinker-including-grey-clinker,,,,
Cameroon,CMR,25232100-white-portland-cement,,,,
Cameroon,CMR,25232900-grey-portland-cement,,,,
Cameroon,CMR,25233000-aluminous-cement,,,,
Cameroon,CMR,2523900010-white-hydraulic-cement,,,,
Cameroon,CMR,2523900090-other-hydraulic-cements-including-grey-h,,,,
Cameroon,CMR,28080000-nitric-acid-sulphonitric-acids,1.81,0.06,1.87,
Cameroon,CMR,28141000-anhydrous-ammonia,,,,
Cameroon,CMR,28142000-ammonia-in-aqueous-solution,0.69,0.06,0.75,
Cameroon,CMR,28342100-nitrate-of-potassium,1.63,0.08,1.71,
Cameroon,CMR,3102-mineral-or-chemical-fertilizers-nitrogen,,,,
Cameroon,CMR,31021012-urea-in-aqueous-solution-containing-45-n,0.52,0.04,0.56,
Cameroon,CMR,31021015-urea-in-aqueous-solution-containing-45-n,0.85,0.04,0.9,
Cameroon,CMR,31021019-urea-whether-or-not-in-aqueous-solution,1.55,0.13,1.68,
Cameroon,CMR,31021090-urea-whether-or-not-in-aqueous-solution,1.52,0.13,1.65,
Cameroon,CMR,31022100-ammonium-sulphate-excl-that-in-tablets-o,0.67,0.08,0.75,
Cameroon,CMR,31022900-double-salts-and-mixtures-of-ammonium-su,1.17,0.09,1.26,
Cameroon,CMR,31023010-ammonium-nitrate-in-aqueous-solution-exc,1.24,0.07,1.31,
Cameroon,CMR,31023090-ammonium-nitrate-excl-that-in-aqueous-so,1.9,0.11,2.01,
Cameroon,CMR,31024010-mixtures-of-ammonium-nitrate-with-calciu,1.64,0.1,1.74,
Cameroon,CMR,31024090-mixtures-of-ammonium-nitrate-with-calciu,1.64,0.1,1.74,
Cameroon,CMR,31025000-sodium-nitrate-excl-that-in-tablets-or-s,2.82,0.1,2.92,
Cameroon,CMR,31026000-double-salts-and-mixtures-of-calcium-nit,1.6,0.1,1.69,
Cameroon,CMR,31028000-mixtures-of-urea-and-ammonium-nitrate-in,1.34,0.09,1.44,
Cameroon,CMR,31029000-mineral-or-chemical-nitrogen-fertilisers,1.49,0.11,1.6,
Cameroon,CMR,3105-mineral-or-chemical-fertilisers-containi,,,,
Cameroon,CMR,31051000-mineral-or-chemical-fertilisers-of-anima,0.7,0.07,0.77,
Cameroon,CMR,31052010-mineral-or-chemical-fertilisers-containi,0.83,0.08,0.91,
Cameroon,CMR,31052090-mineral-or-chemical-fertilisers-containi,0.57,0.06,0.62,
Cameroon,CMR,31053000-diammonium-hydrogenorthophosphate-diammo,0.54,0.06,0.6,
Cameroon,CMR,31054000-ammonium-dihydrogenorthophosphate-monoam,0.34,0.04,0.39,
Cameroon,CMR,31055100-other-mineral-or-chemical-fertilisers-co,1.13,0.1,1.23,
Cameroon,CMR,31055900-other-mineral-or-chemical-fertilisers-co,0.62,0.1,0.72,
Cameroon,CMR,31059020-mineral-or-chemical-fertilisers-containi,1.1,0.07,1.17,
Cameroon,CMR,31059080-mineral-or-chemical-fertilisers-containi,0.56,0.04,0.61,
Cameroon,CMR,7601-unwrought-aluminium,1.7,,1.7,K
Cameroon,CMR,7603-aluminium-powders-and-flakes,1.81,,1.81,K
Cameroon,CMR,76041010-bars-and-rods,2.03,,2.03,K
Cameroon,CMR,76041090-profiles,2.05,,2.05,K
Cameroon,CMR,76042100-hollow-profiles,2.05,,2.05,K
Cameroon,CMR,76042910-bars-and-rods,2.03,,2.03,K
Cameroon,CMR,76042990-profiles,2.05,,2.05,K
Cameroon,CMR,7605-aluminium-wire,2.03,,2.03,K
Cameroon,CMR,7606-aluminium-plates-sheets-and-strip-of-a-t,2.49,,2.49,K
Cameroon,CMR,7607-aluminium-foil-whether-or-not-printed-or,2.49,,2.49,K
Cameroon,CMR,7608-aluminium-tubes-and-pipes,2.05,,2.05,K
Cameroon,CMR,76090000-aluminium-tube-or-pipe-fittings-for-exam,2.05,,2.05,K
Cameroon,CMR,76101000-doors-windows-and-their-frames-and-thres,2.05,,2.05,K
Cameroon,CMR,761090-other,2.05,,2.05,K
Cameroon,CMR,76109010-bridges-and-bridge-sections-towers-and-l,2.05,,2.05,K
Cameroon,CMR,76109090-other,2.05,,2.05,K
Cameroon,CMR,76110000-aluminium-reservoirs-tanks-vats-and-simi,2.49,,2.49,K
Cameroon,CMR,7612-aluminium-casks-drums-cans-boxes-and-sim,2.49,,2.49,K
Cameroon,CMR,76130000-aluminium-containers-for-compressed-or-l,2.49,,2.49,K
Cameroon,CMR,7614-stranded-wire-cables-plaited-bands-and-t,2.03,,2.03,K
Cameroon,CMR,76161000-nails-tacks-staples-other-than-those-of,2.49,,2.49,K
Cameroon,CMR,76169100-cloth-grill-netting-and-fencing-of-alumi,2.49,,2.49,K
Cameroon,CMR,76169910-cast,1.81,,1.81,K
Cameroon,CMR,76169990-other,2.49,,2.49,K
Cameroon,CMR,28041000-hydrogen,10.82,,10.82,
Canada,CAN,2507008080-calcined-clay,0.21,0.03,0.24,
Canada,CAN,2523100010-white-clinker,1.28,0.02,1.29,B
Canada,CAN,2523100090-other-clinker-including-grey-clinker,,,,
Canada,CAN,25232100-white-portland-cement,1.24,0.12,1.36,
Canada,CAN,25232900-grey-portland-cement,,,,
Canada,CAN,25233000-aluminous-cement,,,,
Canada,CAN,2523900010-white-hydraulic-cement,1.29,0.13,1.42,B
Canada,CAN,2523900090-other-hydraulic-cements-including-grey-h,,,,
Canada,CAN,28080000-nitric-acid-sulphonitric-acids,1.51,0.02,1.54,
Canada,CAN,28141000-anhydrous-ammonia,1.91,0.07,1.98,
Canada,CAN,28142000-ammonia-in-aqueous-solution,0.57,0.02,0.59,
Canada,CAN,28342100-nitrate-of-potassium,1.36,0.03,1.4,
Canada,CAN,3102-mineral-or-chemical-fertilizers-nitrogen,,,,
Canada,CAN,31021012-urea-in-aqueous-solution-containing-45-n,0.44,0.02,0.46,
Canada,CAN,31021015-urea-in-aqueous-solution-containing-45-n,0.72,0.02,0.74,
Canada,CAN,31021019-urea-whether-or-not-in-aqueous-solution,1.31,0.06,1.37,
Canada,CAN,31021090-urea-whether-or-not-in-aqueous-solution,1.28,0.06,1.34,
Canada,CAN,31022100-ammonium-sulphate-excl-that-in-tablets-o,0.57,0.04,0.61,
Canada,CAN,31022900-double-salts-and-mixtures-of-ammonium-su,0.98,0.05,1.03,
Canada,CAN,31023010-ammonium-nitrate-in-aqueous-solution-exc,1.04,0.04,1.07,
Canada,CAN,31023090-ammonium-nitrate-excl-that-in-aqueous-so,1.6,0.06,1.65,
Canada,CAN,31024010-mixtures-of-ammonium-nitrate-with-calciu,1.39,0.05,1.44,
Canada,CAN,31024090-mixtures-of-ammonium-nitrate-with-calciu,1.39,0.05,1.44,
Canada,CAN,31025000-sodium-nitrate-excl-that-in-tablets-or-s,2.36,0.04,2.4,
Canada,CAN,31026000-double-salts-and-mixtures-of-calcium-nit,1.34,0.05,1.39,
Canada,CAN,31028000-mixtures-of-urea-and-ammonium-nitrate-in,1.13,0.04,1.17,
Canada,CAN,31029000-mineral-or-chemical-nitrogen-fertilisers,1.25,0.05,1.3,
Canada,CAN,3105-mineral-or-chemical-fertilisers-containi,,,,
Canada,CAN,31051000-mineral-or-chemical-fertilisers-of-anima,0.59,0.05,0.63,
Canada,CAN,31052010-mineral-or-chemical-fertilisers-containi,0.7,0.05,0.76,
Canada,CAN,31052090-mineral-or-chemical-fertilisers-containi,0.48,0.04,0.52,
Canada,CAN,31053000-diammonium-hydrogenorthophosphate-diammo,0.45,0.03,0.48,
Canada,CAN,31054000-ammonium-dihydrogenorthophosphate-monoam,0.29,0.03,0.32,
Canada,CAN,31055100-other-mineral-or-chemical-fertilisers-co,0.95,0.07,1.02,
Canada,CAN,31055900-other-mineral-or-chemical-fertilisers-co,0.53,0.07,0.6,
Canada,CAN,31059020-mineral-or-chemical-fertilisers-containi,0.92,0.04,0.96,
Canada,CAN,31059080-mineral-or-chemical-fertilisers-containi,0.48,0.03,0.5,
Canada,CAN,7601-unwrought-aluminium,1.96,,1.96,K
Canada,CAN,7603-aluminium-powders-and-flakes,2.07,,2.07,K
Canada,CAN,76041010-bars-and-rods,2.29,,2.29,K
Canada,CAN,76041090-profiles,2.31,,2.31,K
Canada,CAN,76042100-hollow-profiles,2.31,,2.31,K
Canada,CAN,76042910-bars-and-rods,2.29,,2.29,K
Canada,CAN,76042990-profiles,2.31,,2.31,K
Canada,CAN,7605-aluminium-wire,2.29,,2.29,K
Canada,CAN,7606-aluminium-plates-sheets-and-strip-of-a-t,2.75,,2.75,K
Canada,CAN,7607-aluminium-foil-whether-or-not-printed-or,2.75,,2.75,K
Canada,CAN,7608-aluminium-tubes-and-pipes,2.31,,2.31,K
Canada,CAN,76090000-aluminium-tube-or-pipe-fittings-for-exam,2.31,,2.31,K
Canada,CAN,76101000-doors-windows-and-their-frames-and-thres,2.31,,2.31,K
Canada,CAN,761090-other,2.31,,2.31,K
Canada,CAN,76109010-bridges-and-bridge-sections-towers-and-l,2.31,,2.31,K
Canada,CAN,76109090-other,2.31,,2.31,K
Canada,CAN,76110000-aluminium-reservoirs-tanks-vats-and-simi,2.75,,2.75,K
Canada,CAN,7612-aluminium-casks-drums-cans-boxes-and-sim,2.75,,2.75,K
Canada,CAN,76130000-aluminium-containers-for-compressed-or-l,2.75,,2.75,K
Canada,CAN,7614-stranded-wire-cables-plaited-bands-and-t,2.29,,2.29,K
Canada,CAN,76161000-nails-tacks-staples-other-than-those-of,2.75,,2.75,K
Canada,CAN,76169100-cloth-grill-netting-and-fencing-of-alumi,2.75,,2.75,K
Canada,CAN,76169910-cast,2.07,,2.07,K
Canada,CAN,76169990-other,2.75,,2.75,K
Canada,CAN,28041000-hydrogen,10.82,,10.82,
Canada,CAN,26011200-agglomerated-iron-ores-and-concentrates,0.08,0.01,0.09,
Canada,CAN,7201-pig-iron-and-spiegeleisen-in-pigs-blocks,1.11,,1.11,
Canada,CAN,720211-ferro-manganese-containing-by-weight-2-o,1.69,,1.69,
Canada,CAN,720219-ferro-manganese-containing-by-weight-2-c,,,,
Canada,CAN,720241-ferro-chromium-containing-by-weight-4-of,2.35,,2.35,
Canada,CAN,720249-ferro-chromium-containing-by-weight-4-of,,,,
Canada,CAN,72026000-ferro-nickel,3.48,,3.48,
Canada,CAN,7203-ferrous-products-obtained-by-direct-redu,0.76,,0.76,
Canada,CAN,7205-granules-and-powders-of-pig-iron-spiegel,1.29,,1.29,C/F
Canada,CAN,7206-iron-and-non-alloy-steel-in-ingots-or-ot,,,,
Canada,CAN,72061000-ingots-of-iron-and-non-alloy-steel-excl,1.33,,1.33,C
Canada,CAN,72069000-iron-and-non-alloy-steel-in-puddled-bars,1.33,,1.33,C
Canada,CAN,7207-semi-finished-products-of-iron-or-non-al,,,,
Canada,CAN,72071111-semi-finished-products-of-non-alloy-free,1.33,,1.33,C
Canada,CAN,72071114-semi-finished-products-of-iron-or-non-al,1.33,,1.33,C
Canada,CAN,72071116-semi-finished-products-of-iron-or-non-al,1.33,,1.33,C
Canada,CAN,72071190-semi-finished-products-of-iron-or-non-al,1.33,,1.33,C
Canada,CAN,72071210-semi-finished-products-of-iron-or-non-al,1.33,,1.33,C
Canada,CAN,72071290-semi-finished-products-of-iron-or-non-al,1.33,,1.33,C
Canada,CAN,72071912-semi-finished-products-of-iron-or-non-al,1.33,,1.33,C
Canada,CAN,72071919-semi-finished-products-of-iron-or-non-al,1.33,,1.33,C
Canada,CAN,72071980-semi-finished-products-of-iron-or-non-al,1.33,,1.33,C
Canada,CAN,72072011-semi-finished-products-of-non-alloy-free,1.33,,1.33,C
Canada,CAN,72072015-semi-finished-products-of-iron-or-non-al,1.33,,1.33,C
Canada,CAN,72072017-semi-finished-products-of-iron-or-non-al,1.33,,1.33,C
Canada,CAN,72072019-semi-finished-products-of-iron-or-non-al,1.33,,1.33,C
Canada,CAN,72072032-semi-finished-products-of-iron-or-non-al,1.33,,1.33,C
Canada,CAN,72072039-semi-finished-products-of-iron-or-non-al,1.33,,1.33,C
Canada,CAN,72072052-semi-finished-products-of-iron-or-non-al,1.33,,1.33,C
Canada,CAN,72072059-semi-finished-products-of-iron-or-non-al,1.33,,1.33,C
Canada,CAN,72072080-semi-finished-products-of-iron-or-non-al,1.33,,1.33,C
Canada,CAN,7208-flat-rolled-products-of-iron-or-non-allo,1.43,,1.43,C
Canada,CAN,7209-flat-rolled-products-of-iron-or-non-allo,1.51,,1.51,C
Canada,CAN,7210-flat-rolled-products-of-iron-or-non-allo,1.51,,1.51,C
Canada,CAN,7211-flat-rolled-products-of-iron-or-non-allo,,,,
Canada,CAN,72111300-flat-rolled-products-of-iron-or-non-allo,1.43,,1.43,C
Canada,CAN,72111400-flat-rolled-products-of-iron-or-non-allo,1.43,,1.43,C
Canada,CAN,72111900-flat-rolled-products-of-iron-or-non-allo,1.43,,1.43,C
Canada,CAN,721123-flat-rolled-products-of-iron-or-non-allo,1.51,,1.51,C
Canada,CAN,72112900-flat-rolled-products-of-iron-or-non-allo,1.51,,1.51,C
Canada,CAN,721190-flat-rolled-products-of-iron-or-non-allo,1.51,,1.51,C
Canada,CAN,7212-flat-rolled-products-of-iron-or-non-allo,1.51,,1.51,C
Canada,CAN,7213-bars-and-rods-of-iron-or-non-alloy-steel,1.33,,1.33,C
Canada,CAN,7214-bars-and-rods-of-iron-or-non-alloy-steel,,,,
Canada,CAN,72141000-bars-and-rods-of-iron-or-non-alloy-steel,1.33,,1.33,C
Canada,CAN,72142000-bars-and-rods-of-iron-or-non-alloy-steel,1.33,,1.33,C
Canada,CAN,72143000-bars-and-rods-of-non-alloy-free-cutting,1.33,,1.33,C
Canada,CAN,721491-bars-and-rods-of-iron-or-non-alloy-steel,1.33,,1.33,C
Canada,CAN,721499-bars-and-rods-of-iron-or-non-alloy-steel,1.33,,1.33,C
Canada,CAN,7215-bars-and-rods-of-iron-or-non-alloy-steel,1.33,,1.33,C
Canada,CAN,7216-angles-shapes-and-sections-of-iron-or-no,1.33,,1.33,C
Canada,CAN,7217-wire-of-iron-or-non-alloy-steel-in-coils,,,,
Canada,CAN,721710-wire-of-iron-or-non-alloy-steel-in-coils,1.33,,1.33,C
Canada,CAN,721720-wire-of-iron-or-non-alloy-steel-in-coils,1.33,,1.33,C
Canada,CAN,721730-wire-of-iron-or-non-alloy-steel-in-coils,1.33,,1.33,C
Canada,CAN,721790-wire-of-iron-or-non-alloy-steel-in-coils,1.33,,1.33,C
Canada,CAN,7218-stainless-steel-in-ingots-or-other-prima,,,,
Canada,CAN,72181000-steel-stainless-in-ingots-and-other-prim,3.05,,3.05,
Canada,CAN,721891-semi-finished-products-of-stainless-stee,3.21,,3.21,
Canada,CAN,72189911-semi-finished-products-of-stainless-stee,3.21,,3.21,
Canada,CAN,72189919-semi-finished-products-of-stainless-stee,3.05,,3.05,
Canada,CAN,72189920-semi-finished-products-of-stainless-stee,3.21,,3.21,
Canada,CAN,72189980-semi-finished-products-of-stainless-stee,3.05,,3.05,
Canada,CAN,7219-flat-rolled-products-of-stainless-steel,,,,
Canada,CAN,72191100-flat-rolled-products-of-stainless-steel,3.21,,3.21,
Canada,CAN,721912-flat-rolled-products-of-stainless-steel,3.21,,3.21,
Canada,CAN,721913-flat-rolled-products-of-stainless-steel,3.21,,3.21,
Canada,CAN,721914-flat-rolled-products-of-stainless-steel,3.21,,3.21,
Canada,CAN,721921-flat-rolled-products-of-stainless-steel,3.21,,3.21,
Canada,CAN,721922-flat-rolled-products-of-stainless-steel,3.21,,3.21,
Canada,CAN,72192300-flat-rolled-products-of-stainless-steel,3.21,,3.21,
Canada,CAN,72192400-flat-rolled-products-of-stainless-steel,3.21,,3.21,
Canada,CAN,72193100-flat-rolled-products-of-stainless-steel,3.29,,3.29,
Canada,CAN,721932-flat-rolled-products-of-stainless-steel,3.29,,3.29,
Canada,CAN,721933-flat-rolled-products-of-stainless-steel,3.29,,3.29,
Canada,CAN,721934-flat-rolled-products-of-stainless-steel,3.29,,3.29,
Canada,CAN,721935-flat-rolled-products-of-stainless-steel,3.29,,3.29,
Canada,CAN,721990-flat-rolled-products-of-stainless-steel,3.29,,3.29,
Canada,CAN,7220-flat-rolled-products-of-stainless-steel,,,,
Canada,CAN,72201100-flat-rolled-products-of-stainless-steel,3.21,,3.21,
Canada,CAN,72201200-flat-rolled-products-of-stainless-steel,3.21,,3.21,
Canada,CAN,722020-flat-rolled-products-of-stainless-steel,3.29,,3.29,
Canada,CAN,722090-flat-rolled-products-of-stainless-steel,3.29,,3.29,
Canada,CAN,7221-bars-and-rods-of-stainless-steel-hot-rol,3.05,,3.05,
Canada,CAN,7222-other-bars-and-rods-of-stainless-steel-a,,,,
Canada,CAN,722211-bars-and-rods-of-stainless-steel-only-ho,3.05,,3.05,
Canada,CAN,722219-bars-and-rods-of-stainless-steel-only-ho,3.05,,3.05,
Canada,CAN,722220-other-bars-and-rods-of-stainless-steel-n,3.05,,3.05,
Canada,CAN,722230-other-bars-and-rods-of-stainless-steel-c,3.05,,3.05,
Canada,CAN,722240-angles-shapes-and-sections-of-stainless,3.05,,3.05,
Canada,CAN,7223-wire-of-stainless-steel-in-coils-excl-ba,,,,
Canada,CAN,722300-wire-of-stainless-steel-in-coils-excl-ba,3.05,,3.05,
Canada,CAN,7224-steel-alloy-other-than-stainless-in-ingo,,,,
Canada,CAN,722410-steel-alloy-other-than-stainless-in-ingo,3.42,,3.42,F
Canada,CAN,72249002-semi-finished-products-of-tool-steel,3.59,,3.59,F
Canada,CAN,72249003-semi-finished-products-of-high-speed-ste,3.59,,3.59,F
Canada,CAN,72249005-semi-finished-products-of-steel-containi,3.59,,3.59,F
Canada,CAN,72249007-semi-finished-products-of-alloy-steel-ot,3.59,,3.59,F
Canada,CAN,72249014-semi-finished-products-of-alloy-steel-ot,3.59,,3.59,F
Canada,CAN,72249018-semi-finished-products-of-alloy-steel-ot,3.42,,3.42,F
Canada,CAN,72249031-semi-finished-products-of-steel-containi,3.59,,3.59,F
Canada,CAN,72249038-semi-finished-products-of-alloy-steel-ot,3.59,,3.59,F
Canada,CAN,72249090-semi-finished-products-of-alloy-steel-ot,3.42,,3.42,F
Canada,CAN,7225-flat-rolled-products-of-alloy-steel-othe,,,,
Canada,CAN,72251100-flat-rolled-products-of-silicon-electric,4.7,,4.7,C
Canada,CAN,72251910-flat-rolled-products-of-silicon-electric,3.59,,3.59,C
Canada,CAN,72251990-flat-rolled-products-of-silicon-electric,3.66,,3.66,C
Canada,CAN,722530-flat-rolled-products-of-alloy-steel-othe,3.59,,3.59,F
Canada,CAN,722540-flat-rolled-products-of-alloy-steel-othe,3.59,,3.59,F
Canada,CAN,722550-flat-rolled-products-of-alloy-steel-othe,3.66,,3.66,F
Canada,CAN,72259100-flat-rolled-products-of-alloy-steel-othe,3.66,,3.66,F
Canada,CAN,72259200-flat-rolled-products-of-alloy-steel-othe,3.66,,3.66,F
Canada,CAN,72259900-flat-rolled-products-of-alloy-steel-othe,3.66,,3.66,F
Canada,CAN,7226-flat-rolled-products-of-alloy-steel-othe,,,,
Canada,CAN,72261100-flat-rolled-products-of-silicon-electric,4.7,,4.7,C
Canada,CAN,72261910-flat-rolled-products-of-silicon-electric,3.59,,3.59,C
Canada,CAN,72261980-flat-rolled-products-of-silicon-electric,3.66,,3.66,C
Canada,CAN,72262000-flat-rolled-products-of-high-speed-steel,3.59,,3.59,F
Canada,CAN,722691-flat-rolled-products-of-alloy-steel-othe,3.59,,3.59,F
Canada,CAN,72269200-flat-rolled-products-of-alloy-steel-othe,3.66,,3.66,F
Canada,CAN,722699-flat-rolled-products-of-alloy-steel-othe,3.66,,3.66,F
Canada,CAN,7227-bars-and-rods-of-alloy-steel-other-than,3.42,,3.42,C/F
Canada,CAN,7228-other-bars-and-rods-of-alloy-steel-other,,,,
Canada,CAN,72281020-bars-and-rods-of-high-speed-steel-not-fu,3.42,,3.42,F
Canada,CAN,72281050-bars-and-rods-of-high-speed-steel-forged,3.42,,3.42,F
Canada,CAN,72281090-bars-and-rods-of-high-speed-steel-not-fu,3.42,,3.42,F
Canada,CAN,722820-bars-and-rods-of-silico-manganese-steel,3.42,,3.42,F
Canada,CAN,722830-bars-and-rods-of-alloy-steel-other-than,3.42,,3.42,C/F
Canada,CAN,722840-bars-and-rods-of-alloy-steel-other-than,3.42,,3.42,F
Canada,CAN,722850-bars-and-rods-of-alloy-steel-other-than,3.42,,3.42,C/F
Canada,CAN,722860-bars-and-rods-of-alloy-steel-other-than,3.42,,3.42,F
Canada,CAN,722870-angles-shapes-and-sections-of-alloy-stee,3.42,,3.42,F
Canada,CAN,72288000-hollow-drill-bars-and-rods-of-alloy-or-n,3.42,,3.42,F
Canada,CAN,7229-wire-of-alloy-steel-other-than-stainless,3.42,,3.42,C/F
Canada,CAN,7301-sheet-piling-of-iron-or-steel-whether-or,1.51,,1.51,C
Canada,CAN,7302-railway-or-tramway-track-construction-ma,2.6,,2.6,C
Canada,CAN,7303-tubes-pipes-and-hollow-profiles-of-cast,,,,
Canada,CAN,730300-tubes-pipes-and-hollow-profiles-of-cast,1.59,,1.59,
Canada,CAN,7304-tubes-pipes-and-hollow-profiles-seamless,,,,
Canada,CAN,73041100-line-pipe-of-a-kind-used-for-oil-or-gas,3.05,,3.05,
Canada,CAN,730419-line-pipe-of-a-kind-used-for-oil-or-gas,1.34,,1.34,C
Canada,CAN,73042200-drill-pipe-seamless-of-stainless-steel-o,3.05,,3.05,
Canada,CAN,73042300-drill-pipe-seamless-of-a-kind-used-in-dr,1.34,,1.34,C
Canada,CAN,73042400-casing-and-tubing-seamless-of-a-kind-use,3.05,,3.05,
Canada,CAN,730429-casing-and-tubing-seamless-of-iron-or-st,1.34,,1.34,C
Canada,CAN,730431-tubes-pipes-and-hollow-profiles-seamless,1.34,,1.34,C
Canada,CAN,730439-tubes-pipes-and-hollow-profiles-seamless,1.34,,1.34,C
Canada,CAN,73044100-tubes-pipes-and-hollow-profiles-seamless,3.05,,3.05,
Canada,CAN,730449-tubes-pipes-and-hollow-profiles-seamless,3.05,,3.05,
Canada,CAN,730451-tubes-pipes-and-hollow-profiles-seamless,1.34,,1.34,F
Canada,CAN,730459-tubes-pipes-and-hollow-profiles-seamless,1.34,,1.34,C/F
Canada,CAN,73049000-tubes-pipes-and-hollow-profiles-seamless,1.34,,1.34,C
Canada,CAN,7305-tubes-and-pipes-having-circular-cross-se,1.51,,1.51,C
Canada,CAN,7306-tubes-pipes-and-hollow-profiles-e-g-open,,,,
Canada,CAN,73061100-line-pipe-of-a-kind-used-for-oil-or-gas,3.29,,3.29,
Canada,CAN,73061900-line-pipe-of-a-kind-used-for-oil-or-gas,1.51,,1.51,C
Canada,CAN,73062100-casing-and-tubing-of-a-kind-used-in-dril,3.29,,3.29,
Canada,CAN,73062900-casing-and-tubing-of-a-kind-used-in-dril,1.51,,1.51,C
Canada,CAN,73063012-precision-tubes-welded-of-circular-cross,1.51,,1.51,C
Canada,CAN,73063018-precision-tubes-welded-of-circular-cross,1.44,,1.44,C
Canada,CAN,73063041-threaded-or-threadable-tubes-gas-pipe-we,1.51,,1.51,C
Canada,CAN,73063049-threaded-or-threadable-tubes-gas-pipe-we,1.51,,1.51,C
Canada,CAN,73063072-other-tubes-pipes-and-hollow-profiles-we,1.51,,1.51,C
Canada,CAN,73063077-other-tubes-pipes-and-hollow-profiles-we,1.51,,1.51,C
Canada,CAN,73063080-tubes-pipes-and-hollow-profiles-welded-h,1.51,,1.51,C
Canada,CAN,73064020-tubes-pipes-and-hollow-profiles-welded-o,3.29,,3.29,
Canada,CAN,73064080-tubes-pipes-and-hollow-profiles-welded-o,3.21,,3.21,
Canada,CAN,73065021-precision-steel-tubes-welded-of-circular,1.58,,1.58,F
Canada,CAN,73065029-precision-steel-tubes-welded-of-circular,1.51,,1.51,F
Canada,CAN,73065080-tubes-pipes-and-hollow-profiles-welded-o,1.58,,1.58,F
Canada,CAN,73066110-tubes-and-pipes-and-hollow-profiles-weld,3.29,,3.29,
Canada,CAN,73066192-tubes-and-pipes-and-hollow-profiles-weld,1.51,,1.51,C
Canada,CAN,73066199-tubes-and-pipes-and-hollow-profiles-weld,1.51,,1.51,C
Canada,CAN,73066910-tubes-pipes-and-hollow-profiles-welded-o,3.29,,3.29,
Canada,CAN,73066990-tubes-pipes-and-hollow-profiles-welded-o,1.51,,1.51,C
Canada,CAN,73069000-tubes-pipes-and-hollow-profiles-e-g-open,1.51,,1.51,C
Canada,CAN,7307-tube-or-pipe-fittings-e-g-couplings-elbo,,,,
Canada,CAN,730711-tube-or-pipe-fittings-of-non-malleable-c,1.11,,1.11,
Canada,CAN,73071910-tube-or-pipe-fittings-of-cast-iron-excl,1.11,,1.11,
Canada,CAN,73071990-cast-tube-or-pipe-fittings-of-steel,1.33,,1.33,C
Canada,CAN,73072100-flanges-of-stainless-steel-excl-cast-pro,2.66,,2.66,
Canada,CAN,730722-threaded-elbows-bends-and-sleeves-of-sta,2.66,,2.66,
Canada,CAN,730723-butt-welding-tube-or-pipe-fittings-of-st,2.66,,2.66,
Canada,CAN,730729-tube-or-pipe-fittings-of-stainless-steel,2.66,,2.66,
Canada,CAN,73079100-flanges-of-iron-or-steel-excl-cast-or-st,1.33,,1.33,C
Canada,CAN,730792-threaded-elbows-bends-and-sleeves-of-sta,1.33,,1.33,C
Canada,CAN,730793-butt-welding-fittings-of-iron-or-steel-e,1.33,,1.33,C
Canada,CAN,730799-tube-or-pipe-fittings-of-iron-or-steel-e,1.33,,1.33,C
Canada,CAN,7308-structures-and-parts-of-structures-e-g-b,2.91,,2.91,C
Canada,CAN,7309-reservoirs-tanks-vats-and-similar-contai,3.18,,3.18,C
Canada,CAN,7310-tanks-casks-drums-cans-boxes-and-similar,1.52,,1.52,C
Canada,CAN,7311-containers-of-iron-or-steel-for-compress,,,,
Canada,CAN,731100-containers-of-iron-or-steel-for-compress,3.01,,3.01,C
Canada,CAN,7318-screws-bolts-nuts-coach-screws-screw-hoo,,,,
Canada,CAN,73181100-coach-screws-of-iron-or-steel,1.33,,1.33,C
Canada,CAN,73181210-wood-screws-of-stainless-steel-excl-coac,3.05,,3.05,
Canada,CAN,73181290-wood-screws-of-iron-or-steel-other-than,1.33,,1.33,C
Canada,CAN,73181300-screw-hooks-and-screw-rings-of-iron-or-s,1.33,,1.33,C
Canada,CAN,73181410-self-tapping-screws-of-stainless-steel-e,3.05,,3.05,
Canada,CAN,73181491-spaced-thread-screws-of-iron-or-steel-ot,1.33,,1.33,C
Canada,CAN,73181499-self-tapping-screws-of-iron-or-steel-oth,1.33,,1.33,C
Canada,CAN,731815-threaded-screws-and-bolts-of-iron-or-ste,2.48,,2.48,C
Canada,CAN,731816-nuts-of-iron-or-steel,2.91,,2.91,C
Canada,CAN,73181900-threaded-articles-of-iron-or-steel-n-e-s,1.33,,1.33,C
Canada,CAN,73182100-spring-washers-and-other-lock-washers-of,1.33,,1.33,C
Canada,CAN,73182200-washers-of-iron-or-steel-excl-spring-was,1.74,,1.74,C
Canada,CAN,73182300-rivets-of-iron-or-steel-excl-tubular-and,1.61,,1.61,C
Canada,CAN,73182400-cotters-and-cotter-pins-of-iron-or-steel,1.33,,1.33,C
Canada,CAN,73182900-non-threaded-articles-of-iron-or-steel,1.33,,1.33,C
Canada,CAN,7326-articles-of-iron-or-steel-n-e-s-excl-cas,,,,
Canada,CAN,73261100-grinding-balls-and-similar-articles-for,1.33,,1.33,C
Canada,CAN,732619-articles-of-iron-or-steel-forged-or-stam,1.33,,1.33,C
Canada,CAN,73262000-articles-of-iron-or-steel-wire-n-e-s,1.33,,1.33,C
Canada,CAN,73269030-ladders-and-steps-of-iron-or-steel,1.33,,1.33,C
Canada,CAN,73269040-pallets-and-similar-platforms-for-handli,1.33,,1.33,C
Canada,CAN,73269050-reels-for-cables-piping-and-the-like-of,1.33,,1.33,C
Canada,CAN,73269060-ventilators-non-mechanical-guttering-hoo,1.33,,1.33,C
Canada,CAN,73269092-articles-of-iron-or-steel-open-die-forge,1.33,,1.33,C
Canada,CAN,73269094-articles-of-iron-or-steel-closed-die-for,1.33,,1.33,C
Canada,CAN,73269096-sintered-articles-of-iron-or-steel-n-e-s,1.33,,1.33,C
Canada,CAN,73269098-articles-of-iron-or-steel-n-e-s,1.51,,1.51,C
Chile,CHL,2507008080-calcined-clay,,,,
Chile,CHL,2523100010-white-clinker,,,,
Chile,CHL,2523100090-other-clinker-including-grey-clinker,0.87,0.05,0.92,A
Chile,CHL,25232100-white-portland-cement,,,,
Chile,CHL,25232900-grey-portland-cement,0.94,0.07,1.01,
Chile,CHL,25233000-aluminous-cement,,,,
Chile,CHL,2523900010-white-hydraulic-cement,,,,
Chile,CHL,2523900090-other-hydraulic-cements-including-grey-h,0.9,0.07,0.97,A
Chile,CHL,28080000-nitric-acid-sulphonitric-acids,1.85,0.06,1.9,
Chile,CHL,28141000-anhydrous-ammonia,,,,
Chile,CHL,28142000-ammonia-in-aqueous-solution,0.68,0.05,0.73,
Chile,CHL,28342100-nitrate-of-potassium,1.64,0.08,1.73,
Chile,CHL,3102-mineral-or-chemical-fertilizers-nitrogen,,,,
Chile,CHL,31021012-urea-in-aqueous-solution-containing-45-n,0.51,0.04,0.55,
Chile,CHL,31021015-urea-in-aqueous-solution-containing-45-n,0.84,0.04,0.88,
Chile,CHL,31021019-urea-whether-or-not-in-aqueous-solution,1.53,0.14,1.66,
Chile,CHL,31021090-urea-whether-or-not-in-aqueous-solution,1.5,0.13,1.63,
Chile,CHL,31022100-ammonium-sulphate-excl-that-in-tablets-o,0.66,0.1,0.76,
Chile,CHL,31022900-double-salts-and-mixtures-of-ammonium-su,1.17,0.11,1.28,
Chile,CHL,31023010-ammonium-nitrate-in-aqueous-solution-exc,1.25,0.09,1.34,
Chile,CHL,31023090-ammonium-nitrate-excl-that-in-aqueous-so,1.92,0.13,2.06,
Chile,CHL,31024010-mixtures-of-ammonium-nitrate-with-calciu,1.66,0.12,1.78,
Chile,CHL,31024090-mixtures-of-ammonium-nitrate-with-calciu,1.66,0.12,1.78,
Chile,CHL,31025000-sodium-nitrate-excl-that-in-tablets-or-s,2.88,0.09,2.97,
Chile,CHL,31026000-double-salts-and-mixtures-of-calcium-nit,1.61,0.12,1.73,
Chile,CHL,31028000-mixtures-of-urea-and-ammonium-nitrate-in,1.34,0.1,1.45,
Chile,CHL,31029000-mineral-or-chemical-nitrogen-fertilisers,1.48,0.12,1.6,
Chile,CHL,3105-mineral-or-chemical-fertilisers-containi,,,,
Chile,CHL,31051000-mineral-or-chemical-fertilisers-of-anima,0.7,0.1,0.8,
Chile,CHL,31052010-mineral-or-chemical-fertilisers-containi,0.84,0.12,0.96,
Chile,CHL,31052090-mineral-or-chemical-fertilisers-containi,0.57,0.09,0.66,
Chile,CHL,31053000-diammonium-hydrogenorthophosphate-diammo,0.53,0.07,0.6,
Chile,CHL,31054000-ammonium-dihydrogenorthophosphate-monoam,0.34,0.06,0.4,
Chile,CHL,31055100-other-mineral-or-chemical-fertilisers-co,1.14,0.15,1.29,
Chile,CHL,31055900-other-mineral-or-chemical-fertilisers-co,0.61,0.12,0.73,
Chile,CHL,31059020-mineral-or-chemical-fertilisers-containi,1.1,0.09,1.2,
Chile,CHL,31059080-mineral-or-chemical-fertilisers-containi,0.57,0.06,0.63,
Chile,CHL,7601-unwrought-aluminium,0.36,,0.36,L
Chile,CHL,7603-aluminium-powders-and-flakes,0.47,,0.47,L
Chile,CHL,76041010-bars-and-rods,0.7,,0.7,L
Chile,CHL,76041090-profiles,0.71,,0.71,L
Chile,CHL,76042100-hollow-profiles,0.71,,0.71,L
Chile,CHL,76042910-bars-and-rods,0.7,,0.7,L
Chile,CHL,76042990-profiles,0.71,,0.71,L
Chile,CHL,7605-aluminium-wire,0.7,,0.7,L
Chile,CHL,7606-aluminium-plates-sheets-and-strip-of-a-t,1.15,,1.15,L
Chile,CHL,7607-aluminium-foil-whether-or-not-printed-or,1.15,,1.15,L
Chile,CHL,7608-aluminium-tubes-and-pipes,0.71,,0.71,L
Chile,CHL,76090000-aluminium-tube-or-pipe-fittings-for-exam,0.71,,0.71,L
Chile,CHL,76101000-doors-windows-and-their-frames-and-thres,0.71,,0.71,L
Chile,CHL,761090-other,0.71,,0.71,L
Chile,CHL,76109010-bridges-and-bridge-sections-towers-and-l,0.71,,0.71,L
Chile,CHL,76109090-other,0.71,,0.71,L
Chile,CHL,76110000-aluminium-reservoirs-tanks-vats-and-simi,1.15,,1.15,L
Chile,CHL,7612-aluminium-casks-drums-cans-boxes-and-sim,1.15,,1.15,L
Chile,CHL,76130000-aluminium-containers-for-compressed-or-l,1.15,,1.15,L
Chile,CHL,7614-stranded-wire-cables-plaited-bands-and-t,0.7,,0.7,L
Chile,CHL,76161000-nails-tacks-staples-other-than-those-of,1.15,,1.15,L
Chile,CHL,76169100-cloth-grill-netting-and-fencing-of-alumi,1.15,,1.15,L
Chile,CHL,76169910-cast,0.47,,0.47,L
Chile,CHL,76169990-other,1.15,,1.15,L
Chile,CHL,28041000-hydrogen,10.82,,10.82,
Chile,CHL,26011200-agglomerated-iron-ores-and-concentrates,0.06,0.03,0.1,
Chile,CHL,7201-pig-iron-and-spiegeleisen-in-pigs-blocks,1.96,,1.96,
Chile,CHL,720211-ferro-manganese-containing-by-weight-2-o,1.69,,1.69,
Chile,CHL,720219-ferro-manganese-containing-by-weight-2-c,,,,
Chile,CHL,720241-ferro-chromium-containing-by-weight-4-of,2.35,,2.35,
Chile,CHL,720249-ferro-chromium-containing-by-weight-4-of,,,,
Chile,CHL,72026000-ferro-nickel,,,,
Chile,CHL,7203-ferrous-products-obtained-by-direct-redu,,,,
Chile,CHL,7205-granules-and-powders-of-pig-iron-spiegel,1.97,,1.97,C/F
Chile,CHL,7206-iron-and-non-alloy-steel-in-ingots-or-ot,,,,
Chile,CHL,72061000-ingots-of-iron-and-non-alloy-steel-excl,2.05,,2.05,C
Chile,CHL,72069000-iron-and-non-alloy-steel-in-puddled-bars,2.05,,2.05,C
Chile,CHL,7207-semi-finished-products-of-iron-or-non-al,,,,
Chile,CHL,72071111-semi-finished-products-of-non-alloy-free,2.05,,2.05,C
Chile,CHL,72071114-semi-finished-products-of-iron-or-non-al,2.05,,2.05,C
Chile,CHL,72071116-semi-finished-products-of-iron-or-non-al,2.05,,2.05,C
Chile,CHL,72071190-semi-finished-products-of-iron-or-non-al,2.05,,2.05,C
Chile,CHL,72071210-semi-finished-products-of-iron-or-non-al,2.05,,2.05,C
Chile,CHL,72071290-semi-finished-products-of-iron-or-non-al,2.05,,2.05,C
Chile,CHL,72071912-semi-finished-products-of-iron-or-non-al,2.05,,2.05,C
Chile,CHL,72071919-semi-finished-products-of-iron-or-non-al,2.05,,2.05,C
Chile,CHL,72071980-semi-finished-products-of-iron-or-non-al,2.05,,2.05,C
Chile,CHL,72072011-semi-finished-products-of-non-alloy-free,2.05,,2.05,C
Chile,CHL,72072015-semi-finished-products-of-iron-or-non-al,2.05,,2.05,C
Chile,CHL,72072017-semi-finished-products-of-iron-or-non-al,2.05,,2.05,C
Chile,CHL,72072019-semi-finished-products-of-iron-or-non-al,2.05,,2.05,C
Chile,CHL,72072032-semi-finished-products-of-iron-or-non-al,2.05,,2.05,C
Chile,CHL,72072039-semi-finished-products-of-iron-or-non-al,2.05,,2.05,C
Chile,CHL,72072052-semi-finished-products-of-iron-or-non-al,2.05,,2.05,C
Chile,CHL,72072059-semi-finished-products-of-iron-or-non-al,2.05,,2.05,C
Chile,CHL,72072080-semi-finished-products-of-iron-or-non-al,2.05,,2.05,C
Chile,CHL,7208-flat-rolled-products-of-iron-or-non-allo,2.05,,2.05,C
Chile,CHL,7209-flat-rolled-products-of-iron-or-non-allo,2.05,,2.05,C
Chile,CHL,7210-flat-rolled-products-of-iron-or-non-allo,2.05,,2.05,C
Chile,CHL,7211-flat-rolled-products-of-iron-or-non-allo,,,,
Chile,CHL,72111300-flat-rolled-products-of-iron-or-non-allo,2.05,,2.05,C
Chile,CHL,72111400-flat-rolled-products-of-iron-or-non-allo,2.05,,2.05,C
Chile,CHL,72111900-flat-rolled-products-of-iron-or-non-allo,2.05,,2.05,C
Chile,CHL,721123-flat-rolled-products-of-iron-or-non-allo,2.05,,2.05,C
Chile,CHL,72112900-flat-rolled-products-of-iron-or-non-allo,2.05,,2.05,C
Chile,CHL,721190-flat-rolled-products-of-iron-or-non-allo,2.05,,2.05,C
Chile,CHL,7212-flat-rolled-products-of-iron-or-non-allo,2.05,,2.05,C
Chile,CHL,7213-bars-and-rods-of-iron-or-non-alloy-steel,2.05,,2.05,C
Chile,CHL,7214-bars-and-rods-of-iron-or-non-alloy-steel,,,,
Chile,CHL,72141000-bars-and-rods-of-iron-or-non-alloy-steel,2.05,,2.05,C
Chile,CHL,72142000-bars-and-rods-of-iron-or-non-alloy-steel,2.05,,2.05,C
Chile,CHL,72143000-bars-and-rods-of-non-alloy-free-cutting,2.05,,2.05,C
Chile,CHL,721491-bars-and-rods-of-iron-or-non-alloy-steel,2.05,,2.05,C
Chile,CHL,721499-bars-and-rods-of-iron-or-non-alloy-steel,2.05,,2.05,C
Chile,CHL,7215-bars-and-rods-of-iron-or-non-alloy-steel,2.05,,2.05,C
Chile,CHL,7216-angles-shapes-and-sections-of-iron-or-no,2.05,,2.05,C
Chile,CHL,7217-wire-of-iron-or-non-alloy-steel-in-coils,,,,
Chile,CHL,721710-wire-of-iron-or-non-alloy-steel-in-coils,2.05,,2.05,C
Chile,CHL,721720-wire-of-iron-or-non-alloy-steel-in-coils,2.05,,2.05,C
Chile,CHL,721730-wire-of-iron-or-non-alloy-steel-in-coils,2.05,,2.05,C
Chile,CHL,721790-wire-of-iron-or-non-alloy-steel-in-coils,2.05,,2.05,C
Chile,CHL,7218-stainless-steel-in-ingots-or-other-prima,,,,
Chile,CHL,72181000-steel-stainless-in-ingots-and-other-prim,2.95,,2.95,
Chile,CHL,721891-semi-finished-products-of-stainless-stee,2.95,,2.95,
Chile,CHL,72189911-semi-finished-products-of-stainless-stee,2.95,,2.95,
Chile,CHL,72189919-semi-finished-products-of-stainless-stee,2.95,,2.95,
Chile,CHL,72189920-semi-finished-products-of-stainless-stee,2.95,,2.95,
Chile,CHL,72189980-semi-finished-products-of-stainless-stee,2.95,,2.95,
Chile,CHL,7219-flat-rolled-products-of-stainless-steel,,,,
Chile,CHL,72191100-flat-rolled-products-of-stainless-steel,2.95,,2.95,
Chile,CHL,721912-flat-rolled-products-of-stainless-steel,2.95,,2.95,
Chile,CHL,721913-flat-rolled-products-of-stainless-steel,2.95,,2.95,
Chile,CHL,721914-flat-rolled-products-of-stainless-steel,2.95,,2.95,
Chile,CHL,721921-flat-rolled-products-of-stainless-steel,2.95,,2.95,
Chile,CHL,721922-flat-rolled-products-of-stainless-steel,2.95,,2.95,
Chile,CHL,72192300-flat-rolled-products-of-stainless-steel,2.95,,2.95,
Chile,CHL,72192400-flat-rolled-products-of-stainless-steel,2.95,,2.95,
Chile,CHL,72193100-flat-rolled-products-of-stainless-steel,2.95,,2.95,
Chile,CHL,721932-flat-rolled-products-of-stainless-steel,2.95,,2.95,
Chile,CHL,721933-flat-rolled-products-of-stainless-steel,2.95,,2.95,
Chile,CHL,721934-flat-rolled-products-of-stainless-steel,2.95,,2.95,
Chile,CHL,721935-flat-rolled-products-of-stainless-steel,2.95,,2.95,
Chile,CHL,721990-flat-rolled-products-of-stainless-steel,2.95,,2.95,
Chile,CHL,7220-flat-rolled-products-of-stainless-steel,,,,
Chile,CHL,72201100-flat-rolled-products-of-stainless-steel,2.95,,2.95,
Chile,CHL,72201200-flat-rolled-products-of-stainless-steel,2.95,,2.95,
Chile,CHL,722020-flat-rolled-products-of-stainless-steel,2.95,,2.95,
Chile,CHL,722090-flat-rolled-products-of-stainless-steel,2.95,,2.95,
Chile,CHL,7221-bars-and-rods-of-stainless-steel-hot-rol,2.95,,2.95,
Chile,CHL,7222-other-bars-and-rods-of-stainless-steel-a,,,,
Chile,CHL,722211-bars-and-rods-of-stainless-steel-only-ho,2.95,,2.95,
Chile,CHL,722219-bars-and-rods-of-stainless-steel-only-ho,2.95,,2.95,
Chile,CHL,722220-other-bars-and-rods-of-stainless-steel-n,2.95,,2.95,
Chile,CHL,722230-other-bars-and-rods-of-stainless-steel-c,2.95,,2.95,
Chile,CHL,722240-angles-shapes-and-sections-of-stainless,2.95,,2.95,
Chile,CHL,7223-wire-of-stainless-steel-in-coils-excl-ba,,,,
Chile,CHL,722300-wire-of-stainless-steel-in-coils-excl-ba,2.95,,2.95,
Chile,CHL,7224-steel-alloy-other-than-stainless-in-ingo,,,,
Chile,CHL,722410-steel-alloy-other-than-stainless-in-ingo,2.85,,2.85,F
Chile,CHL,72249002-semi-finished-products-of-tool-steel,2.85,,2.85,F
Chile,CHL,72249003-semi-finished-products-of-high-speed-ste,2.85,,2.85,F
Chile,CHL,72249005-semi-finished-products-of-steel-containi,2.85,,2.85,F
Chile,CHL,72249007-semi-finished-products-of-alloy-steel-ot,2.85,,2.85,F
Chile,CHL,72249014-semi-finished-products-of-alloy-steel-ot,2.85,,2.85,F
Chile,CHL,72249018-semi-finished-products-of-alloy-steel-ot,2.85,,2.85,F
Chile,CHL,72249031-semi-finished-products-of-steel-containi,2.85,,2.85,F
Chile,CHL,72249038-semi-finished-products-of-alloy-steel-ot,2.85,,2.85,F
Chile,CHL,72249090-semi-finished-products-of-alloy-steel-ot,2.85,,2.85,F
Chile,CHL,7225-flat-rolled-products-of-alloy-steel-othe,,,,
Chile,CHL,72251100-flat-rolled-products-of-silicon-electric,3.78,,3.78,C
Chile,CHL,72251910-flat-rolled-products-of-silicon-electric,2.85,,2.85,C
Chile,CHL,72251990-flat-rolled-products-of-silicon-electric,2.85,,2.85,C
Chile,CHL,722530-flat-rolled-products-of-alloy-steel-othe,2.85,,2.85,F
Chile,CHL,722540-flat-rolled-products-of-alloy-steel-othe,2.85,,2.85,F
Chile,CHL,722550-flat-rolled-products-of-alloy-steel-othe,2.85,,2.85,F
Chile,CHL,72259100-flat-rolled-products-of-alloy-steel-othe,2.85,,2.85,F
Chile,CHL,72259200-flat-rolled-products-of-alloy-steel-othe,2.85,,2.85,F
Chile,CHL,72259900-flat-rolled-products-of-alloy-steel-othe,2.85,,2.85,F
Chile,CHL,7226-flat-rolled-products-of-alloy-steel-othe,,,,
Chile,CHL,72261100-flat-rolled-products-of-silicon-electric,3.78,,3.78,C
Chile,CHL,72261910-flat-rolled-products-of-silicon-electric,2.85,,2.85,C
Chile,CHL,72261980-flat-rolled-products-of-silicon-electric,2.85,,2.85,C
Chile,CHL,72262000-flat-rolled-products-of-high-speed-steel,2.85,,2.85,F
Chile,CHL,722691-flat-rolled-products-of-alloy-steel-othe,2.85,,2.85,F
Chile,CHL,72269200-flat-rolled-products-of-alloy-steel-othe,2.85,,2.85,F
Chile,CHL,722699-flat-rolled-products-of-alloy-steel-othe,2.85,,2.85,F
Chile,CHL,7227-bars-and-rods-of-alloy-steel-other-than,2.85,,2.85,C/F
Chile,CHL,7228-other-bars-and-rods-of-alloy-steel-other,,,,
Chile,CHL,72281020-bars-and-rods-of-high-speed-steel-not-fu,2.85,,2.85,F
Chile,CHL,72281050-bars-and-rods-of-high-speed-steel-forged,2.85,,2.85,F
Chile,CHL,72281090-bars-and-rods-of-high-speed-steel-not-fu,2.85,,2.85,F
Chile,CHL,722820-bars-and-rods-of-silico-manganese-steel,2.85,,2.85,F
Chile,CHL,722830-bars-and-rods-of-alloy-steel-other-than,2.85,,2.85,C/F
Chile,CHL,722840-bars-and-rods-of-alloy-steel-other-than,2.85,,2.85,F
Chile,CHL,722850-bars-and-rods-of-alloy-steel-other-than,2.85,,2.85,C/F
Chile,CHL,722860-bars-and-rods-of-alloy-steel-other-than,2.85,,2.85,F
Chile,CHL,722870-angles-shapes-and-sections-of-alloy-stee,2.85,,2.85,F
Chile,CHL,72288000-hollow-drill-bars-and-rods-of-alloy-or-n,2.85,,2.85,F
Chile,CHL,7229-wire-of-alloy-steel-other-than-stainless,2.85,,2.85,C/F
Chile,CHL,7301-sheet-piling-of-iron-or-steel-whether-or,2.05,,2.05,C
Chile,CHL,7302-railway-or-tramway-track-construction-ma,2.68,,2.68,C
Chile,CHL,7303-tubes-pipes-and-hollow-profiles-of-cast,,,,
Chile,CHL,730300-tubes-pipes-and-hollow-profiles-of-cast,1.96,,1.96,
Chile,CHL,7304-tubes-pipes-and-hollow-profiles-seamless,,,,
Chile,CHL,73041100-line-pipe-of-a-kind-used-for-oil-or-gas,2.95,,2.95,
Chile,CHL,730419-line-pipe-of-a-kind-used-for-oil-or-gas,2.05,,2.05,C
Chile,CHL,73042200-drill-pipe-seamless-of-stainless-steel-o,2.95,,2.95,
Chile,CHL,73042300-drill-pipe-seamless-of-a-kind-used-in-dr,2.05,,2.05,C
Chile,CHL,73042400-casing-and-tubing-seamless-of-a-kind-use,2.95,,2.95,
Chile,CHL,730429-casing-and-tubing-seamless-of-iron-or-st,2.05,,2.05,C
Chile,CHL,730431-tubes-pipes-and-hollow-profiles-seamless,2.05,,2.05,C
Chile,CHL,730439-tubes-pipes-and-hollow-profiles-seamless,2.05,,2.05,C
Chile,CHL,73044100-tubes-pipes-and-hollow-profiles-seamless,2.95,,2.95,
Chile,CHL,730449-tubes-pipes-and-hollow-profiles-seamless,2.95,,2.95,
Chile,CHL,730451-tubes-pipes-and-hollow-profiles-seamless,1.99,,1.99,F
Chile,CHL,730459-tubes-pipes-and-hollow-profiles-seamless,1.99,,1.99,C/F
Chile,CHL,73049000-tubes-pipes-and-hollow-profiles-seamless,2.05,,2.05,C
Chile,CHL,7305-tubes-and-pipes-having-circular-cross-se,2.05,,2.05,C
Chile,CHL,7306-tubes-pipes-and-hollow-profiles-e-g-open,,,,
Chile,CHL,73061100-line-pipe-of-a-kind-used-for-oil-or-gas,2.95,,2.95,
Chile,CHL,73061900-line-pipe-of-a-kind-used-for-oil-or-gas,2.05,,2.05,C
Chile,CHL,73062100-casing-and-tubing-of-a-kind-used-in-dril,2.95,,2.95,
Chile,CHL,73062900-casing-and-tubing-of-a-kind-used-in-dril,2.05,,2.05,C
Chile,CHL,73063012-precision-tubes-welded-of-circular-cross,2.05,,2.05,C
Chile,CHL,73063018-precision-tubes-welded-of-circular-cross,2.05,,2.05,C
Chile,CHL,73063041-threaded-or-threadable-tubes-gas-pipe-we,2.05,,2.05,C
Chile,CHL,73063049-threaded-or-threadable-tubes-gas-pipe-we,2.05,,2.05,C
Chile,CHL,73063072-other-tubes-pipes-and-hollow-profiles-we,2.05,,2.05,C
Chile,CHL,73063077-other-tubes-pipes-and-hollow-profiles-we,2.05,,2.05,C
Chile,CHL,73063080-tubes-pipes-and-hollow-profiles-welded-h,2.05,,2.05,C
Chile,CHL,73064020-tubes-pipes-and-hollow-profiles-welded-o,2.95,,2.95,
Chile,CHL,73064080-tubes-pipes-and-hollow-profiles-welded-o,2.95,,2.95,
Chile,CHL,73065021-precision-steel-tubes-welded-of-circular,2.02,,2.02,F
Chile,CHL,73065029-precision-steel-tubes-welded-of-circular,2.02,,2.02,F
Chile,CHL,73065080-tubes-pipes-and-hollow-profiles-welded-o,2.02,,2.02,F
Chile,CHL,73066110-tubes-and-pipes-and-hollow-profiles-weld,2.95,,2.95,
Chile,CHL,73066192-tubes-and-pipes-and-hollow-profiles-weld,2.05,,2.05,C
Chile,CHL,73066199-tubes-and-pipes-and-hollow-profiles-weld,2.05,,2.05,C
Chile,CHL,73066910-tubes-pipes-and-hollow-profiles-welded-o,2.95,,2.95,
Chile,CHL,73066990-tubes-pipes-and-hollow-profiles-welded-o,2.05,,2.05,C
Chile,CHL,73069000-tubes-pipes-and-hollow-profiles-e-g-open,2.05,,2.05,C
Chile,CHL,7307-tube-or-pipe-fittings-e-g-couplings-elbo,,,,
Chile,CHL,730711-tube-or-pipe-fittings-of-non-malleable-c,1.96,,1.96,
Chile,CHL,73071910-tube-or-pipe-fittings-of-cast-iron-excl,1.96,,1.96,
Chile,CHL,73071990-cast-tube-or-pipe-fittings-of-steel,2.05,,2.05,C
Chile,CHL,73072100-flanges-of-stainless-steel-excl-cast-pro,2.31,,2.31,
Chile,CHL,730722-threaded-elbows-bends-and-sleeves-of-sta,2.31,,2.31,
Chile,CHL,730723-butt-welding-tube-or-pipe-fittings-of-st,2.31,,2.31,
Chile,CHL,730729-tube-or-pipe-fittings-of-stainless-steel,2.31,,2.31,
Chile,CHL,73079100-flanges-of-iron-or-steel-excl-cast-or-st,2.05,,2.05,C
Chile,CHL,730792-threaded-elbows-bends-and-sleeves-of-sta,2.05,,2.05,C
Chile,CHL,730793-butt-welding-fittings-of-iron-or-steel-e,2.05,,2.05,C
Chile,CHL,730799-tube-or-pipe-fittings-of-iron-or-steel-e,2.05,,2.05,C
Chile,CHL,7308-structures-and-parts-of-structures-e-g-b,2.54,,2.54,C
Chile,CHL,7309-reservoirs-tanks-vats-and-similar-contai,2.54,,2.54,C
Chile,CHL,7310-tanks-casks-drums-cans-boxes-and-similar,2.05,,2.05,C
Chile,CHL,7311-containers-of-iron-or-steel-for-compress,,,,
Chile,CHL,731100-containers-of-iron-or-steel-for-compress,2.46,,2.46,C
Chile,CHL,7318-screws-bolts-nuts-coach-screws-screw-hoo,,,,
Chile,CHL,73181100-coach-screws-of-iron-or-steel,2.05,,2.05,C
Chile,CHL,73181210-wood-screws-of-stainless-steel-excl-coac,2.95,,2.95,
Chile,CHL,73181290-wood-screws-of-iron-or-steel-other-than,2.05,,2.05,C
Chile,CHL,73181300-screw-hooks-and-screw-rings-of-iron-or-s,2.05,,2.05,C
Chile,CHL,73181410-self-tapping-screws-of-stainless-steel-e,2.95,,2.95,
Chile,CHL,73181491-spaced-thread-screws-of-iron-or-steel-ot,2.05,,2.05,C
Chile,CHL,73181499-self-tapping-screws-of-iron-or-steel-oth,2.05,,2.05,C
Chile,CHL,731815-threaded-screws-and-bolts-of-iron-or-ste,2.17,,2.17,C
Chile,CHL,731816-nuts-of-iron-or-steel,2.17,,2.17,C
Chile,CHL,73181900-threaded-articles-of-iron-or-steel-n-e-s,2.05,,2.05,C
Chile,CHL,73182100-spring-washers-and-other-lock-washers-of,2.05,,2.05,C
Chile,CHL,73182200-washers-of-iron-or-steel-excl-spring-was,2.18,,2.18,C
Chile,CHL,73182300-rivets-of-iron-or-steel-excl-tubular-and,2.13,,2.13,C
Chile,CHL,73182400-cotters-and-cotter-pins-of-iron-or-steel,2.05,,2.05,C
Chile,CHL,73182900-non-threaded-articles-of-iron-or-steel,2.05,,2.05,C
Chile,CHL,7326-articles-of-iron-or-steel-n-e-s-excl-cas,,,,
Chile,CHL,73261100-grinding-balls-and-similar-articles-for,2.05,,2.05,C
Chile,CHL,732619-articles-of-iron-or-steel-forged-or-stam,2.05,,2.05,C
Chile,CHL,73262000-articles-of-iron-or-steel-wire-n-e-s,2.05,,2.05,C
Chile,CHL,73269030-ladders-and-steps-of-iron-or-steel,2.05,,2.05,C
Chile,CHL,73269040-pallets-and-similar-platforms-for-handli,2.05,,2.05,C
Chile,CHL,73269050-reels-for-cables-piping-and-the-like-of,2.05,,2.05,C
Chile,CHL,73269060-ventilators-non-mechanical-guttering-hoo,2.05,,2.05,C
Chile,CHL,73269092-articles-of-iron-or-steel-open-die-forge,2.05,,2.05,C
Chile,CHL,73269094-articles-of-iron-or-steel-closed-die-for,2.05,,2.05,C
Chile,CHL,73269096-sintered-articles-of-iron-or-steel-n-e-s,2.05,,2.05,C
Chile,CHL,73269098-articles-of-iron-or-steel-n-e-s,2.05,,2.05,C
China,CHN,2507008080-calcined-clay,0.21,0.11,0.32,
China,CHN,2523100010-white-clinker,1.24,0.06,1.3,B
China,CHN,2523100090-other-clinker-including-grey-clinker,1.35,0.04,1.39,A
China,CHN,25232100-white-portland-cement,1.25,0.14,1.39,
China,CHN,25232900-grey-portland-cement,1.35,0.07,1.42,
China,CHN,25233000-aluminous-cement,1.98,0.2,2.18,
China,CHN,2523900010-white-hydraulic-cement,1.29,0.18,1.46,B
China,CHN,2523900090-other-hydraulic-cements-including-grey-h,1.28,0.08,1.36,A
China,CHN,28080000-nitric-acid-sulphonitric-acids,3.02,0.06,3.08,
China,CHN,28141000-anhydrous-ammonia,4.17,0.19,4.36,
China,CHN,28142000-ammonia-in-aqueous-solution,1.25,0.06,1.31,
China,CHN,28342100-nitrate-of-potassium,2.77,0.09,2.85,
China,CHN,3102-mineral-or-chemical-fertilizers-nitrogen,,,,
China,CHN,31021012-urea-in-aqueous-solution-containing-45-n,0.9,0.05,0.94,
China,CHN,31021015-urea-in-aqueous-solution-containing-45-n,1.49,0.05,1.54,
China,CHN,31021019-urea-whether-or-not-in-aqueous-solution,2.7,0.14,2.85,
China,CHN,31021090-urea-whether-or-not-in-aqueous-solution,2.64,0.14,2.78,
China,CHN,31022100-ammonium-sulphate-excl-that-in-tablets-o,1.19,0.1,1.29,
China,CHN,31022900-double-salts-and-mixtures-of-ammonium-su,2.01,0.12,2.13,
China,CHN,31023010-ammonium-nitrate-in-aqueous-solution-exc,2.1,0.09,2.19,
China,CHN,31023090-ammonium-nitrate-excl-that-in-aqueous-so,3.23,0.14,3.37,
China,CHN,31024010-mixtures-of-ammonium-nitrate-with-calciu,2.78,0.13,2.9,
China,CHN,31024090-mixtures-of-ammonium-nitrate-with-calciu,2.78,0.13,2.9,
China,CHN,31025000-sodium-nitrate-excl-that-in-tablets-or-s,4.72,0.1,4.81,
China,CHN,31026000-double-salts-and-mixtures-of-calcium-nit,2.71,0.12,2.83,
China,CHN,31028000-mixtures-of-urea-and-ammonium-nitrate-in,2.3,0.11,2.41,
China,CHN,31029000-mineral-or-chemical-nitrogen-fertilisers,2.56,0.13,2.69,
China,CHN,3105-mineral-or-chemical-fertilisers-containi,,,,
China,CHN,31051000-mineral-or-chemical-fertilisers-of-anima,1.2,0.1,1.31,
China,CHN,31052010-mineral-or-chemical-fertilisers-containi,1.41,0.12,1.53,
China,CHN,31052090-mineral-or-chemical-fertilisers-containi,0.96,0.09,1.05,
China,CHN,31053000-diammonium-hydrogenorthophosphate-diammo,0.97,0.08,1.04,
China,CHN,31054000-ammonium-dihydrogenorthophosphate-monoam,0.61,0.06,0.67,
China,CHN,31055100-other-mineral-or-chemical-fertilisers-co,1.92,0.15,2.07,
China,CHN,31055900-other-mineral-or-chemical-fertilisers-co,1.1,0.14,1.24,
China,CHN,31059020-mineral-or-chemical-fertilisers-containi,1.86,0.1,1.96,
China,CHN,31059080-mineral-or-chemical-fertilisers-containi,0.96,0.06,1.02,
China,CHN,7601-unwrought-aluminium,3.0,,3.0,K
China,CHN,7603-aluminium-powders-and-flakes,4.148,,4.148,K
China,CHN,76041010-bars-and-rods,4.881,,4.881,K
China,CHN,76041090-profiles,4.881,,4.881,K
China,CHN,76042100-hollow-profiles,4.881,,4.881,K
China,CHN,76042910-bars-and-rods,4.881,,4.881,K
China,CHN,76042990-profiles,4.881,,4.881,K
China,CHN,7605-aluminium-wire,4.881,,4.881,K
China,CHN,7606-aluminium-plates-sheets-and-strip-of-a-t,4.12,,4.12,K
China,CHN,7607-aluminium-foil-whether-or-not-printed-or,5.559,,5.559,K
China,CHN,7608-aluminium-tubes-and-pipes,4.896,,4.896,K
China,CHN,76090000-aluminium-tube-or-pipe-fittings-for-exam,4.896,,4.896,K
China,CHN,76101000-doors-windows-and-their-frames-and-thres,4.896,,4.896,K
China,CHN,761090-other,4.896,,4.896,K
China,CHN,76109010-bridges-and-bridge-sections-towers-and-l,4.896,,4.896,K
China,CHN,76109090-other,4.896,,4.896,K
China,CHN,76110000-aluminium-reservoirs-tanks-vats-and-simi,5.559,,5.559,K
China,CHN,7612-aluminium-casks-drums-cans-boxes-and-sim,5.559,,5.559,K
China,CHN,76130000-aluminium-containers-for-compressed-or-l,5.559,,5.559,K
China,CHN,7614-stranded-wire-cables-plaited-bands-and-t,4.881,,4.881,K
China,CHN,76161000-nails-tacks-staples-other-than-those-of,5.559,,5.559,K
China,CHN,76169100-cloth-grill-netting-and-fencing-of-alumi,5.559,,5.559,K
China,CHN,76169910-cast,4.542,,4.542,K
China,CHN,76169990-other,5.559,,5.559,K
China,CHN,28041000-hydrogen,26.64,,26.64,
China,CHN,26011200-agglomerated-iron-ores-and-concentrates,0.2,0.06,0.26,
China,CHN,7201-pig-iron-and-spiegeleisen-in-pigs-blocks,1.66,,1.66,
China,CHN,720211-ferro-manganese-containing-by-weight-2-o,1.69,,1.69,
China,CHN,720219-ferro-manganese-containing-by-weight-2-c,5.59,,5.59,
China,CHN,720241-ferro-chromium-containing-by-weight-4-of,2.35,,2.35,
China,CHN,720249-ferro-chromium-containing-by-weight-4-of,2.87,,2.87,
China,CHN,72026000-ferro-nickel,6.15,,6.15,
China,CHN,7203-ferrous-products-obtained-by-direct-redu,,,,
China,CHN,7205-granules-and-powders-of-pig-iron-spiegel,2.802,,2.802,C/F
China,CHN,7206-iron-and-non-alloy-steel-in-ingots-or-ot,,,,
China,CHN,72061000-ingots-of-iron-and-non-alloy-steel-excl,1.74,,1.74,C
China,CHN,72069000-iron-and-non-alloy-steel-in-puddled-bars,1.74,,1.74,C
China,CHN,7207-semi-finished-products-of-iron-or-non-al,,,,
China,CHN,72071111-semi-finished-products-of-non-alloy-free,3.169,,3.169,C
China,CHN,72071114-semi-finished-products-of-iron-or-non-al,3.169,,3.169,C
China,CHN,72071116-semi-finished-products-of-iron-or-non-al,3.169,,3.169,C
China,CHN,72071190-semi-finished-products-of-iron-or-non-al,3.314,,3.314,C
China,CHN,72071210-semi-finished-products-of-iron-or-non-al,3.169,,3.169,C
China,CHN,72071290-semi-finished-products-of-iron-or-non-al,3.314,,3.314,C
China,CHN,72071912-semi-finished-products-of-iron-or-non-al,3.169,,3.169,C
China,CHN,72071919-semi-finished-products-of-iron-or-non-al,3.314,,3.314,C
China,CHN,72071980-semi-finished-products-of-iron-or-non-al,3.169,,3.169,C
China,CHN,72072011-semi-finished-products-of-non-alloy-free,3.169,,3.169,C
China,CHN,72072015-semi-finished-products-of-iron-or-non-al,3.169,,3.169,C
China,CHN,72072017-semi-finished-products-of-iron-or-non-al,3.169,,3.169,C
China,CHN,72072019-semi-finished-products-of-iron-or-non-al,3.314,,3.314,C
China,CHN,72072032-semi-finished-products-of-iron-or-non-al,3.169,,3.169,C
China,CHN,72072039-semi-finished-products-of-iron-or-non-al,3.314,,3.314,C
China,CHN,72072052-semi-finished-products-of-iron-or-non-al,3.169,,3.169,C
China,CHN,72072059-semi-finished-products-of-iron-or-non-al,3.314,,3.314,C
China,CHN,72072080-semi-finished-products-of-iron-or-non-al,3.169,,3.169,C
China,CHN,7208-flat-rolled-products-of-iron-or-non-allo,3.187,,3.187,C
China,CHN,7209-flat-rolled-products-of-iron-or-non-allo,3.205,,3.205,C
China,CHN,7210-flat-rolled-products-of-iron-or-non-allo,3.205,,3.205,C
China,CHN,7211-flat-rolled-products-of-iron-or-non-allo,,,,
China,CHN,72111300-flat-rolled-products-of-iron-or-non-allo,3.187,,3.187,C
China,CHN,72111400-flat-rolled-products-of-iron-or-non-allo,3.187,,3.187,C
China,CHN,72111900-flat-rolled-products-of-iron-or-non-allo,3.187,,3.187,C
China,CHN,721123-flat-rolled-products-of-iron-or-non-allo,3.205,,3.205,C
China,CHN,72112900-flat-rolled-products-of-iron-or-non-allo,3.205,,3.205,C
China,CHN,721190-flat-rolled-products-of-iron-or-non-allo,3.205,,3.205,C
China,CHN,7212-flat-rolled-products-of-iron-or-non-allo,3.205,,3.205,C
China,CHN,7213-bars-and-rods-of-iron-or-non-alloy-steel,3.169,,3.169,C
China,CHN,7214-bars-and-rods-of-iron-or-non-alloy-steel,,,,
China,CHN,72141000-bars-and-rods-of-iron-or-non-alloy-steel,3.314,,3.314,C
China,CHN,72142000-bars-and-rods-of-iron-or-non-alloy-steel,3.169,,3.169,C
China,CHN,72143000-bars-and-rods-of-non-alloy-free-cutting,3.169,,3.169,C
China,CHN,721491-bars-and-rods-of-iron-or-non-alloy-steel,3.169,,3.169,C
China,CHN,721499-bars-and-rods-of-iron-or-non-alloy-steel,3.169,,3.169,C
China,CHN,7215-bars-and-rods-of-iron-or-non-alloy-steel,3.169,,3.169,C
China,CHN,7216-angles-shapes-and-sections-of-iron-or-no,3.169,,3.169,C
China,CHN,7217-wire-of-iron-or-non-alloy-steel-in-coils,,,,
China,CHN,721710-wire-of-iron-or-non-alloy-steel-in-coils,3.169,,3.169,C
China,CHN,721720-wire-of-iron-or-non-alloy-steel-in-coils,3.169,,3.169,C
China,CHN,721730-wire-of-iron-or-non-alloy-steel-in-coils,3.169,,3.169,C
China,CHN,721790-wire-of-iron-or-non-alloy-steel-in-coils,3.169,,3.169,C
China,CHN,7218-stainless-steel-in-ingots-or-other-prima,,,,
China,CHN,72181000-steel-stainless-in-ingots-and-other-prim,5.65,,5.65,
China,CHN,721891-semi-finished-products-of-stainless-stee,5.58,,5.58,
China,CHN,72189911-semi-finished-products-of-stainless-stee,5.58,,5.58,
China,CHN,72189919-semi-finished-products-of-stainless-stee,5.65,,5.65,
China,CHN,72189920-semi-finished-products-of-stainless-stee,5.58,,5.58,
China,CHN,72189980-semi-finished-products-of-stainless-stee,5.65,,5.65,
China,CHN,7219-flat-rolled-products-of-stainless-steel,,,,
China,CHN,72191100-flat-rolled-products-of-stainless-steel,5.58,,5.58,
China,CHN,721912-flat-rolled-products-of-stainless-steel,5.58,,5.58,
China,CHN,721913-flat-rolled-products-of-stainless-steel,5.58,,5.58,
China,CHN,721914-flat-rolled-products-of-stainless-steel,5.58,,5.58,
China,CHN,721921-flat-rolled-products-of-stainless-steel,5.58,,5.58,
China,CHN,721922-flat-rolled-products-of-stainless-steel,5.58,,5.58,
China,CHN,72192300-flat-rolled-products-of-stainless-steel,5.58,,5.58,
China,CHN,72192400-flat-rolled-products-of-stainless-steel,5.58,,5.58,
China,CHN,72193100-flat-rolled-products-of-stainless-steel,5.59,,5.59,
China,CHN,721932-flat-rolled-products-of-stainless-steel,5.59,,5.59,
China,CHN,721933-flat-rolled-products-of-stainless-steel,5.59,,5.59,
China,CHN,721934-flat-rolled-products-of-stainless-steel,5.59,,5.59,
China,CHN,721935-flat-rolled-products-of-stainless-steel,5.59,,5.59,
China,CHN,721990-flat-rolled-products-of-stainless-steel,5.59,,5.59,
China,CHN,7220-flat-rolled-products-of-stainless-steel,,,,
China,CHN,72201100-flat-rolled-products-of-stainless-steel,5.58,,5.58,
China,CHN,72201200-flat-rolled-products-of-stainless-steel,5.58,,5.58,
China,CHN,722020-flat-rolled-products-of-stainless-steel,5.59,,5.59,
China,CHN,722090-flat-rolled-products-of-stainless-steel,5.59,,5.59,
China,CHN,7221-bars-and-rods-of-stainless-steel-hot-rol,5.59,,5.59,
China,CHN,7222-other-bars-and-rods-of-stainless-steel-a,,,,
China,CHN,722211-bars-and-rods-of-stainless-steel-only-ho,5.59,,5.59,
China,CHN,722219-bars-and-rods-of-stainless-steel-only-ho,5.59,,5.59,
China,CHN,722220-other-bars-and-rods-of-stainless-steel-n,5.59,,5.59,
China,CHN,722230-other-bars-and-rods-of-stainless-steel-c,5.65,,5.65,
China,CHN,722240-angles-shapes-and-sections-of-stainless,5.59,,5.59,
China,CHN,7223-wire-of-stainless-steel-in-coils-excl-ba,,,,
China,CHN,722300-wire-of-stainless-steel-in-coils-excl-ba,5.59,,5.59,
China,CHN,7224-steel-alloy-other-than-stainless-in-ingo,,,,
China,CHN,722410-steel-alloy-other-than-stainless-in-ingo,6.18,,6.18,F
China,CHN,72249002-semi-finished-products-of-tool-steel,6.11,,6.11,F
China,CHN,72249003-semi-finished-products-of-high-speed-ste,6.11,,6.11,F
China,CHN,72249005-semi-finished-products-of-steel-containi,6.11,,6.11,F
China,CHN,72249007-semi-finished-products-of-alloy-steel-ot,6.11,,6.11,F
China,CHN,72249014-semi-finished-products-of-alloy-steel-ot,6.11,,6.11,F
China,CHN,72249018-semi-finished-products-of-alloy-steel-ot,6.18,,6.18,F
China,CHN,72249031-semi-finished-products-of-steel-containi,6.11,,6.11,F
China,CHN,72249038-semi-finished-products-of-alloy-steel-ot,6.11,,6.11,F
China,CHN,72249090-semi-finished-products-of-alloy-steel-ot,6.18,,6.18,F
China,CHN,7225-flat-rolled-products-of-alloy-steel-othe,,,,
China,CHN,72251100-flat-rolled-products-of-silicon-electric,8.09,,8.09,C
China,CHN,72251910-flat-rolled-products-of-silicon-electric,6.11,,6.11,C
China,CHN,72251990-flat-rolled-products-of-silicon-electric,6.12,,6.12,C
China,CHN,722530-flat-rolled-products-of-alloy-steel-othe,6.11,,6.11,F
China,CHN,722540-flat-rolled-products-of-alloy-steel-othe,6.11,,6.11,F
China,CHN,722550-flat-rolled-products-of-alloy-steel-othe,6.12,,6.12,F
China,CHN,72259100-flat-rolled-products-of-alloy-steel-othe,6.12,,6.12,F
China,CHN,72259200-flat-rolled-products-of-alloy-steel-othe,6.12,,6.12,F
China,CHN,72259900-flat-rolled-products-of-alloy-steel-othe,6.12,,6.12,F
China,CHN,7226-flat-rolled-products-of-alloy-steel-othe,,,,
China,CHN,72261100-flat-rolled-products-of-silicon-electric,8.09,,8.09,C
China,CHN,72261910-flat-rolled-products-of-silicon-electric,6.11,,6.11,C
China,CHN,72261980-flat-rolled-products-of-silicon-electric,6.12,,6.12,C
China,CHN,72262000-flat-rolled-products-of-high-speed-steel,6.11,,6.11,F
China,CHN,722691-flat-rolled-products-of-alloy-steel-othe,6.11,,6.11,F
China,CHN,72269200-flat-rolled-products-of-alloy-steel-othe,6.12,,6.12,F
China,CHN,722699-flat-rolled-products-of-alloy-steel-othe,6.12,,6.12,F
China,CHN,7227-bars-and-rods-of-alloy-steel-other-than,6.12,,6.12,C/F
China,CHN,7228-other-bars-and-rods-of-alloy-steel-other,,,,
China,CHN,72281020-bars-and-rods-of-high-speed-steel-not-fu,6.12,,6.12,F
China,CHN,72281050-bars-and-rods-of-high-speed-steel-forged,6.18,,6.18,F
China,CHN,72281090-bars-and-rods-of-high-speed-steel-not-fu,6.12,,6.12,F
China,CHN,722820-bars-and-rods-of-silico-manganese-steel,6.12,,6.12,F
China,CHN,722830-bars-and-rods-of-alloy-steel-other-than,6.12,,6.12,C/F
China,CHN,722840-bars-and-rods-of-alloy-steel-other-than,6.18,,6.18,F
China,CHN,722850-bars-and-rods-of-alloy-steel-other-than,6.12,,6.12,C/F
China,CHN,722860-bars-and-rods-of-alloy-steel-other-than,6.12,,6.12,F
China,CHN,722870-angles-shapes-and-sections-of-alloy-stee,6.12,,6.12,F
China,CHN,72288000-hollow-drill-bars-and-rods-of-alloy-or-n,6.12,,6.12,F
China,CHN,7229-wire-of-alloy-steel-other-than-stainless,6.12,,6.12,C/F
China,CHN,7301-sheet-piling-of-iron-or-steel-whether-or,2.275,,2.275,C
China,CHN,7302-railway-or-tramway-track-construction-ma,6.205,,6.205,C
China,CHN,7303-tubes-pipes-and-hollow-profiles-of-cast,,,,
China,CHN,730300-tubes-pipes-and-hollow-profiles-of-cast,2.191,,2.191,
China,CHN,7304-tubes-pipes-and-hollow-profiles-seamless,,,,
China,CHN,73041100-line-pipe-of-a-kind-used-for-oil-or-gas,7.005,,7.005,
China,CHN,730419-line-pipe-of-a-kind-used-for-oil-or-gas,2.68,,2.68,C
China,CHN,73042200-drill-pipe-seamless-of-stainless-steel-o,7.005,,7.005,
China,CHN,73042300-drill-pipe-seamless-of-a-kind-used-in-dr,2.68,,2.68,C
China,CHN,73042400-casing-and-tubing-seamless-of-a-kind-use,7.005,,7.005,
China,CHN,730429-casing-and-tubing-seamless-of-iron-or-st,2.68,,2.68,C
China,CHN,730431-tubes-pipes-and-hollow-profiles-seamless,2.68,,2.68,C
China,CHN,730439-tubes-pipes-and-hollow-profiles-seamless,2.68,,2.68,C
China,CHN,73044100-tubes-pipes-and-hollow-profiles-seamless,7.005,,7.005,
China,CHN,730449-tubes-pipes-and-hollow-profiles-seamless,7.005,,7.005,
China,CHN,730451-tubes-pipes-and-hollow-profiles-seamless,2.68,,2.68,F
China,CHN,730459-tubes-pipes-and-hollow-profiles-seamless,2.68,,2.68,C/F
China,CHN,73049000-tubes-pipes-and-hollow-profiles-seamless,2.68,,2.68,C
China,CHN,7305-tubes-and-pipes-having-circular-cross-se,2.585,,2.585,C
China,CHN,7306-tubes-pipes-and-hollow-profiles-e-g-open,,,,
China,CHN,73061100-line-pipe-of-a-kind-used-for-oil-or-gas,7.025,,7.025,
China,CHN,73061900-line-pipe-of-a-kind-used-for-oil-or-gas,3.565,,3.565,C
China,CHN,73062100-casing-and-tubing-of-a-kind-used-in-dril,7.025,,7.025,
China,CHN,73062900-casing-and-tubing-of-a-kind-used-in-dril,3.565,,3.565,C
China,CHN,73063012-precision-tubes-welded-of-circular-cross,3.565,,3.565,C
China,CHN,73063018-precision-tubes-welded-of-circular-cross,3.565,,3.565,C
China,CHN,73063041-threaded-or-threadable-tubes-gas-pipe-we,3.565,,3.565,C
China,CHN,73063049-threaded-or-threadable-tubes-gas-pipe-we,3.565,,3.565,C
China,CHN,73063072-other-tubes-pipes-and-hollow-profiles-we,3.565,,3.565,C
China,CHN,73063077-other-tubes-pipes-and-hollow-profiles-we,3.565,,3.565,C
China,CHN,73063080-tubes-pipes-and-hollow-profiles-welded-h,3.565,,3.565,C
China,CHN,73064020-tubes-pipes-and-hollow-profiles-welded-o,7.025,,7.025,
China,CHN,73064080-tubes-pipes-and-hollow-profiles-welded-o,7.015,,7.015,
China,CHN,73065021-precision-steel-tubes-welded-of-circular,3.565,,3.565,F
China,CHN,73065029-precision-steel-tubes-welded-of-circular,3.565,,3.565,F
China,CHN,73065080-tubes-pipes-and-hollow-profiles-welded-o,3.565,,3.565,F
China,CHN,73066110-tubes-and-pipes-and-hollow-profiles-weld,7.025,,7.025,
China,CHN,73066192-tubes-and-pipes-and-hollow-profiles-weld,3.565,,3.565,C
China,CHN,73066199-tubes-and-pipes-and-hollow-profiles-weld,3.565,,3.565,C
China,CHN,73066910-tubes-pipes-and-hollow-profiles-welded-o,7.025,,7.025,
China,CHN,73066990-tubes-pipes-and-hollow-profiles-welded-o,3.565,,3.565,C
China,CHN,73069000-tubes-pipes-and-hollow-profiles-e-g-open,3.565,,3.565,C
China,CHN,7307-tube-or-pipe-fittings-e-g-couplings-elbo,,,,
China,CHN,730711-tube-or-pipe-fittings-of-non-malleable-c,3.252,,3.252,
China,CHN,73071910-tube-or-pipe-fittings-of-cast-iron-excl,3.252,,3.252,
China,CHN,73071990-cast-tube-or-pipe-fittings-of-steel,3.252,,3.252,C
China,CHN,73072100-flanges-of-stainless-steel-excl-cast-pro,5.035,,5.035,
China,CHN,730722-threaded-elbows-bends-and-sleeves-of-sta,5.035,,5.035,
China,CHN,730723-butt-welding-tube-or-pipe-fittings-of-st,5.035,,5.035,
China,CHN,730729-tube-or-pipe-fittings-of-stainless-steel,5.035,,5.035,
China,CHN,73079100-flanges-of-iron-or-steel-excl-cast-or-st,3.252,,3.252,C
China,CHN,730792-threaded-elbows-bends-and-sleeves-of-sta,3.252,,3.252,C
China,CHN,730793-butt-welding-fittings-of-iron-or-steel-e,3.252,,3.252,C
China,CHN,730799-tube-or-pipe-fittings-of-iron-or-steel-e,3.252,,3.252,C
China,CHN,7308-structures-and-parts-of-structures-e-g-b,6.035,,6.035,C
China,CHN,7309-reservoirs-tanks-vats-and-similar-contai,6.655,,6.655,C
China,CHN,7310-tanks-casks-drums-cans-boxes-and-similar,4.312,,4.312,C
China,CHN,7311-containers-of-iron-or-steel-for-compress,,,,
China,CHN,731100-containers-of-iron-or-steel-for-compress,6.645,,6.645,C
China,CHN,7318-screws-bolts-nuts-coach-screws-screw-hoo,,,,
China,CHN,73181100-coach-screws-of-iron-or-steel,2.738,,2.738,C
China,CHN,73181210-wood-screws-of-stainless-steel-excl-coac,7.005,,7.005,
China,CHN,73181290-wood-screws-of-iron-or-steel-other-than,2.738,,2.738,C
China,CHN,73181300-screw-hooks-and-screw-rings-of-iron-or-s,2.738,,2.738,C
China,CHN,73181410-self-tapping-screws-of-stainless-steel-e,7.005,,7.005,
China,CHN,73181491-spaced-thread-screws-of-iron-or-steel-ot,2.738,,2.738,C
China,CHN,73181499-self-tapping-screws-of-iron-or-steel-oth,2.738,,2.738,C
China,CHN,731815-threaded-screws-and-bolts-of-iron-or-ste,6.375,,6.375,C
China,CHN,731816-nuts-of-iron-or-steel,5.045,,5.045,C
China,CHN,73181900-threaded-articles-of-iron-or-steel-n-e-s,2.738,,2.738,C
China,CHN,73182100-spring-washers-and-other-lock-washers-of,2.738,,2.738,C
China,CHN,73182200-washers-of-iron-or-steel-excl-spring-was,4.555,,4.555,C
China,CHN,73182300-rivets-of-iron-or-steel-excl-tubular-and,2.738,,2.738,C
China,CHN,73182400-cotters-and-cotter-pins-of-iron-or-steel,2.738,,2.738,C
China,CHN,73182900-non-threaded-articles-of-iron-or-steel,2.738,,2.738,C
China,CHN,7326-articles-of-iron-or-steel-n-e-s-excl-cas,,,,
China,CHN,73261100-grinding-balls-and-similar-articles-for,3.076,,3.076,C
China,CHN,732619-articles-of-iron-or-steel-forged-or-stam,3.076,,3.076,C
China,CHN,73262000-articles-of-iron-or-steel-wire-n-e-s,3.076,,3.076,C
China,CHN,73269030-ladders-and-steps-of-iron-or-steel,3.076,,3.076,C
China,CHN,73269040-pallets-and-similar-platforms-for-handli,3.076,,3.076,C
China,CHN,73269050-reels-for-cables-piping-and-the-like-of,3.076,,3.076,C
China,CHN,73269060-ventilators-non-mechanical-guttering-hoo,3.076,,3.076,C
China,CHN,73269092-articles-of-iron-or-steel-open-die-forge,3.076,,3.076,C
China,CHN,73269094-articles-of-iron-or-steel-closed-die-for,3.076,,3.076,C
China,CHN,73269096-sintered-articles-of-iron-or-steel-n-e-s,3.076,,3.076,C
China,CHN,73269098-articles-of-iron-or-steel-n-e-s,3.076,,3.076,C
Colombia,COL,2507008080-calcined-clay,,,,
Colombia,COL,2523100010-white-clinker,,,,
Colombia,COL,2523100090-other-clinker-including-grey-clinker,1.09,0.02,1.11,A
Colombia,COL,25232100-white-portland-cement,1.21,0.12,1.33,
Colombia,COL,25232900-grey-portland-cement,1.09,0.03,1.12,
Colombia,COL,25233000-aluminous-cement,,,,
Colombia,COL,2523900010-white-hydraulic-cement,,,,
Colombia,COL,2523900090-other-hydraulic-cements-including-grey-h,,,,
Colombia,COL,28080000-nitric-acid-sulphonitric-acids,1.9,0.02,1.93,
Colombia,COL,28141000-anhydrous-ammonia,2.26,0.08,2.34,
Colombia,COL,28142000-ammonia-in-aqueous-solution,0.68,0.02,0.7,
Colombia,COL,28342100-nitrate-of-potassium,1.68,0.03,1.72,
Colombia,COL,3102-mineral-or-chemical-fertilizers-nitrogen,,,,
Colombia,COL,31021012-urea-in-aqueous-solution-containing-45-n,0.51,0.02,0.52,
Colombia,COL,31021015-urea-in-aqueous-solution-containing-45-n,0.84,0.02,0.86,
Colombia,COL,31021019-urea-whether-or-not-in-aqueous-solution,1.53,0.05,1.58,
Colombia,COL,31021090-urea-whether-or-not-in-aqueous-solution,1.5,0.05,1.55,
Colombia,COL,31022100-ammonium-sulphate-excl-that-in-tablets-o,0.66,0.04,0.7,
Colombia,COL,31022900-double-salts-and-mixtures-of-ammonium-su,1.19,0.04,1.23,
Colombia,COL,31023010-ammonium-nitrate-in-aqueous-solution-exc,1.28,0.03,1.31,
Colombia,COL,31023090-ammonium-nitrate-excl-that-in-aqueous-so,1.97,0.05,2.02,
Colombia,COL,31024010-mixtures-of-ammonium-nitrate-with-calciu,1.7,0.04,1.74,
Colombia,COL,31024090-mixtures-of-ammonium-nitrate-with-calciu,1.7,0.04,1.74,
Colombia,COL,31025000-sodium-nitrate-excl-that-in-tablets-or-s,2.97,0.04,3.01,
Colombia,COL,31026000-double-salts-and-mixtures-of-calcium-nit,1.65,0.04,1.69,
Colombia,COL,31028000-mixtures-of-urea-and-ammonium-nitrate-in,1.36,0.04,1.4,
Colombia,COL,31029000-mineral-or-chemical-nitrogen-fertilisers,1.49,0.05,1.54,
Colombia,COL,3105-mineral-or-chemical-fertilisers-containi,,,,
Colombia,COL,31051000-mineral-or-chemical-fertilisers-of-anima,0.7,0.04,0.74,
Colombia,COL,31052010-mineral-or-chemical-fertilisers-containi,0.85,0.04,0.9,
Colombia,COL,31052090-mineral-or-chemical-fertilisers-containi,0.58,0.03,0.61,
Colombia,COL,31053000-diammonium-hydrogenorthophosphate-diammo,0.53,0.03,0.56,
Colombia,COL,31054000-ammonium-dihydrogenorthophosphate-monoam,0.34,0.02,0.36,
Colombia,COL,31055100-other-mineral-or-chemical-fertilisers-co,1.16,0.05,1.22,
Colombia,COL,31055900-other-mineral-or-chemical-fertilisers-co,0.61,0.07,0.68,
Colombia,COL,31059020-mineral-or-chemical-fertilisers-containi,1.13,0.03,1.16,
Colombia,COL,31059080-mineral-or-chemical-fertilisers-containi,0.58,0.02,0.6,
Colombia,COL,7601-unwrought-aluminium,0.36,,0.36,L
Colombia,COL,7603-aluminium-powders-and-flakes,1.03,,1.03,L
Colombia,COL,76041010-bars-and-rods,1.25,,1.25,L
Colombia,COL,76041090-profiles,1.27,,1.27,L
Colombia,COL,76042100-hollow-profiles,1.27,,1.27,L
Colombia,COL,76042910-bars-and-rods,1.25,,1.25,L
Colombia,COL,76042990-profiles,1.27,,1.27,L
Colombia,COL,7605-aluminium-wire,1.25,,1.25,L
Colombia,COL,7606-aluminium-plates-sheets-and-strip-of-a-t,1.71,,1.71,L
Colombia,COL,7607-aluminium-foil-whether-or-not-printed-or,1.71,,1.71,L
Colombia,COL,7608-aluminium-tubes-and-pipes,1.27,,1.27,L
Colombia,COL,76090000-aluminium-tube-or-pipe-fittings-for-exam,1.27,,1.27,L
Colombia,COL,76101000-doors-windows-and-their-frames-and-thres,1.27,,1.27,L
Colombia,COL,761090-other,1.27,,1.27,L
Colombia,COL,76109010-bridges-and-bridge-sections-towers-and-l,1.27,,1.27,L
Colombia,COL,76109090-other,1.27,,1.27,L
Colombia,COL,76110000-aluminium-reservoirs-tanks-vats-and-simi,1.71,,1.71,L
Colombia,COL,7612-aluminium-casks-drums-cans-boxes-and-sim,1.71,,1.71,L
Colombia,COL,76130000-aluminium-containers-for-compressed-or-l,1.71,,1.71,L
Colombia,COL,7614-stranded-wire-cables-plaited-bands-and-t,1.25,,1.25,L
Colombia,COL,76161000-nails-tacks-staples-other-than-those-of,1.71,,1.71,L
Colombia,COL,76169100-cloth-grill-netting-and-fencing-of-alumi,1.71,,1.71,L
Colombia,COL,76169910-cast,1.03,,1.03,L
Colombia,COL,76169990-other,1.71,,1.71,L
Colombia,COL,28041000-hydrogen,10.82,,10.82,
Colombia,COL,26011200-agglomerated-iron-ores-and-concentrates,0.3,0.01,0.31,
Colombia,COL,7201-pig-iron-and-spiegeleisen-in-pigs-blocks,1.93,,1.93,
Colombia,COL,720211-ferro-manganese-containing-by-weight-2-o,1.69,,1.69,
Colombia,COL,720219-ferro-manganese-containing-by-weight-2-c,,,,
Colombia,COL,720241-ferro-chromium-containing-by-weight-4-of,2.35,,2.35,
Colombia,COL,720249-ferro-chromium-containing-by-weight-4-of,,,,
Colombia,COL,72026000-ferro-nickel,3.48,,3.48,
Colombia,COL,7203-ferrous-products-obtained-by-direct-redu,,,,
Colombia,COL,7205-granules-and-powders-of-pig-iron-spiegel,2.02,,2.02,C/F
Colombia,COL,7206-iron-and-non-alloy-steel-in-ingots-or-ot,,,,
Colombia,COL,72061000-ingots-of-iron-and-non-alloy-steel-excl,2.1,,2.1,C
Colombia,COL,72069000-iron-and-non-alloy-steel-in-puddled-bars,2.11,,2.11,C
Colombia,COL,7207-semi-finished-products-of-iron-or-non-al,,,,
Colombia,COL,72071111-semi-finished-products-of-non-alloy-free,2.11,,2.11,C
Colombia,COL,72071114-semi-finished-products-of-iron-or-non-al,2.11,,2.11,C
Colombia,COL,72071116-semi-finished-products-of-iron-or-non-al,2.11,,2.11,C
Colombia,COL,72071190-semi-finished-products-of-iron-or-non-al,2.1,,2.1,C
Colombia,COL,72071210-semi-finished-products-of-iron-or-non-al,2.11,,2.11,C
Colombia,COL,72071290-semi-finished-products-of-iron-or-non-al,2.1,,2.1,C
Colombia,COL,72071912-semi-finished-products-of-iron-or-non-al,2.11,,2.11,C
Colombia,COL,72071919-semi-finished-products-of-iron-or-non-al,2.1,,2.1,C
Colombia,COL,72071980-semi-finished-products-of-iron-or-non-al,2.11,,2.11,C
Colombia,COL,72072011-semi-finished-products-of-non-alloy-free,2.11,,2.11,C
Colombia,COL,72072015-semi-finished-products-of-iron-or-non-al,2.11,,2.11,C
Colombia,COL,72072017-semi-finished-products-of-iron-or-non-al,2.11,,2.11,C
Colombia,COL,72072019-semi-finished-products-of-iron-or-non-al,2.1,,2.1,C
Colombia,COL,72072032-semi-finished-products-of-iron-or-non-al,2.11,,2.11,C
Colombia,COL,72072039-semi-finished-products-of-iron-or-non-al,2.1,,2.1,C
Colombia,COL,72072052-semi-finished-products-of-iron-or-non-al,2.11,,2.11,C
Colombia,COL,72072059-semi-finished-products-of-iron-or-non-al,2.1,,2.1,C
Colombia,COL,72072080-semi-finished-products-of-iron-or-non-al,2.11,,2.11,C
Colombia,COL,7208-flat-rolled-products-of-iron-or-non-allo,2.56,,2.56,C
Colombia,COL,7209-flat-rolled-products-of-iron-or-non-allo,2.89,,2.89,C
Colombia,COL,7210-flat-rolled-products-of-iron-or-non-allo,2.89,,2.89,C
Colombia,COL,7211-flat-rolled-products-of-iron-or-non-allo,,,,
Colombia,COL,72111300-flat-rolled-products-of-iron-or-non-allo,2.56,,2.56,C
Colombia,COL,72111400-flat-rolled-products-of-iron-or-non-allo,2.56,,2.56,C
Colombia,COL,72111900-flat-rolled-products-of-iron-or-non-allo,2.56,,2.56,C
Colombia,COL,721123-flat-rolled-products-of-iron-or-non-allo,2.89,,2.89,C
Colombia,COL,72112900-flat-rolled-products-of-iron-or-non-allo,2.89,,2.89,C
Colombia,COL,721190-flat-rolled-products-of-iron-or-non-allo,2.89,,2.89,C
Colombia,COL,7212-flat-rolled-products-of-iron-or-non-allo,2.89,,2.89,C
Colombia,COL,7213-bars-and-rods-of-iron-or-non-alloy-steel,2.11,,2.11,C
Colombia,COL,7214-bars-and-rods-of-iron-or-non-alloy-steel,,,,
Colombia,COL,72141000-bars-and-rods-of-iron-or-non-alloy-steel,2.1,,2.1,C
Colombia,COL,72142000-bars-and-rods-of-iron-or-non-alloy-steel,2.11,,2.11,C
Colombia,COL,72143000-bars-and-rods-of-non-alloy-free-cutting,2.11,,2.11,C
Colombia,COL,721491-bars-and-rods-of-iron-or-non-alloy-steel,2.11,,2.11,C
Colombia,COL,721499-bars-and-rods-of-iron-or-non-alloy-steel,2.11,,2.11,C
Colombia,COL,7215-bars-and-rods-of-iron-or-non-alloy-steel,2.11,,2.11,C
Colombia,COL,7216-angles-shapes-and-sections-of-iron-or-no,2.11,,2.11,C
Colombia,COL,7217-wire-of-iron-or-non-alloy-steel-in-coils,,,,
Colombia,COL,721710-wire-of-iron-or-non-alloy-steel-in-coils,2.11,,2.11,C
Colombia,COL,721720-wire-of-iron-or-non-alloy-steel-in-coils,2.11,,2.11,C
Colombia,COL,721730-wire-of-iron-or-non-alloy-steel-in-coils,2.11,,2.11,C
Colombia,COL,721790-wire-of-iron-or-non-alloy-steel-in-coils,2.11,,2.11,C
Colombia,COL,7218-stainless-steel-in-ingots-or-other-prima,,,,
Colombia,COL,72181000-steel-stainless-in-ingots-and-other-prim,3.07,,3.07,
Colombia,COL,721891-semi-finished-products-of-stainless-stee,3.82,,3.82,
Colombia,COL,72189911-semi-finished-products-of-stainless-stee,3.82,,3.82,
Colombia,COL,72189919-semi-finished-products-of-stainless-stee,3.07,,3.07,
Colombia,COL,72189920-semi-finished-products-of-stainless-stee,3.82,,3.82,
Colombia,COL,72189980-semi-finished-products-of-stainless-stee,3.07,,3.07,
Colombia,COL,7219-flat-rolled-products-of-stainless-steel,,,,
Colombia,COL,72191100-flat-rolled-products-of-stainless-steel,3.82,,3.82,
Colombia,COL,721912-flat-rolled-products-of-stainless-steel,3.82,,3.82,
Colombia,COL,721913-flat-rolled-products-of-stainless-steel,3.82,,3.82,
Colombia,COL,721914-flat-rolled-products-of-stainless-steel,3.82,,3.82,
Colombia,COL,721921-flat-rolled-products-of-stainless-steel,3.82,,3.82,
Colombia,COL,721922-flat-rolled-products-of-stainless-steel,3.82,,3.82,
Colombia,COL,72192300-flat-rolled-products-of-stainless-steel,3.82,,3.82,
Colombia,COL,72192400-flat-rolled-products-of-stainless-steel,3.82,,3.82,
Colombia,COL,72193100-flat-rolled-products-of-stainless-steel,4.15,,4.15,
Colombia,COL,721932-flat-rolled-products-of-stainless-steel,4.15,,4.15,
Colombia,COL,721933-flat-rolled-products-of-stainless-steel,4.15,,4.15,
Colombia,COL,721934-flat-rolled-products-of-stainless-steel,4.15,,4.15,
Colombia,COL,721935-flat-rolled-products-of-stainless-steel,4.15,,4.15,
Colombia,COL,721990-flat-rolled-products-of-stainless-steel,4.15,,4.15,
Colombia,COL,7220-flat-rolled-products-of-stainless-steel,,,,
Colombia,COL,72201100-flat-rolled-products-of-stainless-steel,3.82,,3.82,
Colombia,COL,72201200-flat-rolled-products-of-stainless-steel,3.82,,3.82,
Colombia,COL,722020-flat-rolled-products-of-stainless-steel,4.15,,4.15,
Colombia,COL,722090-flat-rolled-products-of-stainless-steel,4.15,,4.15,
Colombia,COL,7221-bars-and-rods-of-stainless-steel-hot-rol,3.08,,3.08,
Colombia,COL,7222-other-bars-and-rods-of-stainless-steel-a,,,,
Colombia,COL,722211-bars-and-rods-of-stainless-steel-only-ho,3.08,,3.08,
Colombia,COL,722219-bars-and-rods-of-stainless-steel-only-ho,3.08,,3.08,
Colombia,COL,722220-other-bars-and-rods-of-stainless-steel-n,3.08,,3.08,
Colombia,COL,722230-other-bars-and-rods-of-stainless-steel-c,3.07,,3.07,
Colombia,COL,722240-angles-shapes-and-sections-of-stainless,3.08,,3.08,
Colombia,COL,7223-wire-of-stainless-steel-in-coils-excl-ba,,,,
Colombia,COL,722300-wire-of-stainless-steel-in-coils-excl-ba,3.08,,3.08,
Colombia,COL,7224-steel-alloy-other-than-stainless-in-ingo,,,,
Colombia,COL,722410-steel-alloy-other-than-stainless-in-ingo,3.43,,3.43,F
Colombia,COL,72249002-semi-finished-products-of-tool-steel,4.18,,4.18,F
Colombia,COL,72249003-semi-finished-products-of-high-speed-ste,4.18,,4.18,F
Colombia,COL,72249005-semi-finished-products-of-steel-containi,4.18,,4.18,F
Colombia,COL,72249007-semi-finished-products-of-alloy-steel-ot,4.18,,4.18,F
Colombia,COL,72249014-semi-finished-products-of-alloy-steel-ot,4.18,,4.18,F
Colombia,COL,72249018-semi-finished-products-of-alloy-steel-ot,3.43,,3.43,F
Colombia,COL,72249031-semi-finished-products-of-steel-containi,4.18,,4.18,F
Colombia,COL,72249038-semi-finished-products-of-alloy-steel-ot,4.18,,4.18,F
Colombia,COL,72249090-semi-finished-products-of-alloy-steel-ot,3.43,,3.43,F
Colombia,COL,7225-flat-rolled-products-of-alloy-steel-othe,,,,
Colombia,COL,72251100-flat-rolled-products-of-silicon-electric,5.3,,5.3,C
Colombia,COL,72251910-flat-rolled-products-of-silicon-electric,4.18,,4.18,C
Colombia,COL,72251990-flat-rolled-products-of-silicon-electric,4.52,,4.52,C
Colombia,COL,722530-flat-rolled-products-of-alloy-steel-othe,4.18,,4.18,F
Colombia,COL,722540-flat-rolled-products-of-alloy-steel-othe,4.18,,4.18,F
Colombia,COL,722550-flat-rolled-products-of-alloy-steel-othe,4.52,,4.52,F
Colombia,COL,72259100-flat-rolled-products-of-alloy-steel-othe,4.52,,4.52,F
Colombia,COL,72259200-flat-rolled-products-of-alloy-steel-othe,4.52,,4.52,F
Colombia,COL,72259900-flat-rolled-products-of-alloy-steel-othe,4.52,,4.52,F
Colombia,COL,7226-flat-rolled-products-of-alloy-steel-othe,,,,
Colombia,COL,72261100-flat-rolled-products-of-silicon-electric,5.3,,5.3,C
Colombia,COL,72261910-flat-rolled-products-of-silicon-electric,4.18,,4.18,C
Colombia,COL,72261980-flat-rolled-products-of-silicon-electric,4.52,,4.52,C
Colombia,COL,72262000-flat-rolled-products-of-high-speed-steel,4.18,,4.18,F
Colombia,COL,722691-flat-rolled-products-of-alloy-steel-othe,4.18,,4.18,F
Colombia,COL,72269200-flat-rolled-products-of-alloy-steel-othe,4.52,,4.52,F
Colombia,COL,722699-flat-rolled-products-of-alloy-steel-othe,4.52,,4.52,F
Colombia,COL,7227-bars-and-rods-of-alloy-steel-other-than,3.44,,3.44,C/F
Colombia,COL,7228-other-bars-and-rods-of-alloy-steel-other,,,,
Colombia,COL,72281020-bars-and-rods-of-high-speed-steel-not-fu,3.44,,3.44,F
Colombia,COL,72281050-bars-and-rods-of-high-speed-steel-forged,3.43,,3.43,F
Colombia,COL,72281090-bars-and-rods-of-high-speed-steel-not-fu,3.44,,3.44,F
Colombia,COL,722820-bars-and-rods-of-silico-manganese-steel,3.44,,3.44,F
Colombia,COL,722830-bars-and-rods-of-alloy-steel-other-than,3.44,,3.44,C/F
Colombia,COL,722840-bars-and-rods-of-alloy-steel-other-than,3.43,,3.43,F
Colombia,COL,722850-bars-and-rods-of-alloy-steel-other-than,3.44,,3.44,C/F
Colombia,COL,722860-bars-and-rods-of-alloy-steel-other-than,3.44,,3.44,F
Colombia,COL,722870-angles-shapes-and-sections-of-alloy-stee,3.44,,3.44,F
Colombia,COL,72288000-hollow-drill-bars-and-rods-of-alloy-or-n,3.44,,3.44,F
Colombia,COL,7229-wire-of-alloy-steel-other-than-stainless,3.44,,3.44,C/F
Colombia,COL,7301-sheet-piling-of-iron-or-steel-whether-or,2.89,,2.89,C
Colombia,COL,7302-railway-or-tramway-track-construction-ma,2.73,,2.73,C
Colombia,COL,7303-tubes-pipes-and-hollow-profiles-of-cast,,,,
Colombia,COL,730300-tubes-pipes-and-hollow-profiles-of-cast,1.95,,1.95,
Colombia,COL,7304-tubes-pipes-and-hollow-profiles-seamless,,,,
Colombia,COL,73041100-line-pipe-of-a-kind-used-for-oil-or-gas,3.08,,3.08,
Colombia,COL,730419-line-pipe-of-a-kind-used-for-oil-or-gas,2.11,,2.11,C
Colombia,COL,73042200-drill-pipe-seamless-of-stainless-steel-o,3.08,,3.08,
Colombia,COL,73042300-drill-pipe-seamless-of-a-kind-used-in-dr,2.11,,2.11,C
Colombia,COL,73042400-casing-and-tubing-seamless-of-a-kind-use,3.08,,3.08,
Colombia,COL,730429-casing-and-tubing-seamless-of-iron-or-st,2.11,,2.11,C
Colombia,COL,730431-tubes-pipes-and-hollow-profiles-seamless,2.11,,2.11,C
Colombia,COL,730439-tubes-pipes-and-hollow-profiles-seamless,2.11,,2.11,C
Colombia,COL,73044100-tubes-pipes-and-hollow-profiles-seamless,3.08,,3.08,
Colombia,COL,730449-tubes-pipes-and-hollow-profiles-seamless,3.08,,3.08,
Colombia,COL,730451-tubes-pipes-and-hollow-profiles-seamless,2.05,,2.05,F
Colombia,COL,730459-tubes-pipes-and-hollow-profiles-seamless,2.05,,2.05,C/F
Colombia,COL,73049000-tubes-pipes-and-hollow-profiles-seamless,2.11,,2.11,C
Colombia,COL,7305-tubes-and-pipes-having-circular-cross-se,2.89,,2.89,C
Colombia,COL,7306-tubes-pipes-and-hollow-profiles-e-g-open,,,,
Colombia,COL,73061100-line-pipe-of-a-kind-used-for-oil-or-gas,4.15,,4.15,
Colombia,COL,73061900-line-pipe-of-a-kind-used-for-oil-or-gas,2.89,,2.89,C
Colombia,COL,73062100-casing-and-tubing-of-a-kind-used-in-dril,4.15,,4.15,
Colombia,COL,73062900-casing-and-tubing-of-a-kind-used-in-dril,2.89,,2.89,C
Colombia,COL,73063012-precision-tubes-welded-of-circular-cross,2.89,,2.89,C
Colombia,COL,73063018-precision-tubes-welded-of-circular-cross,2.56,,2.56,C
Colombia,COL,73063041-threaded-or-threadable-tubes-gas-pipe-we,2.89,,2.89,C
Colombia,COL,73063049-threaded-or-threadable-tubes-gas-pipe-we,2.89,,2.89,C
Colombia,COL,73063072-other-tubes-pipes-and-hollow-profiles-we,2.89,,2.89,C
Colombia,COL,73063077-other-tubes-pipes-and-hollow-profiles-we,2.89,,2.89,C
Colombia,COL,73063080-tubes-pipes-and-hollow-profiles-welded-h,2.89,,2.89,C
Colombia,COL,73064020-tubes-pipes-and-hollow-profiles-welded-o,4.15,,4.15,
Colombia,COL,73064080-tubes-pipes-and-hollow-profiles-welded-o,3.82,,3.82,
Colombia,COL,73065021-precision-steel-tubes-welded-of-circular,3.12,,3.12,F
Colombia,COL,73065029-precision-steel-tubes-welded-of-circular,2.79,,2.79,F
Colombia,COL,73065080-tubes-pipes-and-hollow-profiles-welded-o,3.12,,3.12,F
Colombia,COL,73066110-tubes-and-pipes-and-hollow-profiles-weld,4.15,,4.15,
Colombia,COL,73066192-tubes-and-pipes-and-hollow-profiles-weld,2.89,,2.89,C
Colombia,COL,73066199-tubes-and-pipes-and-hollow-profiles-weld,2.89,,2.89,C
Colombia,COL,73066910-tubes-pipes-and-hollow-profiles-welded-o,4.15,,4.15,
Colombia,COL,73066990-tubes-pipes-and-hollow-profiles-welded-o,2.89,,2.89,C
Colombia,COL,73069000-tubes-pipes-and-hollow-profiles-e-g-open,2.89,,2.89,C
Colombia,COL,7307-tube-or-pipe-fittings-e-g-couplings-elbo,,,,
Colombia,COL,730711-tube-or-pipe-fittings-of-non-malleable-c,1.94,,1.94,
Colombia,COL,73071910-tube-or-pipe-fittings-of-cast-iron-excl,1.94,,1.94,
Colombia,COL,73071990-cast-tube-or-pipe-fittings-of-steel,2.1,,2.1,C
Colombia,COL,73072100-flanges-of-stainless-steel-excl-cast-pro,2.73,,2.73,
Colombia,COL,730722-threaded-elbows-bends-and-sleeves-of-sta,2.73,,2.73,
Colombia,COL,730723-butt-welding-tube-or-pipe-fittings-of-st,2.73,,2.73,
Colombia,COL,730729-tube-or-pipe-fittings-of-stainless-steel,2.73,,2.73,
Colombia,COL,73079100-flanges-of-iron-or-steel-excl-cast-or-st,2.11,,2.11,C
Colombia,COL,730792-threaded-elbows-bends-and-sleeves-of-sta,2.11,,2.11,C
Colombia,COL,730793-butt-welding-fittings-of-iron-or-steel-e,2.11,,2.11,C
Colombia,COL,730799-tube-or-pipe-fittings-of-iron-or-steel-e,2.11,,2.11,C
Colombia,COL,7308-structures-and-parts-of-structures-e-g-b,3.58,,3.58,C
Colombia,COL,7309-reservoirs-tanks-vats-and-similar-contai,3.76,,3.76,C
Colombia,COL,7310-tanks-casks-drums-cans-boxes-and-similar,2.89,,2.89,C
Colombia,COL,7311-containers-of-iron-or-steel-for-compress,,,,
Colombia,COL,731100-containers-of-iron-or-steel-for-compress,2.99,,2.99,C
Colombia,COL,7318-screws-bolts-nuts-coach-screws-screw-hoo,,,,
Colombia,COL,73181100-coach-screws-of-iron-or-steel,2.11,,2.11,C
Colombia,COL,73181210-wood-screws-of-stainless-steel-excl-coac,3.08,,3.08,
Colombia,COL,73181290-wood-screws-of-iron-or-steel-other-than,2.11,,2.11,C
Colombia,COL,73181300-screw-hooks-and-screw-rings-of-iron-or-s,2.11,,2.11,C
Colombia,COL,73181410-self-tapping-screws-of-stainless-steel-e,3.08,,3.08,
Colombia,COL,73181491-spaced-thread-screws-of-iron-or-steel-ot,2.11,,2.11,C
Colombia,COL,73181499-self-tapping-screws-of-iron-or-steel-oth,2.11,,2.11,C
Colombia,COL,731815-threaded-screws-and-bolts-of-iron-or-ste,2.68,,2.68,C
Colombia,COL,731816-nuts-of-iron-or-steel,2.95,,2.95,C
Colombia,COL,73181900-threaded-articles-of-iron-or-steel-n-e-s,2.11,,2.11,C
Colombia,COL,73182100-spring-washers-and-other-lock-washers-of,2.11,,2.11,C
Colombia,COL,73182200-washers-of-iron-or-steel-excl-spring-was,2.21,,2.21,C
Colombia,COL,73182300-rivets-of-iron-or-steel-excl-tubular-and,2.16,,2.16,C
Colombia,COL,73182400-cotters-and-cotter-pins-of-iron-or-steel,2.11,,2.11,C
Colombia,COL,73182900-non-threaded-articles-of-iron-or-steel,2.11,,2.11,C
Colombia,COL,7326-articles-of-iron-or-steel-n-e-s-excl-cas,,,,
Colombia,COL,73261100-grinding-balls-and-similar-articles-for,2.1,,2.1,C
Colombia,COL,732619-articles-of-iron-or-steel-forged-or-stam,2.1,,2.1,C
Colombia,COL,73262000-articles-of-iron-or-steel-wire-n-e-s,2.11,,2.11,C
Colombia,COL,73269030-ladders-and-steps-of-iron-or-steel,2.11,,2.11,C
Colombia,COL,73269040-pallets-and-similar-platforms-for-handli,2.11,,2.11,C
Colombia,COL,73269050-reels-for-cables-piping-and-the-like-of,2.11,,2.11,C
Colombia,COL,73269060-ventilators-non-mechanical-guttering-hoo,2.11,,2.11,C
Colombia,COL,73269092-articles-of-iron-or-steel-open-die-forge,2.1,,2.1,C
Colombia,COL,73269094-articles-of-iron-or-steel-closed-die-for,2.1,,2.1,C
Colombia,COL,73269096-sintered-articles-of-iron-or-steel-n-e-s,2.1,,2.1,C
Colombia,COL,73269098-articles-of-iron-or-steel-n-e-s,2.89,,2.89,C
Congo,COG,2507008080-calcined-clay,,,,
Congo,COG,2523100010-white-clinker,,,,
Congo,COG,2523100090-other-clinker-including-grey-clinker,0.85,0.04,0.89,A
Congo,COG,25232100-white-portland-cement,,,,
Congo,COG,25232900-grey-portland-cement,0.85,0.07,0.93,
Congo,COG,25233000-aluminous-cement,,,,
Congo,COG,2523900010-white-hydraulic-cement,,,,
Congo,COG,2523900090-other-hydraulic-cements-including-grey-h,0.82,0.07,0.89,A
Congo,COG,28041000-hydrogen,10.82,,10.82,
"Congo, Democratic Republic of",COD,2507008080-calcined-clay,,,,
"Congo, Democratic Republic of",COD,2523100010-white-clinker,,,,
"Congo, Democratic Republic of",COD,2523100090-other-clinker-including-grey-clinker,1.24,0.0,1.25,A
"Congo, Democratic Republic of",COD,25232100-white-portland-cement,,,,
"Congo, Democratic Republic of",COD,25232900-grey-portland-cement,1.24,0.01,1.25,
"Congo, Democratic Republic of",COD,25233000-aluminous-cement,,,,
"Congo, Democratic Republic of",COD,2523900010-white-hydraulic-cement,,,,
"Congo, Democratic Republic of",COD,2523900090-other-hydraulic-cements-including-grey-h,,,,
Costa Rica,CRI,2507008080-calcined-clay,,,,
Costa Rica,CRI,2523100010-white-clinker,,,,
Costa Rica,CRI,2523100090-other-clinker-including-grey-clinker,0.85,0.0,0.85,A
Costa Rica,CRI,25232100-white-portland-cement,,,,
Costa Rica,CRI,25232900-grey-portland-cement,0.85,0.0,0.86,
Costa Rica,CRI,25233000-aluminous-cement,,,,
Costa Rica,CRI,2523900010-white-hydraulic-cement,,,,
Costa Rica,CRI,2523900090-other-hydraulic-cements-including-grey-h,0.81,0.01,0.82,A
Costa Rica,CRI,28080000-nitric-acid-sulphonitric-acids,1.82,0.03,1.85,
Costa Rica,CRI,28141000-anhydrous-ammonia,,,,
Costa Rica,CRI,28142000-ammonia-in-aqueous-solution,0.68,0.03,0.71,
Costa Rica,CRI,28342100-nitrate-of-potassium,1.63,0.05,1.67,
Costa Rica,CRI,3102-mineral-or-chemical-fertilizers-nitrogen,,,,
Costa Rica,CRI,31021012-urea-in-aqueous-solution-containing-45-n,0.51,0.03,0.53,
Costa Rica,CRI,31021015-urea-in-aqueous-solution-containing-45-n,0.84,0.03,0.87,
Costa Rica,CRI,31021019-urea-whether-or-not-in-aqueous-solution,1.53,0.08,1.61,
Costa Rica,CRI,31021090-urea-whether-or-not-in-aqueous-solution,1.5,0.08,1.57,
Costa Rica,CRI,31022100-ammonium-sulphate-excl-that-in-tablets-o,0.66,0.06,0.72,
Costa Rica,CRI,31022900-double-salts-and-mixtures-of-ammonium-su,1.16,0.06,1.23,
Costa Rica,CRI,31023010-ammonium-nitrate-in-aqueous-solution-exc,1.24,0.05,1.29,
Costa Rica,CRI,31023090-ammonium-nitrate-excl-that-in-aqueous-so,1.9,0.07,1.98,
Costa Rica,CRI,31024010-mixtures-of-ammonium-nitrate-with-calciu,1.65,0.07,1.71,
Costa Rica,CRI,31024090-mixtures-of-ammonium-nitrate-with-calciu,1.65,0.07,1.71,
Costa Rica,CRI,31025000-sodium-nitrate-excl-that-in-tablets-or-s,2.84,0.05,2.89,
Costa Rica,CRI,31026000-double-salts-and-mixtures-of-calcium-nit,1.6,0.06,1.66,
Costa Rica,CRI,31028000-mixtures-of-urea-and-ammonium-nitrate-in,1.34,0.06,1.4,
Costa Rica,CRI,31029000-mineral-or-chemical-nitrogen-fertilisers,1.47,0.07,1.55,
Costa Rica,CRI,3105-mineral-or-chemical-fertilisers-containi,,,,
Costa Rica,CRI,31051000-mineral-or-chemical-fertilisers-of-anima,0.69,0.06,0.75,
Costa Rica,CRI,31052010-mineral-or-chemical-fertilisers-containi,0.83,0.07,0.9,
Costa Rica,CRI,31052090-mineral-or-chemical-fertilisers-containi,0.57,0.05,0.62,
Costa Rica,CRI,31053000-diammonium-hydrogenorthophosphate-diammo,0.53,0.04,0.57,
Costa Rica,CRI,31054000-ammonium-dihydrogenorthophosphate-monoam,0.34,0.03,0.37,
Costa Rica,CRI,31055100-other-mineral-or-chemical-fertilisers-co,1.13,0.08,1.21,
Costa Rica,CRI,31055900-other-mineral-or-chemical-fertilisers-co,0.61,0.08,0.69,
Costa Rica,CRI,31059020-mineral-or-chemical-fertilisers-containi,1.1,0.05,1.15,
Costa Rica,CRI,31059080-mineral-or-chemical-fertilisers-containi,0.56,0.04,0.6,
Costa Rica,CRI,7601-unwrought-aluminium,0.36,,0.36,L
Costa Rica,CRI,7603-aluminium-powders-and-flakes,1.41,,1.41,L
Costa Rica,CRI,76041010-bars-and-rods,1.63,,1.63,L
Costa Rica,CRI,76041090-profiles,1.65,,1.65,L
Costa Rica,CRI,76042100-hollow-profiles,1.65,,1.65,L
Costa Rica,CRI,76042910-bars-and-rods,1.63,,1.63,L
Costa Rica,CRI,76042990-profiles,1.65,,1.65,L
Costa Rica,CRI,7605-aluminium-wire,1.63,,1.63,L
Costa Rica,CRI,7606-aluminium-plates-sheets-and-strip-of-a-t,2.09,,2.09,L
Costa Rica,CRI,7607-aluminium-foil-whether-or-not-printed-or,2.09,,2.09,L
Costa Rica,CRI,7608-aluminium-tubes-and-pipes,1.65,,1.65,L
Costa Rica,CRI,76090000-aluminium-tube-or-pipe-fittings-for-exam,1.65,,1.65,L
Costa Rica,CRI,76101000-doors-windows-and-their-frames-and-thres,1.65,,1.65,L
Costa Rica,CRI,761090-other,1.65,,1.65,L
Costa Rica,CRI,76109010-bridges-and-bridge-sections-towers-and-l,1.65,,1.65,L
Costa Rica,CRI,76109090-other,1.65,,1.65,L
Costa Rica,CRI,76110000-aluminium-reservoirs-tanks-vats-and-simi,2.09,,2.09,L
Costa Rica,CRI,7612-aluminium-casks-drums-cans-boxes-and-sim,2.09,,2.09,L
Costa Rica,CRI,76130000-aluminium-containers-for-compressed-or-l,2.09,,2.09,L
Costa Rica,CRI,7614-stranded-wire-cables-plaited-bands-and-t,1.63,,1.63,L
Costa Rica,CRI,76161000-nails-tacks-staples-other-than-those-of,2.09,,2.09,L
Costa Rica,CRI,76169100-cloth-grill-netting-and-fencing-of-alumi,2.09,,2.09,L
Costa Rica,CRI,76169910-cast,1.41,,1.41,L
Costa Rica,CRI,76169990-other,2.09,,2.09,L
Costa Rica,CRI,28041000-hydrogen,10.82,,10.82,
Cuba,CUB,2507008080-calcined-clay,,,,
Cuba,CUB,2523100010-white-clinker,1.32,0.07,1.4,B
Cuba,CUB,2523100090-other-clinker-including-grey-clinker,1.09,0.05,1.14,A
Cuba,CUB,25232100-white-portland-cement,1.32,0.16,1.48,
Cuba,CUB,25232900-grey-portland-cement,1.09,0.09,1.18,
Cuba,CUB,25233000-aluminous-cement,,,,
Cuba,CUB,2523900010-white-hydraulic-cement,,,,
Cuba,CUB,2523900090-other-hydraulic-cements-including-grey-h,,,,
Cuba,CUB,28080000-nitric-acid-sulphonitric-acids,1.82,0.06,1.88,
Cuba,CUB,28141000-anhydrous-ammonia,,,,
Cuba,CUB,28142000-ammonia-in-aqueous-solution,0.68,0.06,0.74,
Cuba,CUB,28342100-nitrate-of-potassium,1.62,0.09,1.71,
Cuba,CUB,3102-mineral-or-chemical-fertilizers-nitrogen,,,,
Cuba,CUB,31021012-urea-in-aqueous-solution-containing-45-n,0.49,0.05,0.53,
Cuba,CUB,31021015-urea-in-aqueous-solution-containing-45-n,0.81,0.05,0.85,
Cuba,CUB,31021019-urea-whether-or-not-in-aqueous-solution,1.46,0.14,1.6,
Cuba,CUB,31021090-urea-whether-or-not-in-aqueous-solution,1.43,0.14,1.57,
Cuba,CUB,31022100-ammonium-sulphate-excl-that-in-tablets-o,0.65,0.1,0.75,
Cuba,CUB,31022900-double-salts-and-mixtures-of-ammonium-su,1.15,0.12,1.26,
Cuba,CUB,31023010-ammonium-nitrate-in-aqueous-solution-exc,1.23,0.09,1.32,
Cuba,CUB,31023090-ammonium-nitrate-excl-that-in-aqueous-so,1.89,0.14,2.03,
Cuba,CUB,31024010-mixtures-of-ammonium-nitrate-with-calciu,1.62,0.12,1.75,
Cuba,CUB,31024090-mixtures-of-ammonium-nitrate-with-calciu,1.62,0.12,1.75,
Cuba,CUB,31025000-sodium-nitrate-excl-that-in-tablets-or-s,2.84,0.09,2.94,
Cuba,CUB,31026000-double-salts-and-mixtures-of-calcium-nit,1.59,0.12,1.71,
Cuba,CUB,31028000-mixtures-of-urea-and-ammonium-nitrate-in,1.31,0.11,1.42,
Cuba,CUB,31029000-mineral-or-chemical-nitrogen-fertilisers,1.43,0.13,1.56,
Cuba,CUB,3105-mineral-or-chemical-fertilisers-containi,,,,
Cuba,CUB,31051000-mineral-or-chemical-fertilisers-of-anima,0.68,0.1,0.79,
Cuba,CUB,31052010-mineral-or-chemical-fertilisers-containi,0.82,0.12,0.94,
Cuba,CUB,31052090-mineral-or-chemical-fertilisers-containi,0.56,0.09,0.65,
Cuba,CUB,31053000-diammonium-hydrogenorthophosphate-diammo,0.53,0.08,0.6,
Cuba,CUB,31054000-ammonium-dihydrogenorthophosphate-monoam,0.33,0.06,0.4,
Cuba,CUB,31055100-other-mineral-or-chemical-fertilisers-co,1.11,0.15,1.27,
Cuba,CUB,31055900-other-mineral-or-chemical-fertilisers-co,0.6,0.12,0.72,
Cuba,CUB,31059020-mineral-or-chemical-fertilisers-containi,1.09,0.09,1.18,
Cuba,CUB,31059080-mineral-or-chemical-fertilisers-containi,0.56,0.06,0.62,
Cuba,CUB,28041000-hydrogen,10.82,,10.82,
Curaçao,CUW,28041000-hydrogen,10.82,,10.82,
Dominican Republic,DOM,2507008080-calcined-clay,,,,
Dominican Republic,DOM,2523100010-white-clinker,,,,
Dominican Republic,DOM,2523100090-other-clinker-including-grey-clinker,1.03,0.05,1.07,A
Dominican Republic,DOM,25232100-white-portland-cement,1.21,0.15,1.36,
Dominican Republic,DOM,25232900-grey-portland-cement,1.04,0.08,1.12,
Dominican Republic,DOM,25233000-aluminous-cement,,,,
Dominican Republic,DOM,2523900010-white-hydraulic-cement,1.26,0.19,1.45,B
Dominican Republic,DOM,2523900090-other-hydraulic-cements-including-grey-h,0.99,0.08,1.07,A
Dominican Republic,DOM,28080000-nitric-acid-sulphonitric-acids,1.8,0.05,1.85,
Dominican Republic,DOM,28141000-anhydrous-ammonia,,,,
Dominican Republic,DOM,28142000-ammonia-in-aqueous-solution,0.68,0.05,0.73,
Dominican Republic,DOM,28342100-nitrate-of-potassium,1.61,0.08,1.69,
Dominican Republic,DOM,3102-mineral-or-chemical-fertilizers-nitrogen,,,,
Dominican Republic,DOM,31021012-urea-in-aqueous-solution-containing-45-n,0.51,0.04,0.55,
Dominican Republic,DOM,31021015-urea-in-aqueous-solution-containing-45-n,0.84,0.04,0.88,
Dominican Republic,DOM,31021019-urea-whether-or-not-in-aqueous-solution,1.53,0.12,1.65,
Dominican Republic,DOM,31021090-urea-whether-or-not-in-aqueous-solution,1.5,0.12,1.62,
Dominican Republic,DOM,31022100-ammonium-sulphate-excl-that-in-tablets-o,0.66,0.09,0.75,
Dominican Republic,DOM,31022900-double-salts-and-mixtures-of-ammonium-su,1.16,0.1,1.26,
Dominican Republic,DOM,31023010-ammonium-nitrate-in-aqueous-solution-exc,1.23,0.08,1.3,
Dominican Republic,DOM,31023090-ammonium-nitrate-excl-that-in-aqueous-so,1.88,0.12,2.0,
Dominican Republic,DOM,31024010-mixtures-of-ammonium-nitrate-with-calciu,1.63,0.11,1.74,
Dominican Republic,DOM,31024090-mixtures-of-ammonium-nitrate-with-calciu,1.63,0.11,1.74,
Dominican Republic,DOM,31025000-sodium-nitrate-excl-that-in-tablets-or-s,2.8,0.08,2.88,
Dominican Republic,DOM,31026000-double-salts-and-mixtures-of-calcium-nit,1.58,0.11,1.69,
Dominican Republic,DOM,31028000-mixtures-of-urea-and-ammonium-nitrate-in,1.33,0.1,1.42,
Dominican Republic,DOM,31029000-mineral-or-chemical-nitrogen-fertilisers,1.47,0.11,1.58,
Dominican Republic,DOM,3105-mineral-or-chemical-fertilisers-containi,,,,
Dominican Republic,DOM,31051000-mineral-or-chemical-fertilisers-of-anima,0.69,0.09,0.78,
Dominican Republic,DOM,31052010-mineral-or-chemical-fertilisers-containi,0.82,0.11,0.93,
Dominican Republic,DOM,31052090-mineral-or-chemical-fertilisers-containi,0.56,0.08,0.64,
Dominican Republic,DOM,31053000-diammonium-hydrogenorthophosphate-diammo,0.53,0.07,0.6,
Dominican Republic,DOM,31054000-ammonium-dihydrogenorthophosphate-monoam,0.34,0.05,0.39,
Dominican Republic,DOM,31055100-other-mineral-or-chemical-fertilisers-co,1.12,0.14,1.26,
Dominican Republic,DOM,31055900-other-mineral-or-chemical-fertilisers-co,0.61,0.11,0.72,
Dominican Republic,DOM,31059020-mineral-or-chemical-fertilisers-containi,1.08,0.08,1.17,
Dominican Republic,DOM,31059080-mineral-or-chemical-fertilisers-containi,0.56,0.06,0.62,
Dominican Republic,DOM,28041000-hydrogen,10.82,,10.82,
Dominican Republic,DOM,72026000-ferro-nickel,3.48,,3.48,
Ecuador,ECU,2507008080-calcined-clay,,,,
Ecuador,ECU,2523100010-white-clinker,,,,
Ecuador,ECU,2523100090-other-clinker-including-grey-clinker,1.09,0.01,1.11,A
Ecuador,ECU,25232100-white-portland-cement,,,,
Ecuador,ECU,25232900-grey-portland-cement,1.09,0.02,1.11,
Ecuador,ECU,25233000-aluminous-cement,,,,
Ecuador,ECU,2523900010-white-hydraulic-cement,,,,
Ecuador,ECU,2523900090-other-hydraulic-cements-including-grey-h,1.04,0.03,1.07,A
Ecuador,ECU,28080000-nitric-acid-sulphonitric-acids,1.88,0.02,1.91,
Ecuador,ECU,28141000-anhydrous-ammonia,,,,
Ecuador,ECU,28142000-ammonia-in-aqueous-solution,0.68,0.02,0.7,
Ecuador,ECU,28342100-nitrate-of-potassium,1.67,0.04,1.7,
Ecuador,ECU,3102-mineral-or-chemical-fertilizers-nitrogen,,,,
Ecuador,ECU,31021012-urea-in-aqueous-solution-containing-45-n,0.51,0.02,0.53,
Ecuador,ECU,31021015-urea-in-aqueous-solution-containing-45-n,0.84,0.02,0.86,
Ecuador,ECU,31021019-urea-whether-or-not-in-aqueous-solution,1.53,0.06,1.59,
Ecuador,ECU,31021090-urea-whether-or-not-in-aqueous-solution,1.5,0.06,1.56,
Ecuador,ECU,31022100-ammonium-sulphate-excl-that-in-tablets-o,0.66,0.05,0.71,
Ecuador,ECU,31022900-double-salts-and-mixtures-of-ammonium-su,1.18,0.06,1.24,
Ecuador,ECU,31023010-ammonium-nitrate-in-aqueous-solution-exc,1.27,0.04,1.31,
Ecuador,ECU,31023090-ammonium-nitrate-excl-that-in-aqueous-so,1.95,0.06,2.01,
Ecuador,ECU,31024010-mixtures-of-ammonium-nitrate-with-calciu,1.68,0.06,1.74,
Ecuador,ECU,31024090-mixtures-of-ammonium-nitrate-with-calciu,1.68,0.06,1.74,
Ecuador,ECU,31025000-sodium-nitrate-excl-that-in-tablets-or-s,2.94,0.04,2.98,
Ecuador,ECU,31026000-double-salts-and-mixtures-of-calcium-nit,1.64,0.06,1.69,
Ecuador,ECU,31028000-mixtures-of-urea-and-ammonium-nitrate-in,1.36,0.05,1.41,
Ecuador,ECU,31029000-mineral-or-chemical-nitrogen-fertilisers,1.49,0.06,1.55,
Ecuador,ECU,3105-mineral-or-chemical-fertilisers-containi,,,,
Ecuador,ECU,31051000-mineral-or-chemical-fertilisers-of-anima,0.7,0.05,0.75,
Ecuador,ECU,31052010-mineral-or-chemical-fertilisers-containi,0.85,0.06,0.91,
Ecuador,ECU,31052090-mineral-or-chemical-fertilisers-containi,0.58,0.05,0.62,
Ecuador,ECU,31053000-diammonium-hydrogenorthophosphate-diammo,0.53,0.04,0.57,
Ecuador,ECU,31054000-ammonium-dihydrogenorthophosphate-monoam,0.34,0.03,0.37,
Ecuador,ECU,31055100-other-mineral-or-chemical-fertilisers-co,1.16,0.08,1.23,
Ecuador,ECU,31055900-other-mineral-or-chemical-fertilisers-co,0.61,0.08,0.69,
Ecuador,ECU,31059020-mineral-or-chemical-fertilisers-containi,1.12,0.04,1.16,
Ecuador,ECU,31059080-mineral-or-chemical-fertilisers-containi,0.58,0.03,0.61,
Ecuador,ECU,7601-unwrought-aluminium,0.36,,0.36,L
Ecuador,ECU,7603-aluminium-powders-and-flakes,1.97,,1.97,L
Ecuador,ECU,76041010-bars-and-rods,2.19,,2.19,L
Ecuador,ECU,76041090-profiles,2.21,,2.21,L
Ecuador,ECU,76042100-hollow-profiles,2.21,,2.21,L
Ecuador,ECU,76042910-bars-and-rods,2.19,,2.19,L
Ecuador,ECU,76042990-profiles,2.21,,2.21,L
Ecuador,ECU,7605-aluminium-wire,2.19,,2.19,L
Ecuador,ECU,7606-aluminium-plates-sheets-and-strip-of-a-t,2.65,,2.65,L
Ecuador,ECU,7607-aluminium-foil-whether-or-not-printed-or,2.65,,2.65,L
Ecuador,ECU,7608-aluminium-tubes-and-pipes,2.21,,2.21,L
Ecuador,ECU,76090000-aluminium-tube-or-pipe-fittings-for-exam,2.21,,2.21,L
Ecuador,ECU,76101000-doors-windows-and-their-frames-and-thres,2.21,,2.21,L
Ecuador,ECU,761090-other,2.21,,2.21,L
Ecuador,ECU,76109010-bridges-and-bridge-sections-towers-and-l,2.21,,2.21,L
Ecuador,ECU,76109090-other,2.21,,2.21,L
Ecuador,ECU,76110000-aluminium-reservoirs-tanks-vats-and-simi,2.65,,2.65,L
Ecuador,ECU,7612-aluminium-casks-drums-cans-boxes-and-sim,2.65,,2.65,L
Ecuador,ECU,76130000-aluminium-containers-for-compressed-or-l,2.65,,2.65,L
Ecuador,ECU,7614-stranded-wire-cables-plaited-bands-and-t,2.19,,2.19,L
Ecuador,ECU,76161000-nails-tacks-staples-other-than-those-of,2.65,,2.65,L
Ecuador,ECU,76169100-cloth-grill-netting-and-fencing-of-alumi,2.65,,2.65,L
Ecuador,ECU,76169910-cast,1.97,,1.97,L
Ecuador,ECU,76169990-other,2.65,,2.65,L
Ecuador,ECU,28041000-hydrogen,10.82,,10.82,
Ecuador,ECU,720211-ferro-manganese-containing-by-weight-2-o,1.69,,1.69,
Egypt,EGY,2507008080-calcined-clay,,,,
Egypt,EGY,2523100010-white-clinker,1.29,0.04,1.33,B
Egypt,EGY,2523100090-other-clinker-including-grey-clinker,1.24,0.03,1.27,A
Egypt,EGY,25232100-white-portland-cement,1.25,0.13,1.39,
Egypt,EGY,25232900-grey-portland-cement,1.24,0.05,1.29,
Egypt,EGY,25233000-aluminous-cement,,,,
Egypt,EGY,2523900010-white-hydraulic-cement,1.3,0.16,1.45,B
Egypt,EGY,2523900090-other-hydraulic-cements-including-grey-h,1.18,0.06,1.24,A
Egypt,EGY,28080000-nitric-acid-sulphonitric-acids,2.46,0.03,2.49,
Egypt,EGY,28141000-anhydrous-ammonia,1.96,0.1,2.05,
Egypt,EGY,28142000-ammonia-in-aqueous-solution,0.59,0.03,0.62,
Egypt,EGY,28342100-nitrate-of-potassium,1.99,0.05,2.04,
Egypt,EGY,3102-mineral-or-chemical-fertilizers-nitrogen,,,,
Egypt,EGY,31021012-urea-in-aqueous-solution-containing-45-n,0.44,0.02,0.46,
Egypt,EGY,31021015-urea-in-aqueous-solution-containing-45-n,0.72,0.02,0.75,
Egypt,EGY,31021019-urea-whether-or-not-in-aqueous-solution,1.32,0.08,1.39,
Egypt,EGY,31021090-urea-whether-or-not-in-aqueous-solution,1.29,0.07,1.36,
Egypt,EGY,31022100-ammonium-sulphate-excl-that-in-tablets-o,0.57,0.06,0.63,
Egypt,EGY,31022900-double-salts-and-mixtures-of-ammonium-su,1.28,0.06,1.34,
Egypt,EGY,31023010-ammonium-nitrate-in-aqueous-solution-exc,1.51,0.05,1.56,
Egypt,EGY,31023090-ammonium-nitrate-excl-that-in-aqueous-so,2.32,0.08,2.39,
Egypt,EGY,31024010-mixtures-of-ammonium-nitrate-with-calciu,1.98,0.07,2.05,
Egypt,EGY,31024090-mixtures-of-ammonium-nitrate-with-calciu,1.98,0.07,2.05,
Egypt,EGY,31025000-sodium-nitrate-excl-that-in-tablets-or-s,3.84,0.05,3.89,
Egypt,EGY,31026000-double-salts-and-mixtures-of-calcium-nit,1.94,0.07,2.01,
Egypt,EGY,31028000-mixtures-of-urea-and-ammonium-nitrate-in,1.45,0.06,1.51,
Egypt,EGY,31029000-mineral-or-chemical-nitrogen-fertilisers,1.49,0.07,1.56,
Egypt,EGY,3105-mineral-or-chemical-fertilisers-containi,,,,
Egypt,EGY,31051000-mineral-or-chemical-fertilisers-of-anima,0.74,0.06,0.8,
Egypt,EGY,31052010-mineral-or-chemical-fertilisers-containi,0.97,0.07,1.04,
Egypt,EGY,31052090-mineral-or-chemical-fertilisers-containi,0.66,0.05,0.71,
Egypt,EGY,31053000-diammonium-hydrogenorthophosphate-diammo,0.46,0.04,0.5,
Egypt,EGY,31054000-ammonium-dihydrogenorthophosphate-monoam,0.29,0.04,0.33,
Egypt,EGY,31055100-other-mineral-or-chemical-fertilisers-co,1.34,0.09,1.43,
Egypt,EGY,31055900-other-mineral-or-chemical-fertilisers-co,0.53,0.08,0.62,
Egypt,EGY,31059020-mineral-or-chemical-fertilisers-containi,1.31,0.05,1.36,
Egypt,EGY,31059080-mineral-or-chemical-fertilisers-containi,0.67,0.04,0.71,
Egypt,EGY,7601-unwrought-aluminium,1.87,,1.87,K
Egypt,EGY,7603-aluminium-powders-and-flakes,2.698,,2.698,K
Egypt,EGY,76041010-bars-and-rods,2.997,,2.997,K
Egypt,EGY,76041090-profiles,3.025,,3.025,K
Egypt,EGY,76042100-hollow-profiles,3.025,,3.025,K
Egypt,EGY,76042910-bars-and-rods,2.997,,2.997,K
Egypt,EGY,76042990-profiles,3.025,,3.025,K
Egypt,EGY,7605-aluminium-wire,2.997,,2.997,K
Egypt,EGY,7606-aluminium-plates-sheets-and-strip-of-a-t,3.624,,3.624,K
Egypt,EGY,7607-aluminium-foil-whether-or-not-printed-or,3.624,,3.624,K
Egypt,EGY,7608-aluminium-tubes-and-pipes,3.025,,3.025,K
Egypt,EGY,76090000-aluminium-tube-or-pipe-fittings-for-exam,3.025,,3.025,K
Egypt,EGY,76101000-doors-windows-and-their-frames-and-thres,3.025,,3.025,K
Egypt,EGY,761090-other,3.025,,3.025,K
Egypt,EGY,76109010-bridges-and-bridge-sections-towers-and-l,3.025,,3.025,K
Egypt,EGY,76109090-other,3.025,,3.025,K
Egypt,EGY,76110000-aluminium-reservoirs-tanks-vats-and-simi,3.624,,3.624,K
Egypt,EGY,7612-aluminium-casks-drums-cans-boxes-and-sim,3.624,,3.624,K
Egypt,EGY,76130000-aluminium-containers-for-compressed-or-l,3.624,,3.624,K
Egypt,EGY,7614-stranded-wire-cables-plaited-bands-and-t,2.997,,2.997,K
Egypt,EGY,76161000-nails-tacks-staples-other-than-those-of,3.624,,3.624,K
Egypt,EGY,76169100-cloth-grill-netting-and-fencing-of-alumi,3.624,,3.624,K
Egypt,EGY,76169910-cast,2.698,,2.698,K
Egypt,EGY,76169990-other,3.624,,3.624,K
Egypt,EGY,28041000-hydrogen,10.82,,10.82,
Egypt,EGY,720211-ferro-manganese-containing-by-weight-2-o,1.69,,1.69,
Egypt,EGY,720219-ferro-manganese-containing-by-weight-2-c,,,,
Egypt,EGY,720241-ferro-chromium-containing-by-weight-4-of,2.35,,2.35,
Egypt,EGY,720249-ferro-chromium-containing-by-weight-4-of,,,,
Egypt,EGY,72026000-ferro-nickel,3.48,,3.48,
El Salvador,SLV,2507008080-calcined-clay,,,,
El Salvador,SLV,2523100010-white-clinker,,,,
El Salvador,SLV,2523100090-other-clinker-including-grey-clinker,0.87,0.04,0.91,A
El Salvador,SLV,25232100-white-portland-cement,,,,
El Salvador,SLV,25232900-grey-portland-cement,0.87,0.07,0.94,
El Salvador,SLV,25233000-aluminous-cement,,,,
El Salvador,SLV,2523900010-white-hydraulic-cement,,,,
El Salvador,SLV,2523900090-other-hydraulic-cements-including-grey-h,0.83,0.08,0.91,A
El Salvador,SLV,28080000-nitric-acid-sulphonitric-acids,1.82,0.05,1.87,
El Salvador,SLV,28141000-anhydrous-ammonia,,,,
El Salvador,SLV,28142000-ammonia-in-aqueous-solution,0.68,0.04,0.73,
El Salvador,SLV,28342100-nitrate-of-potassium,1.62,0.07,1.69,
El Salvador,SLV,3102-mineral-or-chemical-fertilizers-nitrogen,,,,
El Salvador,SLV,31021012-urea-in-aqueous-solution-containing-45-n,0.49,0.04,0.52,
El Salvador,SLV,31021015-urea-in-aqueous-solution-containing-45-n,0.8,0.04,0.84,
El Salvador,SLV,31021019-urea-whether-or-not-in-aqueous-solution,1.46,0.12,1.58,
El Salvador,SLV,31021090-urea-whether-or-not-in-aqueous-solution,1.43,0.11,1.54,
El Salvador,SLV,31022100-ammonium-sulphate-excl-that-in-tablets-o,0.65,0.08,0.73,
El Salvador,SLV,31022900-double-salts-and-mixtures-of-ammonium-su,1.15,0.09,1.24,
El Salvador,SLV,31023010-ammonium-nitrate-in-aqueous-solution-exc,1.23,0.07,1.3,
El Salvador,SLV,31023090-ammonium-nitrate-excl-that-in-aqueous-so,1.89,0.11,2.0,
El Salvador,SLV,31024010-mixtures-of-ammonium-nitrate-with-calciu,1.62,0.1,1.72,
El Salvador,SLV,31024090-mixtures-of-ammonium-nitrate-with-calciu,1.62,0.1,1.72,
El Salvador,SLV,31025000-sodium-nitrate-excl-that-in-tablets-or-s,2.85,0.08,2.92,
El Salvador,SLV,31026000-double-salts-and-mixtures-of-calcium-nit,1.59,0.1,1.68,
El Salvador,SLV,31028000-mixtures-of-urea-and-ammonium-nitrate-in,1.31,0.09,1.4,
El Salvador,SLV,31029000-mineral-or-chemical-nitrogen-fertilisers,1.43,0.1,1.54,
El Salvador,SLV,3105-mineral-or-chemical-fertilisers-containi,,,,
El Salvador,SLV,31051000-mineral-or-chemical-fertilisers-of-anima,0.68,0.08,0.77,
El Salvador,SLV,31052010-mineral-or-chemical-fertilisers-containi,0.82,0.1,0.92,
El Salvador,SLV,31052090-mineral-or-chemical-fertilisers-containi,0.56,0.08,0.63,
El Salvador,SLV,31053000-diammonium-hydrogenorthophosphate-diammo,0.53,0.06,0.59,
El Salvador,SLV,31054000-ammonium-dihydrogenorthophosphate-monoam,0.33,0.05,0.38,
El Salvador,SLV,31055100-other-mineral-or-chemical-fertilisers-co,1.11,0.12,1.24,
El Salvador,SLV,31055900-other-mineral-or-chemical-fertilisers-co,0.6,0.1,0.7,
El Salvador,SLV,31059020-mineral-or-chemical-fertilisers-containi,1.09,0.08,1.16,
El Salvador,SLV,31059080-mineral-or-chemical-fertilisers-containi,0.56,0.05,0.61,
El Salvador,SLV,7601-unwrought-aluminium,0.36,,0.36,L
El Salvador,SLV,7603-aluminium-powders-and-flakes,1.98,,1.98,L
El Salvador,SLV,76041010-bars-and-rods,2.2,,2.2,L
El Salvador,SLV,76041090-profiles,2.22,,2.22,L
El Salvador,SLV,76042100-hollow-profiles,2.22,,2.22,L
El Salvador,SLV,76042910-bars-and-rods,2.2,,2.2,L
El Salvador,SLV,76042990-profiles,2.22,,2.22,L
El Salvador,SLV,7605-aluminium-wire,2.2,,2.2,L
El Salvador,SLV,7606-aluminium-plates-sheets-and-strip-of-a-t,2.66,,2.66,L
El Salvador,SLV,7607-aluminium-foil-whether-or-not-printed-or,2.66,,2.66,L
El Salvador,SLV,7608-aluminium-tubes-and-pipes,2.22,,2.22,L
El Salvador,SLV,76090000-aluminium-tube-or-pipe-fittings-for-exam,2.22,,2.22,L
El Salvador,SLV,76101000-doors-windows-and-their-frames-and-thres,2.22,,2.22,L
El Salvador,SLV,761090-other,2.22,,2.22,L
El Salvador,SLV,76109010-bridges-and-bridge-sections-towers-and-l,2.22,,2.22,L
El Salvador,SLV,76109090-other,2.22,,2.22,L
El Salvador,SLV,76110000-aluminium-reservoirs-tanks-vats-and-simi,2.66,,2.66,L
El Salvador,SLV,7612-aluminium-casks-drums-cans-boxes-and-sim,2.66,,2.66,L
El Salvador,SLV,76130000-aluminium-containers-for-compressed-or-l,2.66,,2.66,L
El Salvador,SLV,7614-stranded-wire-cables-plaited-bands-and-t,2.2,,2.2,L
El Salvador,SLV,76161000-nails-tacks-staples-other-than-those-of,2.66,,2.66,L
El Salvador,SLV,76169100-cloth-grill-netting-and-fencing-of-alumi,2.66,,2.66,L
El Salvador,SLV,76169910-cast,1.98,,1.98,L
El Salvador,SLV,76169990-other,2.66,,2.66,L
El Salvador,SLV,28041000-hydrogen,10.82,,10.82,
Equatorial Guinea,GNQ,28041000-hydrogen,10.82,,10.82,
Eritrea,ERI,2507008080-calcined-clay,,,,
Eritrea,ERI,2523100010-white-clinker,,,,
Eritrea,ERI,2523100090-other-clinker-including-grey-clinker,0.85,0.06,0.91,A
Eritrea,ERI,25232100-white-portland-cement,,,,
Eritrea,ERI,25232900-grey-portland-cement,0.85,0.11,0.96,
Eritrea,ERI,25233000-aluminous-cement,,,,
Eritrea,ERI,2523900010-white-hydraulic-cement,,,,
Eritrea,ERI,2523900090-other-hydraulic-cements-including-grey-h,,,,
Eritrea,ERI,28041000-hydrogen,10.82,,10.82,
Eswatini,SWZ,2507008080-calcined-clay,,,,
Eswatini,SWZ,2523100010-white-clinker,,,,
Eswatini,SWZ,2523100090-other-clinker-including-grey-clinker,,,,
Eswatini,SWZ,25232100-white-portland-cement,,,,
Eswatini,SWZ,25232900-grey-portland-cement,1.17,0.08,1.25,
Eswatini,SWZ,25233000-aluminous-cement,,,,
Eswatini,SWZ,2523900010-white-hydraulic-cement,,,,
Eswatini,SWZ,2523900090-other-hydraulic-cements-including-grey-h,1.12,0.08,1.2,A
Ethiopia,ETH,2507008080-calcined-clay,,,,
Ethiopia,ETH,2523100010-white-clinker,,,,
Ethiopia,ETH,2523100090-other-clinker-including-grey-clinker,0.85,0.0,0.85,A
Ethiopia,ETH,25232100-white-portland-cement,,,,
Ethiopia,ETH,25232900-grey-portland-cement,0.85,0.0,0.85,
Ethiopia,ETH,25233000-aluminous-cement,,,,
Ethiopia,ETH,2523900010-white-hydraulic-cement,,,,
Ethiopia,ETH,2523900090-other-hydraulic-cements-including-grey-h,,,,
Ethiopia,ETH,28080000-nitric-acid-sulphonitric-acids,1.83,0.05,1.88,
Ethiopia,ETH,28141000-anhydrous-ammonia,,,,
Ethiopia,ETH,28142000-ammonia-in-aqueous-solution,0.83,0.05,0.88,
Ethiopia,ETH,28342100-nitrate-of-potassium,1.72,0.07,1.8,
Ethiopia,ETH,3102-mineral-or-chemical-fertilizers-nitrogen,,,,
Ethiopia,ETH,31021012-urea-in-aqueous-solution-containing-45-n,0.6,0.04,0.64,
Ethiopia,ETH,31021015-urea-in-aqueous-solution-containing-45-n,1.0,0.04,1.03,
Ethiopia,ETH,31021019-urea-whether-or-not-in-aqueous-solution,1.81,0.12,1.93,
Ethiopia,ETH,31021090-urea-whether-or-not-in-aqueous-solution,1.77,0.12,1.89,
Ethiopia,ETH,31022100-ammonium-sulphate-excl-that-in-tablets-o,0.79,0.07,0.86,
Ethiopia,ETH,31022900-double-salts-and-mixtures-of-ammonium-su,1.28,0.08,1.37,
Ethiopia,ETH,31023010-ammonium-nitrate-in-aqueous-solution-exc,1.31,0.06,1.38,
Ethiopia,ETH,31023090-ammonium-nitrate-excl-that-in-aqueous-so,2.02,0.1,2.12,
Ethiopia,ETH,31024010-mixtures-of-ammonium-nitrate-with-calciu,1.74,0.09,1.83,
Ethiopia,ETH,31024090-mixtures-of-ammonium-nitrate-with-calciu,1.74,0.09,1.83,
Ethiopia,ETH,31025000-sodium-nitrate-excl-that-in-tablets-or-s,2.86,0.08,2.94,
Ethiopia,ETH,31026000-double-salts-and-mixtures-of-calcium-nit,1.69,0.09,1.78,
Ethiopia,ETH,31028000-mixtures-of-urea-and-ammonium-nitrate-in,1.48,0.08,1.56,
Ethiopia,ETH,31029000-mineral-or-chemical-nitrogen-fertilisers,1.67,0.1,1.77,
Ethiopia,ETH,3105-mineral-or-chemical-fertilisers-containi,,,,
Ethiopia,ETH,31051000-mineral-or-chemical-fertilisers-of-anima,0.77,0.07,0.84,
Ethiopia,ETH,31052010-mineral-or-chemical-fertilisers-containi,0.89,0.08,0.97,
Ethiopia,ETH,31052090-mineral-or-chemical-fertilisers-containi,0.6,0.06,0.66,
Ethiopia,ETH,31053000-diammonium-hydrogenorthophosphate-diammo,0.64,0.06,0.7,
Ethiopia,ETH,31054000-ammonium-dihydrogenorthophosphate-monoam,0.4,0.04,0.45,
Ethiopia,ETH,31055100-other-mineral-or-chemical-fertilisers-co,1.2,0.1,1.3,
Ethiopia,ETH,31055900-other-mineral-or-chemical-fertilisers-co,0.72,0.1,0.82,
Ethiopia,ETH,31059020-mineral-or-chemical-fertilisers-containi,1.17,0.07,1.23,
Ethiopia,ETH,31059080-mineral-or-chemical-fertilisers-containi,0.6,0.04,0.64,
Gabon,GAB,2507008080-calcined-clay,,,,
Gabon,GAB,2523100010-white-clinker,,,,
Gabon,GAB,2523100090-other-clinker-including-grey-clinker,1.24,0.04,1.28,A
Gabon,GAB,25232100-white-portland-cement,,,,
Gabon,GAB,25232900-grey-portland-cement,1.13,0.06,1.19,
Gabon,GAB,25233000-aluminous-cement,,,,
Gabon,GAB,2523900010-white-hydraulic-cement,,,,
Gabon,GAB,2523900090-other-hydraulic-cements-including-grey-h,1.07,0.06,1.14,A
Gabon,GAB,28041000-hydrogen,10.82,,10.82,
Georgia,GEO,2507008080-calcined-clay,,,,
Georgia,GEO,2523100010-white-clinker,,,,
Georgia,GEO,2523100090-other-clinker-including-grey-clinker,1.36,0.01,1.36,A
Georgia,GEO,25232100-white-portland-cement,,,,
Georgia,GEO,25232900-grey-portland-cement,1.19,0.02,1.2,
Georgia,GEO,25233000-aluminous-cement,,,,
Georgia,GEO,2523900010-white-hydraulic-cement,,,,
Georgia,GEO,2523900090-other-hydraulic-cements-including-grey-h,,,,
Georgia,GEO,28080000-nitric-acid-sulphonitric-acids,2.78,0.01,2.78,
Georgia,GEO,28141000-anhydrous-ammonia,2.16,0.03,2.19,
Georgia,GEO,28142000-ammonia-in-aqueous-solution,0.65,0.01,0.66,
Georgia,GEO,28342100-nitrate-of-potassium,2.24,0.02,2.25,
Georgia,GEO,3102-mineral-or-chemical-fertilizers-nitrogen,,,,
Georgia,GEO,31021012-urea-in-aqueous-solution-containing-45-n,0.49,0.01,0.5,
Georgia,GEO,31021015-urea-in-aqueous-solution-containing-45-n,0.81,0.01,0.82,
Georgia,GEO,31021019-urea-whether-or-not-in-aqueous-solution,1.47,0.03,1.5,
Georgia,GEO,31021090-urea-whether-or-not-in-aqueous-solution,1.44,0.03,1.47,
Georgia,GEO,31022100-ammonium-sulphate-excl-that-in-tablets-o,0.64,0.04,0.67,
Georgia,GEO,31022900-double-salts-and-mixtures-of-ammonium-su,1.43,0.04,1.47,
Georgia,GEO,31023010-ammonium-nitrate-in-aqueous-solution-exc,1.69,0.03,1.72,
Georgia,GEO,31023090-ammonium-nitrate-excl-that-in-aqueous-so,2.6,0.04,2.64,
Georgia,GEO,31024010-mixtures-of-ammonium-nitrate-with-calciu,2.23,0.04,2.27,
Georgia,GEO,31024090-mixtures-of-ammonium-nitrate-with-calciu,2.23,0.04,2.27,
Georgia,GEO,31025000-sodium-nitrate-excl-that-in-tablets-or-s,4.33,0.01,4.34,
Georgia,GEO,31026000-double-salts-and-mixtures-of-calcium-nit,2.18,0.04,2.22,
Georgia,GEO,31028000-mixtures-of-urea-and-ammonium-nitrate-in,1.63,0.03,1.66,
Georgia,GEO,31029000-mineral-or-chemical-nitrogen-fertilisers,1.66,0.04,1.7,
Georgia,GEO,3105-mineral-or-chemical-fertilisers-containi,,,,
Georgia,GEO,31051000-mineral-or-chemical-fertilisers-of-anima,0.82,0.04,0.86,
Georgia,GEO,31052010-mineral-or-chemical-fertilisers-containi,1.09,0.05,1.14,
Georgia,GEO,31052090-mineral-or-chemical-fertilisers-containi,0.74,0.04,0.78,
Georgia,GEO,31053000-diammonium-hydrogenorthophosphate-diammo,0.51,0.02,0.53,
Georgia,GEO,31054000-ammonium-dihydrogenorthophosphate-monoam,0.32,0.02,0.35,
Georgia,GEO,31055100-other-mineral-or-chemical-fertilisers-co,1.5,0.06,1.57,
Georgia,GEO,31055900-other-mineral-or-chemical-fertilisers-co,0.59,0.06,0.65,
Georgia,GEO,31059020-mineral-or-chemical-fertilisers-containi,1.47,0.03,1.5,
Georgia,GEO,31059080-mineral-or-chemical-fertilisers-containi,0.75,0.03,0.78,
Georgia,GEO,720211-ferro-manganese-containing-by-weight-2-o,1.69,,1.69,
Georgia,GEO,720219-ferro-manganese-containing-by-weight-2-c,,,,
Georgia,GEO,720241-ferro-chromium-containing-by-weight-4-of,2.35,,2.35,
Georgia,GEO,720249-ferro-chromium-containing-by-weight-4-of,,,,
Georgia,GEO,72026000-ferro-nickel,3.48,,3.48,
Ghana,GHA,2507008080-calcined-clay,0.18,0.1,0.28,
Ghana,GHA,2523100010-white-clinker,,,,
Ghana,GHA,2523100090-other-clinker-including-grey-clinker,0.85,0.03,0.88,A
Ghana,GHA,25232100-white-portland-cement,,,,
Ghana,GHA,25232900-grey-portland-cement,1.05,0.05,1.1,
Ghana,GHA,25233000-aluminous-cement,,,,
Ghana,GHA,2523900010-white-hydraulic-cement,,,,
Ghana,GHA,2523900090-other-hydraulic-cements-including-grey-h,1.0,0.05,1.06,A
Ghana,GHA,28080000-nitric-acid-sulphonitric-acids,1.8,0.05,1.85,
Ghana,GHA,28141000-anhydrous-ammonia,,,,
Ghana,GHA,28142000-ammonia-in-aqueous-solution,0.7,0.04,0.75,
Ghana,GHA,28342100-nitrate-of-potassium,1.63,0.06,1.69,
Ghana,GHA,3102-mineral-or-chemical-fertilizers-nitrogen,,,,
Ghana,GHA,31021012-urea-in-aqueous-solution-containing-45-n,1.19,0.03,1.22,
Ghana,GHA,31021015-urea-in-aqueous-solution-containing-45-n,1.97,0.03,2.0,
Ghana,GHA,31021019-urea-whether-or-not-in-aqueous-solution,3.57,0.1,3.68,
Ghana,GHA,31021090-urea-whether-or-not-in-aqueous-solution,3.5,0.1,3.6,
Ghana,GHA,31022100-ammonium-sulphate-excl-that-in-tablets-o,0.68,0.06,0.75,
Ghana,GHA,31022900-double-salts-and-mixtures-of-ammonium-su,1.18,0.08,1.25,
Ghana,GHA,31023010-ammonium-nitrate-in-aqueous-solution-exc,1.24,0.06,1.3,
Ghana,GHA,31023090-ammonium-nitrate-excl-that-in-aqueous-so,1.91,0.09,2.0,
Ghana,GHA,31024010-mixtures-of-ammonium-nitrate-with-calciu,1.65,0.08,1.73,
Ghana,GHA,31024090-mixtures-of-ammonium-nitrate-with-calciu,1.65,0.08,1.73,
Ghana,GHA,31025000-sodium-nitrate-excl-that-in-tablets-or-s,2.81,0.07,2.89,
Ghana,GHA,31026000-double-salts-and-mixtures-of-calcium-nit,1.6,0.08,1.68,
Ghana,GHA,31028000-mixtures-of-urea-and-ammonium-nitrate-in,2.0,0.08,2.08,
Ghana,GHA,31029000-mineral-or-chemical-nitrogen-fertilisers,2.53,0.09,2.62,
Ghana,GHA,3105-mineral-or-chemical-fertilisers-containi,,,,
Ghana,GHA,31051000-mineral-or-chemical-fertilisers-of-anima,0.7,0.06,0.77,
Ghana,GHA,31052010-mineral-or-chemical-fertilisers-containi,0.84,0.07,0.91,
Ghana,GHA,31052090-mineral-or-chemical-fertilisers-containi,0.57,0.05,0.62,
Ghana,GHA,31053000-diammonium-hydrogenorthophosphate-diammo,0.55,0.05,0.6,
Ghana,GHA,31054000-ammonium-dihydrogenorthophosphate-monoam,0.35,0.04,0.39,
Ghana,GHA,31055100-other-mineral-or-chemical-fertilisers-co,1.13,0.09,1.22,
Ghana,GHA,31055900-other-mineral-or-chemical-fertilisers-co,0.63,0.09,0.72,
Ghana,GHA,31059020-mineral-or-chemical-fertilisers-containi,1.1,0.06,1.16,
Ghana,GHA,31059080-mineral-or-chemical-fertilisers-containi,0.57,0.04,0.61,
Ghana,GHA,7601-unwrought-aluminium,1.7,,1.7,K
Ghana,GHA,7603-aluminium-powders-and-flakes,1.81,,1.81,K
Ghana,GHA,76041010-bars-and-rods,2.03,,2.03,K
Ghana,GHA,76041090-profiles,2.05,,2.05,K
Ghana,GHA,76042100-hollow-profiles,2.05,,2.05,K
Ghana,GHA,76042910-bars-and-rods,2.03,,2.03,K
Ghana,GHA,76042990-profiles,2.05,,2.05,K
Ghana,GHA,7605-aluminium-wire,2.03,,2.03,K
Ghana,GHA,7606-aluminium-plates-sheets-and-strip-of-a-t,2.49,,2.49,K
Ghana,GHA,7607-aluminium-foil-whether-or-not-printed-or,2.49,,2.49,K
Ghana,GHA,7608-aluminium-tubes-and-pipes,2.05,,2.05,K
Ghana,GHA,76090000-aluminium-tube-or-pipe-fittings-for-exam,2.05,,2.05,K
Ghana,GHA,76101000-doors-windows-and-their-frames-and-thres,2.05,,2.05,K
Ghana,GHA,761090-other,2.05,,2.05,K
Ghana,GHA,76109010-bridges-and-bridge-sections-towers-and-l,2.05,,2.05,K
Ghana,GHA,76109090-other,2.05,,2.05,K
Ghana,GHA,76110000-aluminium-reservoirs-tanks-vats-and-simi,2.49,,2.49,K
Ghana,GHA,7612-aluminium-casks-drums-cans-boxes-and-sim,2.49,,2.49,K
Ghana,GHA,76130000-aluminium-containers-for-compressed-or-l,2.49,,2.49,K
Ghana,GHA,7614-stranded-wire-cables-plaited-bands-and-t,2.03,,2.03,K
Ghana,GHA,76161000-nails-tacks-staples-other-than-those-of,2.49,,2.49,K
Ghana,GHA,76169100-cloth-grill-netting-and-fencing-of-alumi,2.49,,2.49,K
Ghana,GHA,76169910-cast,1.81,,1.81,K
Ghana,GHA,76169990-other,2.49,,2.49,K
Ghana,GHA,28041000-hydrogen,10.82,,10.82,
Guatemala,GTM,2507008080-calcined-clay,,,,
Guatemala,GTM,2523100010-white-clinker,,,,
Guatemala,GTM,2523100090-other-clinker-including-grey-clinker,0.87,0.07,0.94,A
Guatemala,GTM,25232100-white-portland-cement,,,,
Guatemala,GTM,25232900-grey-portland-cement,0.87,0.11,0.98,
Guatemala,GTM,25233000-aluminous-cement,,,,
Guatemala,GTM,2523900010-white-hydraulic-cement,,,,
Guatemala,GTM,2523900090-other-hydraulic-cements-including-grey-h,0.83,0.12,0.95,A
Guatemala,GTM,28080000-nitric-acid-sulphonitric-acids,1.82,0.08,1.89,
Guatemala,GTM,28141000-anhydrous-ammonia,,,,
Guatemala,GTM,28142000-ammonia-in-aqueous-solution,0.68,0.07,0.75,
Guatemala,GTM,28342100-nitrate-of-potassium,1.62,0.11,1.73,
Guatemala,GTM,3102-mineral-or-chemical-fertilizers-nitrogen,,,,
Guatemala,GTM,31021012-urea-in-aqueous-solution-containing-45-n,0.51,0.06,0.57,
Guatemala,GTM,31021015-urea-in-aqueous-solution-containing-45-n,0.84,0.06,0.9,
Guatemala,GTM,31021019-urea-whether-or-not-in-aqueous-solution,1.53,0.18,1.71,
Guatemala,GTM,31021090-urea-whether-or-not-in-aqueous-solution,1.5,0.18,1.67,
Guatemala,GTM,31022100-ammonium-sulphate-excl-that-in-tablets-o,0.66,0.13,0.79,
Guatemala,GTM,31022900-double-salts-and-mixtures-of-ammonium-su,1.16,0.15,1.31,
Guatemala,GTM,31023010-ammonium-nitrate-in-aqueous-solution-exc,1.24,0.11,1.35,
Guatemala,GTM,31023090-ammonium-nitrate-excl-that-in-aqueous-so,1.9,0.17,2.07,
Guatemala,GTM,31024010-mixtures-of-ammonium-nitrate-with-calciu,1.64,0.16,1.8,
Guatemala,GTM,31024090-mixtures-of-ammonium-nitrate-with-calciu,1.64,0.16,1.8,
Guatemala,GTM,31025000-sodium-nitrate-excl-that-in-tablets-or-s,2.83,0.12,2.95,
Guatemala,GTM,31026000-double-salts-and-mixtures-of-calcium-nit,1.59,0.15,1.74,
Guatemala,GTM,31028000-mixtures-of-urea-and-ammonium-nitrate-in,1.33,0.14,1.47,
Guatemala,GTM,31029000-mineral-or-chemical-nitrogen-fertilisers,1.47,0.16,1.64,
Guatemala,GTM,3105-mineral-or-chemical-fertilisers-containi,,,,
Guatemala,GTM,31051000-mineral-or-chemical-fertilisers-of-anima,0.69,0.13,0.82,
Guatemala,GTM,31052010-mineral-or-chemical-fertilisers-containi,0.83,0.16,0.99,
Guatemala,GTM,31052090-mineral-or-chemical-fertilisers-containi,0.56,0.12,0.68,
Guatemala,GTM,31053000-diammonium-hydrogenorthophosphate-diammo,0.53,0.1,0.63,
Guatemala,GTM,31054000-ammonium-dihydrogenorthophosphate-monoam,0.34,0.08,0.42,
Guatemala,GTM,31055100-other-mineral-or-chemical-fertilisers-co,1.13,0.2,1.32,
Guatemala,GTM,31055900-other-mineral-or-chemical-fertilisers-co,0.61,0.15,0.76,
Guatemala,GTM,31059020-mineral-or-chemical-fertilisers-containi,1.09,0.12,1.21,
Guatemala,GTM,31059080-mineral-or-chemical-fertilisers-containi,0.56,0.08,0.65,
Guatemala,GTM,7601-unwrought-aluminium,0.36,,0.36,L
Guatemala,GTM,7603-aluminium-powders-and-flakes,1.98,,1.98,L
Guatemala,GTM,76041010-bars-and-rods,2.2,,2.2,L
Guatemala,GTM,76041090-profiles,2.22,,2.22,L
Guatemala,GTM,76042100-hollow-profiles,2.22,,2.22,L
Guatemala,GTM,76042910-bars-and-rods,2.2,,2.2,L
Guatemala,GTM,76042990-profiles,2.22,,2.22,L
Guatemala,GTM,7605-aluminium-wire,2.2,,2.2,L
Guatemala,GTM,7606-aluminium-plates-sheets-and-strip-of-a-t,2.66,,2.66,L
Guatemala,GTM,7607-aluminium-foil-whether-or-not-printed-or,2.66,,2.66,L
Guatemala,GTM,7608-aluminium-tubes-and-pipes,2.22,,2.22,L
Guatemala,GTM,76090000-aluminium-tube-or-pipe-fittings-for-exam,2.22,,2.22,L
Guatemala,GTM,76101000-doors-windows-and-their-frames-and-thres,2.22,,2.22,L
Guatemala,GTM,761090-other,2.22,,2.22,L
Guatemala,GTM,76109010-bridges-and-bridge-sections-towers-and-l,2.22,,2.22,L
Guatemala,GTM,76109090-other,2.22,,2.22,L
Guatemala,GTM,76110000-aluminium-reservoirs-tanks-vats-and-simi,2.66,,2.66,L
Guatemala,GTM,7612-aluminium-casks-drums-cans-boxes-and-sim,2.66,,2.66,L
Guatemala,GTM,76130000-aluminium-containers-for-compressed-or-l,2.66,,2.66,L
Guatemala,GTM,7614-stranded-wire-cables-plaited-bands-and-t,2.2,,2.2,L
Guatemala,GTM,76161000-nails-tacks-staples-other-than-those-of,2.66,,2.66,L
Guatemala,GTM,76169100-cloth-grill-netting-and-fencing-of-alumi,2.66,,2.66,L
Guatemala,GTM,76169910-cast,1.98,,1.98,L
Guatemala,GTM,76169990-other,2.66,,2.66,L
Guatemala,GTM,28041000-hydrogen,10.82,,10.82,
Guatemala,GTM,72026000-ferro-nickel,3.48,,3.48,
Haiti,HTI,2507008080-calcined-clay,,,,
Haiti,HTI,2523100010-white-clinker,,,,
Haiti,HTI,2523100090-other-clinker-including-grey-clinker,1.09,0.06,1.16,A
Haiti,HTI,25232100-white-portland-cement,,,,
Haiti,HTI,25232900-grey-portland-cement,1.11,0.1,1.2,
Haiti,HTI,25233000-aluminous-cement,,,,
Haiti,HTI,2523900010-white-hydraulic-cement,,,,
Haiti,HTI,2523900090-other-hydraulic-cements-including-grey-h,1.05,0.1,1.15,A
Honduras,HND,2507008080-calcined-clay,,,,
Honduras,HND,2523100010-white-clinker,,,,
Honduras,HND,2523100090-other-clinker-including-grey-clinker,0.87,0.04,0.91,A
Honduras,HND,25232100-white-portland-cement,,,,
Honduras,HND,25232900-grey-portland-cement,0.88,0.07,0.94,
Honduras,HND,25233000-aluminous-cement,,,,
Honduras,HND,2523900010-white-hydraulic-cement,,,,
Honduras,HND,2523900090-other-hydraulic-cements-including-grey-h,0.84,0.07,0.91,A
Honduras,HND,28080000-nitric-acid-sulphonitric-acids,1.8,0.04,1.85,
Honduras,HND,28141000-anhydrous-ammonia,,,,
Honduras,HND,28142000-ammonia-in-aqueous-solution,0.68,0.04,0.72,
Honduras,HND,28342100-nitrate-of-potassium,1.62,0.06,1.68,
Honduras,HND,3102-mineral-or-chemical-fertilizers-nitrogen,,,,
Honduras,HND,31021012-urea-in-aqueous-solution-containing-45-n,1.5,0.04,1.54,
Honduras,HND,31021015-urea-in-aqueous-solution-containing-45-n,2.49,0.04,2.53,
Honduras,HND,31021019-urea-whether-or-not-in-aqueous-solution,4.53,0.11,4.64,
Honduras,HND,31021090-urea-whether-or-not-in-aqueous-solution,4.43,0.1,4.53,
Honduras,HND,31022100-ammonium-sulphate-excl-that-in-tablets-o,0.66,0.08,0.74,
Honduras,HND,31022900-double-salts-and-mixtures-of-ammonium-su,1.16,0.09,1.25,
Honduras,HND,31023010-ammonium-nitrate-in-aqueous-solution-exc,1.23,0.07,1.3,
Honduras,HND,31023090-ammonium-nitrate-excl-that-in-aqueous-so,1.89,0.1,1.99,
Honduras,HND,31024010-mixtures-of-ammonium-nitrate-with-calciu,1.63,0.1,1.73,
Honduras,HND,31024090-mixtures-of-ammonium-nitrate-with-calciu,1.63,0.1,1.73,
Honduras,HND,31025000-sodium-nitrate-excl-that-in-tablets-or-s,2.81,0.07,2.88,
Honduras,HND,31026000-double-salts-and-mixtures-of-calcium-nit,1.59,0.09,1.68,
Honduras,HND,31028000-mixtures-of-urea-and-ammonium-nitrate-in,2.31,0.08,2.39,
Honduras,HND,31029000-mineral-or-chemical-nitrogen-fertilisers,3.01,0.1,3.11,
Honduras,HND,3105-mineral-or-chemical-fertilisers-containi,,,,
Honduras,HND,31051000-mineral-or-chemical-fertilisers-of-anima,0.69,0.08,0.77,
Honduras,HND,31052010-mineral-or-chemical-fertilisers-containi,0.83,0.09,0.92,
Honduras,HND,31052090-mineral-or-chemical-fertilisers-containi,0.56,0.07,0.63,
Honduras,HND,31053000-diammonium-hydrogenorthophosphate-diammo,0.53,0.06,0.59,
Honduras,HND,31054000-ammonium-dihydrogenorthophosphate-monoam,0.34,0.05,0.38,
Honduras,HND,31055100-other-mineral-or-chemical-fertilisers-co,1.12,0.12,1.24,
Honduras,HND,31055900-other-mineral-or-chemical-fertilisers-co,0.61,0.1,0.71,
Honduras,HND,31059020-mineral-or-chemical-fertilisers-containi,1.09,0.07,1.16,
Honduras,HND,31059080-mineral-or-chemical-fertilisers-containi,0.56,0.05,0.61,
Hong Kong,HKG,2507008080-calcined-clay,,,,
Hong Kong,HKG,2523100010-white-clinker,,,,
Hong Kong,HKG,2523100090-other-clinker-including-grey-clinker,0.87,0.05,0.91,A
Hong Kong,HKG,25232100-white-portland-cement,,,,
Hong Kong,HKG,25232900-grey-portland-cement,0.9,0.08,0.98,
Hong Kong,HKG,25233000-aluminous-cement,,,,
Hong Kong,HKG,2523900010-white-hydraulic-cement,,,,
Hong Kong,HKG,2523900090-other-hydraulic-cements-including-grey-h,0.86,0.08,0.94,A
India,IND,2507008080-calcined-clay,,,,
India,IND,2523100010-white-clinker,1.35,0.07,1.41,B
India,IND,2523100090-other-clinker-including-grey-clinker,1.39,0.05,1.44,A
India,IND,25232100-white-portland-cement,1.33,0.14,1.47,
India,IND,25232900-grey-portland-cement,1.39,0.09,1.48,
India,IND,25233000-aluminous-cement,2.05,0.24,2.29,
India,IND,2523900010-white-hydraulic-cement,,,,
India,IND,2523900090-other-hydraulic-cements-including-grey-h,,,,
India,IND,28080000-nitric-acid-sulphonitric-acids,1.94,0.07,2.01,
India,IND,28141000-anhydrous-ammonia,3.06,0.22,3.28,
India,IND,28142000-ammonia-in-aqueous-solution,0.92,0.07,0.99,
India,IND,28342100-nitrate-of-potassium,1.86,0.1,1.96,
India,IND,3102-mineral-or-chemical-fertilizers-nitrogen,,,,
India,IND,31021012-urea-in-aqueous-solution-containing-45-n,0.68,0.06,0.74,
India,IND,31021015-urea-in-aqueous-solution-containing-45-n,1.13,0.06,1.18,
India,IND,31021019-urea-whether-or-not-in-aqueous-solution,2.05,0.17,2.22,
India,IND,31021090-urea-whether-or-not-in-aqueous-solution,2.0,0.16,2.17,
India,IND,31022100-ammonium-sulphate-excl-that-in-tablets-o,0.89,0.12,1.01,
India,IND,31022900-double-salts-and-mixtures-of-ammonium-su,1.41,0.14,1.55,
India,IND,31023010-ammonium-nitrate-in-aqueous-solution-exc,1.42,0.11,1.52,
India,IND,31023090-ammonium-nitrate-excl-that-in-aqueous-so,2.18,0.16,2.34,
India,IND,31024010-mixtures-of-ammonium-nitrate-with-calciu,1.89,0.15,2.04,
India,IND,31024090-mixtures-of-ammonium-nitrate-with-calciu,1.89,0.15,2.04,
India,IND,31025000-sodium-nitrate-excl-that-in-tablets-or-s,3.03,0.11,3.14,
India,IND,31026000-double-salts-and-mixtures-of-calcium-nit,1.83,0.14,1.97,
India,IND,31028000-mixtures-of-urea-and-ammonium-nitrate-in,1.62,0.13,1.75,
India,IND,31029000-mineral-or-chemical-nitrogen-fertilisers,1.85,0.15,2.01,
India,IND,3105-mineral-or-chemical-fertilisers-containi,,,,
India,IND,31051000-mineral-or-chemical-fertilisers-of-anima,0.85,0.12,0.98,
India,IND,31052010-mineral-or-chemical-fertilisers-containi,0.97,0.15,1.12,
India,IND,31052090-mineral-or-chemical-fertilisers-containi,0.66,0.11,0.77,
India,IND,31053000-diammonium-hydrogenorthophosphate-diammo,0.72,0.09,0.81,
India,IND,31054000-ammonium-dihydrogenorthophosphate-monoam,0.45,0.07,0.53,
India,IND,31055100-other-mineral-or-chemical-fertilisers-co,1.31,0.18,1.49,
India,IND,31055900-other-mineral-or-chemical-fertilisers-co,0.82,0.15,0.97,
India,IND,31059020-mineral-or-chemical-fertilisers-containi,1.27,0.11,1.38,
India,IND,31059080-mineral-or-chemical-fertilisers-containi,0.66,0.08,0.73,
India,IND,7601-unwrought-aluminium,1.87,,1.87,K
India,IND,7603-aluminium-powders-and-flakes,3.071,,3.071,K
India,IND,76041010-bars-and-rods,3.413,,3.413,K
India,IND,76041090-profiles,3.444,,3.444,K
India,IND,76042100-hollow-profiles,3.444,,3.444,K
India,IND,76042910-bars-and-rods,3.413,,3.413,K
India,IND,76042990-profiles,3.444,,3.444,K
India,IND,7605-aluminium-wire,2.594,,2.594,K
India,IND,7606-aluminium-plates-sheets-and-strip-of-a-t,4.126,,4.126,K
India,IND,7607-aluminium-foil-whether-or-not-printed-or,4.126,,4.126,K
India,IND,7608-aluminium-tubes-and-pipes,3.444,,3.444,K
India,IND,76090000-aluminium-tube-or-pipe-fittings-for-exam,3.444,,3.444,K
India,IND,76101000-doors-windows-and-their-frames-and-thres,3.444,,3.444,K
India,IND,761090-other,3.444,,3.444,K
India,IND,76109010-bridges-and-bridge-sections-towers-and-l,3.444,,3.444,K
India,IND,76109090-other,3.444,,3.444,K
India,IND,76110000-aluminium-reservoirs-tanks-vats-and-simi,4.126,,4.126,K
India,IND,7612-aluminium-casks-drums-cans-boxes-and-sim,4.126,,4.126,K
India,IND,76130000-aluminium-containers-for-compressed-or-l,4.126,,4.126,K
India,IND,7614-stranded-wire-cables-plaited-bands-and-t,3.413,,3.413,K
India,IND,76161000-nails-tacks-staples-other-than-those-of,4.126,,4.126,K
India,IND,76169100-cloth-grill-netting-and-fencing-of-alumi,4.126,,4.126,K
India,IND,76169910-cast,3.071,,3.071,K
India,IND,76169990-other,4.126,,4.126,K
India,IND,28041000-hydrogen,14.03,,14.03,
India,IND,26011200-agglomerated-iron-ores-and-concentrates,0.29,0.05,0.34,
India,IND,7201-pig-iron-and-spiegeleisen-in-pigs-blocks,2.53,,2.53,
India,IND,720211-ferro-manganese-containing-by-weight-2-o,1.69,,1.69,
India,IND,720219-ferro-manganese-containing-by-weight-2-c,5.59,,5.59,
India,IND,720241-ferro-chromium-containing-by-weight-4-of,2.35,,2.35,
India,IND,720249-ferro-chromium-containing-by-weight-4-of,,,,
India,IND,72026000-ferro-nickel,3.48,,3.48,
India,IND,7203-ferrous-products-obtained-by-direct-redu,4.2,,4.2,
India,IND,7205-granules-and-powders-of-pig-iron-spiegel,2.54,,2.54,C/F
India,IND,7206-iron-and-non-alloy-steel-in-ingots-or-ot,,,,
India,IND,72061000-ingots-of-iron-and-non-alloy-steel-excl,2.64,,2.64,C
India,IND,72069000-iron-and-non-alloy-steel-in-puddled-bars,2.64,,2.64,C
India,IND,7207-semi-finished-products-of-iron-or-non-al,,,,
India,IND,72071111-semi-finished-products-of-non-alloy-free,4.27,,4.27,C
India,IND,72071114-semi-finished-products-of-iron-or-non-al,4.27,,4.27,C
India,IND,72071116-semi-finished-products-of-iron-or-non-al,4.27,,4.27,C
India,IND,72071190-semi-finished-products-of-iron-or-non-al,4.32,,4.32,C
India,IND,72071210-semi-finished-products-of-iron-or-non-al,4.27,,4.27,C
India,IND,72071290-semi-finished-products-of-iron-or-non-al,4.32,,4.32,C
India,IND,72071912-semi-finished-products-of-iron-or-non-al,4.27,,4.27,C
India,IND,72071919-semi-finished-products-of-iron-or-non-al,4.32,,4.32,C
India,IND,72071980-semi-finished-products-of-iron-or-non-al,4.27,,4.27,C
India,IND,72072011-semi-finished-products-of-non-alloy-free,4.27,,4.27,C
India,IND,72072015-semi-finished-products-of-iron-or-non-al,4.27,,4.27,C
India,IND,72072017-semi-finished-products-of-iron-or-non-al,4.27,,4.27,C
India,IND,72072019-semi-finished-products-of-iron-or-non-al,4.32,,4.32,C
India,IND,72072032-semi-finished-products-of-iron-or-non-al,4.27,,4.27,C
India,IND,72072039-semi-finished-products-of-iron-or-non-al,4.32,,4.32,C
India,IND,72072052-semi-finished-products-of-iron-or-non-al,4.27,,4.27,C
India,IND,72072059-semi-finished-products-of-iron-or-non-al,4.32,,4.32,C
India,IND,72072080-semi-finished-products-of-iron-or-non-al,4.27,,4.27,C
India,IND,7208-flat-rolled-products-of-iron-or-non-allo,4.28,,4.28,C
India,IND,7209-flat-rolled-products-of-iron-or-non-allo,4.28,,4.28,C
India,IND,7210-flat-rolled-products-of-iron-or-non-allo,4.28,,4.28,C
India,IND,7211-flat-rolled-products-of-iron-or-non-allo,,,,
India,IND,72111300-flat-rolled-products-of-iron-or-non-allo,4.28,,4.28,C
India,IND,72111400-flat-rolled-products-of-iron-or-non-allo,4.28,,4.28,C
India,IND,72111900-flat-rolled-products-of-iron-or-non-allo,4.28,,4.28,C
India,IND,721123-flat-rolled-products-of-iron-or-non-allo,4.28,,4.28,C
India,IND,72112900-flat-rolled-products-of-iron-or-non-allo,4.28,,4.28,C
India,IND,721190-flat-rolled-products-of-iron-or-non-allo,4.28,,4.28,C
India,IND,7212-flat-rolled-products-of-iron-or-non-allo,4.28,,4.28,C
India,IND,7213-bars-and-rods-of-iron-or-non-alloy-steel,4.27,,4.27,C
India,IND,7214-bars-and-rods-of-iron-or-non-alloy-steel,,,,
India,IND,72141000-bars-and-rods-of-iron-or-non-alloy-steel,4.32,,4.32,C
India,IND,72142000-bars-and-rods-of-iron-or-non-alloy-steel,4.27,,4.27,C
India,IND,72143000-bars-and-rods-of-non-alloy-free-cutting,4.27,,4.27,C
India,IND,721491-bars-and-rods-of-iron-or-non-alloy-steel,4.27,,4.27,C
India,IND,721499-bars-and-rods-of-iron-or-non-alloy-steel,4.27,,4.27,C
India,IND,7215-bars-and-rods-of-iron-or-non-alloy-steel,4.27,,4.27,C
India,IND,7216-angles-shapes-and-sections-of-iron-or-no,4.27,,4.27,C
India,IND,7217-wire-of-iron-or-non-alloy-steel-in-coils,,,,
India,IND,721710-wire-of-iron-or-non-alloy-steel-in-coils,4.27,,4.27,C
India,IND,721720-wire-of-iron-or-non-alloy-steel-in-coils,4.27,,4.27,C
India,IND,721730-wire-of-iron-or-non-alloy-steel-in-coils,4.27,,4.27,C
India,IND,721790-wire-of-iron-or-non-alloy-steel-in-coils,4.27,,4.27,C
India,IND,7218-stainless-steel-in-ingots-or-other-prima,,,,
India,IND,72181000-steel-stainless-in-ingots-and-other-prim,6.53,,6.53,
India,IND,721891-semi-finished-products-of-stainless-stee,6.49,,6.49,
India,IND,72189911-semi-finished-products-of-stainless-stee,6.49,,6.49,
India,IND,72189919-semi-finished-products-of-stainless-stee,6.53,,6.53,
India,IND,72189920-semi-finished-products-of-stainless-stee,6.49,,6.49,
India,IND,72189980-semi-finished-products-of-stainless-stee,6.53,,6.53,
India,IND,7219-flat-rolled-products-of-stainless-steel,,,,
India,IND,72191100-flat-rolled-products-of-stainless-steel,6.49,,6.49,
India,IND,721912-flat-rolled-products-of-stainless-steel,6.49,,6.49,
India,IND,721913-flat-rolled-products-of-stainless-steel,6.49,,6.49,
India,IND,721914-flat-rolled-products-of-stainless-steel,6.49,,6.49,
India,IND,721921-flat-rolled-products-of-stainless-steel,6.49,,6.49,
India,IND,721922-flat-rolled-products-of-stainless-steel,6.49,,6.49,
India,IND,72192300-flat-rolled-products-of-stainless-steel,6.49,,6.49,
India,IND,72192400-flat-rolled-products-of-stainless-steel,6.49,,6.49,
India,IND,72193100-flat-rolled-products-of-stainless-steel,6.5,,6.5,
India,IND,721932-flat-rolled-products-of-stainless-steel,6.5,,6.5,
India,IND,721933-flat-rolled-products-of-stainless-steel,6.5,,6.5,
India,IND,721934-flat-rolled-products-of-stainless-steel,6.5,,6.5,
India,IND,721935-flat-rolled-products-of-stainless-steel,6.5,,6.5,
India,IND,721990-flat-rolled-products-of-stainless-steel,6.5,,6.5,
India,IND,7220-flat-rolled-products-of-stainless-steel,,,,
India,IND,72201100-flat-rolled-products-of-stainless-steel,6.49,,6.49,
India,IND,72201200-flat-rolled-products-of-stainless-steel,6.49,,6.49,
India,IND,722020-flat-rolled-products-of-stainless-steel,6.5,,6.5,
India,IND,722090-flat-rolled-products-of-stainless-steel,6.5,,6.5,
India,IND,7221-bars-and-rods-of-stainless-steel-hot-rol,6.48,,6.48,
India,IND,7222-other-bars-and-rods-of-stainless-steel-a,,,,
India,IND,722211-bars-and-rods-of-stainless-steel-only-ho,6.48,,6.48,
India,IND,722219-bars-and-rods-of-stainless-steel-only-ho,6.48,,6.48,
India,IND,722220-other-bars-and-rods-of-stainless-steel-n,6.48,,6.48,
India,IND,722230-other-bars-and-rods-of-stainless-steel-c,6.53,,6.53,
India,IND,722240-angles-shapes-and-sections-of-stainless,6.48,,6.48,
India,IND,7223-wire-of-stainless-steel-in-coils-excl-ba,,,,
India,IND,722300-wire-of-stainless-steel-in-coils-excl-ba,6.48,,6.48,
India,IND,7224-steel-alloy-other-than-stainless-in-ingo,,,,
India,IND,722410-steel-alloy-other-than-stainless-in-ingo,7.35,,7.35,F
India,IND,72249002-semi-finished-products-of-tool-steel,7.32,,7.32,F
India,IND,72249003-semi-finished-products-of-high-speed-ste,7.32,,7.32,F
India,IND,72249005-semi-finished-products-of-steel-containi,7.32,,7.32,F
India,IND,72249007-semi-finished-products-of-alloy-steel-ot,7.32,,7.32,F
India,IND,72249014-semi-finished-products-of-alloy-steel-ot,7.32,,7.32,F
India,IND,72249018-semi-finished-products-of-alloy-steel-ot,7.35,,7.35,F
India,IND,72249031-semi-finished-products-of-steel-containi,7.32,,7.32,F
India,IND,72249038-semi-finished-products-of-alloy-steel-ot,7.32,,7.32,F
India,IND,72249090-semi-finished-products-of-alloy-steel-ot,7.35,,7.35,F
India,IND,7225-flat-rolled-products-of-alloy-steel-othe,,,,
India,IND,72251100-flat-rolled-products-of-silicon-electric,8.58,,8.58,C
India,IND,72251910-flat-rolled-products-of-silicon-electric,7.32,,7.32,C
India,IND,72251990-flat-rolled-products-of-silicon-electric,7.32,,7.32,C
India,IND,722530-flat-rolled-products-of-alloy-steel-othe,7.32,,7.32,F
India,IND,722540-flat-rolled-products-of-alloy-steel-othe,7.32,,7.32,F
India,IND,722550-flat-rolled-products-of-alloy-steel-othe,7.32,,7.32,F
India,IND,72259100-flat-rolled-products-of-alloy-steel-othe,7.32,,7.32,F
India,IND,72259200-flat-rolled-products-of-alloy-steel-othe,7.32,,7.32,F
India,IND,72259900-flat-rolled-products-of-alloy-steel-othe,7.32,,7.32,F
India,IND,7226-flat-rolled-products-of-alloy-steel-othe,,,,
India,IND,72261100-flat-rolled-products-of-silicon-electric,8.58,,8.58,C
India,IND,72261910-flat-rolled-products-of-silicon-electric,7.32,,7.32,C
India,IND,72261980-flat-rolled-products-of-silicon-electric,7.32,,7.32,C
India,IND,72262000-flat-rolled-products-of-high-speed-steel,7.32,,7.32,F
India,IND,722691-flat-rolled-products-of-alloy-steel-othe,7.32,,7.32,F
India,IND,72269200-flat-rolled-products-of-alloy-steel-othe,7.32,,7.32,F
India,IND,722699-flat-rolled-products-of-alloy-steel-othe,7.32,,7.32,F
India,IND,7227-bars-and-rods-of-alloy-steel-other-than,7.3,,7.3,C/F
India,IND,7228-other-bars-and-rods-of-alloy-steel-other,,,,
India,IND,72281020-bars-and-rods-of-high-speed-steel-not-fu,7.3,,7.3,F
India,IND,72281050-bars-and-rods-of-high-speed-steel-forged,7.35,,7.35,F
India,IND,72281090-bars-and-rods-of-high-speed-steel-not-fu,7.3,,7.3,F
India,IND,722820-bars-and-rods-of-silico-manganese-steel,7.3,,7.3,F
India,IND,722830-bars-and-rods-of-alloy-steel-other-than,7.3,,7.3,C/F
India,IND,722840-bars-and-rods-of-alloy-steel-other-than,7.35,,7.35,F
India,IND,722850-bars-and-rods-of-alloy-steel-other-than,7.3,,7.3,C/F
India,IND,722860-bars-and-rods-of-alloy-steel-other-than,7.3,,7.3,F
India,IND,722870-angles-shapes-and-sections-of-alloy-stee,7.3,,7.3,F
India,IND,72288000-hollow-drill-bars-and-rods-of-alloy-or-n,7.3,,7.3,F
India,IND,7229-wire-of-alloy-steel-other-than-stainless,7.3,,7.3,C/F
India,IND,7301-sheet-piling-of-iron-or-steel-whether-or,4.3,,4.3,C
India,IND,7302-railway-or-tramway-track-construction-ma,5.45,,5.45,C
India,IND,7303-tubes-pipes-and-hollow-profiles-of-cast,,,,
India,IND,730300-tubes-pipes-and-hollow-profiles-of-cast,2.84,,2.84,
India,IND,7304-tubes-pipes-and-hollow-profiles-seamless,,,,
India,IND,73041100-line-pipe-of-a-kind-used-for-oil-or-gas,6.49,,6.49,
India,IND,730419-line-pipe-of-a-kind-used-for-oil-or-gas,4.32,,4.32,C
India,IND,73042200-drill-pipe-seamless-of-stainless-steel-o,6.49,,6.49,
India,IND,73042300-drill-pipe-seamless-of-a-kind-used-in-dr,4.32,,4.32,C
India,IND,73042400-casing-and-tubing-seamless-of-a-kind-use,6.49,,6.49,
India,IND,730429-casing-and-tubing-seamless-of-iron-or-st,4.32,,4.32,C
India,IND,730431-tubes-pipes-and-hollow-profiles-seamless,4.32,,4.32,C
India,IND,730439-tubes-pipes-and-hollow-profiles-seamless,4.32,,4.32,C
India,IND,73044100-tubes-pipes-and-hollow-profiles-seamless,6.49,,6.49,
India,IND,730449-tubes-pipes-and-hollow-profiles-seamless,6.49,,6.49,
India,IND,730451-tubes-pipes-and-hollow-profiles-seamless,4.32,,4.32,F
India,IND,730459-tubes-pipes-and-hollow-profiles-seamless,4.32,,4.32,C/F
India,IND,73049000-tubes-pipes-and-hollow-profiles-seamless,4.32,,4.32,C
India,IND,7305-tubes-and-pipes-having-circular-cross-se,4.32,,4.32,C
India,IND,7306-tubes-pipes-and-hollow-profiles-e-g-open,,,,
India,IND,73061100-line-pipe-of-a-kind-used-for-oil-or-gas,6.5,,6.5,
India,IND,73061900-line-pipe-of-a-kind-used-for-oil-or-gas,4.32,,4.32,C
India,IND,73062100-casing-and-tubing-of-a-kind-used-in-dril,6.5,,6.5,
India,IND,73062900-casing-and-tubing-of-a-kind-used-in-dril,4.32,,4.32,C
India,IND,73063012-precision-tubes-welded-of-circular-cross,4.32,,4.32,C
India,IND,73063018-precision-tubes-welded-of-circular-cross,4.32,,4.32,C
India,IND,73063041-threaded-or-threadable-tubes-gas-pipe-we,4.32,,4.32,C
India,IND,73063049-threaded-or-threadable-tubes-gas-pipe-we,4.32,,4.32,C
India,IND,73063072-other-tubes-pipes-and-hollow-profiles-we,4.32,,4.32,C
India,IND,73063077-other-tubes-pipes-and-hollow-profiles-we,4.32,,4.32,C
India,IND,73063080-tubes-pipes-and-hollow-profiles-welded-h,4.32,,4.32,C
India,IND,73064020-tubes-pipes-and-hollow-profiles-welded-o,6.5,,6.5,
India,IND,73064080-tubes-pipes-and-hollow-profiles-welded-o,6.49,,6.49,
India,IND,73065021-precision-steel-tubes-welded-of-circular,4.33,,4.33,F
India,IND,73065029-precision-steel-tubes-welded-of-circular,4.32,,4.32,F
India,IND,73065080-tubes-pipes-and-hollow-profiles-welded-o,4.33,,4.33,F
India,IND,73066110-tubes-and-pipes-and-hollow-profiles-weld,6.5,,6.5,
India,IND,73066192-tubes-and-pipes-and-hollow-profiles-weld,4.32,,4.32,C
India,IND,73066199-tubes-and-pipes-and-hollow-profiles-weld,4.32,,4.32,C
India,IND,73066910-tubes-pipes-and-hollow-profiles-welded-o,6.5,,6.5,
India,IND,73066990-tubes-pipes-and-hollow-profiles-welded-o,4.32,,4.32,C
India,IND,73069000-tubes-pipes-and-hollow-profiles-e-g-open,4.32,,4.32,C
India,IND,7307-tube-or-pipe-fittings-e-g-couplings-elbo,,,,
India,IND,730711-tube-or-pipe-fittings-of-non-malleable-c,3.859,,3.859,
India,IND,73071910-tube-or-pipe-fittings-of-cast-iron-excl,3.859,,3.859,
India,IND,73071990-cast-tube-or-pipe-fittings-of-steel,4.32,,4.32,C
India,IND,73072100-flanges-of-stainless-steel-excl-cast-pro,4.81,,4.81,
India,IND,730722-threaded-elbows-bends-and-sleeves-of-sta,4.81,,4.81,
India,IND,730723-butt-welding-tube-or-pipe-fittings-of-st,4.81,,4.81,
India,IND,730729-tube-or-pipe-fittings-of-stainless-steel,4.81,,4.81,
India,IND,73079100-flanges-of-iron-or-steel-excl-cast-or-st,4.28,,4.28,C
India,IND,730792-threaded-elbows-bends-and-sleeves-of-sta,4.28,,4.28,C
India,IND,730793-butt-welding-fittings-of-iron-or-steel-e,4.28,,4.28,C
India,IND,730799-tube-or-pipe-fittings-of-iron-or-steel-e,4.28,,4.28,C
India,IND,7308-structures-and-parts-of-structures-e-g-b,5.93,,5.93,C
India,IND,7309-reservoirs-tanks-vats-and-similar-contai,6.65,,6.65,C
India,IND,7310-tanks-casks-drums-cans-boxes-and-similar,4.31,,4.31,C
India,IND,7311-containers-of-iron-or-steel-for-compress,,,,
India,IND,731100-containers-of-iron-or-steel-for-compress,6.64,,6.64,C
India,IND,7318-screws-bolts-nuts-coach-screws-screw-hoo,,,,
India,IND,73181100-coach-screws-of-iron-or-steel,4.27,,4.27,C
India,IND,73181210-wood-screws-of-stainless-steel-excl-coac,5.77,,5.77,
India,IND,73181290-wood-screws-of-iron-or-steel-other-than,4.27,,4.27,C
India,IND,73181300-screw-hooks-and-screw-rings-of-iron-or-s,4.27,,4.27,C
India,IND,73181410-self-tapping-screws-of-stainless-steel-e,5.77,,5.77,
India,IND,73181491-spaced-thread-screws-of-iron-or-steel-ot,4.27,,4.27,C
India,IND,73181499-self-tapping-screws-of-iron-or-steel-oth,4.27,,4.27,C
India,IND,731815-threaded-screws-and-bolts-of-iron-or-ste,5.72,,5.72,C
India,IND,731816-nuts-of-iron-or-steel,5.14,,5.14,C
India,IND,73181900-threaded-articles-of-iron-or-steel-n-e-s,4.27,,4.27,C
India,IND,73182100-spring-washers-and-other-lock-washers-of,4.27,,4.27,C
India,IND,73182200-washers-of-iron-or-steel-excl-spring-was,5.14,,5.14,C
India,IND,73182300-rivets-of-iron-or-steel-excl-tubular-and,4.28,,4.28,C
India,IND,73182400-cotters-and-cotter-pins-of-iron-or-steel,4.27,,4.27,C
India,IND,73182900-non-threaded-articles-of-iron-or-steel,4.27,,4.27,C
India,IND,7326-articles-of-iron-or-steel-n-e-s-excl-cas,,,,
India,IND,73261100-grinding-balls-and-similar-articles-for,4.91,,4.91,C
India,IND,732619-articles-of-iron-or-steel-forged-or-stam,4.91,,4.91,C
India,IND,73262000-articles-of-iron-or-steel-wire-n-e-s,4.91,,4.91,C
India,IND,73269030-ladders-and-steps-of-iron-or-steel,4.91,,4.91,C
India,IND,73269040-pallets-and-similar-platforms-for-handli,4.91,,4.91,C
India,IND,73269050-reels-for-cables-piping-and-the-like-of,4.91,,4.91,C
India,IND,73269060-ventilators-non-mechanical-guttering-hoo,4.91,,4.91,C
India,IND,73269092-articles-of-iron-or-steel-open-die-forge,4.91,,4.91,C
India,IND,73269094-articles-of-iron-or-steel-closed-die-for,4.91,,4.91,C
India,IND,73269096-sintered-articles-of-iron-or-steel-n-e-s,4.91,,4.91,C
India,IND,73269098-articles-of-iron-or-steel-n-e-s,4.91,,4.91,C
Indonesia,IDN,28080000-nitric-acid-sulphonitric-acids,2.06,0.07,2.13,
Indonesia,IDN,28141000-anhydrous-ammonia,2.05,0.23,2.28,
Indonesia,IDN,28142000-ammonia-in-aqueous-solution,0.62,0.07,0.68,
Indonesia,IDN,28342100-nitrate-of-potassium,1.74,0.11,1.86,
Indonesia,IDN,3102-mineral-or-chemical-fertilizers-nitrogen,,,,
Indonesia,IDN,31021012-urea-in-aqueous-solution-containing-45-n,0.46,0.06,0.52,
Indonesia,IDN,31021015-urea-in-aqueous-solution-containing-45-n,0.77,0.06,0.83,
Indonesia,IDN,31021019-urea-whether-or-not-in-aqueous-solution,1.4,0.18,1.58,
Indonesia,IDN,31021090-urea-whether-or-not-in-aqueous-solution,1.37,0.18,1.54,
Indonesia,IDN,31022100-ammonium-sulphate-excl-that-in-tablets-o,0.6,0.14,0.74,
Indonesia,IDN,31022900-double-salts-and-mixtures-of-ammonium-su,1.18,0.15,1.33,
Indonesia,IDN,31023010-ammonium-nitrate-in-aqueous-solution-exc,1.32,0.12,1.44,
Indonesia,IDN,31023090-ammonium-nitrate-excl-that-in-aqueous-so,2.04,0.18,2.22,
Indonesia,IDN,31024010-mixtures-of-ammonium-nitrate-with-calciu,1.76,0.16,1.92,
Indonesia,IDN,31024090-mixtures-of-ammonium-nitrate-with-calciu,1.76,0.16,1.92,
Indonesia,IDN,31025000-sodium-nitrate-excl-that-in-tablets-or-s,3.22,0.12,3.33,
Indonesia,IDN,31026000-double-salts-and-mixtures-of-calcium-nit,1.71,0.16,1.87,
Indonesia,IDN,31028000-mixtures-of-urea-and-ammonium-nitrate-in,1.35,0.14,1.49,
Indonesia,IDN,31029000-mineral-or-chemical-nitrogen-fertilisers,1.44,0.17,1.61,
Indonesia,IDN,3105-mineral-or-chemical-fertilisers-containi,,,,
Indonesia,IDN,31051000-mineral-or-chemical-fertilisers-of-anima,0.69,0.14,0.83,
Indonesia,IDN,31052010-mineral-or-chemical-fertilisers-containi,0.87,0.16,1.04,
Indonesia,IDN,31052090-mineral-or-chemical-fertilisers-containi,0.6,0.13,0.72,
Indonesia,IDN,31053000-diammonium-hydrogenorthophosphate-diammo,0.48,0.1,0.58,
Indonesia,IDN,31054000-ammonium-dihydrogenorthophosphate-monoam,0.31,0.08,0.39,
Indonesia,IDN,31055100-other-mineral-or-chemical-fertilisers-co,1.2,0.2,1.4,
Indonesia,IDN,31055900-other-mineral-or-chemical-fertilisers-co,0.56,0.15,0.71,
Indonesia,IDN,31059020-mineral-or-chemical-fertilisers-containi,1.16,0.12,1.28,
Indonesia,IDN,31059080-mineral-or-chemical-fertilisers-containi,0.6,0.09,0.68,
Indonesia,IDN,7601-unwrought-aluminium,1.7,,1.7,K
Indonesia,IDN,7603-aluminium-powders-and-flakes,1.83,,1.83,K
Indonesia,IDN,76041010-bars-and-rods,2.06,,2.06,K
Indonesia,IDN,76041090-profiles,2.07,,2.07,K
Indonesia,IDN,76042100-hollow-profiles,2.07,,2.07,K
Indonesia,IDN,76042910-bars-and-rods,2.06,,2.06,K
Indonesia,IDN,76042990-profiles,2.07,,2.07,K
Indonesia,IDN,7605-aluminium-wire,2.06,,2.06,K
Indonesia,IDN,7606-aluminium-plates-sheets-and-strip-of-a-t,2.51,,2.51,K
Indonesia,IDN,7607-aluminium-foil-whether-or-not-printed-or,2.51,,2.51,K
Indonesia,IDN,7608-aluminium-tubes-and-pipes,2.07,,2.07,K
Indonesia,IDN,76090000-aluminium-tube-or-pipe-fittings-for-exam,2.07,,2.07,K
Indonesia,IDN,76101000-doors-windows-and-their-frames-and-thres,2.07,,2.07,K
Indonesia,IDN,761090-other,2.07,,2.07,K
Indonesia,IDN,76109010-bridges-and-bridge-sections-towers-and-l,2.07,,2.07,K
Indonesia,IDN,76109090-other,2.07,,2.07,K
Indonesia,IDN,76110000-aluminium-reservoirs-tanks-vats-and-simi,2.51,,2.51,K
Indonesia,IDN,7612-aluminium-casks-drums-cans-boxes-and-sim,2.51,,2.51,K
Indonesia,IDN,76130000-aluminium-containers-for-compressed-or-l,2.51,,2.51,K
Indonesia,IDN,7614-stranded-wire-cables-plaited-bands-and-t,2.06,,2.06,K
Indonesia,IDN,76161000-nails-tacks-staples-other-than-those-of,2.51,,2.51,K
Indonesia,IDN,76169100-cloth-grill-netting-and-fencing-of-alumi,2.51,,2.51,K
Indonesia,IDN,76169910-cast,1.83,,1.83,K
Indonesia,IDN,76169990-other,2.51,,2.51,K
Indonesia,IDN,28041000-hydrogen,10.82,,10.82,
Indonesia,IDN,26011200-agglomerated-iron-ores-and-concentrates,,,,
Indonesia,IDN,7201-pig-iron-and-spiegeleisen-in-pigs-blocks,7.92,,7.92,
Indonesia,IDN,720211-ferro-manganese-containing-by-weight-2-o,1.69,,1.69,
Indonesia,IDN,720219-ferro-manganese-containing-by-weight-2-c,,,,
Indonesia,IDN,720241-ferro-chromium-containing-by-weight-4-of,,,,
Indonesia,IDN,720249-ferro-chromium-containing-by-weight-4-of,,,,
Indonesia,IDN,72026000-ferro-nickel,6.15,,6.15,
Indonesia,IDN,7203-ferrous-products-obtained-by-direct-redu,,,,
Indonesia,IDN,7205-granules-and-powders-of-pig-iron-spiegel,7.9,,7.9,C/F
Indonesia,IDN,7206-iron-and-non-alloy-steel-in-ingots-or-ot,,,,
Indonesia,IDN,72061000-ingots-of-iron-and-non-alloy-steel-excl,8.21,,8.21,C
Indonesia,IDN,72069000-iron-and-non-alloy-steel-in-puddled-bars,8.21,,8.21,C
Indonesia,IDN,7207-semi-finished-products-of-iron-or-non-al,,,,
Indonesia,IDN,72071111-semi-finished-products-of-non-alloy-free,8.23,,8.23,C
Indonesia,IDN,72071114-semi-finished-products-of-iron-or-non-al,8.23,,8.23,C
Indonesia,IDN,72071116-semi-finished-products-of-iron-or-non-al,8.23,,8.23,C
Indonesia,IDN,72071190-semi-finished-products-of-iron-or-non-al,8.21,,8.21,C
Indonesia,IDN,72071210-semi-finished-products-of-iron-or-non-al,8.23,,8.23,C
Indonesia,IDN,72071290-semi-finished-products-of-iron-or-non-al,8.21,,8.21,C
Indonesia,IDN,72071912-semi-finished-products-of-iron-or-non-al,8.23,,8.23,C
Indonesia,IDN,72071919-semi-finished-products-of-iron-or-non-al,8.21,,8.21,C
Indonesia,IDN,72071980-semi-finished-products-of-iron-or-non-al,8.23,,8.23,C
Indonesia,IDN,72072011-semi-finished-products-of-non-alloy-free,8.23,,8.23,C
Indonesia,IDN,72072015-semi-finished-products-of-iron-or-non-al,8.23,,8.23,C
Indonesia,IDN,72072017-semi-finished-products-of-iron-or-non-al,8.23,,8.23,C
Indonesia,IDN,72072019-semi-finished-products-of-iron-or-non-al,8.21,,8.21,C
Indonesia,IDN,72072032-semi-finished-products-of-iron-or-non-al,8.23,,8.23,C
Indonesia,IDN,72072039-semi-finished-products-of-iron-or-non-al,8.21,,8.21,C
Indonesia,IDN,72072052-semi-finished-products-of-iron-or-non-al,8.23,,8.23,C
Indonesia,IDN,72072059-semi-finished-products-of-iron-or-non-al,8.21,,8.21,C
Indonesia,IDN,72072080-semi-finished-products-of-iron-or-non-al,8.23,,8.23,C
Indonesia,IDN,7208-flat-rolled-products-of-iron-or-non-allo,8.23,,8.23,C
Indonesia,IDN,7209-flat-rolled-products-of-iron-or-non-allo,8.25,,8.25,C
Indonesia,IDN,7210-flat-rolled-products-of-iron-or-non-allo,8.25,,8.25,C
Indonesia,IDN,7211-flat-rolled-products-of-iron-or-non-allo,,,,
Indonesia,IDN,72111300-flat-rolled-products-of-iron-or-non-allo,8.23,,8.23,C
Indonesia,IDN,72111400-flat-rolled-products-of-iron-or-non-allo,8.23,,8.23,C
Indonesia,IDN,72111900-flat-rolled-products-of-iron-or-non-allo,8.23,,8.23,C
Indonesia,IDN,721123-flat-rolled-products-of-iron-or-non-allo,8.25,,8.25,C
Indonesia,IDN,72112900-flat-rolled-products-of-iron-or-non-allo,8.25,,8.25,C
Indonesia,IDN,721190-flat-rolled-products-of-iron-or-non-allo,8.25,,8.25,C
Indonesia,IDN,7212-flat-rolled-products-of-iron-or-non-allo,8.25,,8.25,C
Indonesia,IDN,7213-bars-and-rods-of-iron-or-non-alloy-steel,8.23,,8.23,C
Indonesia,IDN,7214-bars-and-rods-of-iron-or-non-alloy-steel,,,,
Indonesia,IDN,72141000-bars-and-rods-of-iron-or-non-alloy-steel,8.21,,8.21,C
Indonesia,IDN,72142000-bars-and-rods-of-iron-or-non-alloy-steel,8.23,,8.23,C
Indonesia,IDN,72143000-bars-and-rods-of-non-alloy-free-cutting,8.23,,8.23,C
Indonesia,IDN,721491-bars-and-rods-of-iron-or-non-alloy-steel,8.23,,8.23,C
Indonesia,IDN,721499-bars-and-rods-of-iron-or-non-alloy-steel,8.23,,8.23,C
Indonesia,IDN,7215-bars-and-rods-of-iron-or-non-alloy-steel,8.23,,8.23,C
Indonesia,IDN,7216-angles-shapes-and-sections-of-iron-or-no,8.23,,8.23,C
Indonesia,IDN,7217-wire-of-iron-or-non-alloy-steel-in-coils,,,,
Indonesia,IDN,721710-wire-of-iron-or-non-alloy-steel-in-coils,8.23,,8.23,C
Indonesia,IDN,721720-wire-of-iron-or-non-alloy-steel-in-coils,8.23,,8.23,C
Indonesia,IDN,721730-wire-of-iron-or-non-alloy-steel-in-coils,8.23,,8.23,C
Indonesia,IDN,721790-wire-of-iron-or-non-alloy-steel-in-coils,8.23,,8.23,C
Indonesia,IDN,7218-stainless-steel-in-ingots-or-other-prima,,,,
Indonesia,IDN,72181000-steel-stainless-in-ingots-and-other-prim,8.63,,8.63,
Indonesia,IDN,721891-semi-finished-products-of-stainless-stee,8.67,,8.67,
Indonesia,IDN,72189911-semi-finished-products-of-stainless-stee,8.67,,8.67,
Indonesia,IDN,72189919-semi-finished-products-of-stainless-stee,8.63,,8.63,
Indonesia,IDN,72189920-semi-finished-products-of-stainless-stee,8.67,,8.67,
Indonesia,IDN,72189980-semi-finished-products-of-stainless-stee,8.63,,8.63,
Indonesia,IDN,7219-flat-rolled-products-of-stainless-steel,,,,
Indonesia,IDN,72191100-flat-rolled-products-of-stainless-steel,8.67,,8.67,
Indonesia,IDN,721912-flat-rolled-products-of-stainless-steel,8.67,,8.67,
Indonesia,IDN,721913-flat-rolled-products-of-stainless-steel,8.67,,8.67,
Indonesia,IDN,721914-flat-rolled-products-of-stainless-steel,8.67,,8.67,
Indonesia,IDN,721921-flat-rolled-products-of-stainless-steel,8.67,,8.67,
Indonesia,IDN,721922-flat-rolled-products-of-stainless-steel,8.67,,8.67,
Indonesia,IDN,72192300-flat-rolled-products-of-stainless-steel,8.67,,8.67,
Indonesia,IDN,72192400-flat-rolled-products-of-stainless-steel,8.67,,8.67,
Indonesia,IDN,72193100-flat-rolled-products-of-stainless-steel,8.69,,8.69,
Indonesia,IDN,721932-flat-rolled-products-of-stainless-steel,8.69,,8.69,
Indonesia,IDN,721933-flat-rolled-products-of-stainless-steel,8.69,,8.69,
Indonesia,IDN,721934-flat-rolled-products-of-stainless-steel,8.69,,8.69,
Indonesia,IDN,721935-flat-rolled-products-of-stainless-steel,8.69,,8.69,
Indonesia,IDN,721990-flat-rolled-products-of-stainless-steel,8.69,,8.69,
Indonesia,IDN,7220-flat-rolled-products-of-stainless-steel,,,,
Indonesia,IDN,72201100-flat-rolled-products-of-stainless-steel,8.67,,8.67,
Indonesia,IDN,72201200-flat-rolled-products-of-stainless-steel,8.67,,8.67,
Indonesia,IDN,722020-flat-rolled-products-of-stainless-steel,8.69,,8.69,
Indonesia,IDN,722090-flat-rolled-products-of-stainless-steel,8.69,,8.69,
Indonesia,IDN,7221-bars-and-rods-of-stainless-steel-hot-rol,8.69,,8.69,
Indonesia,IDN,7222-other-bars-and-rods-of-stainless-steel-a,,,,
Indonesia,IDN,722211-bars-and-rods-of-stainless-steel-only-ho,8.69,,8.69,
Indonesia,IDN,722219-bars-and-rods-of-stainless-steel-only-ho,8.69,,8.69,
Indonesia,IDN,722220-other-bars-and-rods-of-stainless-steel-n,8.69,,8.69,
Indonesia,IDN,722230-other-bars-and-rods-of-stainless-steel-c,8.63,,8.63,
Indonesia,IDN,722240-angles-shapes-and-sections-of-stainless,8.69,,8.69,
Indonesia,IDN,7223-wire-of-stainless-steel-in-coils-excl-ba,,,,
Indonesia,IDN,722300-wire-of-stainless-steel-in-coils-excl-ba,8.69,,8.69,
Indonesia,IDN,7224-steel-alloy-other-than-stainless-in-ingo,,,,
Indonesia,IDN,722410-steel-alloy-other-than-stainless-in-ingo,9.96,,9.96,F
Indonesia,IDN,72249002-semi-finished-products-of-tool-steel,10.0,,10.0,F
Indonesia,IDN,72249003-semi-finished-products-of-high-speed-ste,10.0,,10.0,F
Indonesia,IDN,72249005-semi-finished-products-of-steel-containi,10.0,,10.0,F
Indonesia,IDN,72249007-semi-finished-products-of-alloy-steel-ot,10.0,,10.0,F
Indonesia,IDN,72249014-semi-finished-products-of-alloy-steel-ot,10.0,,10.0,F
Indonesia,IDN,72249018-semi-finished-products-of-alloy-steel-ot,9.96,,9.96,F
Indonesia,IDN,72249031-semi-finished-products-of-steel-containi,10.0,,10.0,F
Indonesia,IDN,72249038-semi-finished-products-of-alloy-steel-ot,10.0,,10.0,F
Indonesia,IDN,72249090-semi-finished-products-of-alloy-steel-ot,9.96,,9.96,F
Indonesia,IDN,7225-flat-rolled-products-of-alloy-steel-othe,,,,
Indonesia,IDN,72251100-flat-rolled-products-of-silicon-electric,13.24,,13.24,C
Indonesia,IDN,72251910-flat-rolled-products-of-silicon-electric,10.0,,10.0,C
Indonesia,IDN,72251990-flat-rolled-products-of-silicon-electric,10.02,,10.02,C
Indonesia,IDN,722530-flat-rolled-products-of-alloy-steel-othe,10.0,,10.0,F
Indonesia,IDN,722540-flat-rolled-products-of-alloy-steel-othe,10.0,,10.0,F
Indonesia,IDN,722550-flat-rolled-products-of-alloy-steel-othe,10.02,,10.02,F
Indonesia,IDN,72259100-flat-rolled-products-of-alloy-steel-othe,10.02,,10.02,F
Indonesia,IDN,72259200-flat-rolled-products-of-alloy-steel-othe,10.02,,10.02,F
Indonesia,IDN,72259900-flat-rolled-products-of-alloy-steel-othe,10.02,,10.02,F
Indonesia,IDN,7226-flat-rolled-products-of-alloy-steel-othe,,,,
Indonesia,IDN,72261100-flat-rolled-products-of-silicon-electric,13.24,,13.24,C
Indonesia,IDN,72261910-flat-rolled-products-of-silicon-electric,10.0,,10.0,C
Indonesia,IDN,72261980-flat-rolled-products-of-silicon-electric,10.02,,10.02,C
Indonesia,IDN,72262000-flat-rolled-products-of-high-speed-steel,10.0,,10.0,F
Indonesia,IDN,722691-flat-rolled-products-of-alloy-steel-othe,10.0,,10.0,F
Indonesia,IDN,72269200-flat-rolled-products-of-alloy-steel-othe,10.02,,10.02,F
Indonesia,IDN,722699-flat-rolled-products-of-alloy-steel-othe,10.02,,10.02,F
Indonesia,IDN,7227-bars-and-rods-of-alloy-steel-other-than,10.02,,10.02,C/F
Indonesia,IDN,7228-other-bars-and-rods-of-alloy-steel-other,,,,
Indonesia,IDN,72281020-bars-and-rods-of-high-speed-steel-not-fu,10.02,,10.02,F
Indonesia,IDN,72281050-bars-and-rods-of-high-speed-steel-forged,9.96,,9.96,F
Indonesia,IDN,72281090-bars-and-rods-of-high-speed-steel-not-fu,10.02,,10.02,F
Indonesia,IDN,722820-bars-and-rods-of-silico-manganese-steel,10.02,,10.02,F
Indonesia,IDN,722830-bars-and-rods-of-alloy-steel-other-than,10.02,,10.02,C/F
Indonesia,IDN,722840-bars-and-rods-of-alloy-steel-other-than,9.96,,9.96,F
Indonesia,IDN,722850-bars-and-rods-of-alloy-steel-other-than,10.02,,10.02,C/F
Indonesia,IDN,722860-bars-and-rods-of-alloy-steel-other-than,10.02,,10.02,F
Indonesia,IDN,722870-angles-shapes-and-sections-of-alloy-stee,10.02,,10.02,F
Indonesia,IDN,72288000-hollow-drill-bars-and-rods-of-alloy-or-n,10.02,,10.02,F
Indonesia,IDN,7229-wire-of-alloy-steel-other-than-stainless,10.02,,10.02,C/F
Indonesia,IDN,7301-sheet-piling-of-iron-or-steel-whether-or,8.25,,8.25,C
Indonesia,IDN,7302-railway-or-tramway-track-construction-ma,8.21,,8.21,C
Indonesia,IDN,7303-tubes-pipes-and-hollow-profiles-of-cast,,,,
Indonesia,IDN,730300-tubes-pipes-and-hollow-profiles-of-cast,7.89,,7.89,
Indonesia,IDN,7304-tubes-pipes-and-hollow-profiles-seamless,,,,
Indonesia,IDN,73041100-line-pipe-of-a-kind-used-for-oil-or-gas,8.63,,8.63,
Indonesia,IDN,730419-line-pipe-of-a-kind-used-for-oil-or-gas,8.21,,8.21,C
Indonesia,IDN,73042200-drill-pipe-seamless-of-stainless-steel-o,8.63,,8.63,
Indonesia,IDN,73042300-drill-pipe-seamless-of-a-kind-used-in-dr,8.21,,8.21,C
Indonesia,IDN,73042400-casing-and-tubing-seamless-of-a-kind-use,8.63,,8.63,
Indonesia,IDN,730429-casing-and-tubing-seamless-of-iron-or-st,8.21,,8.21,C
Indonesia,IDN,730431-tubes-pipes-and-hollow-profiles-seamless,8.21,,8.21,C
Indonesia,IDN,730439-tubes-pipes-and-hollow-profiles-seamless,8.21,,8.21,C
Indonesia,IDN,73044100-tubes-pipes-and-hollow-profiles-seamless,8.63,,8.63,
Indonesia,IDN,730449-tubes-pipes-and-hollow-profiles-seamless,8.63,,8.63,
Indonesia,IDN,730451-tubes-pipes-and-hollow-profiles-seamless,7.86,,7.86,F
Indonesia,IDN,730459-tubes-pipes-and-hollow-profiles-seamless,7.86,,7.86,C/F
Indonesia,IDN,73049000-tubes-pipes-and-hollow-profiles-seamless,8.21,,8.21,C
Indonesia,IDN,7305-tubes-and-pipes-having-circular-cross-se,8.25,,8.25,C
Indonesia,IDN,7306-tubes-pipes-and-hollow-profiles-e-g-open,,,,
Indonesia,IDN,73061100-line-pipe-of-a-kind-used-for-oil-or-gas,8.69,,8.69,
Indonesia,IDN,73061900-line-pipe-of-a-kind-used-for-oil-or-gas,8.25,,8.25,C
Indonesia,IDN,73062100-casing-and-tubing-of-a-kind-used-in-dril,8.69,,8.69,
Indonesia,IDN,73062900-casing-and-tubing-of-a-kind-used-in-dril,8.25,,8.25,C
Indonesia,IDN,73063012-precision-tubes-welded-of-circular-cross,8.25,,8.25,C
Indonesia,IDN,73063018-precision-tubes-welded-of-circular-cross,8.23,,8.23,C
Indonesia,IDN,73063041-threaded-or-threadable-tubes-gas-pipe-we,8.25,,8.25,C
Indonesia,IDN,73063049-threaded-or-threadable-tubes-gas-pipe-we,8.25,,8.25,C
Indonesia,IDN,73063072-other-tubes-pipes-and-hollow-profiles-we,8.25,,8.25,C
Indonesia,IDN,73063077-other-tubes-pipes-and-hollow-profiles-we,8.25,,8.25,C
Indonesia,IDN,73063080-tubes-pipes-and-hollow-profiles-welded-h,8.25,,8.25,C
Indonesia,IDN,73064020-tubes-pipes-and-hollow-profiles-welded-o,8.69,,8.69,
Indonesia,IDN,73064080-tubes-pipes-and-hollow-profiles-welded-o,8.67,,8.67,
Indonesia,IDN,73065021-precision-steel-tubes-welded-of-circular,7.96,,7.96,F
Indonesia,IDN,73065029-precision-steel-tubes-welded-of-circular,7.94,,7.94,F
Indonesia,IDN,73065080-tubes-pipes-and-hollow-profiles-welded-o,7.96,,7.96,F
Indonesia,IDN,73066110-tubes-and-pipes-and-hollow-profiles-weld,8.69,,8.69,
Indonesia,IDN,73066192-tubes-and-pipes-and-hollow-profiles-weld,8.25,,8.25,C
Indonesia,IDN,73066199-tubes-and-pipes-and-hollow-profiles-weld,8.25,,8.25,C
Indonesia,IDN,73066910-tubes-pipes-and-hollow-profiles-welded-o,8.69,,8.69,
Indonesia,IDN,73066990-tubes-pipes-and-hollow-profiles-welded-o,8.25,,8.25,C
Indonesia,IDN,73069000-tubes-pipes-and-hollow-profiles-e-g-open,8.25,,8.25,C
Indonesia,IDN,7307-tube-or-pipe-fittings-e-g-couplings-elbo,,,,
Indonesia,IDN,730711-tube-or-pipe-fittings-of-non-malleable-c,7.89,,7.89,
Indonesia,IDN,73071910-tube-or-pipe-fittings-of-cast-iron-excl,7.89,,7.89,
Indonesia,IDN,73071990-cast-tube-or-pipe-fittings-of-steel,8.21,,8.21,C
Indonesia,IDN,73072100-flanges-of-stainless-steel-excl-cast-pro,7.94,,7.94,
Indonesia,IDN,730722-threaded-elbows-bends-and-sleeves-of-sta,7.94,,7.94,
Indonesia,IDN,730723-butt-welding-tube-or-pipe-fittings-of-st,7.94,,7.94,
Indonesia,IDN,730729-tube-or-pipe-fittings-of-stainless-steel,7.94,,7.94,
Indonesia,IDN,73079100-flanges-of-iron-or-steel-excl-cast-or-st,8.21,,8.21,C
Indonesia,IDN,730792-threaded-elbows-bends-and-sleeves-of-sta,8.21,,8.21,C
Indonesia,IDN,730793-butt-welding-fittings-of-iron-or-steel-e,8.21,,8.21,C
Indonesia,IDN,730799-tube-or-pipe-fittings-of-iron-or-steel-e,8.21,,8.21,C
Indonesia,IDN,7308-structures-and-parts-of-structures-e-g-b,8.25,,8.25,C
Indonesia,IDN,7309-reservoirs-tanks-vats-and-similar-contai,10.01,,10.01,C
Indonesia,IDN,7310-tanks-casks-drums-cans-boxes-and-similar,8.25,,8.25,C
Indonesia,IDN,7311-containers-of-iron-or-steel-for-compress,,,,
Indonesia,IDN,731100-containers-of-iron-or-steel-for-compress,9.98,,9.98,C
Indonesia,IDN,7318-screws-bolts-nuts-coach-screws-screw-hoo,,,,
Indonesia,IDN,73181100-coach-screws-of-iron-or-steel,8.23,,8.23,C
Indonesia,IDN,73181210-wood-screws-of-stainless-steel-excl-coac,8.65,,8.65,
Indonesia,IDN,73181290-wood-screws-of-iron-or-steel-other-than,8.23,,8.23,C
Indonesia,IDN,73181300-screw-hooks-and-screw-rings-of-iron-or-s,8.23,,8.23,C
Indonesia,IDN,73181410-self-tapping-screws-of-stainless-steel-e,8.65,,8.65,
Indonesia,IDN,73181491-spaced-thread-screws-of-iron-or-steel-ot,8.23,,8.23,C
Indonesia,IDN,73181499-self-tapping-screws-of-iron-or-steel-oth,8.23,,8.23,C
Indonesia,IDN,731815-threaded-screws-and-bolts-of-iron-or-ste,8.23,,8.23,C
Indonesia,IDN,731816-nuts-of-iron-or-steel,8.54,,8.54,C
Indonesia,IDN,73181900-threaded-articles-of-iron-or-steel-n-e-s,8.23,,8.23,C
Indonesia,IDN,73182100-spring-washers-and-other-lock-washers-of,8.23,,8.23,C
Indonesia,IDN,73182200-washers-of-iron-or-steel-excl-spring-was,8.54,,8.54,C
Indonesia,IDN,73182300-rivets-of-iron-or-steel-excl-tubular-and,8.23,,8.23,C
Indonesia,IDN,73182400-cotters-and-cotter-pins-of-iron-or-steel,8.23,,8.23,C
Indonesia,IDN,73182900-non-threaded-articles-of-iron-or-steel,8.23,,8.23,C
Indonesia,IDN,7326-articles-of-iron-or-steel-n-e-s-excl-cas,,,,
Indonesia,IDN,73261100-grinding-balls-and-similar-articles-for,8.21,,8.21,C
Indonesia,IDN,732619-articles-of-iron-or-steel-forged-or-stam,8.21,,8.21,C
Indonesia,IDN,73262000-articles-of-iron-or-steel-wire-n-e-s,8.23,,8.23,C
Indonesia,IDN,73269030-ladders-and-steps-of-iron-or-steel,8.23,,8.23,C
Indonesia,IDN,73269040-pallets-and-similar-platforms-for-handli,8.23,,8.23,C
Indonesia,IDN,73269050-reels-for-cables-piping-and-the-like-of,8.23,,8.23,C
Indonesia,IDN,73269060-ventilators-non-mechanical-guttering-hoo,8.23,,8.23,C
Indonesia,IDN,73269092-articles-of-iron-or-steel-open-die-forge,8.21,,8.21,C
Indonesia,IDN,73269094-articles-of-iron-or-steel-closed-die-for,8.21,,8.21,C
Indonesia,IDN,73269096-sintered-articles-of-iron-or-steel-n-e-s,8.21,,8.21,C
Indonesia,IDN,73269098-articles-of-iron-or-steel-n-e-s,8.25,,8.25,C
"Iran, Islamic Republic of",IRN,2507008080-calcined-clay,,,,
"Iran, Islamic Republic of",IRN,2523100010-white-clinker,1.32,0.05,1.38,B
"Iran, Islamic Republic of",IRN,2523100090-other-clinker-including-grey-clinker,,,,
"Iran, Islamic Republic of",IRN,25232100-white-portland-cement,1.32,0.14,1.46,
"Iran, Islamic Republic of",IRN,25232900-grey-portland-cement,,,,
"Iran, Islamic Republic of",IRN,25233000-aluminous-cement,,,,
"Iran, Islamic Republic of",IRN,2523900010-white-hydraulic-cement,1.35,0.18,1.53,B
"Iran, Islamic Republic of",IRN,2523900090-other-hydraulic-cements-including-grey-h,,,,
"Iran, Islamic Republic of",IRN,28080000-nitric-acid-sulphonitric-acids,2.45,0.04,2.49,
"Iran, Islamic Republic of",IRN,28141000-anhydrous-ammonia,1.96,0.12,2.08,
"Iran, Islamic Republic of",IRN,28142000-ammonia-in-aqueous-solution,0.59,0.04,0.62,
"Iran, Islamic Republic of",IRN,28342100-nitrate-of-potassium,1.98,0.06,2.04,
"Iran, Islamic Republic of",IRN,3102-mineral-or-chemical-fertilizers-nitrogen,,,,
"Iran, Islamic Republic of",IRN,31021012-urea-in-aqueous-solution-containing-45-n,0.45,0.03,0.48,
"Iran, Islamic Republic of",IRN,31021015-urea-in-aqueous-solution-containing-45-n,0.74,0.03,0.78,
"Iran, Islamic Republic of",IRN,31021019-urea-whether-or-not-in-aqueous-solution,1.35,0.1,1.45,
"Iran, Islamic Republic of",IRN,31021090-urea-whether-or-not-in-aqueous-solution,1.32,0.1,1.42,
"Iran, Islamic Republic of",IRN,31022100-ammonium-sulphate-excl-that-in-tablets-o,0.58,0.08,0.66,
"Iran, Islamic Republic of",IRN,31022900-double-salts-and-mixtures-of-ammonium-su,1.28,0.08,1.37,
"Iran, Islamic Republic of",IRN,31023010-ammonium-nitrate-in-aqueous-solution-exc,1.5,0.06,1.57,
"Iran, Islamic Republic of",IRN,31023090-ammonium-nitrate-excl-that-in-aqueous-so,2.31,0.1,2.41,
"Iran, Islamic Republic of",IRN,31024010-mixtures-of-ammonium-nitrate-with-calciu,1.99,0.09,2.08,
"Iran, Islamic Republic of",IRN,31024090-mixtures-of-ammonium-nitrate-with-calciu,1.99,0.09,2.08,
"Iran, Islamic Republic of",IRN,31025000-sodium-nitrate-excl-that-in-tablets-or-s,3.82,0.06,3.88,
"Iran, Islamic Republic of",IRN,31026000-double-salts-and-mixtures-of-calcium-nit,1.94,0.09,2.03,
"Iran, Islamic Republic of",IRN,31028000-mixtures-of-urea-and-ammonium-nitrate-in,1.46,0.08,1.54,
"Iran, Islamic Republic of",IRN,31029000-mineral-or-chemical-nitrogen-fertilisers,1.51,0.09,1.6,
"Iran, Islamic Republic of",IRN,3105-mineral-or-chemical-fertilisers-containi,,,,
"Iran, Islamic Republic of",IRN,31051000-mineral-or-chemical-fertilisers-of-anima,0.74,0.08,0.82,
"Iran, Islamic Republic of",IRN,31052010-mineral-or-chemical-fertilisers-containi,0.98,0.09,1.07,
"Iran, Islamic Republic of",IRN,31052090-mineral-or-chemical-fertilisers-containi,0.66,0.07,0.73,
"Iran, Islamic Republic of",IRN,31053000-diammonium-hydrogenorthophosphate-diammo,0.46,0.06,0.52,
"Iran, Islamic Republic of",IRN,31054000-ammonium-dihydrogenorthophosphate-monoam,0.3,0.04,0.34,
"Iran, Islamic Republic of",IRN,31055100-other-mineral-or-chemical-fertilisers-co,1.34,0.12,1.46,
"Iran, Islamic Republic of",IRN,31055900-other-mineral-or-chemical-fertilisers-co,0.54,0.1,0.64,
"Iran, Islamic Republic of",IRN,31059020-mineral-or-chemical-fertilisers-containi,1.31,0.07,1.38,
"Iran, Islamic Republic of",IRN,31059080-mineral-or-chemical-fertilisers-containi,0.67,0.05,0.72,
"Iran, Islamic Republic of",IRN,7601-unwrought-aluminium,1.7,,1.7,K
"Iran, Islamic Republic of",IRN,7603-aluminium-powders-and-flakes,1.81,,1.81,K
"Iran, Islamic Republic of",IRN,76041010-bars-and-rods,2.03,,2.03,K
"Iran, Islamic Republic of",IRN,76041090-profiles,2.05,,2.05,K
"Iran, Islamic Republic of",IRN,76042100-hollow-profiles,2.05,,2.05,K
"Iran, Islamic Republic of",IRN,76042910-bars-and-rods,2.03,,2.03,K
"Iran, Islamic Republic of",IRN,76042990-profiles,2.05,,2.05,K
"Iran, Islamic Republic of",IRN,7605-aluminium-wire,2.03,,2.03,K
"Iran, Islamic Republic of",IRN,7606-aluminium-plates-sheets-and-strip-of-a-t,2.49,,2.49,K
"Iran, Islamic Republic of",IRN,7607-aluminium-foil-whether-or-not-printed-or,2.49,,2.49,K
"Iran, Islamic Republic of",IRN,7608-aluminium-tubes-and-pipes,2.05,,2.05,K
"Iran, Islamic Republic of",IRN,76090000-aluminium-tube-or-pipe-fittings-for-exam,2.05,,2.05,K
"Iran, Islamic Republic of",IRN,76101000-doors-windows-and-their-frames-and-thres,2.05,,2.05,K
"Iran, Islamic Republic of",IRN,761090-other,2.05,,2.05,K
"Iran, Islamic Republic of",IRN,76109010-bridges-and-bridge-sections-towers-and-l,2.05,,2.05,K
"Iran, Islamic Republic of",IRN,76109090-other,2.05,,2.05,K
"Iran, Islamic Republic of",IRN,76110000-aluminium-reservoirs-tanks-vats-and-simi,2.49,,2.49,K
"Iran, Islamic Republic of",IRN,7612-aluminium-casks-drums-cans-boxes-and-sim,2.49,,2.49,K
"Iran, Islamic Republic of",IRN,76130000-aluminium-containers-for-compressed-or-l,2.49,,2.49,K
"Iran, Islamic Republic of",IRN,7614-stranded-wire-cables-plaited-bands-and-t,2.03,,2.03,K
"Iran, Islamic Republic of",IRN,76161000-nails-tacks-staples-other-than-those-of,2.49,,2.49,K
"Iran, Islamic Republic of",IRN,76169100-cloth-grill-netting-and-fencing-of-alumi,2.49,,2.49,K
"Iran, Islamic Republic of",IRN,76169910-cast,1.81,,1.81,K
"Iran, Islamic Republic of",IRN,76169990-other,2.49,,2.49,K
"Iran, Islamic Republic of",IRN,28041000-hydrogen,14.03,,14.03,
"Iran, Islamic Republic of",IRN,26011200-agglomerated-iron-ores-and-concentrates,,,,
"Iran, Islamic Republic of",IRN,7201-pig-iron-and-spiegeleisen-in-pigs-blocks,1.86,,1.86,
"Iran, Islamic Republic of",IRN,720211-ferro-manganese-containing-by-weight-2-o,1.69,,1.69,
"Iran, Islamic Republic of",IRN,720219-ferro-manganese-containing-by-weight-2-c,,,,
"Iran, Islamic Republic of",IRN,720241-ferro-chromium-containing-by-weight-4-of,2.35,,2.35,
"Iran, Islamic Republic of",IRN,720249-ferro-chromium-containing-by-weight-4-of,,,,
"Iran, Islamic Republic of",IRN,72026000-ferro-nickel,,,,
"Iran, Islamic Republic of",IRN,7203-ferrous-products-obtained-by-direct-redu,,,,
"Iran, Islamic Republic of",IRN,7205-granules-and-powders-of-pig-iron-spiegel,1.87,,1.87,C/F
"Iran, Islamic Republic of",IRN,7206-iron-and-non-alloy-steel-in-ingots-or-ot,,,,
"Iran, Islamic Republic of",IRN,72061000-ingots-of-iron-and-non-alloy-steel-excl,1.94,,1.94,C
"Iran, Islamic Republic of",IRN,72069000-iron-and-non-alloy-steel-in-puddled-bars,1.94,,1.94,C
"Iran, Islamic Republic of",IRN,7207-semi-finished-products-of-iron-or-non-al,,,,
"Iran, Islamic Republic of",IRN,72071111-semi-finished-products-of-non-alloy-free,1.94,,1.94,C
"Iran, Islamic Republic of",IRN,72071114-semi-finished-products-of-iron-or-non-al,1.94,,1.94,C
"Iran, Islamic Republic of",IRN,72071116-semi-finished-products-of-iron-or-non-al,1.94,,1.94,C
"Iran, Islamic Republic of",IRN,72071190-semi-finished-products-of-iron-or-non-al,1.94,,1.94,C
"Iran, Islamic Republic of",IRN,72071210-semi-finished-products-of-iron-or-non-al,1.94,,1.94,C
"Iran, Islamic Republic of",IRN,72071290-semi-finished-products-of-iron-or-non-al,1.94,,1.94,C
"Iran, Islamic Republic of",IRN,72071912-semi-finished-products-of-iron-or-non-al,1.94,,1.94,C
"Iran, Islamic Republic of",IRN,72071919-semi-finished-products-of-iron-or-non-al,1.94,,1.94,C
"Iran, Islamic Republic of",IRN,72071980-semi-finished-products-of-iron-or-non-al,1.94,,1.94,C
"Iran, Islamic Republic of",IRN,72072011-semi-finished-products-of-non-alloy-free,1.94,,1.94,C
"Iran, Islamic Republic of",IRN,72072015-semi-finished-products-of-iron-or-non-al,1.94,,1.94,C
"Iran, Islamic Republic of",IRN,72072017-semi-finished-products-of-iron-or-non-al,1.94,,1.94,C
"Iran, Islamic Republic of",IRN,72072019-semi-finished-products-of-iron-or-non-al,1.94,,1.94,C
"Iran, Islamic Republic of",IRN,72072032-semi-finished-products-of-iron-or-non-al,1.94,,1.94,C
"Iran, Islamic Republic of",IRN,72072039-semi-finished-products-of-iron-or-non-al,1.94,,1.94,C
"Iran, Islamic Republic of",IRN,72072052-semi-finished-products-of-iron-or-non-al,1.94,,1.94,C
"Iran, Islamic Republic of",IRN,72072059-semi-finished-products-of-iron-or-non-al,1.94,,1.94,C
"Iran, Islamic Republic of",IRN,72072080-semi-finished-products-of-iron-or-non-al,1.94,,1.94,C
"Iran, Islamic Republic of",IRN,7208-flat-rolled-products-of-iron-or-non-allo,1.94,,1.94,C
"Iran, Islamic Republic of",IRN,7209-flat-rolled-products-of-iron-or-non-allo,1.94,,1.94,C
"Iran, Islamic Republic of",IRN,7210-flat-rolled-products-of-iron-or-non-allo,1.94,,1.94,C
"Iran, Islamic Republic of",IRN,7211-flat-rolled-products-of-iron-or-non-allo,,,,
"Iran, Islamic Republic of",IRN,72111300-flat-rolled-products-of-iron-or-non-allo,1.94,,1.94,C
"Iran, Islamic Republic of",IRN,72111400-flat-rolled-products-of-iron-or-non-allo,1.94,,1.94,C
"Iran, Islamic Republic of",IRN,72111900-flat-rolled-products-of-iron-or-non-allo,1.94,,1.94,C
"Iran, Islamic Republic of",IRN,721123-flat-rolled-products-of-iron-or-non-allo,1.94,,1.94,C
"Iran, Islamic Republic of",IRN,72112900-flat-rolled-products-of-iron-or-non-allo,1.94,,1.94,C
"Iran, Islamic Republic of",IRN,721190-flat-rolled-products-of-iron-or-non-allo,1.94,,1.94,C
"Iran, Islamic Republic of",IRN,7212-flat-rolled-products-of-iron-or-non-allo,1.94,,1.94,C
"Iran, Islamic Republic of",IRN,7213-bars-and-rods-of-iron-or-non-alloy-steel,1.94,,1.94,C
"Iran, Islamic Republic of",IRN,7214-bars-and-rods-of-iron-or-non-alloy-steel,,,,
"Iran, Islamic Republic of",IRN,72141000-bars-and-rods-of-iron-or-non-alloy-steel,1.94,,1.94,C
"Iran, Islamic Republic of",IRN,72142000-bars-and-rods-of-iron-or-non-alloy-steel,1.94,,1.94,C
"Iran, Islamic Republic of",IRN,72143000-bars-and-rods-of-non-alloy-free-cutting,1.94,,1.94,C
"Iran, Islamic Republic of",IRN,721491-bars-and-rods-of-iron-or-non-alloy-steel,1.94,,1.94,C
"Iran, Islamic Republic of",IRN,721499-bars-and-rods-of-iron-or-non-alloy-steel,1.94,,1.94,C
"Iran, Islamic Republic of",IRN,7215-bars-and-rods-of-iron-or-non-alloy-steel,1.94,,1.94,C
"Iran, Islamic Republic of",IRN,7216-angles-shapes-and-sections-of-iron-or-no,1.94,,1.94,C
"Iran, Islamic Republic of",IRN,7217-wire-of-iron-or-non-alloy-steel-in-coils,,,,
"Iran, Islamic Republic of",IRN,721710-wire-of-iron-or-non-alloy-steel-in-coils,1.94,,1.94,C
"Iran, Islamic Republic of",IRN,721720-wire-of-iron-or-non-alloy-steel-in-coils,1.94,,1.94,C
"Iran, Islamic Republic of",IRN,721730-wire-of-iron-or-non-alloy-steel-in-coils,1.94,,1.94,C
"Iran, Islamic Republic of",IRN,721790-wire-of-iron-or-non-alloy-steel-in-coils,1.94,,1.94,C
"Iran, Islamic Republic of",IRN,7218-stainless-steel-in-ingots-or-other-prima,,,,
"Iran, Islamic Republic of",IRN,72181000-steel-stainless-in-ingots-and-other-prim,3.2,,3.2,
"Iran, Islamic Republic of",IRN,721891-semi-finished-products-of-stainless-stee,3.2,,3.2,
"Iran, Islamic Republic of",IRN,72189911-semi-finished-products-of-stainless-stee,3.2,,3.2,
"Iran, Islamic Republic of",IRN,72189919-semi-finished-products-of-stainless-stee,3.2,,3.2,
"Iran, Islamic Republic of",IRN,72189920-semi-finished-products-of-stainless-stee,3.2,,3.2,
"Iran, Islamic Republic of",IRN,72189980-semi-finished-products-of-stainless-stee,3.2,,3.2,
"Iran, Islamic Republic of",IRN,7219-flat-rolled-products-of-stainless-steel,,,,
"Iran, Islamic Republic of",IRN,72191100-flat-rolled-products-of-stainless-steel,3.2,,3.2,
"Iran, Islamic Republic of",IRN,721912-flat-rolled-products-of-stainless-steel,3.2,,3.2,
"Iran, Islamic Republic of",IRN,721913-flat-rolled-products-of-stainless-steel,3.2,,3.2,
"Iran, Islamic Republic of",IRN,721914-flat-rolled-products-of-stainless-steel,3.2,,3.2,
"Iran, Islamic Republic of",IRN,721921-flat-rolled-products-of-stainless-steel,3.2,,3.2,
"Iran, Islamic Republic of",IRN,721922-flat-rolled-products-of-stainless-steel,3.2,,3.2,
"Iran, Islamic Republic of",IRN,72192300-flat-rolled-products-of-stainless-steel,3.2,,3.2,
"Iran, Islamic Republic of",IRN,72192400-flat-rolled-products-of-stainless-steel,3.2,,3.2,
"Iran, Islamic Republic of",IRN,72193100-flat-rolled-products-of-stainless-steel,3.2,,3.2,
"Iran, Islamic Republic of",IRN,721932-flat-rolled-products-of-stainless-steel,3.2,,3.2,
"Iran, Islamic Republic of",IRN,721933-flat-rolled-products-of-stainless-steel,3.2,,3.2,
"Iran, Islamic Republic of",IRN,721934-flat-rolled-products-of-stainless-steel,3.2,,3.2,
"Iran, Islamic Republic of",IRN,721935-flat-rolled-products-of-stainless-steel,3.2,,3.2,
"Iran, Islamic Republic of",IRN,721990-flat-rolled-products-of-stainless-steel,3.2,,3.2,
"Iran, Islamic Republic of",IRN,7220-flat-rolled-products-of-stainless-steel,,,,
"Iran, Islamic Republic of",IRN,72201100-flat-rolled-products-of-stainless-steel,3.2,,3.2,
"Iran, Islamic Republic of",IRN,72201200-flat-rolled-products-of-stainless-steel,3.2,,3.2,
"Iran, Islamic Republic of",IRN,722020-flat-rolled-products-of-stainless-steel,3.2,,3.2,
"Iran, Islamic Republic of",IRN,722090-flat-rolled-products-of-stainless-steel,3.2,,3.2,
"Iran, Islamic Republic of",IRN,7221-bars-and-rods-of-stainless-steel-hot-rol,3.2,,3.2,
"Iran, Islamic Republic of",IRN,7222-other-bars-and-rods-of-stainless-steel-a,,,,
"Iran, Islamic Republic of",IRN,722211-bars-and-rods-of-stainless-steel-only-ho,3.2,,3.2,
"Iran, Islamic Republic of",IRN,722219-bars-and-rods-of-stainless-steel-only-ho,3.2,,3.2,
"Iran, Islamic Republic of",IRN,722220-other-bars-and-rods-of-stainless-steel-n,3.2,,3.2,
"Iran, Islamic Republic of",IRN,722230-other-bars-and-rods-of-stainless-steel-c,3.2,,3.2,
"Iran, Islamic Republic of",IRN,722240-angles-shapes-and-sections-of-stainless,3.2,,3.2,
"Iran, Islamic Republic of",IRN,7223-wire-of-stainless-steel-in-coils-excl-ba,,,,
"Iran, Islamic Republic of",IRN,722300-wire-of-stainless-steel-in-coils-excl-ba,3.2,,3.2,
"Iran, Islamic Republic of",IRN,7224-steel-alloy-other-than-stainless-in-ingo,,,,
"Iran, Islamic Republic of",IRN,722410-steel-alloy-other-than-stainless-in-ingo,3.0,,3.0,F
"Iran, Islamic Republic of",IRN,72249002-semi-finished-products-of-tool-steel,3.0,,3.0,F
"Iran, Islamic Republic of",IRN,72249003-semi-finished-products-of-high-speed-ste,3.0,,3.0,F
"Iran, Islamic Republic of",IRN,72249005-semi-finished-products-of-steel-containi,3.0,,3.0,F
"Iran, Islamic Republic of",IRN,72249007-semi-finished-products-of-alloy-steel-ot,3.0,,3.0,F
"Iran, Islamic Republic of",IRN,72249014-semi-finished-products-of-alloy-steel-ot,3.0,,3.0,F
"Iran, Islamic Republic of",IRN,72249018-semi-finished-products-of-alloy-steel-ot,3.0,,3.0,F
"Iran, Islamic Republic of",IRN,72249031-semi-finished-products-of-steel-containi,3.0,,3.0,F
"Iran, Islamic Republic of",IRN,72249038-semi-finished-products-of-alloy-steel-ot,3.0,,3.0,F
"Iran, Islamic Republic of",IRN,72249090-semi-finished-products-of-alloy-steel-ot,3.0,,3.0,F
"Iran, Islamic Republic of",IRN,7225-flat-rolled-products-of-alloy-steel-othe,,,,
"Iran, Islamic Republic of",IRN,72251100-flat-rolled-products-of-silicon-electric,3.98,,3.98,C
"Iran, Islamic Republic of",IRN,72251910-flat-rolled-products-of-silicon-electric,3.0,,3.0,C
"Iran, Islamic Republic of",IRN,72251990-flat-rolled-products-of-silicon-electric,3.0,,3.0,C
"Iran, Islamic Republic of",IRN,722530-flat-rolled-products-of-alloy-steel-othe,3.0,,3.0,F
"Iran, Islamic Republic of",IRN,722540-flat-rolled-products-of-alloy-steel-othe,3.0,,3.0,F
"Iran, Islamic Republic of",IRN,722550-flat-rolled-products-of-alloy-steel-othe,3.0,,3.0,F
"Iran, Islamic Republic of",IRN,72259100-flat-rolled-products-of-alloy-steel-othe,3.0,,3.0,F
"Iran, Islamic Republic of",IRN,72259200-flat-rolled-products-of-alloy-steel-othe,3.0,,3.0,F
"Iran, Islamic Republic of",IRN,72259900-flat-rolled-products-of-alloy-steel-othe,3.0,,3.0,F
"Iran, Islamic Republic of",IRN,7226-flat-rolled-products-of-alloy-steel-othe,,,,
"Iran, Islamic Republic of",IRN,72261100-flat-rolled-products-of-silicon-electric,3.98,,3.98,C
"Iran, Islamic Republic of",IRN,72261910-flat-rolled-products-of-silicon-electric,3.0,,3.0,C
"Iran, Islamic Republic of",IRN,72261980-flat-rolled-products-of-silicon-electric,3.0,,3.0,C
"Iran, Islamic Republic of",IRN,72262000-flat-rolled-products-of-high-speed-steel,3.0,,3.0,F
"Iran, Islamic Republic of",IRN,722691-flat-rolled-products-of-alloy-steel-othe,3.0,,3.0,F
"Iran, Islamic Republic of",IRN,72269200-flat-rolled-products-of-alloy-steel-othe,3.0,,3.0,F
"Iran, Islamic Republic of",IRN,722699-flat-rolled-products-of-alloy-steel-othe,3.0,,3.0,F
"Iran, Islamic Republic of",IRN,7227-bars-and-rods-of-alloy-steel-other-than,3.0,,3.0,C/F
"Iran, Islamic Republic of",IRN,7228-other-bars-and-rods-of-alloy-steel-other,,,,
"Iran, Islamic Republic of",IRN,72281020-bars-and-rods-of-high-speed-steel-not-fu,3.0,,3.0,F
"Iran, Islamic Republic of",IRN,72281050-bars-and-rods-of-high-speed-steel-forged,3.0,,3.0,F
"Iran, Islamic Republic of",IRN,72281090-bars-and-rods-of-high-speed-steel-not-fu,3.0,,3.0,F
"Iran, Islamic Republic of",IRN,722820-bars-and-rods-of-silico-manganese-steel,3.0,,3.0,F
"Iran, Islamic Republic of",IRN,722830-bars-and-rods-of-alloy-steel-other-than,3.0,,3.0,C/F
"Iran, Islamic Republic of",IRN,722840-bars-and-rods-of-alloy-steel-other-than,3.0,,3.0,F
"Iran, Islamic Republic of",IRN,722850-bars-and-rods-of-alloy-steel-other-than,3.0,,3.0,C/F
"Iran, Islamic Republic of",IRN,722860-bars-and-rods-of-alloy-steel-other-than,3.0,,3.0,F
"Iran, Islamic Republic of",IRN,722870-angles-shapes-and-sections-of-alloy-stee,3.0,,3.0,F
"Iran, Islamic Republic of",IRN,72288000-hollow-drill-bars-and-rods-of-alloy-or-n,3.0,,3.0,F
"Iran, Islamic Republic of",IRN,7229-wire-of-alloy-steel-other-than-stainless,3.0,,3.0,C/F
"Iran, Islamic Republic of",IRN,7301-sheet-piling-of-iron-or-steel-whether-or,1.94,,1.94,C
"Iran, Islamic Republic of",IRN,7302-railway-or-tramway-track-construction-ma,2.79,,2.79,C
"Iran, Islamic Republic of",IRN,7303-tubes-pipes-and-hollow-profiles-of-cast,,,,
"Iran, Islamic Republic of",IRN,730300-tubes-pipes-and-hollow-profiles-of-cast,1.86,,1.86,
"Iran, Islamic Republic of",IRN,7304-tubes-pipes-and-hollow-profiles-seamless,,,,
"Iran, Islamic Republic of",IRN,73041100-line-pipe-of-a-kind-used-for-oil-or-gas,3.2,,3.2,
"Iran, Islamic Republic of",IRN,730419-line-pipe-of-a-kind-used-for-oil-or-gas,1.94,,1.94,C
"Iran, Islamic Republic of",IRN,73042200-drill-pipe-seamless-of-stainless-steel-o,3.2,,3.2,
"Iran, Islamic Republic of",IRN,73042300-drill-pipe-seamless-of-a-kind-used-in-dr,1.94,,1.94,C
"Iran, Islamic Republic of",IRN,73042400-casing-and-tubing-seamless-of-a-kind-use,3.2,,3.2,
"Iran, Islamic Republic of",IRN,730429-casing-and-tubing-seamless-of-iron-or-st,1.94,,1.94,C
"Iran, Islamic Republic of",IRN,730431-tubes-pipes-and-hollow-profiles-seamless,1.94,,1.94,C
"Iran, Islamic Republic of",IRN,730439-tubes-pipes-and-hollow-profiles-seamless,1.94,,1.94,C
"Iran, Islamic Republic of",IRN,73044100-tubes-pipes-and-hollow-profiles-seamless,3.2,,3.2,
"Iran, Islamic Republic of",IRN,730449-tubes-pipes-and-hollow-profiles-seamless,3.2,,3.2,
"Iran, Islamic Republic of",IRN,730451-tubes-pipes-and-hollow-profiles-seamless,1.9,,1.9,F
"Iran, Islamic Republic of",IRN,730459-tubes-pipes-and-hollow-profiles-seamless,1.9,,1.9,C/F
"Iran, Islamic Republic of",IRN,73049000-tubes-pipes-and-hollow-profiles-seamless,1.94,,1.94,C
"Iran, Islamic Republic of",IRN,7305-tubes-and-pipes-having-circular-cross-se,1.94,,1.94,C
"Iran, Islamic Republic of",IRN,7306-tubes-pipes-and-hollow-profiles-e-g-open,,,,
"Iran, Islamic Republic of",IRN,73061100-line-pipe-of-a-kind-used-for-oil-or-gas,3.2,,3.2,
"Iran, Islamic Republic of",IRN,73061900-line-pipe-of-a-kind-used-for-oil-or-gas,1.94,,1.94,C
"Iran, Islamic Republic of",IRN,73062100-casing-and-tubing-of-a-kind-used-in-dril,3.2,,3.2,
"Iran, Islamic Republic of",IRN,73062900-casing-and-tubing-of-a-kind-used-in-dril,1.94,,1.94,C
"Iran, Islamic Republic of",IRN,73063012-precision-tubes-welded-of-circular-cross,1.94,,1.94,C
"Iran, Islamic Republic of",IRN,73063018-precision-tubes-welded-of-circular-cross,1.94,,1.94,C
"Iran, Islamic Republic of",IRN,73063041-threaded-or-threadable-tubes-gas-pipe-we,1.94,,1.94,C
"Iran, Islamic Republic of",IRN,73063049-threaded-or-threadable-tubes-gas-pipe-we,1.94,,1.94,C
"Iran, Islamic Republic of",IRN,73063072-other-tubes-pipes-and-hollow-profiles-we,1.94,,1.94,C
"Iran, Islamic Republic of",IRN,73063077-other-tubes-pipes-and-hollow-profiles-we,1.94,,1.94,C
"Iran, Islamic Republic of",IRN,73063080-tubes-pipes-and-hollow-profiles-welded-h,1.94,,1.94,C
"Iran, Islamic Republic of",IRN,73064020-tubes-pipes-and-hollow-profiles-welded-o,3.2,,3.2,
"Iran, Islamic Republic of",IRN,73064080-tubes-pipes-and-hollow-profiles-welded-o,3.2,,3.2,
"Iran, Islamic Republic of",IRN,73065021-precision-steel-tubes-welded-of-circular,1.94,,1.94,F
"Iran, Islamic Republic of",IRN,73065029-precision-steel-tubes-welded-of-circular,1.94,,1.94,F
"Iran, Islamic Republic of",IRN,73065080-tubes-pipes-and-hollow-profiles-welded-o,1.94,,1.94,F
"Iran, Islamic Republic of",IRN,73066110-tubes-and-pipes-and-hollow-profiles-weld,3.2,,3.2,
"Iran, Islamic Republic of",IRN,73066192-tubes-and-pipes-and-hollow-profiles-weld,1.94,,1.94,C
"Iran, Islamic Republic of",IRN,73066199-tubes-and-pipes-and-hollow-profiles-weld,1.94,,1.94,C
"Iran, Islamic Republic of",IRN,73066910-tubes-pipes-and-hollow-profiles-welded-o,3.2,,3.2,
"Iran, Islamic Republic of",IRN,73066990-tubes-pipes-and-hollow-profiles-welded-o,1.94,,1.94,C
"Iran, Islamic Republic of",IRN,73069000-tubes-pipes-and-hollow-profiles-e-g-open,1.94,,1.94,C
"Iran, Islamic Republic of",IRN,7307-tube-or-pipe-fittings-e-g-couplings-elbo,,,,
"Iran, Islamic Republic of",IRN,730711-tube-or-pipe-fittings-of-non-malleable-c,1.86,,1.86,
"Iran, Islamic Republic of",IRN,73071910-tube-or-pipe-fittings-of-cast-iron-excl,1.86,,1.86,
"Iran, Islamic Republic of",IRN,73071990-cast-tube-or-pipe-fittings-of-steel,1.94,,1.94,C
"Iran, Islamic Republic of",IRN,73072100-flanges-of-stainless-steel-excl-cast-pro,1.95,,1.95,
"Iran, Islamic Republic of",IRN,730722-threaded-elbows-bends-and-sleeves-of-sta,1.95,,1.95,
"Iran, Islamic Republic of",IRN,730723-butt-welding-tube-or-pipe-fittings-of-st,1.95,,1.95,
"Iran, Islamic Republic of",IRN,730729-tube-or-pipe-fittings-of-stainless-steel,1.95,,1.95,
"Iran, Islamic Republic of",IRN,73079100-flanges-of-iron-or-steel-excl-cast-or-st,1.94,,1.94,C
"Iran, Islamic Republic of",IRN,730792-threaded-elbows-bends-and-sleeves-of-sta,1.94,,1.94,C
"Iran, Islamic Republic of",IRN,730793-butt-welding-fittings-of-iron-or-steel-e,1.94,,1.94,C
"Iran, Islamic Republic of",IRN,730799-tube-or-pipe-fittings-of-iron-or-steel-e,1.94,,1.94,C
"Iran, Islamic Republic of",IRN,7308-structures-and-parts-of-structures-e-g-b,2.55,,2.55,C
"Iran, Islamic Republic of",IRN,7309-reservoirs-tanks-vats-and-similar-contai,2.55,,2.55,C
"Iran, Islamic Republic of",IRN,7310-tanks-casks-drums-cans-boxes-and-similar,1.94,,1.94,C
"Iran, Islamic Republic of",IRN,7311-containers-of-iron-or-steel-for-compress,,,,
"Iran, Islamic Republic of",IRN,731100-containers-of-iron-or-steel-for-compress,2.38,,2.38,C
"Iran, Islamic Republic of",IRN,7318-screws-bolts-nuts-coach-screws-screw-hoo,,,,
"Iran, Islamic Republic of",IRN,73181100-coach-screws-of-iron-or-steel,1.94,,1.94,C
"Iran, Islamic Republic of",IRN,73181210-wood-screws-of-stainless-steel-excl-coac,3.2,,3.2,
"Iran, Islamic Republic of",IRN,73181290-wood-screws-of-iron-or-steel-other-than,1.94,,1.94,C
"Iran, Islamic Republic of",IRN,73181300-screw-hooks-and-screw-rings-of-iron-or-s,1.94,,1.94,C
"Iran, Islamic Republic of",IRN,73181410-self-tapping-screws-of-stainless-steel-e,3.2,,3.2,
"Iran, Islamic Republic of",IRN,73181491-spaced-thread-screws-of-iron-or-steel-ot,1.94,,1.94,C
"Iran, Islamic Republic of",IRN,73181499-self-tapping-screws-of-iron-or-steel-oth,1.94,,1.94,C
"Iran, Islamic Republic of",IRN,731815-threaded-screws-and-bolts-of-iron-or-ste,2.11,,2.11,C
"Iran, Islamic Republic of",IRN,731816-nuts-of-iron-or-steel,2.03,,2.03,C
"Iran, Islamic Republic of",IRN,73181900-threaded-articles-of-iron-or-steel-n-e-s,1.94,,1.94,C
"Iran, Islamic Republic of",IRN,73182100-spring-washers-and-other-lock-washers-of,1.94,,1.94,C
"Iran, Islamic Republic of",IRN,73182200-washers-of-iron-or-steel-excl-spring-was,2.04,,2.04,C
"Iran, Islamic Republic of",IRN,73182300-rivets-of-iron-or-steel-excl-tubular-and,2.0,,2.0,C
"Iran, Islamic Republic of",IRN,73182400-cotters-and-cotter-pins-of-iron-or-steel,1.94,,1.94,C
"Iran, Islamic Republic of",IRN,73182900-non-threaded-articles-of-iron-or-steel,1.94,,1.94,C
"Iran, Islamic Republic of",IRN,7326-articles-of-iron-or-steel-n-e-s-excl-cas,,,,
"Iran, Islamic Republic of",IRN,73261100-grinding-balls-and-similar-articles-for,1.94,,1.94,C
"Iran, Islamic Republic of",IRN,732619-articles-of-iron-or-steel-forged-or-stam,1.94,,1.94,C
"Iran, Islamic Republic of",IRN,73262000-articles-of-iron-or-steel-wire-n-e-s,1.94,,1.94,C
"Iran, Islamic Republic of",IRN,73269030-ladders-and-steps-of-iron-or-steel,1.94,,1.94,C
"Iran, Islamic Republic of",IRN,73269040-pallets-and-similar-platforms-for-handli,1.94,,1.94,C
"Iran, Islamic Republic of",IRN,73269050-reels-for-cables-piping-and-the-like-of,1.94,,1.94,C
"Iran, Islamic Republic of",IRN,73269060-ventilators-non-mechanical-guttering-hoo,1.94,,1.94,C
"Iran, Islamic Republic of",IRN,73269092-articles-of-iron-or-steel-open-die-forge,1.94,,1.94,C
"Iran, Islamic Republic of",IRN,73269094-articles-of-iron-or-steel-closed-die-for,1.94,,1.94,C
"Iran, Islamic Republic of",IRN,73269096-sintered-articles-of-iron-or-steel-n-e-s,1.94,,1.94,C
"Iran, Islamic Republic of",IRN,73269098-articles-of-iron-or-steel-n-e-s,1.94,,1.94,C
Iraq,IRQ,2507008080-calcined-clay,,,,
Iraq,IRQ,2523100010-white-clinker,,,,
Iraq,IRQ,2523100090-other-clinker-including-grey-clinker,1.28,0.05,1.33,A
Iraq,IRQ,25232100-white-portland-cement,,,,
Iraq,IRQ,25232900-grey-portland-cement,1.26,0.09,1.35,
Iraq,IRQ,25233000-aluminous-cement,,,,
Iraq,IRQ,2523900010-white-hydraulic-cement,,,,
Iraq,IRQ,2523900090-other-hydraulic-cements-including-grey-h,1.19,0.09,1.29,A
Iraq,IRQ,28080000-nitric-acid-sulphonitric-acids,2.46,0.05,2.52,
Iraq,IRQ,28141000-anhydrous-ammonia,1.96,0.16,2.12,
Iraq,IRQ,28142000-ammonia-in-aqueous-solution,0.59,0.05,0.64,
Iraq,IRQ,28342100-nitrate-of-potassium,1.99,0.08,2.07,
Iraq,IRQ,3102-mineral-or-chemical-fertilizers-nitrogen,,,,
Iraq,IRQ,31021012-urea-in-aqueous-solution-containing-45-n,0.45,0.04,0.49,
Iraq,IRQ,31021015-urea-in-aqueous-solution-containing-45-n,0.74,0.04,0.78,
Iraq,IRQ,31021019-urea-whether-or-not-in-aqueous-solution,1.34,0.13,1.47,
Iraq,IRQ,31021090-urea-whether-or-not-in-aqueous-solution,1.32,0.12,1.44,
Iraq,IRQ,31022100-ammonium-sulphate-excl-that-in-tablets-o,0.58,0.1,0.68,
Iraq,IRQ,31022900-double-salts-and-mixtures-of-ammonium-su,1.28,0.11,1.39,
Iraq,IRQ,31023010-ammonium-nitrate-in-aqueous-solution-exc,1.51,0.08,1.59,
Iraq,IRQ,31023090-ammonium-nitrate-excl-that-in-aqueous-so,2.33,0.13,2.45,
Iraq,IRQ,31024010-mixtures-of-ammonium-nitrate-with-calciu,2.0,0.12,2.11,
Iraq,IRQ,31024090-mixtures-of-ammonium-nitrate-with-calciu,2.0,0.12,2.11,
Iraq,IRQ,31025000-sodium-nitrate-excl-that-in-tablets-or-s,3.85,0.08,3.93,
Iraq,IRQ,31026000-double-salts-and-mixtures-of-calcium-nit,1.95,0.11,2.06,
Iraq,IRQ,31028000-mixtures-of-urea-and-ammonium-nitrate-in,1.46,0.1,1.56,
Iraq,IRQ,31029000-mineral-or-chemical-nitrogen-fertilisers,1.51,0.12,1.62,
Iraq,IRQ,3105-mineral-or-chemical-fertilisers-containi,,,,
Iraq,IRQ,31051000-mineral-or-chemical-fertilisers-of-anima,0.74,0.1,0.84,
Iraq,IRQ,31052010-mineral-or-chemical-fertilisers-containi,0.98,0.12,1.1,
Iraq,IRQ,31052090-mineral-or-chemical-fertilisers-containi,0.66,0.09,0.76,
Iraq,IRQ,31053000-diammonium-hydrogenorthophosphate-diammo,0.46,0.07,0.54,
Iraq,IRQ,31054000-ammonium-dihydrogenorthophosphate-monoam,0.3,0.06,0.35,
Iraq,IRQ,31055100-other-mineral-or-chemical-fertilisers-co,1.35,0.15,1.5,
Iraq,IRQ,31055900-other-mineral-or-chemical-fertilisers-co,0.54,0.12,0.66,
Iraq,IRQ,31059020-mineral-or-chemical-fertilisers-containi,1.31,0.09,1.4,
Iraq,IRQ,31059080-mineral-or-chemical-fertilisers-containi,0.67,0.06,0.74,
Iraq,IRQ,28041000-hydrogen,10.82,,10.82,
Israel,ISR,2507008080-calcined-clay,,,,
Israel,ISR,2523100010-white-clinker,,,,
Israel,ISR,2523100090-other-clinker-including-grey-clinker,1.28,0.03,1.31,A
Israel,ISR,25232100-white-portland-cement,,,,
Israel,ISR,25232900-grey-portland-cement,1.26,0.06,1.32,
Israel,ISR,25233000-aluminous-cement,,,,
Israel,ISR,2523900010-white-hydraulic-cement,,,,
Israel,ISR,2523900090-other-hydraulic-cements-including-grey-h,1.2,0.07,1.26,A
Israel,ISR,28080000-nitric-acid-sulphonitric-acids,2.53,0.03,2.56,
Israel,ISR,28141000-anhydrous-ammonia,,,,
Israel,ISR,28142000-ammonia-in-aqueous-solution,0.61,0.03,0.64,
Israel,ISR,28342100-nitrate-of-potassium,2.04,0.05,2.08,
Israel,ISR,3102-mineral-or-chemical-fertilizers-nitrogen,,,,
Israel,ISR,31021012-urea-in-aqueous-solution-containing-45-n,0.43,0.03,0.45,
Israel,ISR,31021015-urea-in-aqueous-solution-containing-45-n,0.71,0.03,0.73,
Israel,ISR,31021019-urea-whether-or-not-in-aqueous-solution,1.28,0.08,1.36,
Israel,ISR,31021090-urea-whether-or-not-in-aqueous-solution,1.25,0.08,1.33,
Israel,ISR,31022100-ammonium-sulphate-excl-that-in-tablets-o,0.58,0.06,0.64,
Israel,ISR,31022900-double-salts-and-mixtures-of-ammonium-su,1.3,0.07,1.37,
Israel,ISR,31023010-ammonium-nitrate-in-aqueous-solution-exc,1.54,0.05,1.59,
Israel,ISR,31023090-ammonium-nitrate-excl-that-in-aqueous-so,2.37,0.08,2.44,
Israel,ISR,31024010-mixtures-of-ammonium-nitrate-with-calciu,2.01,0.07,2.08,
Israel,ISR,31024090-mixtures-of-ammonium-nitrate-with-calciu,2.01,0.07,2.08,
Israel,ISR,31025000-sodium-nitrate-excl-that-in-tablets-or-s,3.94,0.05,3.99,
Israel,ISR,31026000-double-salts-and-mixtures-of-calcium-nit,1.98,0.07,2.05,
Israel,ISR,31028000-mixtures-of-urea-and-ammonium-nitrate-in,1.47,0.06,1.53,
Israel,ISR,31029000-mineral-or-chemical-nitrogen-fertilisers,1.48,0.07,1.56,
Israel,ISR,3105-mineral-or-chemical-fertilisers-containi,,,,
Israel,ISR,31051000-mineral-or-chemical-fertilisers-of-anima,0.75,0.06,0.81,
Israel,ISR,31052010-mineral-or-chemical-fertilisers-containi,0.98,0.07,1.06,
Israel,ISR,31052090-mineral-or-chemical-fertilisers-containi,0.66,0.06,0.72,
Israel,ISR,31053000-diammonium-hydrogenorthophosphate-diammo,0.48,0.04,0.52,
Israel,ISR,31054000-ammonium-dihydrogenorthophosphate-monoam,0.3,0.04,0.34,
Israel,ISR,31055100-other-mineral-or-chemical-fertilisers-co,1.35,0.09,1.44,
Israel,ISR,31055900-other-mineral-or-chemical-fertilisers-co,0.54,0.08,0.62,
Israel,ISR,31059020-mineral-or-chemical-fertilisers-containi,1.34,0.06,1.39,
Israel,ISR,31059080-mineral-or-chemical-fertilisers-containi,0.68,0.04,0.72,
Israel,ISR,7601-unwrought-aluminium,0.36,,0.36,L
Israel,ISR,7603-aluminium-powders-and-flakes,0.62,,0.62,L
Israel,ISR,76041010-bars-and-rods,0.84,,0.84,L
Israel,ISR,76041090-profiles,0.86,,0.86,L
Israel,ISR,76042100-hollow-profiles,0.86,,0.86,L
Israel,ISR,76042910-bars-and-rods,0.84,,0.84,L
Israel,ISR,76042990-profiles,0.86,,0.86,L
Israel,ISR,7605-aluminium-wire,0.84,,0.84,L
Israel,ISR,7606-aluminium-plates-sheets-and-strip-of-a-t,1.3,,1.3,L
Israel,ISR,7607-aluminium-foil-whether-or-not-printed-or,1.3,,1.3,L
Israel,ISR,7608-aluminium-tubes-and-pipes,0.86,,0.86,L
Israel,ISR,76090000-aluminium-tube-or-pipe-fittings-for-exam,0.86,,0.86,L
Israel,ISR,76101000-doors-windows-and-their-frames-and-thres,0.86,,0.86,L
Israel,ISR,761090-other,0.86,,0.86,L
Israel,ISR,76109010-bridges-and-bridge-sections-towers-and-l,0.86,,0.86,L
Israel,ISR,76109090-other,0.86,,0.86,L
Israel,ISR,76110000-aluminium-reservoirs-tanks-vats-and-simi,1.3,,1.3,L
Israel,ISR,7612-aluminium-casks-drums-cans-boxes-and-sim,1.3,,1.3,L
Israel,ISR,76130000-aluminium-containers-for-compressed-or-l,1.3,,1.3,L
Israel,ISR,7614-stranded-wire-cables-plaited-bands-and-t,0.84,,0.84,L
Israel,ISR,76161000-nails-tacks-staples-other-than-those-of,1.3,,1.3,L
Israel,ISR,76169100-cloth-grill-netting-and-fencing-of-alumi,1.3,,1.3,L
Israel,ISR,76169910-cast,0.62,,0.62,L
Israel,ISR,76169990-other,1.3,,1.3,L
Israel,ISR,28041000-hydrogen,10.82,,10.82,
Israel,ISR,720211-ferro-manganese-containing-by-weight-2-o,1.69,,1.69,
Israel,ISR,720219-ferro-manganese-containing-by-weight-2-c,,,,
Israel,ISR,720241-ferro-chromium-containing-by-weight-4-of,2.35,,2.35,
Israel,ISR,720249-ferro-chromium-containing-by-weight-4-of,,,,
Israel,ISR,72026000-ferro-nickel,3.48,,3.48,
Ivory Coast,CIV,2507008080-calcined-clay,,,,
Ivory Coast,CIV,2523100010-white-clinker,,,,
Ivory Coast,CIV,2523100090-other-clinker-including-grey-clinker,,,,
Ivory Coast,CIV,25232100-white-portland-cement,,,,
Ivory Coast,CIV,25232900-grey-portland-cement,1.13,0.05,1.18,
Ivory Coast,CIV,25233000-aluminous-cement,,,,
Ivory Coast,CIV,2523900010-white-hydraulic-cement,,,,
Ivory Coast,CIV,2523900090-other-hydraulic-cements-including-grey-h,,,,
Ivory Coast,CIV,28080000-nitric-acid-sulphonitric-acids,1.76,0.05,1.8,
Ivory Coast,CIV,28141000-anhydrous-ammonia,,,,
Ivory Coast,CIV,28142000-ammonia-in-aqueous-solution,0.67,0.04,0.71,
Ivory Coast,CIV,28342100-nitrate-of-potassium,1.58,0.06,1.64,
Ivory Coast,CIV,3102-mineral-or-chemical-fertilizers-nitrogen,,,,
Ivory Coast,CIV,31021012-urea-in-aqueous-solution-containing-45-n,0.5,0.03,0.54,
Ivory Coast,CIV,31021015-urea-in-aqueous-solution-containing-45-n,0.83,0.03,0.86,
Ivory Coast,CIV,31021019-urea-whether-or-not-in-aqueous-solution,1.51,0.1,1.61,
Ivory Coast,CIV,31021090-urea-whether-or-not-in-aqueous-solution,1.48,0.1,1.58,
Ivory Coast,CIV,31022100-ammonium-sulphate-excl-that-in-tablets-o,0.65,0.07,0.72,
Ivory Coast,CIV,31022900-double-salts-and-mixtures-of-ammonium-su,1.14,0.08,1.21,
Ivory Coast,CIV,31023010-ammonium-nitrate-in-aqueous-solution-exc,1.2,0.06,1.26,
Ivory Coast,CIV,31023090-ammonium-nitrate-excl-that-in-aqueous-so,1.85,0.09,1.94,
Ivory Coast,CIV,31024010-mixtures-of-ammonium-nitrate-with-calciu,1.6,0.08,1.68,
Ivory Coast,CIV,31024090-mixtures-of-ammonium-nitrate-with-calciu,1.6,0.08,1.68,
Ivory Coast,CIV,31025000-sodium-nitrate-excl-that-in-tablets-or-s,2.74,0.07,2.81,
Ivory Coast,CIV,31026000-double-salts-and-mixtures-of-calcium-nit,1.55,0.08,1.63,
Ivory Coast,CIV,31028000-mixtures-of-urea-and-ammonium-nitrate-in,1.3,0.08,1.38,
Ivory Coast,CIV,31029000-mineral-or-chemical-nitrogen-fertilisers,1.44,0.09,1.54,
Ivory Coast,CIV,3105-mineral-or-chemical-fertilisers-containi,,,,
Ivory Coast,CIV,31051000-mineral-or-chemical-fertilisers-of-anima,0.68,0.07,0.75,
Ivory Coast,CIV,31052010-mineral-or-chemical-fertilisers-containi,0.81,0.08,0.89,
Ivory Coast,CIV,31052090-mineral-or-chemical-fertilisers-containi,0.55,0.06,0.61,
Ivory Coast,CIV,31053000-diammonium-hydrogenorthophosphate-diammo,0.52,0.05,0.58,
Ivory Coast,CIV,31054000-ammonium-dihydrogenorthophosphate-monoam,0.33,0.04,0.37,
Ivory Coast,CIV,31055100-other-mineral-or-chemical-fertilisers-co,1.1,0.1,1.2,
Ivory Coast,CIV,31055900-other-mineral-or-chemical-fertilisers-co,0.6,0.09,0.7,
Ivory Coast,CIV,31059020-mineral-or-chemical-fertilisers-containi,1.06,0.06,1.13,
Ivory Coast,CIV,31059080-mineral-or-chemical-fertilisers-containi,0.55,0.04,0.59,
Ivory Coast,CIV,28041000-hydrogen,10.82,,10.82,
Jamaica,JAM,2507008080-calcined-clay,,,,
Jamaica,JAM,2523100010-white-clinker,,,,
Jamaica,JAM,2523100090-other-clinker-including-grey-clinker,1.09,0.05,1.13,A
Jamaica,JAM,25232100-white-portland-cement,,,,
Jamaica,JAM,25232900-grey-portland-cement,1.09,0.08,1.17,
Jamaica,JAM,25233000-aluminous-cement,,,,
Jamaica,JAM,2523900010-white-hydraulic-cement,,,,
Jamaica,JAM,2523900090-other-hydraulic-cements-including-grey-h,1.03,0.09,1.12,A
Jamaica,JAM,28041000-hydrogen,10.82,,10.82,
Japan,JPN,2507008080-calcined-clay,,,,
Japan,JPN,2523100010-white-clinker,,,,
Japan,JPN,2523100090-other-clinker-including-grey-clinker,0.82,0.03,0.85,A
Japan,JPN,25232100-white-portland-cement,,,,
Japan,JPN,25232900-grey-portland-cement,0.83,0.06,0.89,
Japan,JPN,25233000-aluminous-cement,1.8,0.15,1.94,
Japan,JPN,2523900010-white-hydraulic-cement,,,,
Japan,JPN,2523900090-other-hydraulic-cements-including-grey-h,0.79,0.06,0.85,A
Japan,JPN,28080000-nitric-acid-sulphonitric-acids,2.13,0.06,2.19,
Japan,JPN,28141000-anhydrous-ammonia,2.05,0.14,2.19,
Japan,JPN,28142000-ammonia-in-aqueous-solution,0.62,0.04,0.66,
Japan,JPN,28342100-nitrate-of-potassium,1.79,0.08,1.87,
Japan,JPN,3102-mineral-or-chemical-fertilizers-nitrogen,,,,
Japan,JPN,31021012-urea-in-aqueous-solution-containing-45-n,0.47,0.04,0.5,
Japan,JPN,31021015-urea-in-aqueous-solution-containing-45-n,0.77,0.04,0.81,
Japan,JPN,31021019-urea-whether-or-not-in-aqueous-solution,1.41,0.11,1.52,
Japan,JPN,31021090-urea-whether-or-not-in-aqueous-solution,1.38,0.11,1.48,
Japan,JPN,31022100-ammonium-sulphate-excl-that-in-tablets-o,0.61,0.08,0.69,
Japan,JPN,31022900-double-salts-and-mixtures-of-ammonium-su,1.21,0.09,1.3,
Japan,JPN,31023010-ammonium-nitrate-in-aqueous-solution-exc,1.36,0.08,1.44,
Japan,JPN,31023090-ammonium-nitrate-excl-that-in-aqueous-so,2.1,0.12,2.21,
Japan,JPN,31024010-mixtures-of-ammonium-nitrate-with-calciu,1.81,0.11,1.91,
Japan,JPN,31024090-mixtures-of-ammonium-nitrate-with-calciu,1.81,0.11,1.91,
Japan,JPN,31025000-sodium-nitrate-excl-that-in-tablets-or-s,3.33,0.09,3.42,
Japan,JPN,31026000-double-salts-and-mixtures-of-calcium-nit,1.76,0.1,1.86,
Japan,JPN,31028000-mixtures-of-urea-and-ammonium-nitrate-in,1.38,0.09,1.47,
Japan,JPN,31029000-mineral-or-chemical-nitrogen-fertilisers,1.47,0.1,1.57,
Japan,JPN,3105-mineral-or-chemical-fertilisers-containi,,,,
Japan,JPN,31051000-mineral-or-chemical-fertilisers-of-anima,0.71,0.08,0.79,
Japan,JPN,31052010-mineral-or-chemical-fertilisers-containi,0.9,0.1,1.0,
Japan,JPN,31052090-mineral-or-chemical-fertilisers-containi,0.61,0.08,0.69,
Japan,JPN,31053000-diammonium-hydrogenorthophosphate-diammo,0.48,0.06,0.54,
Japan,JPN,31054000-ammonium-dihydrogenorthophosphate-monoam,0.31,0.05,0.36,
Japan,JPN,31055100-other-mineral-or-chemical-fertilisers-co,1.23,0.12,1.35,
Japan,JPN,31055900-other-mineral-or-chemical-fertilisers-co,0.56,0.1,0.66,
Japan,JPN,31059020-mineral-or-chemical-fertilisers-containi,1.19,0.08,1.27,
Japan,JPN,31059080-mineral-or-chemical-fertilisers-containi,0.61,0.05,0.67,
Japan,JPN,7601-unwrought-aluminium,0.36,,0.36,L
Japan,JPN,7603-aluminium-powders-and-flakes,1.05,,1.05,L
Japan,JPN,76041010-bars-and-rods,1.28,,1.28,L
Japan,JPN,76041090-profiles,1.29,,1.29,L
Japan,JPN,76042100-hollow-profiles,1.29,,1.29,L
Japan,JPN,76042910-bars-and-rods,1.28,,1.28,L
Japan,JPN,76042990-profiles,1.29,,1.29,L
Japan,JPN,7605-aluminium-wire,1.28,,1.28,L
Japan,JPN,7606-aluminium-plates-sheets-and-strip-of-a-t,1.73,,1.73,L
Japan,JPN,7607-aluminium-foil-whether-or-not-printed-or,1.73,,1.73,L
Japan,JPN,7608-aluminium-tubes-and-pipes,1.29,,1.29,L
Japan,JPN,76090000-aluminium-tube-or-pipe-fittings-for-exam,1.29,,1.29,L
Japan,JPN,76101000-doors-windows-and-their-frames-and-thres,1.29,,1.29,L
Japan,JPN,761090-other,1.29,,1.29,L
Japan,JPN,76109010-bridges-and-bridge-sections-towers-and-l,1.29,,1.29,L
Japan,JPN,76109090-other,1.29,,1.29,L
Japan,JPN,76110000-aluminium-reservoirs-tanks-vats-and-simi,1.73,,1.73,L
Japan,JPN,7612-aluminium-casks-drums-cans-boxes-and-sim,1.73,,1.73,L
Japan,JPN,76130000-aluminium-containers-for-compressed-or-l,1.73,,1.73,L
Japan,JPN,7614-stranded-wire-cables-plaited-bands-and-t,1.28,,1.28,L
Japan,JPN,76161000-nails-tacks-staples-other-than-those-of,1.73,,1.73,L
Japan,JPN,76169100-cloth-grill-netting-and-fencing-of-alumi,1.73,,1.73,L
Japan,JPN,76169910-cast,1.05,,1.05,L
Japan,JPN,76169990-other,1.73,,1.73,L
Japan,JPN,28041000-hydrogen,14.03,,14.03,
Japan,JPN,26011200-agglomerated-iron-ores-and-concentrates,0.16,0.04,0.2,
Japan,JPN,7201-pig-iron-and-spiegeleisen-in-pigs-blocks,1.96,,1.96,
Japan,JPN,720211-ferro-manganese-containing-by-weight-2-o,1.69,,1.69,
Japan,JPN,720219-ferro-manganese-containing-by-weight-2-c,5.59,,5.59,
Japan,JPN,720241-ferro-chromium-containing-by-weight-4-of,2.35,,2.35,
Japan,JPN,720249-ferro-chromium-containing-by-weight-4-of,,,,
Japan,JPN,72026000-ferro-nickel,3.48,,3.48,
Japan,JPN,7203-ferrous-products-obtained-by-direct-redu,,,,
Japan,JPN,7205-granules-and-powders-of-pig-iron-spiegel,1.99,,1.99,C/F
Japan,JPN,7206-iron-and-non-alloy-steel-in-ingots-or-ot,,,,
Japan,JPN,72061000-ingots-of-iron-and-non-alloy-steel-excl,2.07,,2.07,C
Japan,JPN,72069000-iron-and-non-alloy-steel-in-puddled-bars,2.07,,2.07,C
Japan,JPN,7207-semi-finished-products-of-iron-or-non-al,,,,
Japan,JPN,72071111-semi-finished-products-of-non-alloy-free,2.1,,2.1,C
Japan,JPN,72071114-semi-finished-products-of-iron-or-non-al,2.1,,2.1,C
Japan,JPN,72071116-semi-finished-products-of-iron-or-non-al,2.1,,2.1,C
Japan,JPN,72071190-semi-finished-products-of-iron-or-non-al,2.31,,2.31,C
Japan,JPN,72071210-semi-finished-products-of-iron-or-non-al,2.1,,2.1,C
Japan,JPN,72071290-semi-finished-products-of-iron-or-non-al,2.31,,2.31,C
Japan,JPN,72071912-semi-finished-products-of-iron-or-non-al,2.1,,2.1,C
Japan,JPN,72071919-semi-finished-products-of-iron-or-non-al,2.31,,2.31,C
Japan,JPN,72071980-semi-finished-products-of-iron-or-non-al,2.1,,2.1,C
Japan,JPN,72072011-semi-finished-products-of-non-alloy-free,2.1,,2.1,C
Japan,JPN,72072015-semi-finished-products-of-iron-or-non-al,2.1,,2.1,C
Japan,JPN,72072017-semi-finished-products-of-iron-or-non-al,2.1,,2.1,C
Japan,JPN,72072019-semi-finished-products-of-iron-or-non-al,2.31,,2.31,C
Japan,JPN,72072032-semi-finished-products-of-iron-or-non-al,2.1,,2.1,C
Japan,JPN,72072039-semi-finished-products-of-iron-or-non-al,2.31,,2.31,C
Japan,JPN,72072052-semi-finished-products-of-iron-or-non-al,2.1,,2.1,C
Japan,JPN,72072059-semi-finished-products-of-iron-or-non-al,2.31,,2.31,C
Japan,JPN,72072080-semi-finished-products-of-iron-or-non-al,2.1,,2.1,C
Japan,JPN,7208-flat-rolled-products-of-iron-or-non-allo,2.1,,2.1,C
Japan,JPN,7209-flat-rolled-products-of-iron-or-non-allo,2.143,,2.143,C
Japan,JPN,7210-flat-rolled-products-of-iron-or-non-allo,2.13,,2.13,C
Japan,JPN,7211-flat-rolled-products-of-iron-or-non-allo,,,,
Japan,JPN,72111300-flat-rolled-products-of-iron-or-non-allo,2.1,,2.1,C
Japan,JPN,72111400-flat-rolled-products-of-iron-or-non-allo,2.1,,2.1,C
Japan,JPN,72111900-flat-rolled-products-of-iron-or-non-allo,2.1,,2.1,C
Japan,JPN,721123-flat-rolled-products-of-iron-or-non-allo,2.13,,2.13,C
Japan,JPN,72112900-flat-rolled-products-of-iron-or-non-allo,2.13,,2.13,C
Japan,JPN,721190-flat-rolled-products-of-iron-or-non-allo,2.13,,2.13,C
Japan,JPN,7212-flat-rolled-products-of-iron-or-non-allo,2.13,,2.13,C
Japan,JPN,7213-bars-and-rods-of-iron-or-non-alloy-steel,2.1,,2.1,C
Japan,JPN,7214-bars-and-rods-of-iron-or-non-alloy-steel,,,,
Japan,JPN,72141000-bars-and-rods-of-iron-or-non-alloy-steel,2.31,,2.31,C
Japan,JPN,72142000-bars-and-rods-of-iron-or-non-alloy-steel,2.1,,2.1,C
Japan,JPN,72143000-bars-and-rods-of-non-alloy-free-cutting,2.1,,2.1,C
Japan,JPN,721491-bars-and-rods-of-iron-or-non-alloy-steel,2.1,,2.1,C
Japan,JPN,721499-bars-and-rods-of-iron-or-non-alloy-steel,2.1,,2.1,C
Japan,JPN,7215-bars-and-rods-of-iron-or-non-alloy-steel,2.1,,2.1,C
Japan,JPN,7216-angles-shapes-and-sections-of-iron-or-no,2.1,,2.1,C
Japan,JPN,7217-wire-of-iron-or-non-alloy-steel-in-coils,,,,
Japan,JPN,721710-wire-of-iron-or-non-alloy-steel-in-coils,2.1,,2.1,C
Japan,JPN,721720-wire-of-iron-or-non-alloy-steel-in-coils,2.1,,2.1,C
Japan,JPN,721730-wire-of-iron-or-non-alloy-steel-in-coils,2.1,,2.1,C
Japan,JPN,721790-wire-of-iron-or-non-alloy-steel-in-coils,2.1,,2.1,C
Japan,JPN,7218-stainless-steel-in-ingots-or-other-prima,,,,
Japan,JPN,72181000-steel-stainless-in-ingots-and-other-prim,3.52,,3.52,
Japan,JPN,721891-semi-finished-products-of-stainless-stee,3.33,,3.33,
Japan,JPN,72189911-semi-finished-products-of-stainless-stee,3.33,,3.33,
Japan,JPN,72189919-semi-finished-products-of-stainless-stee,3.52,,3.52,
Japan,JPN,72189920-semi-finished-products-of-stainless-stee,3.33,,3.33,
Japan,JPN,72189980-semi-finished-products-of-stainless-stee,3.52,,3.52,
Japan,JPN,7219-flat-rolled-products-of-stainless-steel,,,,
Japan,JPN,72191100-flat-rolled-products-of-stainless-steel,3.33,,3.33,
Japan,JPN,721912-flat-rolled-products-of-stainless-steel,3.33,,3.33,
Japan,JPN,721913-flat-rolled-products-of-stainless-steel,3.33,,3.33,
Japan,JPN,721914-flat-rolled-products-of-stainless-steel,3.33,,3.33,
Japan,JPN,721921-flat-rolled-products-of-stainless-steel,3.33,,3.33,
Japan,JPN,721922-flat-rolled-products-of-stainless-steel,3.33,,3.33,
Japan,JPN,72192300-flat-rolled-products-of-stainless-steel,3.33,,3.33,
Japan,JPN,72192400-flat-rolled-products-of-stainless-steel,3.33,,3.33,
Japan,JPN,72193100-flat-rolled-products-of-stainless-steel,3.36,,3.36,
Japan,JPN,721932-flat-rolled-products-of-stainless-steel,3.36,,3.36,
Japan,JPN,721933-flat-rolled-products-of-stainless-steel,3.36,,3.36,
Japan,JPN,721934-flat-rolled-products-of-stainless-steel,3.36,,3.36,
Japan,JPN,721935-flat-rolled-products-of-stainless-steel,3.36,,3.36,
Japan,JPN,721990-flat-rolled-products-of-stainless-steel,3.36,,3.36,
Japan,JPN,7220-flat-rolled-products-of-stainless-steel,,,,
Japan,JPN,72201100-flat-rolled-products-of-stainless-steel,3.33,,3.33,
Japan,JPN,72201200-flat-rolled-products-of-stainless-steel,3.33,,3.33,
Japan,JPN,722020-flat-rolled-products-of-stainless-steel,3.36,,3.36,
Japan,JPN,722090-flat-rolled-products-of-stainless-steel,3.36,,3.36,
Japan,JPN,7221-bars-and-rods-of-stainless-steel-hot-rol,3.36,,3.36,
Japan,JPN,7222-other-bars-and-rods-of-stainless-steel-a,,,,
Japan,JPN,722211-bars-and-rods-of-stainless-steel-only-ho,3.36,,3.36,
Japan,JPN,722219-bars-and-rods-of-stainless-steel-only-ho,3.36,,3.36,
Japan,JPN,722220-other-bars-and-rods-of-stainless-steel-n,3.36,,3.36,
Japan,JPN,722230-other-bars-and-rods-of-stainless-steel-c,3.52,,3.52,
Japan,JPN,722240-angles-shapes-and-sections-of-stainless,3.36,,3.36,
Japan,JPN,7223-wire-of-stainless-steel-in-coils-excl-ba,,,,
Japan,JPN,722300-wire-of-stainless-steel-in-coils-excl-ba,3.37,,3.37,
Japan,JPN,7224-steel-alloy-other-than-stainless-in-ingo,,,,
Japan,JPN,722410-steel-alloy-other-than-stainless-in-ingo,3.69,,3.69,F
Japan,JPN,72249002-semi-finished-products-of-tool-steel,3.5,,3.5,F
Japan,JPN,72249003-semi-finished-products-of-high-speed-ste,3.5,,3.5,F
Japan,JPN,72249005-semi-finished-products-of-steel-containi,3.5,,3.5,F
Japan,JPN,72249007-semi-finished-products-of-alloy-steel-ot,3.5,,3.5,F
Japan,JPN,72249014-semi-finished-products-of-alloy-steel-ot,3.5,,3.5,F
Japan,JPN,72249018-semi-finished-products-of-alloy-steel-ot,3.69,,3.69,F
Japan,JPN,72249031-semi-finished-products-of-steel-containi,3.5,,3.5,F
Japan,JPN,72249038-semi-finished-products-of-alloy-steel-ot,3.5,,3.5,F
Japan,JPN,72249090-semi-finished-products-of-alloy-steel-ot,3.69,,3.69,F
Japan,JPN,7225-flat-rolled-products-of-alloy-steel-othe,,,,
Japan,JPN,72251100-flat-rolled-products-of-silicon-electric,4.62,,4.62,C
Japan,JPN,72251910-flat-rolled-products-of-silicon-electric,3.5,,3.5,C
Japan,JPN,72251990-flat-rolled-products-of-silicon-electric,3.53,,3.53,C
Japan,JPN,722530-flat-rolled-products-of-alloy-steel-othe,3.5,,3.5,F
Japan,JPN,722540-flat-rolled-products-of-alloy-steel-othe,3.5,,3.5,F
Japan,JPN,722550-flat-rolled-products-of-alloy-steel-othe,3.53,,3.53,F
Japan,JPN,72259100-flat-rolled-products-of-alloy-steel-othe,3.53,,3.53,F
Japan,JPN,72259200-flat-rolled-products-of-alloy-steel-othe,3.53,,3.53,F
Japan,JPN,72259900-flat-rolled-products-of-alloy-steel-othe,3.53,,3.53,F
Japan,JPN,7226-flat-rolled-products-of-alloy-steel-othe,,,,
Japan,JPN,72261100-flat-rolled-products-of-silicon-electric,4.62,,4.62,C
Japan,JPN,72261910-flat-rolled-products-of-silicon-electric,3.5,,3.5,C
Japan,JPN,72261980-flat-rolled-products-of-silicon-electric,3.53,,3.53,C
Japan,JPN,72262000-flat-rolled-products-of-high-speed-steel,3.5,,3.5,F
Japan,JPN,722691-flat-rolled-products-of-alloy-steel-othe,3.5,,3.5,F
Japan,JPN,72269200-flat-rolled-products-of-alloy-steel-othe,3.53,,3.53,F
Japan,JPN,722699-flat-rolled-products-of-alloy-steel-othe,3.53,,3.53,F
Japan,JPN,7227-bars-and-rods-of-alloy-steel-other-than,3.53,,3.53,C/F
Japan,JPN,7228-other-bars-and-rods-of-alloy-steel-other,,,,
Japan,JPN,72281020-bars-and-rods-of-high-speed-steel-not-fu,3.53,,3.53,F
Japan,JPN,72281050-bars-and-rods-of-high-speed-steel-forged,3.69,,3.69,F
Japan,JPN,72281090-bars-and-rods-of-high-speed-steel-not-fu,3.53,,3.53,F
Japan,JPN,722820-bars-and-rods-of-silico-manganese-steel,3.53,,3.53,F
Japan,JPN,722830-bars-and-rods-of-alloy-steel-other-than,3.53,,3.53,C/F
Japan,JPN,722840-bars-and-rods-of-alloy-steel-other-than,3.69,,3.69,F
Japan,JPN,722850-bars-and-rods-of-alloy-steel-other-than,3.53,,3.53,C/F
Japan,JPN,722860-bars-and-rods-of-alloy-steel-other-than,3.53,,3.53,F
Japan,JPN,722870-angles-shapes-and-sections-of-alloy-stee,3.53,,3.53,F
Japan,JPN,72288000-hollow-drill-bars-and-rods-of-alloy-or-n,3.53,,3.53,F
Japan,JPN,7229-wire-of-alloy-steel-other-than-stainless,3.53,,3.53,C/F
Japan,JPN,7301-sheet-piling-of-iron-or-steel-whether-or,2.13,,2.13,C
Japan,JPN,7302-railway-or-tramway-track-construction-ma,2.95,,2.95,C
Japan,JPN,7303-tubes-pipes-and-hollow-profiles-of-cast,,,,
Japan,JPN,730300-tubes-pipes-and-hollow-profiles-of-cast,2.15,,2.15,
Japan,JPN,7304-tubes-pipes-and-hollow-profiles-seamless,,,,
Japan,JPN,73041100-line-pipe-of-a-kind-used-for-oil-or-gas,3.32,,3.32,
Japan,JPN,730419-line-pipe-of-a-kind-used-for-oil-or-gas,2.11,,2.11,C
Japan,JPN,73042200-drill-pipe-seamless-of-stainless-steel-o,3.32,,3.32,
Japan,JPN,73042300-drill-pipe-seamless-of-a-kind-used-in-dr,2.11,,2.11,C
Japan,JPN,73042400-casing-and-tubing-seamless-of-a-kind-use,3.32,,3.32,
Japan,JPN,730429-casing-and-tubing-seamless-of-iron-or-st,2.11,,2.11,C
Japan,JPN,730431-tubes-pipes-and-hollow-profiles-seamless,2.11,,2.11,C
Japan,JPN,730439-tubes-pipes-and-hollow-profiles-seamless,2.11,,2.11,C
Japan,JPN,73044100-tubes-pipes-and-hollow-profiles-seamless,3.32,,3.32,
Japan,JPN,730449-tubes-pipes-and-hollow-profiles-seamless,3.32,,3.32,
Japan,JPN,730451-tubes-pipes-and-hollow-profiles-seamless,2.08,,2.08,F
Japan,JPN,730459-tubes-pipes-and-hollow-profiles-seamless,2.08,,2.08,C/F
Japan,JPN,73049000-tubes-pipes-and-hollow-profiles-seamless,2.11,,2.11,C
Japan,JPN,7305-tubes-and-pipes-having-circular-cross-se,2.13,,2.13,C
Japan,JPN,7306-tubes-pipes-and-hollow-profiles-e-g-open,,,,
Japan,JPN,73061100-line-pipe-of-a-kind-used-for-oil-or-gas,3.36,,3.36,
Japan,JPN,73061900-line-pipe-of-a-kind-used-for-oil-or-gas,2.13,,2.13,C
Japan,JPN,73062100-casing-and-tubing-of-a-kind-used-in-dril,3.36,,3.36,
Japan,JPN,73062900-casing-and-tubing-of-a-kind-used-in-dril,2.13,,2.13,C
Japan,JPN,73063012-precision-tubes-welded-of-circular-cross,2.13,,2.13,C
Japan,JPN,73063018-precision-tubes-welded-of-circular-cross,2.1,,2.1,C
Japan,JPN,73063041-threaded-or-threadable-tubes-gas-pipe-we,2.13,,2.13,C
Japan,JPN,73063049-threaded-or-threadable-tubes-gas-pipe-we,2.13,,2.13,C
Japan,JPN,73063072-other-tubes-pipes-and-hollow-profiles-we,2.13,,2.13,C
Japan,JPN,73063077-other-tubes-pipes-and-hollow-profiles-we,2.13,,2.13,C
Japan,JPN,73063080-tubes-pipes-and-hollow-profiles-welded-h,2.13,,2.13,C
Japan,JPN,73064020-tubes-pipes-and-hollow-profiles-welded-o,3.36,,3.36,
Japan,JPN,73064080-tubes-pipes-and-hollow-profiles-welded-o,3.33,,3.33,
Japan,JPN,73065021-precision-steel-tubes-welded-of-circular,2.14,,2.14,F
Japan,JPN,73065029-precision-steel-tubes-welded-of-circular,2.11,,2.11,F
Japan,JPN,73065080-tubes-pipes-and-hollow-profiles-welded-o,2.14,,2.14,F
Japan,JPN,73066110-tubes-and-pipes-and-hollow-profiles-weld,3.36,,3.36,
Japan,JPN,73066192-tubes-and-pipes-and-hollow-profiles-weld,2.13,,2.13,C
Japan,JPN,73066199-tubes-and-pipes-and-hollow-profiles-weld,2.13,,2.13,C
Japan,JPN,73066910-tubes-pipes-and-hollow-profiles-welded-o,3.36,,3.36,
Japan,JPN,73066990-tubes-pipes-and-hollow-profiles-welded-o,2.13,,2.13,C
Japan,JPN,73069000-tubes-pipes-and-hollow-profiles-e-g-open,2.13,,2.13,C
Japan,JPN,7307-tube-or-pipe-fittings-e-g-couplings-elbo,,,,
Japan,JPN,730711-tube-or-pipe-fittings-of-non-malleable-c,2.22,,2.22,
Japan,JPN,73071910-tube-or-pipe-fittings-of-cast-iron-excl,2.22,,2.22,
Japan,JPN,73071990-cast-tube-or-pipe-fittings-of-steel,2.31,,2.31,C
Japan,JPN,73072100-flanges-of-stainless-steel-excl-cast-pro,2.86,,2.86,
Japan,JPN,730722-threaded-elbows-bends-and-sleeves-of-sta,2.86,,2.86,
Japan,JPN,730723-butt-welding-tube-or-pipe-fittings-of-st,2.86,,2.86,
Japan,JPN,730729-tube-or-pipe-fittings-of-stainless-steel,2.86,,2.86,
Japan,JPN,73079100-flanges-of-iron-or-steel-excl-cast-or-st,2.11,,2.11,C
Japan,JPN,730792-threaded-elbows-bends-and-sleeves-of-sta,2.11,,2.11,C
Japan,JPN,730793-butt-welding-fittings-of-iron-or-steel-e,2.11,,2.11,C
Japan,JPN,730799-tube-or-pipe-fittings-of-iron-or-steel-e,2.11,,2.11,C
Japan,JPN,7308-structures-and-parts-of-structures-e-g-b,2.95,,2.95,C
Japan,JPN,7309-reservoirs-tanks-vats-and-similar-contai,3.16,,3.16,C
Japan,JPN,7310-tanks-casks-drums-cans-boxes-and-similar,2.13,,2.13,C
Japan,JPN,7311-containers-of-iron-or-steel-for-compress,,,,
Japan,JPN,731100-containers-of-iron-or-steel-for-compress,3.13,,3.13,C
Japan,JPN,7318-screws-bolts-nuts-coach-screws-screw-hoo,,,,
Japan,JPN,73181100-coach-screws-of-iron-or-steel,2.1,,2.1,C
Japan,JPN,73181210-wood-screws-of-stainless-steel-excl-coac,3.3,,3.3,
Japan,JPN,73181290-wood-screws-of-iron-or-steel-other-than,2.1,,2.1,C
Japan,JPN,73181300-screw-hooks-and-screw-rings-of-iron-or-s,2.1,,2.1,C
Japan,JPN,73181410-self-tapping-screws-of-stainless-steel-e,3.3,,3.3,
Japan,JPN,73181491-spaced-thread-screws-of-iron-or-steel-ot,2.1,,2.1,C
Japan,JPN,73181499-self-tapping-screws-of-iron-or-steel-oth,2.1,,2.1,C
Japan,JPN,731815-threaded-screws-and-bolts-of-iron-or-ste,2.8,,2.8,C
Japan,JPN,731816-nuts-of-iron-or-steel,3.06,,3.06,C
Japan,JPN,73181900-threaded-articles-of-iron-or-steel-n-e-s,2.1,,2.1,C
Japan,JPN,73182100-spring-washers-and-other-lock-washers-of,2.1,,2.1,C
Japan,JPN,73182200-washers-of-iron-or-steel-excl-spring-was,2.28,,2.28,C
Japan,JPN,73182300-rivets-of-iron-or-steel-excl-tubular-and,2.22,,2.22,C
Japan,JPN,73182400-cotters-and-cotter-pins-of-iron-or-steel,2.1,,2.1,C
Japan,JPN,73182900-non-threaded-articles-of-iron-or-steel,2.1,,2.1,C
Japan,JPN,7326-articles-of-iron-or-steel-n-e-s-excl-cas,,,,
Japan,JPN,73261100-grinding-balls-and-similar-articles-for,2.31,,2.31,C
Japan,JPN,732619-articles-of-iron-or-steel-forged-or-stam,2.31,,2.31,C
Japan,JPN,73262000-articles-of-iron-or-steel-wire-n-e-s,2.1,,2.1,C
Japan,JPN,73269030-ladders-and-steps-of-iron-or-steel,2.1,,2.1,C
Japan,JPN,73269040-pallets-and-similar-platforms-for-handli,2.1,,2.1,C
Japan,JPN,73269050-reels-for-cables-piping-and-the-like-of,2.1,,2.1,C
Japan,JPN,73269060-ventilators-non-mechanical-guttering-hoo,2.1,,2.1,C
Japan,JPN,73269092-articles-of-iron-or-steel-open-die-forge,2.31,,2.31,C
Japan,JPN,73269094-articles-of-iron-or-steel-closed-die-for,2.31,,2.31,C
Japan,JPN,73269096-sintered-articles-of-iron-or-steel-n-e-s,2.31,,2.31,C
Japan,JPN,73269098-articles-of-iron-or-steel-n-e-s,2.13,,2.13,C
Jordan,JOR,2507008080-calcined-clay,,,,
Jordan,JOR,2523100010-white-clinker,1.29,0.04,1.33,B
Jordan,JOR,2523100090-other-clinker-including-grey-clinker,,,,
Jordan,JOR,25232100-white-portland-cement,1.27,0.14,1.41,
Jordan,JOR,25232900-grey-portland-cement,,,,
Jordan,JOR,25233000-aluminous-cement,,,,
Jordan,JOR,2523900010-white-hydraulic-cement,,,,
Jordan,JOR,2523900090-other-hydraulic-cements-including-grey-h,,,,
Jordan,JOR,28080000-nitric-acid-sulphonitric-acids,2.49,0.04,2.52,
Jordan,JOR,28141000-anhydrous-ammonia,,,,
Jordan,JOR,28142000-ammonia-in-aqueous-solution,0.61,0.03,0.65,
Jordan,JOR,28342100-nitrate-of-potassium,2.02,0.05,2.07,
Jordan,JOR,3102-mineral-or-chemical-fertilizers-nitrogen,,,,
Jordan,JOR,31021012-urea-in-aqueous-solution-containing-45-n,0.46,0.03,0.49,
Jordan,JOR,31021015-urea-in-aqueous-solution-containing-45-n,0.76,0.03,0.78,
Jordan,JOR,31021019-urea-whether-or-not-in-aqueous-solution,1.37,0.09,1.46,
Jordan,JOR,31021090-urea-whether-or-not-in-aqueous-solution,1.34,0.08,1.43,
Jordan,JOR,31022100-ammonium-sulphate-excl-that-in-tablets-o,0.6,0.06,0.66,
Jordan,JOR,31022900-double-salts-and-mixtures-of-ammonium-su,1.31,0.07,1.38,
Jordan,JOR,31023010-ammonium-nitrate-in-aqueous-solution-exc,1.53,0.06,1.58,
Jordan,JOR,31023090-ammonium-nitrate-excl-that-in-aqueous-so,2.35,0.08,2.44,
Jordan,JOR,31024010-mixtures-of-ammonium-nitrate-with-calciu,2.02,0.08,2.09,
Jordan,JOR,31024090-mixtures-of-ammonium-nitrate-with-calciu,2.02,0.08,2.09,
Jordan,JOR,31025000-sodium-nitrate-excl-that-in-tablets-or-s,3.88,0.06,3.94,
Jordan,JOR,31026000-double-salts-and-mixtures-of-calcium-nit,1.97,0.07,2.05,
Jordan,JOR,31028000-mixtures-of-urea-and-ammonium-nitrate-in,1.49,0.07,1.55,
Jordan,JOR,31029000-mineral-or-chemical-nitrogen-fertilisers,1.53,0.08,1.61,
Jordan,JOR,3105-mineral-or-chemical-fertilisers-containi,,,,
Jordan,JOR,31051000-mineral-or-chemical-fertilisers-of-anima,0.76,0.07,0.82,
Jordan,JOR,31052010-mineral-or-chemical-fertilisers-containi,0.99,0.08,1.07,
Jordan,JOR,31052090-mineral-or-chemical-fertilisers-containi,0.67,0.06,0.73,
Jordan,JOR,31053000-diammonium-hydrogenorthophosphate-diammo,0.48,0.05,0.53,
Jordan,JOR,31054000-ammonium-dihydrogenorthophosphate-monoam,0.31,0.04,0.34,
Jordan,JOR,31055100-other-mineral-or-chemical-fertilisers-co,1.36,0.1,1.46,
Jordan,JOR,31055900-other-mineral-or-chemical-fertilisers-co,0.55,0.09,0.64,
Jordan,JOR,31059020-mineral-or-chemical-fertilisers-containi,1.33,0.06,1.39,
Jordan,JOR,31059080-mineral-or-chemical-fertilisers-containi,0.68,0.04,0.72,
Jordan,JOR,7601-unwrought-aluminium,0.36,,0.36,L
Jordan,JOR,7603-aluminium-powders-and-flakes,0.47,,0.47,L
Jordan,JOR,76041010-bars-and-rods,0.7,,0.7,L
Jordan,JOR,76041090-profiles,0.71,,0.71,L
Jordan,JOR,76042100-hollow-profiles,0.71,,0.71,L
Jordan,JOR,76042910-bars-and-rods,0.7,,0.7,L
Jordan,JOR,76042990-profiles,0.71,,0.71,L
Jordan,JOR,7605-aluminium-wire,0.7,,0.7,L
Jordan,JOR,7606-aluminium-plates-sheets-and-strip-of-a-t,1.15,,1.15,L
Jordan,JOR,7607-aluminium-foil-whether-or-not-printed-or,1.15,,1.15,L
Jordan,JOR,7608-aluminium-tubes-and-pipes,0.71,,0.71,L
Jordan,JOR,76090000-aluminium-tube-or-pipe-fittings-for-exam,0.71,,0.71,L
Jordan,JOR,76101000-doors-windows-and-their-frames-and-thres,0.71,,0.71,L
Jordan,JOR,761090-other,0.71,,0.71,L
Jordan,JOR,76109010-bridges-and-bridge-sections-towers-and-l,0.71,,0.71,L
Jordan,JOR,76109090-other,0.71,,0.71,L
Jordan,JOR,76110000-aluminium-reservoirs-tanks-vats-and-simi,1.15,,1.15,L
Jordan,JOR,7612-aluminium-casks-drums-cans-boxes-and-sim,1.15,,1.15,L
Jordan,JOR,76130000-aluminium-containers-for-compressed-or-l,1.15,,1.15,L
Jordan,JOR,7614-stranded-wire-cables-plaited-bands-and-t,0.7,,0.7,L
Jordan,JOR,76161000-nails-tacks-staples-other-than-those-of,1.15,,1.15,L
Jordan,JOR,76169100-cloth-grill-netting-and-fencing-of-alumi,1.15,,1.15,L
Jordan,JOR,76169910-cast,0.47,,0.47,L
Jordan,JOR,76169990-other,1.15,,1.15,L
Jordan,JOR,28041000-hydrogen,14.03,,14.03,
Jordan,JOR,720211-ferro-manganese-containing-by-weight-2-o,1.69,,1.69,
Jordan,JOR,720219-ferro-manganese-containing-by-weight-2-c,,,,
Jordan,JOR,720241-ferro-chromium-containing-by-weight-4-of,2.35,,2.35,
Jordan,JOR,720249-ferro-chromium-containing-by-weight-4-of,,,,
Jordan,JOR,72026000-ferro-nickel,3.48,,3.48,
Kazakhstan,KAZ,2507008080-calcined-clay,,,,
Kazakhstan,KAZ,2523100010-white-clinker,,,,
Kazakhstan,KAZ,2523100090-other-clinker-including-grey-clinker,1.35,0.04,1.39,A
Kazakhstan,KAZ,25232100-white-portland-cement,,,,
Kazakhstan,KAZ,25232900-grey-portland-cement,1.35,0.07,1.42,
Kazakhstan,KAZ,25233000-aluminous-cement,,,,
Kazakhstan,KAZ,2523900010-white-hydraulic-cement,,,,
Kazakhstan,KAZ,2523900090-other-hydraulic-cements-including-grey-h,1.28,0.07,1.35,A
Kazakhstan,KAZ,28080000-nitric-acid-sulphonitric-acids,2.73,0.04,2.77,
Kazakhstan,KAZ,28141000-anhydrous-ammonia,2.16,0.14,2.3,
Kazakhstan,KAZ,28142000-ammonia-in-aqueous-solution,0.65,0.04,0.69,
Kazakhstan,KAZ,28342100-nitrate-of-potassium,2.2,0.07,2.27,
Kazakhstan,KAZ,3102-mineral-or-chemical-fertilizers-nitrogen,,,,
Kazakhstan,KAZ,31021012-urea-in-aqueous-solution-containing-45-n,0.49,0.04,0.52,
Kazakhstan,KAZ,31021015-urea-in-aqueous-solution-containing-45-n,0.81,0.04,0.84,
Kazakhstan,KAZ,31021019-urea-whether-or-not-in-aqueous-solution,1.47,0.11,1.58,
Kazakhstan,KAZ,31021090-urea-whether-or-not-in-aqueous-solution,1.44,0.11,1.54,
Kazakhstan,KAZ,31022100-ammonium-sulphate-excl-that-in-tablets-o,0.64,0.08,0.72,
Kazakhstan,KAZ,31022900-double-salts-and-mixtures-of-ammonium-su,1.42,0.09,1.51,
Kazakhstan,KAZ,31023010-ammonium-nitrate-in-aqueous-solution-exc,1.67,0.07,1.74,
Kazakhstan,KAZ,31023090-ammonium-nitrate-excl-that-in-aqueous-so,2.57,0.11,2.67,
Kazakhstan,KAZ,31024010-mixtures-of-ammonium-nitrate-with-calciu,2.2,0.1,2.3,
Kazakhstan,KAZ,31024090-mixtures-of-ammonium-nitrate-with-calciu,2.2,0.1,2.3,
Kazakhstan,KAZ,31025000-sodium-nitrate-excl-that-in-tablets-or-s,4.26,0.07,4.33,
Kazakhstan,KAZ,31026000-double-salts-and-mixtures-of-calcium-nit,2.15,0.09,2.25,
Kazakhstan,KAZ,31028000-mixtures-of-urea-and-ammonium-nitrate-in,1.61,0.08,1.7,
Kazakhstan,KAZ,31029000-mineral-or-chemical-nitrogen-fertilisers,1.65,0.1,1.75,
Kazakhstan,KAZ,3105-mineral-or-chemical-fertilisers-containi,,,,
Kazakhstan,KAZ,31051000-mineral-or-chemical-fertilisers-of-anima,0.82,0.08,0.9,
Kazakhstan,KAZ,31052010-mineral-or-chemical-fertilisers-containi,1.08,0.1,1.18,
Kazakhstan,KAZ,31052090-mineral-or-chemical-fertilisers-containi,0.73,0.08,0.8,
Kazakhstan,KAZ,31053000-diammonium-hydrogenorthophosphate-diammo,0.51,0.06,0.57,
Kazakhstan,KAZ,31054000-ammonium-dihydrogenorthophosphate-monoam,0.32,0.05,0.37,
Kazakhstan,KAZ,31055100-other-mineral-or-chemical-fertilisers-co,1.48,0.12,1.6,
Kazakhstan,KAZ,31055900-other-mineral-or-chemical-fertilisers-co,0.59,0.1,0.69,
Kazakhstan,KAZ,31059020-mineral-or-chemical-fertilisers-containi,1.45,0.07,1.52,
Kazakhstan,KAZ,31059080-mineral-or-chemical-fertilisers-containi,0.74,0.05,0.79,
Kazakhstan,KAZ,7601-unwrought-aluminium,1.87,,1.87,K
Kazakhstan,KAZ,7603-aluminium-powders-and-flakes,1.99,,1.99,K
Kazakhstan,KAZ,76041010-bars-and-rods,2.21,,2.21,K
Kazakhstan,KAZ,76041090-profiles,2.23,,2.23,K
Kazakhstan,KAZ,76042100-hollow-profiles,2.23,,2.23,K
Kazakhstan,KAZ,76042910-bars-and-rods,2.21,,2.21,K
Kazakhstan,KAZ,76042990-profiles,2.23,,2.23,K
Kazakhstan,KAZ,7605-aluminium-wire,2.21,,2.21,K
Kazakhstan,KAZ,7606-aluminium-plates-sheets-and-strip-of-a-t,2.67,,2.67,K
Kazakhstan,KAZ,7607-aluminium-foil-whether-or-not-printed-or,2.67,,2.67,K
Kazakhstan,KAZ,7608-aluminium-tubes-and-pipes,2.23,,2.23,K
Kazakhstan,KAZ,76090000-aluminium-tube-or-pipe-fittings-for-exam,2.23,,2.23,K
Kazakhstan,KAZ,76101000-doors-windows-and-their-frames-and-thres,2.23,,2.23,K
Kazakhstan,KAZ,761090-other,2.23,,2.23,K
Kazakhstan,KAZ,76109010-bridges-and-bridge-sections-towers-and-l,2.23,,2.23,K
Kazakhstan,KAZ,76109090-other,2.23,,2.23,K
Kazakhstan,KAZ,76110000-aluminium-reservoirs-tanks-vats-and-simi,2.67,,2.67,K
Kazakhstan,KAZ,7612-aluminium-casks-drums-cans-boxes-and-sim,2.67,,2.67,K
Kazakhstan,KAZ,76130000-aluminium-containers-for-compressed-or-l,2.67,,2.67,K
Kazakhstan,KAZ,7614-stranded-wire-cables-plaited-bands-and-t,2.21,,2.21,K
Kazakhstan,KAZ,76161000-nails-tacks-staples-other-than-those-of,2.67,,2.67,K
Kazakhstan,KAZ,76169100-cloth-grill-netting-and-fencing-of-alumi,2.67,,2.67,K
Kazakhstan,KAZ,76169910-cast,1.99,,1.99,K
Kazakhstan,KAZ,76169990-other,2.67,,2.67,K
Kazakhstan,KAZ,28041000-hydrogen,10.82,,10.82,
Kazakhstan,KAZ,26011200-agglomerated-iron-ores-and-concentrates,0.17,0.17,0.34,
Kazakhstan,KAZ,7201-pig-iron-and-spiegeleisen-in-pigs-blocks,4.96,,4.96,
Kazakhstan,KAZ,720211-ferro-manganese-containing-by-weight-2-o,1.69,,1.69,
Kazakhstan,KAZ,720219-ferro-manganese-containing-by-weight-2-c,,,,
Kazakhstan,KAZ,720241-ferro-chromium-containing-by-weight-4-of,2.35,,2.35,
Kazakhstan,KAZ,720249-ferro-chromium-containing-by-weight-4-of,2.87,,2.87,
Kazakhstan,KAZ,72026000-ferro-nickel,3.48,,3.48,
Kazakhstan,KAZ,7203-ferrous-products-obtained-by-direct-redu,,,,
Kazakhstan,KAZ,7205-granules-and-powders-of-pig-iron-spiegel,4.99,,4.99,C/F
Kazakhstan,KAZ,7206-iron-and-non-alloy-steel-in-ingots-or-ot,,,,
Kazakhstan,KAZ,72061000-ingots-of-iron-and-non-alloy-steel-excl,5.18,,5.18,C
Kazakhstan,KAZ,72069000-iron-and-non-alloy-steel-in-puddled-bars,5.18,,5.18,C
Kazakhstan,KAZ,7207-semi-finished-products-of-iron-or-non-al,,,,
Kazakhstan,KAZ,72071111-semi-finished-products-of-non-alloy-free,5.18,,5.18,C
Kazakhstan,KAZ,72071114-semi-finished-products-of-iron-or-non-al,5.18,,5.18,C
Kazakhstan,KAZ,72071116-semi-finished-products-of-iron-or-non-al,5.18,,5.18,C
Kazakhstan,KAZ,72071190-semi-finished-products-of-iron-or-non-al,5.18,,5.18,C
Kazakhstan,KAZ,72071210-semi-finished-products-of-iron-or-non-al,5.18,,5.18,C
Kazakhstan,KAZ,72071290-semi-finished-products-of-iron-or-non-al,5.18,,5.18,C
Kazakhstan,KAZ,72071912-semi-finished-products-of-iron-or-non-al,5.18,,5.18,C
Kazakhstan,KAZ,72071919-semi-finished-products-of-iron-or-non-al,5.18,,5.18,C
Kazakhstan,KAZ,72071980-semi-finished-products-of-iron-or-non-al,5.18,,5.18,C
Kazakhstan,KAZ,72072011-semi-finished-products-of-non-alloy-free,5.18,,5.18,C
Kazakhstan,KAZ,72072015-semi-finished-products-of-iron-or-non-al,5.18,,5.18,C
Kazakhstan,KAZ,72072017-semi-finished-products-of-iron-or-non-al,5.18,,5.18,C
Kazakhstan,KAZ,72072019-semi-finished-products-of-iron-or-non-al,5.18,,5.18,C
Kazakhstan,KAZ,72072032-semi-finished-products-of-iron-or-non-al,5.18,,5.18,C
Kazakhstan,KAZ,72072039-semi-finished-products-of-iron-or-non-al,5.18,,5.18,C
Kazakhstan,KAZ,72072052-semi-finished-products-of-iron-or-non-al,5.18,,5.18,C
Kazakhstan,KAZ,72072059-semi-finished-products-of-iron-or-non-al,5.18,,5.18,C
Kazakhstan,KAZ,72072080-semi-finished-products-of-iron-or-non-al,5.18,,5.18,C
Kazakhstan,KAZ,7208-flat-rolled-products-of-iron-or-non-allo,5.29,,5.29,C
Kazakhstan,KAZ,7209-flat-rolled-products-of-iron-or-non-allo,5.36,,5.36,C
Kazakhstan,KAZ,7210-flat-rolled-products-of-iron-or-non-allo,5.36,,5.36,C
Kazakhstan,KAZ,7211-flat-rolled-products-of-iron-or-non-allo,,,,
Kazakhstan,KAZ,72111300-flat-rolled-products-of-iron-or-non-allo,5.29,,5.29,C
Kazakhstan,KAZ,72111400-flat-rolled-products-of-iron-or-non-allo,5.29,,5.29,C
Kazakhstan,KAZ,72111900-flat-rolled-products-of-iron-or-non-allo,5.29,,5.29,C
Kazakhstan,KAZ,721123-flat-rolled-products-of-iron-or-non-allo,5.36,,5.36,C
Kazakhstan,KAZ,72112900-flat-rolled-products-of-iron-or-non-allo,5.36,,5.36,C
Kazakhstan,KAZ,721190-flat-rolled-products-of-iron-or-non-allo,5.36,,5.36,C
Kazakhstan,KAZ,7212-flat-rolled-products-of-iron-or-non-allo,5.36,,5.36,C
Kazakhstan,KAZ,7213-bars-and-rods-of-iron-or-non-alloy-steel,5.18,,5.18,C
Kazakhstan,KAZ,7214-bars-and-rods-of-iron-or-non-alloy-steel,,,,
Kazakhstan,KAZ,72141000-bars-and-rods-of-iron-or-non-alloy-steel,5.18,,5.18,C
Kazakhstan,KAZ,72142000-bars-and-rods-of-iron-or-non-alloy-steel,5.18,,5.18,C
Kazakhstan,KAZ,72143000-bars-and-rods-of-non-alloy-free-cutting,5.18,,5.18,C
Kazakhstan,KAZ,721491-bars-and-rods-of-iron-or-non-alloy-steel,5.18,,5.18,C
Kazakhstan,KAZ,721499-bars-and-rods-of-iron-or-non-alloy-steel,5.18,,5.18,C
Kazakhstan,KAZ,7215-bars-and-rods-of-iron-or-non-alloy-steel,5.18,,5.18,C
Kazakhstan,KAZ,7216-angles-shapes-and-sections-of-iron-or-no,5.18,,5.18,C
Kazakhstan,KAZ,7217-wire-of-iron-or-non-alloy-steel-in-coils,,,,
Kazakhstan,KAZ,721710-wire-of-iron-or-non-alloy-steel-in-coils,5.18,,5.18,C
Kazakhstan,KAZ,721720-wire-of-iron-or-non-alloy-steel-in-coils,5.18,,5.18,C
Kazakhstan,KAZ,721730-wire-of-iron-or-non-alloy-steel-in-coils,5.18,,5.18,C
Kazakhstan,KAZ,721790-wire-of-iron-or-non-alloy-steel-in-coils,5.18,,5.18,C
Kazakhstan,KAZ,7218-stainless-steel-in-ingots-or-other-prima,,,,
Kazakhstan,KAZ,72181000-steel-stainless-in-ingots-and-other-prim,4.6,,4.6,
Kazakhstan,KAZ,721891-semi-finished-products-of-stainless-stee,4.78,,4.78,
Kazakhstan,KAZ,72189911-semi-finished-products-of-stainless-stee,4.78,,4.78,
Kazakhstan,KAZ,72189919-semi-finished-products-of-stainless-stee,4.6,,4.6,
Kazakhstan,KAZ,72189920-semi-finished-products-of-stainless-stee,4.78,,4.78,
Kazakhstan,KAZ,72189980-semi-finished-products-of-stainless-stee,4.6,,4.6,
Kazakhstan,KAZ,7219-flat-rolled-products-of-stainless-steel,,,,
Kazakhstan,KAZ,72191100-flat-rolled-products-of-stainless-steel,4.78,,4.78,
Kazakhstan,KAZ,721912-flat-rolled-products-of-stainless-steel,4.78,,4.78,
Kazakhstan,KAZ,721913-flat-rolled-products-of-stainless-steel,4.78,,4.78,
Kazakhstan,KAZ,721914-flat-rolled-products-of-stainless-steel,4.78,,4.78,
Kazakhstan,KAZ,721921-flat-rolled-products-of-stainless-steel,4.78,,4.78,
Kazakhstan,KAZ,721922-flat-rolled-products-of-stainless-steel,4.78,,4.78,
Kazakhstan,KAZ,72192300-flat-rolled-products-of-stainless-steel,4.78,,4.78,
Kazakhstan,KAZ,72192400-flat-rolled-products-of-stainless-steel,4.78,,4.78,
Kazakhstan,KAZ,72193100-flat-rolled-products-of-stainless-steel,4.86,,4.86,
Kazakhstan,KAZ,721932-flat-rolled-products-of-stainless-steel,4.86,,4.86,
Kazakhstan,KAZ,721933-flat-rolled-products-of-stainless-steel,4.86,,4.86,
Kazakhstan,KAZ,721934-flat-rolled-products-of-stainless-steel,4.86,,4.86,
Kazakhstan,KAZ,721935-flat-rolled-products-of-stainless-steel,4.86,,4.86,
Kazakhstan,KAZ,721990-flat-rolled-products-of-stainless-steel,4.86,,4.86,
Kazakhstan,KAZ,7220-flat-rolled-products-of-stainless-steel,,,,
Kazakhstan,KAZ,72201100-flat-rolled-products-of-stainless-steel,4.78,,4.78,
Kazakhstan,KAZ,72201200-flat-rolled-products-of-stainless-steel,4.78,,4.78,
Kazakhstan,KAZ,722020-flat-rolled-products-of-stainless-steel,4.86,,4.86,
Kazakhstan,KAZ,722090-flat-rolled-products-of-stainless-steel,4.86,,4.86,
Kazakhstan,KAZ,7221-bars-and-rods-of-stainless-steel-hot-rol,4.61,,4.61,
Kazakhstan,KAZ,7222-other-bars-and-rods-of-stainless-steel-a,,,,
Kazakhstan,KAZ,722211-bars-and-rods-of-stainless-steel-only-ho,4.61,,4.61,
Kazakhstan,KAZ,722219-bars-and-rods-of-stainless-steel-only-ho,4.61,,4.61,
Kazakhstan,KAZ,722220-other-bars-and-rods-of-stainless-steel-n,4.61,,4.61,
Kazakhstan,KAZ,722230-other-bars-and-rods-of-stainless-steel-c,4.6,,4.6,
Kazakhstan,KAZ,722240-angles-shapes-and-sections-of-stainless,4.61,,4.61,
Kazakhstan,KAZ,7223-wire-of-stainless-steel-in-coils-excl-ba,,,,
Kazakhstan,KAZ,722300-wire-of-stainless-steel-in-coils-excl-ba,4.61,,4.61,
Kazakhstan,KAZ,7224-steel-alloy-other-than-stainless-in-ingo,,,,
Kazakhstan,KAZ,722410-steel-alloy-other-than-stainless-in-ingo,5.17,,5.17,F
Kazakhstan,KAZ,72249002-semi-finished-products-of-tool-steel,5.34,,5.34,F
Kazakhstan,KAZ,72249003-semi-finished-products-of-high-speed-ste,5.34,,5.34,F
Kazakhstan,KAZ,72249005-semi-finished-products-of-steel-containi,5.34,,5.34,F
Kazakhstan,KAZ,72249007-semi-finished-products-of-alloy-steel-ot,5.34,,5.34,F
Kazakhstan,KAZ,72249014-semi-finished-products-of-alloy-steel-ot,5.34,,5.34,F
Kazakhstan,KAZ,72249018-semi-finished-products-of-alloy-steel-ot,5.17,,5.17,F
Kazakhstan,KAZ,72249031-semi-finished-products-of-steel-containi,5.34,,5.34,F
Kazakhstan,KAZ,72249038-semi-finished-products-of-alloy-steel-ot,5.34,,5.34,F
Kazakhstan,KAZ,72249090-semi-finished-products-of-alloy-steel-ot,5.17,,5.17,F
Kazakhstan,KAZ,7225-flat-rolled-products-of-alloy-steel-othe,,,,
Kazakhstan,KAZ,72251100-flat-rolled-products-of-silicon-electric,6.78,,6.78,C
Kazakhstan,KAZ,72251910-flat-rolled-products-of-silicon-electric,5.34,,5.34,C
Kazakhstan,KAZ,72251990-flat-rolled-products-of-silicon-electric,5.42,,5.42,C
Kazakhstan,KAZ,722530-flat-rolled-products-of-alloy-steel-othe,5.34,,5.34,F
Kazakhstan,KAZ,722540-flat-rolled-products-of-alloy-steel-othe,5.34,,5.34,F
Kazakhstan,KAZ,722550-flat-rolled-products-of-alloy-steel-othe,5.42,,5.42,F
Kazakhstan,KAZ,72259100-flat-rolled-products-of-alloy-steel-othe,5.42,,5.42,F
Kazakhstan,KAZ,72259200-flat-rolled-products-of-alloy-steel-othe,5.42,,5.42,F
Kazakhstan,KAZ,72259900-flat-rolled-products-of-alloy-steel-othe,5.42,,5.42,F
Kazakhstan,KAZ,7226-flat-rolled-products-of-alloy-steel-othe,,,,
Kazakhstan,KAZ,72261100-flat-rolled-products-of-silicon-electric,6.78,,6.78,C
Kazakhstan,KAZ,72261910-flat-rolled-products-of-silicon-electric,5.34,,5.34,C
Kazakhstan,KAZ,72261980-flat-rolled-products-of-silicon-electric,5.42,,5.42,C
Kazakhstan,KAZ,72262000-flat-rolled-products-of-high-speed-steel,5.34,,5.34,F
Kazakhstan,KAZ,722691-flat-rolled-products-of-alloy-steel-othe,5.34,,5.34,F
Kazakhstan,KAZ,72269200-flat-rolled-products-of-alloy-steel-othe,5.42,,5.42,F
Kazakhstan,KAZ,722699-flat-rolled-products-of-alloy-steel-othe,5.42,,5.42,F
Kazakhstan,KAZ,7227-bars-and-rods-of-alloy-steel-other-than,5.17,,5.17,C/F
Kazakhstan,KAZ,7228-other-bars-and-rods-of-alloy-steel-other,,,,
Kazakhstan,KAZ,72281020-bars-and-rods-of-high-speed-steel-not-fu,5.17,,5.17,F
Kazakhstan,KAZ,72281050-bars-and-rods-of-high-speed-steel-forged,5.17,,5.17,F
Kazakhstan,KAZ,72281090-bars-and-rods-of-high-speed-steel-not-fu,5.17,,5.17,F
Kazakhstan,KAZ,722820-bars-and-rods-of-silico-manganese-steel,5.17,,5.17,F
Kazakhstan,KAZ,722830-bars-and-rods-of-alloy-steel-other-than,5.17,,5.17,C/F
Kazakhstan,KAZ,722840-bars-and-rods-of-alloy-steel-other-than,5.17,,5.17,F
Kazakhstan,KAZ,722850-bars-and-rods-of-alloy-steel-other-than,5.17,,5.17,C/F
Kazakhstan,KAZ,722860-bars-and-rods-of-alloy-steel-other-than,5.17,,5.17,F
Kazakhstan,KAZ,722870-angles-shapes-and-sections-of-alloy-stee,5.17,,5.17,F
Kazakhstan,KAZ,72288000-hollow-drill-bars-and-rods-of-alloy-or-n,5.17,,5.17,F
Kazakhstan,KAZ,7229-wire-of-alloy-steel-other-than-stainless,5.17,,5.17,C/F
Kazakhstan,KAZ,7301-sheet-piling-of-iron-or-steel-whether-or,5.36,,5.36,C
Kazakhstan,KAZ,7302-railway-or-tramway-track-construction-ma,5.18,,5.18,C
Kazakhstan,KAZ,7303-tubes-pipes-and-hollow-profiles-of-cast,,,,
Kazakhstan,KAZ,730300-tubes-pipes-and-hollow-profiles-of-cast,4.96,,4.96,
Kazakhstan,KAZ,7304-tubes-pipes-and-hollow-profiles-seamless,,,,
Kazakhstan,KAZ,73041100-line-pipe-of-a-kind-used-for-oil-or-gas,4.61,,4.61,
Kazakhstan,KAZ,730419-line-pipe-of-a-kind-used-for-oil-or-gas,5.18,,5.18,C
Kazakhstan,KAZ,73042200-drill-pipe-seamless-of-stainless-steel-o,4.61,,4.61,
Kazakhstan,KAZ,73042300-drill-pipe-seamless-of-a-kind-used-in-dr,5.18,,5.18,C
Kazakhstan,KAZ,73042400-casing-and-tubing-seamless-of-a-kind-use,4.61,,4.61,
Kazakhstan,KAZ,730429-casing-and-tubing-seamless-of-iron-or-st,5.18,,5.18,C
Kazakhstan,KAZ,730431-tubes-pipes-and-hollow-profiles-seamless,5.18,,5.18,C
Kazakhstan,KAZ,730439-tubes-pipes-and-hollow-profiles-seamless,5.18,,5.18,C
Kazakhstan,KAZ,73044100-tubes-pipes-and-hollow-profiles-seamless,4.61,,4.61,
Kazakhstan,KAZ,730449-tubes-pipes-and-hollow-profiles-seamless,4.61,,4.61,
Kazakhstan,KAZ,730451-tubes-pipes-and-hollow-profiles-seamless,5.12,,5.12,F
Kazakhstan,KAZ,730459-tubes-pipes-and-hollow-profiles-seamless,5.12,,5.12,C/F
Kazakhstan,KAZ,73049000-tubes-pipes-and-hollow-profiles-seamless,5.18,,5.18,C
Kazakhstan,KAZ,7305-tubes-and-pipes-having-circular-cross-se,5.36,,5.36,C
Kazakhstan,KAZ,7306-tubes-pipes-and-hollow-profiles-e-g-open,,,,
Kazakhstan,KAZ,73061100-line-pipe-of-a-kind-used-for-oil-or-gas,4.86,,4.86,
Kazakhstan,KAZ,73061900-line-pipe-of-a-kind-used-for-oil-or-gas,5.36,,5.36,C
Kazakhstan,KAZ,73062100-casing-and-tubing-of-a-kind-used-in-dril,4.86,,4.86,
Kazakhstan,KAZ,73062900-casing-and-tubing-of-a-kind-used-in-dril,5.36,,5.36,C
Kazakhstan,KAZ,73063012-precision-tubes-welded-of-circular-cross,5.36,,5.36,C
Kazakhstan,KAZ,73063018-precision-tubes-welded-of-circular-cross,5.29,,5.29,C
Kazakhstan,KAZ,73063041-threaded-or-threadable-tubes-gas-pipe-we,5.36,,5.36,C
Kazakhstan,KAZ,73063049-threaded-or-threadable-tubes-gas-pipe-we,5.36,,5.36,C
Kazakhstan,KAZ,73063072-other-tubes-pipes-and-hollow-profiles-we,5.36,,5.36,C
Kazakhstan,KAZ,73063077-other-tubes-pipes-and-hollow-profiles-we,5.36,,5.36,C
Kazakhstan,KAZ,73063080-tubes-pipes-and-hollow-profiles-welded-h,5.36,,5.36,C
Kazakhstan,KAZ,73064020-tubes-pipes-and-hollow-profiles-welded-o,4.86,,4.86,
Kazakhstan,KAZ,73064080-tubes-pipes-and-hollow-profiles-welded-o,4.78,,4.78,
Kazakhstan,KAZ,73065021-precision-steel-tubes-welded-of-circular,5.42,,5.42,F
Kazakhstan,KAZ,73065029-precision-steel-tubes-welded-of-circular,5.34,,5.34,F
Kazakhstan,KAZ,73065080-tubes-pipes-and-hollow-profiles-welded-o,5.42,,5.42,F
Kazakhstan,KAZ,73066110-tubes-and-pipes-and-hollow-profiles-weld,4.86,,4.86,
Kazakhstan,KAZ,73066192-tubes-and-pipes-and-hollow-profiles-weld,5.36,,5.36,C
Kazakhstan,KAZ,73066199-tubes-and-pipes-and-hollow-profiles-weld,5.36,,5.36,C
Kazakhstan,KAZ,73066910-tubes-pipes-and-hollow-profiles-welded-o,4.86,,4.86,
Kazakhstan,KAZ,73066990-tubes-pipes-and-hollow-profiles-welded-o,5.36,,5.36,C
Kazakhstan,KAZ,73069000-tubes-pipes-and-hollow-profiles-e-g-open,5.36,,5.36,C
Kazakhstan,KAZ,7307-tube-or-pipe-fittings-e-g-couplings-elbo,,,,
Kazakhstan,KAZ,730711-tube-or-pipe-fittings-of-non-malleable-c,4.96,,4.96,
Kazakhstan,KAZ,73071910-tube-or-pipe-fittings-of-cast-iron-excl,4.96,,4.96,
Kazakhstan,KAZ,73071990-cast-tube-or-pipe-fittings-of-steel,5.18,,5.18,C
Kazakhstan,KAZ,73072100-flanges-of-stainless-steel-excl-cast-pro,5.15,,5.15,
Kazakhstan,KAZ,730722-threaded-elbows-bends-and-sleeves-of-sta,5.15,,5.15,
Kazakhstan,KAZ,730723-butt-welding-tube-or-pipe-fittings-of-st,5.15,,5.15,
Kazakhstan,KAZ,730729-tube-or-pipe-fittings-of-stainless-steel,5.15,,5.15,
Kazakhstan,KAZ,73079100-flanges-of-iron-or-steel-excl-cast-or-st,5.18,,5.18,C
Kazakhstan,KAZ,730792-threaded-elbows-bends-and-sleeves-of-sta,5.18,,5.18,C
Kazakhstan,KAZ,730793-butt-welding-fittings-of-iron-or-steel-e,5.18,,5.18,C
Kazakhstan,KAZ,730799-tube-or-pipe-fittings-of-iron-or-steel-e,5.18,,5.18,C
Kazakhstan,KAZ,7308-structures-and-parts-of-structures-e-g-b,5.36,,5.36,C
Kazakhstan,KAZ,7309-reservoirs-tanks-vats-and-similar-contai,5.36,,5.36,C
Kazakhstan,KAZ,7310-tanks-casks-drums-cans-boxes-and-similar,5.36,,5.36,C
Kazakhstan,KAZ,7311-containers-of-iron-or-steel-for-compress,,,,
Kazakhstan,KAZ,731100-containers-of-iron-or-steel-for-compress,5.18,,5.18,C
Kazakhstan,KAZ,7318-screws-bolts-nuts-coach-screws-screw-hoo,,,,
Kazakhstan,KAZ,73181100-coach-screws-of-iron-or-steel,5.18,,5.18,C
Kazakhstan,KAZ,73181210-wood-screws-of-stainless-steel-excl-coac,4.61,,4.61,
Kazakhstan,KAZ,73181290-wood-screws-of-iron-or-steel-other-than,5.18,,5.18,C
Kazakhstan,KAZ,73181300-screw-hooks-and-screw-rings-of-iron-or-s,5.18,,5.18,C
Kazakhstan,KAZ,73181410-self-tapping-screws-of-stainless-steel-e,4.61,,4.61,
Kazakhstan,KAZ,73181491-spaced-thread-screws-of-iron-or-steel-ot,5.18,,5.18,C
Kazakhstan,KAZ,73181499-self-tapping-screws-of-iron-or-steel-oth,5.18,,5.18,C
Kazakhstan,KAZ,731815-threaded-screws-and-bolts-of-iron-or-ste,5.18,,5.18,C
Kazakhstan,KAZ,731816-nuts-of-iron-or-steel,5.18,,5.18,C
Kazakhstan,KAZ,73181900-threaded-articles-of-iron-or-steel-n-e-s,5.18,,5.18,C
Kazakhstan,KAZ,73182100-spring-washers-and-other-lock-washers-of,5.18,,5.18,C
Kazakhstan,KAZ,73182200-washers-of-iron-or-steel-excl-spring-was,5.18,,5.18,C
Kazakhstan,KAZ,73182300-rivets-of-iron-or-steel-excl-tubular-and,5.18,,5.18,C
Kazakhstan,KAZ,73182400-cotters-and-cotter-pins-of-iron-or-steel,5.18,,5.18,C
Kazakhstan,KAZ,73182900-non-threaded-articles-of-iron-or-steel,5.18,,5.18,C
Kazakhstan,KAZ,7326-articles-of-iron-or-steel-n-e-s-excl-cas,,,,
Kazakhstan,KAZ,73261100-grinding-balls-and-similar-articles-for,5.18,,5.18,C
Kazakhstan,KAZ,732619-articles-of-iron-or-steel-forged-or-stam,5.18,,5.18,C
Kazakhstan,KAZ,73262000-articles-of-iron-or-steel-wire-n-e-s,5.18,,5.18,C
Kazakhstan,KAZ,73269030-ladders-and-steps-of-iron-or-steel,5.18,,5.18,C
Kazakhstan,KAZ,73269040-pallets-and-similar-platforms-for-handli,5.18,,5.18,C
Kazakhstan,KAZ,73269050-reels-for-cables-piping-and-the-like-of,5.18,,5.18,C
Kazakhstan,KAZ,73269060-ventilators-non-mechanical-guttering-hoo,5.18,,5.18,C
Kazakhstan,KAZ,73269092-articles-of-iron-or-steel-open-die-forge,5.18,,5.18,C
Kazakhstan,KAZ,73269094-articles-of-iron-or-steel-closed-die-for,5.18,,5.18,C
Kazakhstan,KAZ,73269096-sintered-articles-of-iron-or-steel-n-e-s,5.18,,5.18,C
Kazakhstan,KAZ,73269098-articles-of-iron-or-steel-n-e-s,5.36,,5.36,C
Kenya,KEN,28080000-nitric-acid-sulphonitric-acids,1.7,0.04,1.74,
Kenya,KEN,28141000-anhydrous-ammonia,,,,
Kenya,KEN,28142000-ammonia-in-aqueous-solution,0.6,0.04,0.65,
Kenya,KEN,28342100-nitrate-of-potassium,1.5,0.06,1.56,
Kenya,KEN,3102-mineral-or-chemical-fertilizers-nitrogen,,,,
Kenya,KEN,31021012-urea-in-aqueous-solution-containing-45-n,0.46,0.04,0.49,
Kenya,KEN,31021015-urea-in-aqueous-solution-containing-45-n,0.76,0.04,0.8,
Kenya,KEN,31021019-urea-whether-or-not-in-aqueous-solution,1.38,0.1,1.49,
Kenya,KEN,31021090-urea-whether-or-not-in-aqueous-solution,1.35,0.1,1.46,
Kenya,KEN,31022100-ammonium-sulphate-excl-that-in-tablets-o,0.6,0.07,0.66,
Kenya,KEN,31022900-double-salts-and-mixtures-of-ammonium-su,1.06,0.08,1.14,
Kenya,KEN,31023010-ammonium-nitrate-in-aqueous-solution-exc,1.14,0.06,1.2,
Kenya,KEN,31023090-ammonium-nitrate-excl-that-in-aqueous-so,1.76,0.09,1.85,
Kenya,KEN,31024010-mixtures-of-ammonium-nitrate-with-calciu,1.52,0.08,1.61,
Kenya,KEN,31024090-mixtures-of-ammonium-nitrate-with-calciu,1.52,0.08,1.61,
Kenya,KEN,31025000-sodium-nitrate-excl-that-in-tablets-or-s,2.65,0.07,2.72,
Kenya,KEN,31026000-double-salts-and-mixtures-of-calcium-nit,1.48,0.08,1.56,
Kenya,KEN,31028000-mixtures-of-urea-and-ammonium-nitrate-in,1.22,0.08,1.3,
Kenya,KEN,31029000-mineral-or-chemical-nitrogen-fertilisers,1.34,0.09,1.44,
Kenya,KEN,3105-mineral-or-chemical-fertilisers-containi,,,,
Kenya,KEN,31051000-mineral-or-chemical-fertilisers-of-anima,0.63,0.07,0.7,
Kenya,KEN,31052010-mineral-or-chemical-fertilisers-containi,0.77,0.08,0.84,
Kenya,KEN,31052090-mineral-or-chemical-fertilisers-containi,0.52,0.06,0.58,
Kenya,KEN,31053000-diammonium-hydrogenorthophosphate-diammo,0.47,0.05,0.53,
Kenya,KEN,31054000-ammonium-dihydrogenorthophosphate-monoam,0.3,0.04,0.34,
Kenya,KEN,31055100-other-mineral-or-chemical-fertilisers-co,1.05,0.09,1.14,
Kenya,KEN,31055900-other-mineral-or-chemical-fertilisers-co,0.55,0.09,0.64,
Kenya,KEN,31059020-mineral-or-chemical-fertilisers-containi,1.01,0.06,1.07,
Kenya,KEN,31059080-mineral-or-chemical-fertilisers-containi,0.52,0.04,0.56,
Kenya,KEN,7601-unwrought-aluminium,0.36,,0.36,L
Kenya,KEN,7603-aluminium-powders-and-flakes,0.8,,0.8,L
Kenya,KEN,76041010-bars-and-rods,1.02,,1.02,L
Kenya,KEN,76041090-profiles,1.04,,1.04,L
Kenya,KEN,76042100-hollow-profiles,1.04,,1.04,L
Kenya,KEN,76042910-bars-and-rods,1.02,,1.02,L
Kenya,KEN,76042990-profiles,1.04,,1.04,L
Kenya,KEN,7605-aluminium-wire,1.02,,1.02,L
Kenya,KEN,7606-aluminium-plates-sheets-and-strip-of-a-t,1.48,,1.48,L
Kenya,KEN,7607-aluminium-foil-whether-or-not-printed-or,1.48,,1.48,L
Kenya,KEN,7608-aluminium-tubes-and-pipes,1.04,,1.04,L
Kenya,KEN,76090000-aluminium-tube-or-pipe-fittings-for-exam,1.04,,1.04,L
Kenya,KEN,76101000-doors-windows-and-their-frames-and-thres,1.04,,1.04,L
Kenya,KEN,761090-other,1.04,,1.04,L
Kenya,KEN,76109010-bridges-and-bridge-sections-towers-and-l,1.04,,1.04,L
Kenya,KEN,76109090-other,1.04,,1.04,L
Kenya,KEN,76110000-aluminium-reservoirs-tanks-vats-and-simi,1.48,,1.48,L
Kenya,KEN,7612-aluminium-casks-drums-cans-boxes-and-sim,1.48,,1.48,L
Kenya,KEN,76130000-aluminium-containers-for-compressed-or-l,1.48,,1.48,L
Kenya,KEN,7614-stranded-wire-cables-plaited-bands-and-t,1.02,,1.02,L
Kenya,KEN,76161000-nails-tacks-staples-other-than-those-of,1.48,,1.48,L
Kenya,KEN,76169100-cloth-grill-netting-and-fencing-of-alumi,1.48,,1.48,L
Kenya,KEN,76169910-cast,0.8,,0.8,L
Kenya,KEN,76169990-other,1.48,,1.48,L
Kenya,KEN,28041000-hydrogen,10.82,,10.82,
Kenya,KEN,720211-ferro-manganese-containing-by-weight-2-o,1.69,,1.69,
Kenya,KEN,720219-ferro-manganese-containing-by-weight-2-c,,,,
Kenya,KEN,720241-ferro-chromium-containing-by-weight-4-of,2.35,,2.35,
Kenya,KEN,720249-ferro-chromium-containing-by-weight-4-of,,,,
Kenya,KEN,72026000-ferro-nickel,3.48,,3.48,
"Korea, Republic of (South Korea",KOR,2507008080-calcined-clay,,,,
"Korea, Republic of (South Korea",KOR,2523100010-white-clinker,1.19,0.04,1.23,B
"Korea, Republic of (South Korea",KOR,2523100090-other-clinker-including-grey-clinker,0.88,0.03,0.92,A
"Korea, Republic of (South Korea",KOR,25232100-white-portland-cement,1.23,0.13,1.36,
"Korea, Republic of (South Korea",KOR,25232900-grey-portland-cement,0.89,0.06,0.94,
"Korea, Republic of (South Korea",KOR,25233000-aluminous-cement,,,,
"Korea, Republic of (South Korea",KOR,2523900010-white-hydraulic-cement,1.26,0.16,1.42,B
"Korea, Republic of (South Korea",KOR,2523900090-other-hydraulic-cements-including-grey-h,0.84,0.06,0.91,A
"Korea, Republic of (South Korea",KOR,28080000-nitric-acid-sulphonitric-acids,2.13,0.06,2.19,
"Korea, Republic of (South Korea",KOR,28141000-anhydrous-ammonia,,,,
"Korea, Republic of (South Korea",KOR,28142000-ammonia-in-aqueous-solution,0.62,0.06,0.67,
"Korea, Republic of (South Korea",KOR,28342100-nitrate-of-potassium,1.79,0.08,1.88,
"Korea, Republic of (South Korea",KOR,3102-mineral-or-chemical-fertilizers-nitrogen,,,,
"Korea, Republic of (South Korea",KOR,31021012-urea-in-aqueous-solution-containing-45-n,0.47,0.04,0.51,
"Korea, Republic of (South Korea",KOR,31021015-urea-in-aqueous-solution-containing-45-n,0.77,0.04,0.82,
"Korea, Republic of (South Korea",KOR,31021019-urea-whether-or-not-in-aqueous-solution,1.41,0.14,1.54,
"Korea, Republic of (South Korea",KOR,31021090-urea-whether-or-not-in-aqueous-solution,1.38,0.13,1.51,
"Korea, Republic of (South Korea",KOR,31022100-ammonium-sulphate-excl-that-in-tablets-o,0.61,0.09,0.7,
"Korea, Republic of (South Korea",KOR,31022900-double-salts-and-mixtures-of-ammonium-su,1.21,0.1,1.31,
"Korea, Republic of (South Korea",KOR,31023010-ammonium-nitrate-in-aqueous-solution-exc,1.36,0.08,1.44,
"Korea, Republic of (South Korea",KOR,31023090-ammonium-nitrate-excl-that-in-aqueous-so,2.09,0.13,2.22,
"Korea, Republic of (South Korea",KOR,31024010-mixtures-of-ammonium-nitrate-with-calciu,1.8,0.11,1.92,
"Korea, Republic of (South Korea",KOR,31024090-mixtures-of-ammonium-nitrate-with-calciu,1.8,0.11,1.92,
"Korea, Republic of (South Korea",KOR,31025000-sodium-nitrate-excl-that-in-tablets-or-s,3.32,0.09,3.42,
"Korea, Republic of (South Korea",KOR,31026000-double-salts-and-mixtures-of-calcium-nit,1.76,0.11,1.86,
"Korea, Republic of (South Korea",KOR,31028000-mixtures-of-urea-and-ammonium-nitrate-in,1.38,0.1,1.48,
"Korea, Republic of (South Korea",KOR,31029000-mineral-or-chemical-nitrogen-fertilisers,1.47,0.12,1.59,
"Korea, Republic of (South Korea",KOR,3105-mineral-or-chemical-fertilisers-containi,,,,
"Korea, Republic of (South Korea",KOR,31051000-mineral-or-chemical-fertilisers-of-anima,0.71,0.09,0.8,
"Korea, Republic of (South Korea",KOR,31052010-mineral-or-chemical-fertilisers-containi,0.9,0.1,1.0,
"Korea, Republic of (South Korea",KOR,31052090-mineral-or-chemical-fertilisers-containi,0.61,0.08,0.69,
"Korea, Republic of (South Korea",KOR,31053000-diammonium-hydrogenorthophosphate-diammo,0.48,0.07,0.55,
"Korea, Republic of (South Korea",KOR,31054000-ammonium-dihydrogenorthophosphate-monoam,0.31,0.05,0.36,
"Korea, Republic of (South Korea",KOR,31055100-other-mineral-or-chemical-fertilisers-co,1.23,0.13,1.36,
"Korea, Republic of (South Korea",KOR,31055900-other-mineral-or-chemical-fertilisers-co,0.56,0.11,0.67,
"Korea, Republic of (South Korea",KOR,31059020-mineral-or-chemical-fertilisers-containi,1.19,0.08,1.28,
"Korea, Republic of (South Korea",KOR,31059080-mineral-or-chemical-fertilisers-containi,0.61,0.06,0.67,
"Korea, Republic of (South Korea",KOR,7601-unwrought-aluminium,0.36,,0.36,L
"Korea, Republic of (South Korea",KOR,7603-aluminium-powders-and-flakes,1.26,,1.26,L
"Korea, Republic of (South Korea",KOR,76041010-bars-and-rods,1.49,,1.49,L
"Korea, Republic of (South Korea",KOR,76041090-profiles,1.5,,1.5,L
"Korea, Republic of (South Korea",KOR,76042100-hollow-profiles,1.5,,1.5,L
"Korea, Republic of (South Korea",KOR,76042910-bars-and-rods,1.49,,1.49,L
"Korea, Republic of (South Korea",KOR,76042990-profiles,1.5,,1.5,L
"Korea, Republic of (South Korea",KOR,7605-aluminium-wire,1.49,,1.49,L
"Korea, Republic of (South Korea",KOR,7606-aluminium-plates-sheets-and-strip-of-a-t,1.95,,1.95,L
"Korea, Republic of (South Korea",KOR,7607-aluminium-foil-whether-or-not-printed-or,1.95,,1.95,L
"Korea, Republic of (South Korea",KOR,7608-aluminium-tubes-and-pipes,1.5,,1.5,L
"Korea, Republic of (South Korea",KOR,76090000-aluminium-tube-or-pipe-fittings-for-exam,1.5,,1.5,L
"Korea, Republic of (South Korea",KOR,76101000-doors-windows-and-their-frames-and-thres,1.5,,1.5,L
"Korea, Republic of (South Korea",KOR,761090-other,1.5,,1.5,L
"Korea, Republic of (South Korea",KOR,76109010-bridges-and-bridge-sections-towers-and-l,1.5,,1.5,L
"Korea, Republic of (South Korea",KOR,76109090-other,1.5,,1.5,L
"Korea, Republic of (South Korea",KOR,76110000-aluminium-reservoirs-tanks-vats-and-simi,1.95,,1.95,L
"Korea, Republic of (South Korea",KOR,7612-aluminium-casks-drums-cans-boxes-and-sim,1.95,,1.95,L
"Korea, Republic of (South Korea",KOR,76130000-aluminium-containers-for-compressed-or-l,1.95,,1.95,L
"Korea, Republic of (South Korea",KOR,7614-stranded-wire-cables-plaited-bands-and-t,1.49,,1.49,L
"Korea, Republic of (South Korea",KOR,76161000-nails-tacks-staples-other-than-those-of,1.95,,1.95,L
"Korea, Republic of (South Korea",KOR,76169100-cloth-grill-netting-and-fencing-of-alumi,1.95,,1.95,L
"Korea, Republic of (South Korea",KOR,76169910-cast,1.26,,1.26,L
"Korea, Republic of (South Korea",KOR,76169990-other,1.95,,1.95,L
"Korea, Republic of (South Korea",KOR,28041000-hydrogen,14.03,,14.03,
"Korea, Republic of (South Korea",KOR,26011200-agglomerated-iron-ores-and-concentrates,0.1,0.04,0.13,
"Korea, Republic of (South Korea",KOR,7201-pig-iron-and-spiegeleisen-in-pigs-blocks,1.54,,1.54,
"Korea, Republic of (South Korea",KOR,720211-ferro-manganese-containing-by-weight-2-o,1.69,,1.69,
"Korea, Republic of (South Korea",KOR,720219-ferro-manganese-containing-by-weight-2-c,5.59,,5.59,
"Korea, Republic of (South Korea",KOR,720241-ferro-chromium-containing-by-weight-4-of,2.35,,2.35,
"Korea, Republic of (South Korea",KOR,720249-ferro-chromium-containing-by-weight-4-of,,,,
"Korea, Republic of (South Korea",KOR,72026000-ferro-nickel,3.48,,3.48,
"Korea, Republic of (South Korea",KOR,7203-ferrous-products-obtained-by-direct-redu,,,,
"Korea, Republic of (South Korea",KOR,7205-granules-and-powders-of-pig-iron-spiegel,1.58,,1.58,C/F
"Korea, Republic of (South Korea",KOR,7206-iron-and-non-alloy-steel-in-ingots-or-ot,,,,
"Korea, Republic of (South Korea",KOR,72061000-ingots-of-iron-and-non-alloy-steel-excl,1.64,,1.64,C
"Korea, Republic of (South Korea",KOR,72069000-iron-and-non-alloy-steel-in-puddled-bars,1.64,,1.64,C
"Korea, Republic of (South Korea",KOR,7207-semi-finished-products-of-iron-or-non-al,,,,
"Korea, Republic of (South Korea",KOR,72071111-semi-finished-products-of-non-alloy-free,2.118,,2.118,C
"Korea, Republic of (South Korea",KOR,72071114-semi-finished-products-of-iron-or-non-al,2.118,,2.118,C
"Korea, Republic of (South Korea",KOR,72071116-semi-finished-products-of-iron-or-non-al,2.118,,2.118,C
"Korea, Republic of (South Korea",KOR,72071190-semi-finished-products-of-iron-or-non-al,2.31,,2.31,C
"Korea, Republic of (South Korea",KOR,72071210-semi-finished-products-of-iron-or-non-al,2.118,,2.118,C
"Korea, Republic of (South Korea",KOR,72071290-semi-finished-products-of-iron-or-non-al,2.31,,2.31,C
"Korea, Republic of (South Korea",KOR,72071912-semi-finished-products-of-iron-or-non-al,2.118,,2.118,C
"Korea, Republic of (South Korea",KOR,72071919-semi-finished-products-of-iron-or-non-al,2.31,,2.31,C
"Korea, Republic of (South Korea",KOR,72071980-semi-finished-products-of-iron-or-non-al,2.118,,2.118,C
"Korea, Republic of (South Korea",KOR,72072011-semi-finished-products-of-non-alloy-free,2.118,,2.118,C
"Korea, Republic of (South Korea",KOR,72072015-semi-finished-products-of-iron-or-non-al,2.118,,2.118,C
"Korea, Republic of (South Korea",KOR,72072017-semi-finished-products-of-iron-or-non-al,2.118,,2.118,C
"Korea, Republic of (South Korea",KOR,72072019-semi-finished-products-of-iron-or-non-al,2.31,,2.31,C
"Korea, Republic of (South Korea",KOR,72072032-semi-finished-products-of-iron-or-non-al,2.118,,2.118,C
"Korea, Republic of (South Korea",KOR,72072039-semi-finished-products-of-iron-or-non-al,2.31,,2.31,C
"Korea, Republic of (South Korea",KOR,72072052-semi-finished-products-of-iron-or-non-al,2.118,,2.118,C
"Korea, Republic of (South Korea",KOR,72072059-semi-finished-products-of-iron-or-non-al,2.31,,2.31,C
"Korea, Republic of (South Korea",KOR,72072080-semi-finished-products-of-iron-or-non-al,2.118,,2.118,C
"Korea, Republic of (South Korea",KOR,7208-flat-rolled-products-of-iron-or-non-allo,2.118,,2.118,C
"Korea, Republic of (South Korea",KOR,7209-flat-rolled-products-of-iron-or-non-allo,2.144,,2.144,C
"Korea, Republic of (South Korea",KOR,7210-flat-rolled-products-of-iron-or-non-allo,2.144,,2.144,C
"Korea, Republic of (South Korea",KOR,7211-flat-rolled-products-of-iron-or-non-allo,,,,
"Korea, Republic of (South Korea",KOR,72111300-flat-rolled-products-of-iron-or-non-allo,2.118,,2.118,C
"Korea, Republic of (South Korea",KOR,72111400-flat-rolled-products-of-iron-or-non-allo,2.118,,2.118,C
"Korea, Republic of (South Korea",KOR,72111900-flat-rolled-products-of-iron-or-non-allo,2.118,,2.118,C
"Korea, Republic of (South Korea",KOR,721123-flat-rolled-products-of-iron-or-non-allo,2.144,,2.144,C
"Korea, Republic of (South Korea",KOR,72112900-flat-rolled-products-of-iron-or-non-allo,2.144,,2.144,C
"Korea, Republic of (South Korea",KOR,721190-flat-rolled-products-of-iron-or-non-allo,2.144,,2.144,C
"Korea, Republic of (South Korea",KOR,7212-flat-rolled-products-of-iron-or-non-allo,2.144,,2.144,C
"Korea, Republic of (South Korea",KOR,7213-bars-and-rods-of-iron-or-non-alloy-steel,2.118,,2.118,C
"Korea, Republic of (South Korea",KOR,7214-bars-and-rods-of-iron-or-non-alloy-steel,,,,
"Korea, Republic of (South Korea",KOR,72141000-bars-and-rods-of-iron-or-non-alloy-steel,2.31,,2.31,C
"Korea, Republic of (South Korea",KOR,72142000-bars-and-rods-of-iron-or-non-alloy-steel,2.118,,2.118,C
"Korea, Republic of (South Korea",KOR,72143000-bars-and-rods-of-non-alloy-free-cutting,2.118,,2.118,C
"Korea, Republic of (South Korea",KOR,721491-bars-and-rods-of-iron-or-non-alloy-steel,2.118,,2.118,C
"Korea, Republic of (South Korea",KOR,721499-bars-and-rods-of-iron-or-non-alloy-steel,2.118,,2.118,C
"Korea, Republic of (South Korea",KOR,7215-bars-and-rods-of-iron-or-non-alloy-steel,2.118,,2.118,C
"Korea, Republic of (South Korea",KOR,7216-angles-shapes-and-sections-of-iron-or-no,2.118,,2.118,C
"Korea, Republic of (South Korea",KOR,7217-wire-of-iron-or-non-alloy-steel-in-coils,,,,
"Korea, Republic of (South Korea",KOR,721710-wire-of-iron-or-non-alloy-steel-in-coils,2.118,,2.118,C
"Korea, Republic of (South Korea",KOR,721720-wire-of-iron-or-non-alloy-steel-in-coils,2.118,,2.118,C
"Korea, Republic of (South Korea",KOR,721730-wire-of-iron-or-non-alloy-steel-in-coils,2.118,,2.118,C
"Korea, Republic of (South Korea",KOR,721790-wire-of-iron-or-non-alloy-steel-in-coils,2.118,,2.118,C
"Korea, Republic of (South Korea",KOR,7218-stainless-steel-in-ingots-or-other-prima,,,,
"Korea, Republic of (South Korea",KOR,72181000-steel-stainless-in-ingots-and-other-prim,3.76,,3.76,
"Korea, Republic of (South Korea",KOR,721891-semi-finished-products-of-stainless-stee,3.63,,3.63,
"Korea, Republic of (South Korea",KOR,72189911-semi-finished-products-of-stainless-stee,3.63,,3.63,
"Korea, Republic of (South Korea",KOR,72189919-semi-finished-products-of-stainless-stee,3.76,,3.76,
"Korea, Republic of (South Korea",KOR,72189920-semi-finished-products-of-stainless-stee,3.63,,3.63,
"Korea, Republic of (South Korea",KOR,72189980-semi-finished-products-of-stainless-stee,3.76,,3.76,
"Korea, Republic of (South Korea",KOR,7219-flat-rolled-products-of-stainless-steel,,,,
"Korea, Republic of (South Korea",KOR,72191100-flat-rolled-products-of-stainless-steel,3.63,,3.63,
"Korea, Republic of (South Korea",KOR,721912-flat-rolled-products-of-stainless-steel,3.63,,3.63,
"Korea, Republic of (South Korea",KOR,721913-flat-rolled-products-of-stainless-steel,3.63,,3.63,
"Korea, Republic of (South Korea",KOR,721914-flat-rolled-products-of-stainless-steel,3.63,,3.63,
"Korea, Republic of (South Korea",KOR,721921-flat-rolled-products-of-stainless-steel,3.63,,3.63,
"Korea, Republic of (South Korea",KOR,721922-flat-rolled-products-of-stainless-steel,3.63,,3.63,
"Korea, Republic of (South Korea",KOR,72192300-flat-rolled-products-of-stainless-steel,3.63,,3.63,
"Korea, Republic of (South Korea",KOR,72192400-flat-rolled-products-of-stainless-steel,3.63,,3.63,
"Korea, Republic of (South Korea",KOR,72193100-flat-rolled-products-of-stainless-steel,3.65,,3.65,
"Korea, Republic of (South Korea",KOR,721932-flat-rolled-products-of-stainless-steel,3.65,,3.65,
"Korea, Republic of (South Korea",KOR,721933-flat-rolled-products-of-stainless-steel,3.65,,3.65,
"Korea, Republic of (South Korea",KOR,721934-flat-rolled-products-of-stainless-steel,3.65,,3.65,
"Korea, Republic of (South Korea",KOR,721935-flat-rolled-products-of-stainless-steel,3.65,,3.65,
"Korea, Republic of (South Korea",KOR,721990-flat-rolled-products-of-stainless-steel,3.65,,3.65,
"Korea, Republic of (South Korea",KOR,7220-flat-rolled-products-of-stainless-steel,,,,
"Korea, Republic of (South Korea",KOR,72201100-flat-rolled-products-of-stainless-steel,3.63,,3.63,
"Korea, Republic of (South Korea",KOR,72201200-flat-rolled-products-of-stainless-steel,3.63,,3.63,
"Korea, Republic of (South Korea",KOR,722020-flat-rolled-products-of-stainless-steel,3.65,,3.65,
"Korea, Republic of (South Korea",KOR,722090-flat-rolled-products-of-stainless-steel,3.65,,3.65,
"Korea, Republic of (South Korea",KOR,7221-bars-and-rods-of-stainless-steel-hot-rol,3.65,,3.65,
"Korea, Republic of (South Korea",KOR,7222-other-bars-and-rods-of-stainless-steel-a,,,,
"Korea, Republic of (South Korea",KOR,722211-bars-and-rods-of-stainless-steel-only-ho,3.65,,3.65,
"Korea, Republic of (South Korea",KOR,722219-bars-and-rods-of-stainless-steel-only-ho,3.65,,3.65,
"Korea, Republic of (South Korea",KOR,722220-other-bars-and-rods-of-stainless-steel-n,3.65,,3.65,
"Korea, Republic of (South Korea",KOR,722230-other-bars-and-rods-of-stainless-steel-c,3.76,,3.76,
"Korea, Republic of (South Korea",KOR,722240-angles-shapes-and-sections-of-stainless,3.65,,3.65,
"Korea, Republic of (South Korea",KOR,7223-wire-of-stainless-steel-in-coils-excl-ba,,,,
"Korea, Republic of (South Korea",KOR,722300-wire-of-stainless-steel-in-coils-excl-ba,3.65,,3.65,
"Korea, Republic of (South Korea",KOR,7224-steel-alloy-other-than-stainless-in-ingo,,,,
"Korea, Republic of (South Korea",KOR,722410-steel-alloy-other-than-stainless-in-ingo,4.15,,4.15,F
"Korea, Republic of (South Korea",KOR,72249002-semi-finished-products-of-tool-steel,4.03,,4.03,F
"Korea, Republic of (South Korea",KOR,72249003-semi-finished-products-of-high-speed-ste,4.03,,4.03,F
"Korea, Republic of (South Korea",KOR,72249005-semi-finished-products-of-steel-containi,4.03,,4.03,F
"Korea, Republic of (South Korea",KOR,72249007-semi-finished-products-of-alloy-steel-ot,4.03,,4.03,F
"Korea, Republic of (South Korea",KOR,72249014-semi-finished-products-of-alloy-steel-ot,4.03,,4.03,F
"Korea, Republic of (South Korea",KOR,72249018-semi-finished-products-of-alloy-steel-ot,4.15,,4.15,F
"Korea, Republic of (South Korea",KOR,72249031-semi-finished-products-of-steel-containi,4.03,,4.03,F
"Korea, Republic of (South Korea",KOR,72249038-semi-finished-products-of-alloy-steel-ot,4.03,,4.03,F
"Korea, Republic of (South Korea",KOR,72249090-semi-finished-products-of-alloy-steel-ot,4.15,,4.15,F
"Korea, Republic of (South Korea",KOR,7225-flat-rolled-products-of-alloy-steel-othe,,,,
"Korea, Republic of (South Korea",KOR,72251100-flat-rolled-products-of-silicon-electric,5.32,,5.32,C
"Korea, Republic of (South Korea",KOR,72251910-flat-rolled-products-of-silicon-electric,4.03,,4.03,C
"Korea, Republic of (South Korea",KOR,72251990-flat-rolled-products-of-silicon-electric,4.05,,4.05,C
"Korea, Republic of (South Korea",KOR,722530-flat-rolled-products-of-alloy-steel-othe,4.03,,4.03,F
"Korea, Republic of (South Korea",KOR,722540-flat-rolled-products-of-alloy-steel-othe,4.03,,4.03,F
"Korea, Republic of (South Korea",KOR,722550-flat-rolled-products-of-alloy-steel-othe,4.05,,4.05,F
"Korea, Republic of (South Korea",KOR,72259100-flat-rolled-products-of-alloy-steel-othe,4.05,,4.05,F
"Korea, Republic of (South Korea",KOR,72259200-flat-rolled-products-of-alloy-steel-othe,4.05,,4.05,F
"Korea, Republic of (South Korea",KOR,72259900-flat-rolled-products-of-alloy-steel-othe,4.05,,4.05,F
"Korea, Republic of (South Korea",KOR,7226-flat-rolled-products-of-alloy-steel-othe,,,,
"Korea, Republic of (South Korea",KOR,72261100-flat-rolled-products-of-silicon-electric,5.32,,5.32,C
"Korea, Republic of (South Korea",KOR,72261910-flat-rolled-products-of-silicon-electric,4.03,,4.03,C
"Korea, Republic of (South Korea",KOR,72261980-flat-rolled-products-of-silicon-electric,4.05,,4.05,C
"Korea, Republic of (South Korea",KOR,72262000-flat-rolled-products-of-high-speed-steel,4.03,,4.03,F
"Korea, Republic of (South Korea",KOR,722691-flat-rolled-products-of-alloy-steel-othe,4.03,,4.03,F
"Korea, Republic of (South Korea",KOR,72269200-flat-rolled-products-of-alloy-steel-othe,4.05,,4.05,F
"Korea, Republic of (South Korea",KOR,722699-flat-rolled-products-of-alloy-steel-othe,4.05,,4.05,F
"Korea, Republic of (South Korea",KOR,7227-bars-and-rods-of-alloy-steel-other-than,4.05,,4.05,C/F
"Korea, Republic of (South Korea",KOR,7228-other-bars-and-rods-of-alloy-steel-other,,,,
"Korea, Republic of (South Korea",KOR,72281020-bars-and-rods-of-high-speed-steel-not-fu,4.05,,4.05,F
"Korea, Republic of (South Korea",KOR,72281050-bars-and-rods-of-high-speed-steel-forged,4.15,,4.15,F
"Korea, Republic of (South Korea",KOR,72281090-bars-and-rods-of-high-speed-steel-not-fu,4.05,,4.05,F
"Korea, Republic of (South Korea",KOR,722820-bars-and-rods-of-silico-manganese-steel,4.05,,4.05,F
"Korea, Republic of (South Korea",KOR,722830-bars-and-rods-of-alloy-steel-other-than,4.05,,4.05,C/F
"Korea, Republic of (South Korea",KOR,722840-bars-and-rods-of-alloy-steel-other-than,4.15,,4.15,F
"Korea, Republic of (South Korea",KOR,722850-bars-and-rods-of-alloy-steel-other-than,4.05,,4.05,C/F
"Korea, Republic of (South Korea",KOR,722860-bars-and-rods-of-alloy-steel-other-than,4.05,,4.05,F
"Korea, Republic of (South Korea",KOR,722870-angles-shapes-and-sections-of-alloy-stee,4.05,,4.05,F
"Korea, Republic of (South Korea",KOR,72288000-hollow-drill-bars-and-rods-of-alloy-or-n,4.05,,4.05,F
"Korea, Republic of (South Korea",KOR,7229-wire-of-alloy-steel-other-than-stainless,4.05,,4.05,C/F
"Korea, Republic of (South Korea",KOR,7301-sheet-piling-of-iron-or-steel-whether-or,2.144,,2.144,C
"Korea, Republic of (South Korea",KOR,7302-railway-or-tramway-track-construction-ma,3.674,,3.674,C
"Korea, Republic of (South Korea",KOR,7303-tubes-pipes-and-hollow-profiles-of-cast,,,,
"Korea, Republic of (South Korea",KOR,730300-tubes-pipes-and-hollow-profiles-of-cast,2.154,,2.154,
"Korea, Republic of (South Korea",KOR,7304-tubes-pipes-and-hollow-profiles-seamless,,,,
"Korea, Republic of (South Korea",KOR,73041100-line-pipe-of-a-kind-used-for-oil-or-gas,4.084,,4.084,
"Korea, Republic of (South Korea",KOR,730419-line-pipe-of-a-kind-used-for-oil-or-gas,2.154,,2.154,C
"Korea, Republic of (South Korea",KOR,73042200-drill-pipe-seamless-of-stainless-steel-o,4.084,,4.084,
"Korea, Republic of (South Korea",KOR,73042300-drill-pipe-seamless-of-a-kind-used-in-dr,2.154,,2.154,C
"Korea, Republic of (South Korea",KOR,73042400-casing-and-tubing-seamless-of-a-kind-use,4.084,,4.084,
"Korea, Republic of (South Korea",KOR,730429-casing-and-tubing-seamless-of-iron-or-st,2.154,,2.154,C
"Korea, Republic of (South Korea",KOR,730431-tubes-pipes-and-hollow-profiles-seamless,2.154,,2.154,C
"Korea, Republic of (South Korea",KOR,730439-tubes-pipes-and-hollow-profiles-seamless,2.154,,2.154,C
"Korea, Republic of (South Korea",KOR,73044100-tubes-pipes-and-hollow-profiles-seamless,4.084,,4.084,
"Korea, Republic of (South Korea",KOR,730449-tubes-pipes-and-hollow-profiles-seamless,4.084,,4.084,
"Korea, Republic of (South Korea",KOR,730451-tubes-pipes-and-hollow-profiles-seamless,2.144,,2.144,F
"Korea, Republic of (South Korea",KOR,730459-tubes-pipes-and-hollow-profiles-seamless,2.144,,2.144,C/F
"Korea, Republic of (South Korea",KOR,73049000-tubes-pipes-and-hollow-profiles-seamless,2.154,,2.154,C
"Korea, Republic of (South Korea",KOR,7305-tubes-and-pipes-having-circular-cross-se,2.154,,2.154,C
"Korea, Republic of (South Korea",KOR,7306-tubes-pipes-and-hollow-profiles-e-g-open,,,,
"Korea, Republic of (South Korea",KOR,73061100-line-pipe-of-a-kind-used-for-oil-or-gas,4.114,,4.114,
"Korea, Republic of (South Korea",KOR,73061900-line-pipe-of-a-kind-used-for-oil-or-gas,2.164,,2.164,C
"Korea, Republic of (South Korea",KOR,73062100-casing-and-tubing-of-a-kind-used-in-dril,4.114,,4.114,
"Korea, Republic of (South Korea",KOR,73062900-casing-and-tubing-of-a-kind-used-in-dril,2.164,,2.164,C
"Korea, Republic of (South Korea",KOR,73063012-precision-tubes-welded-of-circular-cross,2.164,,2.164,C
"Korea, Republic of (South Korea",KOR,73063018-precision-tubes-welded-of-circular-cross,2.144,,2.144,C
"Korea, Republic of (South Korea",KOR,73063041-threaded-or-threadable-tubes-gas-pipe-we,2.164,,2.164,C
"Korea, Republic of (South Korea",KOR,73063049-threaded-or-threadable-tubes-gas-pipe-we,2.164,,2.164,C
"Korea, Republic of (South Korea",KOR,73063072-other-tubes-pipes-and-hollow-profiles-we,2.164,,2.164,C
"Korea, Republic of (South Korea",KOR,73063077-other-tubes-pipes-and-hollow-profiles-we,2.164,,2.164,C
"Korea, Republic of (South Korea",KOR,73063080-tubes-pipes-and-hollow-profiles-welded-h,2.164,,2.164,C
"Korea, Republic of (South Korea",KOR,73064020-tubes-pipes-and-hollow-profiles-welded-o,4.114,,4.114,
"Korea, Republic of (South Korea",KOR,73064080-tubes-pipes-and-hollow-profiles-welded-o,4.094,,4.094,
"Korea, Republic of (South Korea",KOR,73065021-precision-steel-tubes-welded-of-circular,2.184,,2.184,F
"Korea, Republic of (South Korea",KOR,73065029-precision-steel-tubes-welded-of-circular,2.164,,2.164,F
"Korea, Republic of (South Korea",KOR,73065080-tubes-pipes-and-hollow-profiles-welded-o,2.184,,2.184,F
"Korea, Republic of (South Korea",KOR,73066110-tubes-and-pipes-and-hollow-profiles-weld,4.114,,4.114,
"Korea, Republic of (South Korea",KOR,73066192-tubes-and-pipes-and-hollow-profiles-weld,2.164,,2.164,C
"Korea, Republic of (South Korea",KOR,73066199-tubes-and-pipes-and-hollow-profiles-weld,2.164,,2.164,C
"Korea, Republic of (South Korea",KOR,73066910-tubes-pipes-and-hollow-profiles-welded-o,4.114,,4.114,
"Korea, Republic of (South Korea",KOR,73066990-tubes-pipes-and-hollow-profiles-welded-o,2.164,,2.164,C
"Korea, Republic of (South Korea",KOR,73069000-tubes-pipes-and-hollow-profiles-e-g-open,2.164,,2.164,C
"Korea, Republic of (South Korea",KOR,7307-tube-or-pipe-fittings-e-g-couplings-elbo,,,,
"Korea, Republic of (South Korea",KOR,730711-tube-or-pipe-fittings-of-non-malleable-c,2.194,,2.194,
"Korea, Republic of (South Korea",KOR,73071910-tube-or-pipe-fittings-of-cast-iron-excl,2.194,,2.194,
"Korea, Republic of (South Korea",KOR,73071990-cast-tube-or-pipe-fittings-of-steel,2.274,,2.274,C
"Korea, Republic of (South Korea",KOR,73072100-flanges-of-stainless-steel-excl-cast-pro,3.774,,3.774,
"Korea, Republic of (South Korea",KOR,730722-threaded-elbows-bends-and-sleeves-of-sta,3.774,,3.774,
"Korea, Republic of (South Korea",KOR,730723-butt-welding-tube-or-pipe-fittings-of-st,3.774,,3.774,
"Korea, Republic of (South Korea",KOR,730729-tube-or-pipe-fittings-of-stainless-steel,3.774,,3.774,
"Korea, Republic of (South Korea",KOR,73079100-flanges-of-iron-or-steel-excl-cast-or-st,2.134,,2.134,C
"Korea, Republic of (South Korea",KOR,730792-threaded-elbows-bends-and-sleeves-of-sta,2.134,,2.134,C
"Korea, Republic of (South Korea",KOR,730793-butt-welding-fittings-of-iron-or-steel-e,2.134,,2.134,C
"Korea, Republic of (South Korea",KOR,730799-tube-or-pipe-fittings-of-iron-or-steel-e,2.134,,2.134,C
"Korea, Republic of (South Korea",KOR,7308-structures-and-parts-of-structures-e-g-b,3.864,,3.864,C
"Korea, Republic of (South Korea",KOR,7309-reservoirs-tanks-vats-and-similar-contai,4.124,,4.124,C
"Korea, Republic of (South Korea",KOR,7310-tanks-casks-drums-cans-boxes-and-similar,2.164,,2.164,C
"Korea, Republic of (South Korea",KOR,7311-containers-of-iron-or-steel-for-compress,,,,
"Korea, Republic of (South Korea",KOR,731100-containers-of-iron-or-steel-for-compress,4.104,,4.104,C
"Korea, Republic of (South Korea",KOR,7318-screws-bolts-nuts-coach-screws-screw-hoo,,,,
"Korea, Republic of (South Korea",KOR,73181100-coach-screws-of-iron-or-steel,2.124,,2.124,C
"Korea, Republic of (South Korea",KOR,73181210-wood-screws-of-stainless-steel-excl-coac,4.074,,4.074,
"Korea, Republic of (South Korea",KOR,73181290-wood-screws-of-iron-or-steel-other-than,2.124,,2.124,C
"Korea, Republic of (South Korea",KOR,73181300-screw-hooks-and-screw-rings-of-iron-or-s,2.124,,2.124,C
"Korea, Republic of (South Korea",KOR,73181410-self-tapping-screws-of-stainless-steel-e,4.074,,4.074,
"Korea, Republic of (South Korea",KOR,73181491-spaced-thread-screws-of-iron-or-steel-ot,2.124,,2.124,C
"Korea, Republic of (South Korea",KOR,73181499-self-tapping-screws-of-iron-or-steel-oth,2.124,,2.124,C
"Korea, Republic of (South Korea",KOR,731815-threaded-screws-and-bolts-of-iron-or-ste,3.474,,3.474,C
"Korea, Republic of (South Korea",KOR,731816-nuts-of-iron-or-steel,4.104,,4.104,C
"Korea, Republic of (South Korea",KOR,73181900-threaded-articles-of-iron-or-steel-n-e-s,2.124,,2.124,C
"Korea, Republic of (South Korea",KOR,73182100-spring-washers-and-other-lock-washers-of,2.124,,2.124,C
"Korea, Republic of (South Korea",KOR,73182200-washers-of-iron-or-steel-excl-spring-was,2.484,,2.484,C
"Korea, Republic of (South Korea",KOR,73182300-rivets-of-iron-or-steel-excl-tubular-and,2.344,,2.344,C
"Korea, Republic of (South Korea",KOR,73182400-cotters-and-cotter-pins-of-iron-or-steel,2.124,,2.124,C
"Korea, Republic of (South Korea",KOR,73182900-non-threaded-articles-of-iron-or-steel,2.124,,2.124,C
"Korea, Republic of (South Korea",KOR,7326-articles-of-iron-or-steel-n-e-s-excl-cas,,,,
"Korea, Republic of (South Korea",KOR,73261100-grinding-balls-and-similar-articles-for,2.274,,2.274,C
"Korea, Republic of (South Korea",KOR,732619-articles-of-iron-or-steel-forged-or-stam,2.274,,2.274,C
"Korea, Republic of (South Korea",KOR,73262000-articles-of-iron-or-steel-wire-n-e-s,2.124,,2.124,C
"Korea, Republic of (South Korea",KOR,73269030-ladders-and-steps-of-iron-or-steel,2.124,,2.124,C
"Korea, Republic of (South Korea",KOR,73269040-pallets-and-similar-platforms-for-handli,2.124,,2.124,C
"Korea, Republic of (South Korea",KOR,73269050-reels-for-cables-piping-and-the-like-of,2.124,,2.124,C
"Korea, Republic of (South Korea",KOR,73269060-ventilators-non-mechanical-guttering-hoo,2.124,,2.124,C
"Korea, Republic of (South Korea",KOR,73269092-articles-of-iron-or-steel-open-die-forge,2.274,,2.274,C
"Korea, Republic of (South Korea",KOR,73269094-articles-of-iron-or-steel-closed-die-for,2.274,,2.274,C
"Korea, Republic of (South Korea",KOR,73269096-sintered-articles-of-iron-or-steel-n-e-s,2.274,,2.274,C
"Korea, Republic of (South Korea",KOR,73269098-articles-of-iron-or-steel-n-e-s,2.144,,2.144,C
Kuwait,KWT,2507008080-calcined-clay,,,,
Kuwait,KWT,2523100010-white-clinker,,,,
Kuwait,KWT,2523100090-other-clinker-including-grey-clinker,0.83,0.04,0.87,A
Kuwait,KWT,25232100-white-portland-cement,,,,
Kuwait,KWT,25232900-grey-portland-cement,0.95,0.08,1.03,
Kuwait,KWT,25233000-aluminous-cement,,,,
Kuwait,KWT,2523900010-white-hydraulic-cement,,,,
Kuwait,KWT,2523900090-other-hydraulic-cements-including-grey-h,0.91,0.08,0.99,A
Kuwait,KWT,28080000-nitric-acid-sulphonitric-acids,2.45,0.07,2.51,
Kuwait,KWT,28141000-anhydrous-ammonia,1.96,0.14,2.1,
Kuwait,KWT,28142000-ammonia-in-aqueous-solution,0.59,0.04,0.63,
Kuwait,KWT,28342100-nitrate-of-potassium,1.98,0.08,2.07,
Kuwait,KWT,3102-mineral-or-chemical-fertilizers-nitrogen,,,,
Kuwait,KWT,31021012-urea-in-aqueous-solution-containing-45-n,0.45,0.04,0.49,
Kuwait,KWT,31021015-urea-in-aqueous-solution-containing-45-n,0.74,0.04,0.78,
Kuwait,KWT,31021019-urea-whether-or-not-in-aqueous-solution,1.35,0.11,1.46,
Kuwait,KWT,31021090-urea-whether-or-not-in-aqueous-solution,1.32,0.11,1.43,
Kuwait,KWT,31022100-ammonium-sulphate-excl-that-in-tablets-o,0.58,0.08,0.67,
Kuwait,KWT,31022900-double-salts-and-mixtures-of-ammonium-su,1.28,0.1,1.38,
Kuwait,KWT,31023010-ammonium-nitrate-in-aqueous-solution-exc,1.5,0.08,1.59,
Kuwait,KWT,31023090-ammonium-nitrate-excl-that-in-aqueous-so,2.31,0.13,2.44,
Kuwait,KWT,31024010-mixtures-of-ammonium-nitrate-with-calciu,1.99,0.12,2.1,
Kuwait,KWT,31024090-mixtures-of-ammonium-nitrate-with-calciu,1.99,0.12,2.1,
Kuwait,KWT,31025000-sodium-nitrate-excl-that-in-tablets-or-s,3.82,0.1,3.92,
Kuwait,KWT,31026000-double-salts-and-mixtures-of-calcium-nit,1.94,0.11,2.05,
Kuwait,KWT,31028000-mixtures-of-urea-and-ammonium-nitrate-in,1.46,0.09,1.56,
Kuwait,KWT,31029000-mineral-or-chemical-nitrogen-fertilisers,1.51,0.11,1.62,
Kuwait,KWT,3105-mineral-or-chemical-fertilisers-containi,,,,
Kuwait,KWT,31051000-mineral-or-chemical-fertilisers-of-anima,0.74,0.09,0.83,
Kuwait,KWT,31052010-mineral-or-chemical-fertilisers-containi,0.98,0.11,1.09,
Kuwait,KWT,31052090-mineral-or-chemical-fertilisers-containi,0.66,0.08,0.75,
Kuwait,KWT,31053000-diammonium-hydrogenorthophosphate-diammo,0.46,0.06,0.52,
Kuwait,KWT,31054000-ammonium-dihydrogenorthophosphate-monoam,0.3,0.05,0.35,
Kuwait,KWT,31055100-other-mineral-or-chemical-fertilisers-co,1.34,0.14,1.48,
Kuwait,KWT,31055900-other-mineral-or-chemical-fertilisers-co,0.54,0.11,0.65,
Kuwait,KWT,31059020-mineral-or-chemical-fertilisers-containi,1.31,0.09,1.39,
Kuwait,KWT,31059080-mineral-or-chemical-fertilisers-containi,0.67,0.06,0.73,
Kuwait,KWT,7601-unwrought-aluminium,0.36,,0.36,L
Kuwait,KWT,7603-aluminium-powders-and-flakes,0.63,,0.63,L
Kuwait,KWT,76041010-bars-and-rods,0.86,,0.86,L
Kuwait,KWT,76041090-profiles,0.87,,0.87,L
Kuwait,KWT,76042100-hollow-profiles,0.87,,0.87,L
Kuwait,KWT,76042910-bars-and-rods,0.86,,0.86,L
Kuwait,KWT,76042990-profiles,0.87,,0.87,L
Kuwait,KWT,7605-aluminium-wire,0.86,,0.86,L
Kuwait,KWT,7606-aluminium-plates-sheets-and-strip-of-a-t,1.32,,1.32,L
Kuwait,KWT,7607-aluminium-foil-whether-or-not-printed-or,1.32,,1.32,L
Kuwait,KWT,7608-aluminium-tubes-and-pipes,0.87,,0.87,L
Kuwait,KWT,76090000-aluminium-tube-or-pipe-fittings-for-exam,0.87,,0.87,L
Kuwait,KWT,76101000-doors-windows-and-their-frames-and-thres,0.87,,0.87,L
Kuwait,KWT,761090-other,0.87,,0.87,L
Kuwait,KWT,76109010-bridges-and-bridge-sections-towers-and-l,0.87,,0.87,L
Kuwait,KWT,76109090-other,0.87,,0.87,L
Kuwait,KWT,76110000-aluminium-reservoirs-tanks-vats-and-simi,1.32,,1.32,L
Kuwait,KWT,7612-aluminium-casks-drums-cans-boxes-and-sim,1.32,,1.32,L
Kuwait,KWT,76130000-aluminium-containers-for-compressed-or-l,1.32,,1.32,L
Kuwait,KWT,7614-stranded-wire-cables-plaited-bands-and-t,0.86,,0.86,L
Kuwait,KWT,76161000-nails-tacks-staples-other-than-those-of,1.32,,1.32,L
Kuwait,KWT,76169100-cloth-grill-netting-and-fencing-of-alumi,1.32,,1.32,L
Kuwait,KWT,76169910-cast,0.63,,0.63,L
Kuwait,KWT,76169990-other,1.32,,1.32,L
Kuwait,KWT,28041000-hydrogen,13.45,,13.45,
Kyrgyzstan,KGZ,2507008080-calcined-clay,,,,
Kyrgyzstan,KGZ,2523100010-white-clinker,,,,
Kyrgyzstan,KGZ,2523100090-other-clinker-including-grey-clinker,1.36,0.0,1.36,A
Kyrgyzstan,KGZ,25232100-white-portland-cement,,,,
Kyrgyzstan,KGZ,25232900-grey-portland-cement,1.36,0.01,1.36,
Kyrgyzstan,KGZ,25233000-aluminous-cement,,,,
Kyrgyzstan,KGZ,2523900010-white-hydraulic-cement,,,,
Kyrgyzstan,KGZ,2523900090-other-hydraulic-cements-including-grey-h,1.29,0.01,1.3,A
Kyrgyzstan,KGZ,28080000-nitric-acid-sulphonitric-acids,2.77,0.04,2.81,
Kyrgyzstan,KGZ,28141000-anhydrous-ammonia,,,,
Kyrgyzstan,KGZ,28142000-ammonia-in-aqueous-solution,0.65,0.04,0.69,
Kyrgyzstan,KGZ,28342100-nitrate-of-potassium,2.23,0.06,2.29,
Kyrgyzstan,KGZ,3102-mineral-or-chemical-fertilizers-nitrogen,,,,
Kyrgyzstan,KGZ,31021012-urea-in-aqueous-solution-containing-45-n,0.49,0.03,0.52,
Kyrgyzstan,KGZ,31021015-urea-in-aqueous-solution-containing-45-n,0.81,0.03,0.84,
Kyrgyzstan,KGZ,31021019-urea-whether-or-not-in-aqueous-solution,1.47,0.1,1.57,
Kyrgyzstan,KGZ,31021090-urea-whether-or-not-in-aqueous-solution,1.44,0.09,1.53,
Kyrgyzstan,KGZ,31022100-ammonium-sulphate-excl-that-in-tablets-o,0.64,0.06,0.7,
Kyrgyzstan,KGZ,31022900-double-salts-and-mixtures-of-ammonium-su,1.43,0.07,1.5,
Kyrgyzstan,KGZ,31023010-ammonium-nitrate-in-aqueous-solution-exc,1.69,0.06,1.75,
Kyrgyzstan,KGZ,31023090-ammonium-nitrate-excl-that-in-aqueous-so,2.6,0.09,2.69,
Kyrgyzstan,KGZ,31024010-mixtures-of-ammonium-nitrate-with-calciu,2.23,0.08,2.31,
Kyrgyzstan,KGZ,31024090-mixtures-of-ammonium-nitrate-with-calciu,2.23,0.08,2.31,
Kyrgyzstan,KGZ,31025000-sodium-nitrate-excl-that-in-tablets-or-s,4.33,0.06,4.39,
Kyrgyzstan,KGZ,31026000-double-salts-and-mixtures-of-calcium-nit,2.18,0.08,2.26,
Kyrgyzstan,KGZ,31028000-mixtures-of-urea-and-ammonium-nitrate-in,1.63,0.07,1.7,
Kyrgyzstan,KGZ,31029000-mineral-or-chemical-nitrogen-fertilisers,1.66,0.08,1.75,
Kyrgyzstan,KGZ,3105-mineral-or-chemical-fertilisers-containi,,,,
Kyrgyzstan,KGZ,31051000-mineral-or-chemical-fertilisers-of-anima,0.82,0.06,0.89,
Kyrgyzstan,KGZ,31052010-mineral-or-chemical-fertilisers-containi,1.09,0.07,1.16,
Kyrgyzstan,KGZ,31052090-mineral-or-chemical-fertilisers-containi,0.74,0.06,0.79,
Kyrgyzstan,KGZ,31053000-diammonium-hydrogenorthophosphate-diammo,0.51,0.05,0.56,
Kyrgyzstan,KGZ,31054000-ammonium-dihydrogenorthophosphate-monoam,0.32,0.04,0.36,
Kyrgyzstan,KGZ,31055100-other-mineral-or-chemical-fertilisers-co,1.5,0.09,1.59,
Kyrgyzstan,KGZ,31055900-other-mineral-or-chemical-fertilisers-co,0.59,0.09,0.68,
Kyrgyzstan,KGZ,31059020-mineral-or-chemical-fertilisers-containi,1.47,0.06,1.52,
Kyrgyzstan,KGZ,31059080-mineral-or-chemical-fertilisers-containi,0.75,0.04,0.79,
Kyrgyzstan,KGZ,28041000-hydrogen,10.82,,10.82,
Laos,LAO,28041000-hydrogen,10.82,,10.82,
Lebanon,LBN,2507008080-calcined-clay,,,,
Lebanon,LBN,2523100010-white-clinker,1.29,0.07,1.36,B
Lebanon,LBN,2523100090-other-clinker-including-grey-clinker,0.83,0.05,0.88,A
Lebanon,LBN,25232100-white-portland-cement,1.27,0.16,1.43,
Lebanon,LBN,25232900-grey-portland-cement,0.83,0.1,0.93,
Lebanon,LBN,25233000-aluminous-cement,,,,
Lebanon,LBN,2523900010-white-hydraulic-cement,1.31,0.21,1.52,B
Lebanon,LBN,2523900090-other-hydraulic-cements-including-grey-h,0.79,0.1,0.89,A
Lebanon,LBN,28080000-nitric-acid-sulphonitric-acids,2.58,0.06,2.64,
Lebanon,LBN,28141000-anhydrous-ammonia,,,,
Lebanon,LBN,28142000-ammonia-in-aqueous-solution,0.64,0.06,0.7,
Lebanon,LBN,28342100-nitrate-of-potassium,2.1,0.09,2.19,
Lebanon,LBN,3102-mineral-or-chemical-fertilizers-nitrogen,,,,
Lebanon,LBN,31021012-urea-in-aqueous-solution-containing-45-n,0.48,0.05,0.53,
Lebanon,LBN,31021015-urea-in-aqueous-solution-containing-45-n,0.8,0.05,0.85,
Lebanon,LBN,31021019-urea-whether-or-not-in-aqueous-solution,1.45,0.14,1.6,
Lebanon,LBN,31021090-urea-whether-or-not-in-aqueous-solution,1.42,0.14,1.56,
Lebanon,LBN,31022100-ammonium-sulphate-excl-that-in-tablets-o,0.63,0.11,0.74,
Lebanon,LBN,31022900-double-salts-and-mixtures-of-ammonium-su,1.36,0.12,1.48,
Lebanon,LBN,31023010-ammonium-nitrate-in-aqueous-solution-exc,1.59,0.09,1.69,
Lebanon,LBN,31023090-ammonium-nitrate-excl-that-in-aqueous-so,2.45,0.14,2.59,
Lebanon,LBN,31024010-mixtures-of-ammonium-nitrate-with-calciu,2.1,0.13,2.23,
Lebanon,LBN,31024090-mixtures-of-ammonium-nitrate-with-calciu,2.1,0.13,2.23,
Lebanon,LBN,31025000-sodium-nitrate-excl-that-in-tablets-or-s,4.03,0.09,4.12,
Lebanon,LBN,31026000-double-salts-and-mixtures-of-calcium-nit,2.06,0.12,2.18,
Lebanon,LBN,31028000-mixtures-of-urea-and-ammonium-nitrate-in,1.56,0.11,1.67,
Lebanon,LBN,31029000-mineral-or-chemical-nitrogen-fertilisers,1.61,0.13,1.74,
Lebanon,LBN,3105-mineral-or-chemical-fertilisers-containi,,,,
Lebanon,LBN,31051000-mineral-or-chemical-fertilisers-of-anima,0.79,0.11,0.9,
Lebanon,LBN,31052010-mineral-or-chemical-fertilisers-containi,1.03,0.13,1.16,
Lebanon,LBN,31052090-mineral-or-chemical-fertilisers-containi,0.7,0.1,0.8,
Lebanon,LBN,31053000-diammonium-hydrogenorthophosphate-diammo,0.5,0.08,0.58,
Lebanon,LBN,31054000-ammonium-dihydrogenorthophosphate-monoam,0.32,0.06,0.38,
Lebanon,LBN,31055100-other-mineral-or-chemical-fertilisers-co,1.42,0.16,1.58,
Lebanon,LBN,31055900-other-mineral-or-chemical-fertilisers-co,0.58,0.13,0.71,
Lebanon,LBN,31059020-mineral-or-chemical-fertilisers-containi,1.39,0.1,1.48,
Lebanon,LBN,31059080-mineral-or-chemical-fertilisers-containi,0.71,0.07,0.78,
Liberia,LBR,28041000-hydrogen,10.82,,10.82,
Libya,LBY,2507008080-calcined-clay,,,,
Libya,LBY,2523100010-white-clinker,,,,
Libya,LBY,2523100090-other-clinker-including-grey-clinker,0.83,0.04,0.87,A
Libya,LBY,25232100-white-portland-cement,,,,
Libya,LBY,25232900-grey-portland-cement,0.83,0.09,0.91,
Libya,LBY,25233000-aluminous-cement,,,,
Libya,LBY,2523900010-white-hydraulic-cement,,,,
Libya,LBY,2523900090-other-hydraulic-cements-including-grey-h,0.79,0.09,0.88,A
Libya,LBY,28080000-nitric-acid-sulphonitric-acids,1.68,0.05,1.73,
Libya,LBY,28141000-anhydrous-ammonia,2.01,0.16,2.17,
Libya,LBY,28142000-ammonia-in-aqueous-solution,0.6,0.05,0.65,
Libya,LBY,28342100-nitrate-of-potassium,1.49,0.08,1.56,
Libya,LBY,3102-mineral-or-chemical-fertilizers-nitrogen,,,,
Libya,LBY,31021012-urea-in-aqueous-solution-containing-45-n,0.46,0.04,0.5,
Libya,LBY,31021015-urea-in-aqueous-solution-containing-45-n,0.76,0.04,0.8,
Libya,LBY,31021019-urea-whether-or-not-in-aqueous-solution,1.38,0.12,1.5,
Libya,LBY,31021090-urea-whether-or-not-in-aqueous-solution,1.35,0.12,1.47,
Libya,LBY,31022100-ammonium-sulphate-excl-that-in-tablets-o,0.6,0.09,0.69,
Libya,LBY,31022900-double-salts-and-mixtures-of-ammonium-su,1.06,0.1,1.16,
Libya,LBY,31023010-ammonium-nitrate-in-aqueous-solution-exc,1.13,0.08,1.21,
Libya,LBY,31023090-ammonium-nitrate-excl-that-in-aqueous-so,1.74,0.12,1.86,
Libya,LBY,31024010-mixtures-of-ammonium-nitrate-with-calciu,1.51,0.11,1.62,
Libya,LBY,31024090-mixtures-of-ammonium-nitrate-with-calciu,1.51,0.11,1.62,
Libya,LBY,31025000-sodium-nitrate-excl-that-in-tablets-or-s,2.62,0.08,2.7,
Libya,LBY,31026000-double-salts-and-mixtures-of-calcium-nit,1.46,0.11,1.57,
Libya,LBY,31028000-mixtures-of-urea-and-ammonium-nitrate-in,1.21,0.1,1.31,
Libya,LBY,31029000-mineral-or-chemical-nitrogen-fertilisers,1.34,0.12,1.45,
Libya,LBY,3105-mineral-or-chemical-fertilisers-containi,,,,
Libya,LBY,31051000-mineral-or-chemical-fertilisers-of-anima,0.63,0.1,0.72,
Libya,LBY,31052010-mineral-or-chemical-fertilisers-containi,0.76,0.12,0.88,
Libya,LBY,31052090-mineral-or-chemical-fertilisers-containi,0.52,0.09,0.61,
Libya,LBY,31053000-diammonium-hydrogenorthophosphate-diammo,0.47,0.07,0.54,
Libya,LBY,31054000-ammonium-dihydrogenorthophosphate-monoam,0.3,0.06,0.36,
Libya,LBY,31055100-other-mineral-or-chemical-fertilisers-co,1.04,0.14,1.18,
Libya,LBY,31055900-other-mineral-or-chemical-fertilisers-co,0.55,0.11,0.66,
Libya,LBY,31059020-mineral-or-chemical-fertilisers-containi,1.0,0.09,1.09,
Libya,LBY,31059080-mineral-or-chemical-fertilisers-containi,0.52,0.06,0.58,
Libya,LBY,28041000-hydrogen,10.82,,10.82,
Madagascar,MDG,2507008080-calcined-clay,,,,
Madagascar,MDG,2523100010-white-clinker,,,,
Madagascar,MDG,2523100090-other-clinker-including-grey-clinker,1.24,0.05,1.29,A
Madagascar,MDG,25232100-white-portland-cement,,,,
Madagascar,MDG,25232900-grey-portland-cement,1.24,0.08,1.33,
Madagascar,MDG,25233000-aluminous-cement,,,,
Madagascar,MDG,2523900010-white-hydraulic-cement,,,,
Madagascar,MDG,2523900090-other-hydraulic-cements-including-grey-h,1.18,0.08,1.27,A
Madagascar,MDG,28080000-nitric-acid-sulphonitric-acids,1.8,0.06,1.86,
Madagascar,MDG,28141000-anhydrous-ammonia,,,,
Madagascar,MDG,28142000-ammonia-in-aqueous-solution,0.71,0.05,0.76,
Madagascar,MDG,28342100-nitrate-of-potassium,1.6,0.06,1.67,
Madagascar,MDG,3102-mineral-or-chemical-fertilizers-nitrogen,,,,
Madagascar,MDG,31021012-urea-in-aqueous-solution-containing-45-n,0.45,0.03,0.48,
Madagascar,MDG,31021015-urea-in-aqueous-solution-containing-45-n,0.74,0.03,0.77,
Madagascar,MDG,31021019-urea-whether-or-not-in-aqueous-solution,1.35,0.09,1.44,
Madagascar,MDG,31021090-urea-whether-or-not-in-aqueous-solution,1.32,0.09,1.41,
Madagascar,MDG,31022100-ammonium-sulphate-excl-that-in-tablets-o,0.61,0.04,0.65,
Madagascar,MDG,31022900-double-salts-and-mixtures-of-ammonium-su,1.11,0.06,1.16,
Madagascar,MDG,31023010-ammonium-nitrate-in-aqueous-solution-exc,1.2,0.05,1.25,
Madagascar,MDG,31023090-ammonium-nitrate-excl-that-in-aqueous-so,1.84,0.08,1.92,
Madagascar,MDG,31024010-mixtures-of-ammonium-nitrate-with-calciu,1.54,0.06,1.6,
Madagascar,MDG,31024090-mixtures-of-ammonium-nitrate-with-calciu,1.54,0.06,1.6,
Madagascar,MDG,31025000-sodium-nitrate-excl-that-in-tablets-or-s,2.81,0.09,2.9,
Madagascar,MDG,31026000-double-salts-and-mixtures-of-calcium-nit,1.54,0.06,1.6,
Madagascar,MDG,31028000-mixtures-of-urea-and-ammonium-nitrate-in,1.26,0.06,1.33,
Madagascar,MDG,31029000-mineral-or-chemical-nitrogen-fertilisers,1.35,0.08,1.42,
Madagascar,MDG,3105-mineral-or-chemical-fertilisers-containi,,,,
Madagascar,MDG,31051000-mineral-or-chemical-fertilisers-of-anima,0.64,0.03,0.68,
Madagascar,MDG,31052010-mineral-or-chemical-fertilisers-containi,0.76,0.03,0.8,
Madagascar,MDG,31052090-mineral-or-chemical-fertilisers-containi,0.51,0.02,0.53,
Madagascar,MDG,31053000-diammonium-hydrogenorthophosphate-diammo,0.52,0.04,0.56,
Madagascar,MDG,31054000-ammonium-dihydrogenorthophosphate-monoam,0.32,0.02,0.34,
Madagascar,MDG,31055100-other-mineral-or-chemical-fertilisers-co,1.05,0.04,1.09,
Madagascar,MDG,31055900-other-mineral-or-chemical-fertilisers-co,0.54,0.04,0.58,
Madagascar,MDG,31059020-mineral-or-chemical-fertilisers-containi,1.05,0.04,1.09,
Madagascar,MDG,31059080-mineral-or-chemical-fertilisers-containi,0.52,0.02,0.55,
Madagascar,MDG,28041000-hydrogen,10.82,,10.82,
Malaysia,MYS,2507008080-calcined-clay,,,,
Malaysia,MYS,2523100010-white-clinker,1.29,0.06,1.34,B
Malaysia,MYS,2523100090-other-clinker-including-grey-clinker,0.87,0.04,0.91,A
Malaysia,MYS,25232100-white-portland-cement,1.26,0.14,1.4,
Malaysia,MYS,25232900-grey-portland-cement,0.87,0.07,0.95,
Malaysia,MYS,25233000-aluminous-cement,,,,
Malaysia,MYS,2523900010-white-hydraulic-cement,1.29,0.18,1.47,B
Malaysia,MYS,2523900090-other-hydraulic-cements-including-grey-h,0.83,0.08,0.91,A
Malaysia,MYS,28080000-nitric-acid-sulphonitric-acids,2.15,0.06,2.21,
Malaysia,MYS,28141000-anhydrous-ammonia,2.05,0.17,2.22,
Malaysia,MYS,28142000-ammonia-in-aqueous-solution,0.62,0.05,0.66,
Malaysia,MYS,28342100-nitrate-of-potassium,1.81,0.08,1.89,
Malaysia,MYS,3102-mineral-or-chemical-fertilizers-nitrogen,,,,
Malaysia,MYS,31021012-urea-in-aqueous-solution-containing-45-n,0.47,0.04,0.51,
Malaysia,MYS,31021015-urea-in-aqueous-solution-containing-45-n,0.77,0.04,0.82,
Malaysia,MYS,31021019-urea-whether-or-not-in-aqueous-solution,1.41,0.13,1.54,
Malaysia,MYS,31021090-urea-whether-or-not-in-aqueous-solution,1.38,0.13,1.5,
Malaysia,MYS,31022100-ammonium-sulphate-excl-that-in-tablets-o,0.61,0.1,0.7,
Malaysia,MYS,31022900-double-salts-and-mixtures-of-ammonium-su,1.21,0.11,1.33,
Malaysia,MYS,31023010-ammonium-nitrate-in-aqueous-solution-exc,1.37,0.09,1.46,
Malaysia,MYS,31023090-ammonium-nitrate-excl-that-in-aqueous-so,2.11,0.13,2.24,
Malaysia,MYS,31024010-mixtures-of-ammonium-nitrate-with-calciu,1.82,0.12,1.94,
Malaysia,MYS,31024090-mixtures-of-ammonium-nitrate-with-calciu,1.82,0.12,1.94,
Malaysia,MYS,31025000-sodium-nitrate-excl-that-in-tablets-or-s,3.36,0.09,3.45,
Malaysia,MYS,31026000-double-salts-and-mixtures-of-calcium-nit,1.77,0.12,1.89,
Malaysia,MYS,31028000-mixtures-of-urea-and-ammonium-nitrate-in,1.39,0.1,1.49,
Malaysia,MYS,31029000-mineral-or-chemical-nitrogen-fertilisers,1.47,0.12,1.59,
Malaysia,MYS,3105-mineral-or-chemical-fertilisers-containi,,,,
Malaysia,MYS,31051000-mineral-or-chemical-fertilisers-of-anima,0.71,0.1,0.81,
Malaysia,MYS,31052010-mineral-or-chemical-fertilisers-containi,0.9,0.12,1.02,
Malaysia,MYS,31052090-mineral-or-chemical-fertilisers-containi,0.61,0.09,0.71,
Malaysia,MYS,31053000-diammonium-hydrogenorthophosphate-diammo,0.48,0.07,0.56,
Malaysia,MYS,31054000-ammonium-dihydrogenorthophosphate-monoam,0.31,0.06,0.37,
Malaysia,MYS,31055100-other-mineral-or-chemical-fertilisers-co,1.24,0.15,1.39,
Malaysia,MYS,31055900-other-mineral-or-chemical-fertilisers-co,0.56,0.12,0.68,
Malaysia,MYS,31059020-mineral-or-chemical-fertilisers-containi,1.2,0.09,1.29,
Malaysia,MYS,31059080-mineral-or-chemical-fertilisers-containi,0.62,0.06,0.68,
Malaysia,MYS,7601-unwrought-aluminium,1.7,,1.7,K
Malaysia,MYS,7603-aluminium-powders-and-flakes,2.409,,2.409,K
Malaysia,MYS,76041010-bars-and-rods,2.694,,2.694,K
Malaysia,MYS,76041090-profiles,2.72,,2.72,K
Malaysia,MYS,76042100-hollow-profiles,2.72,,2.72,K
Malaysia,MYS,76042910-bars-and-rods,2.694,,2.694,K
Malaysia,MYS,76042990-profiles,2.72,,2.72,K
Malaysia,MYS,7605-aluminium-wire,2.694,,2.694,K
Malaysia,MYS,7606-aluminium-plates-sheets-and-strip-of-a-t,3.289,,3.289,K
Malaysia,MYS,7607-aluminium-foil-whether-or-not-printed-or,3.289,,3.289,K
Malaysia,MYS,7608-aluminium-tubes-and-pipes,2.72,,2.72,K
Malaysia,MYS,76090000-aluminium-tube-or-pipe-fittings-for-exam,2.72,,2.72,K
Malaysia,MYS,76101000-doors-windows-and-their-frames-and-thres,2.72,,2.72,K
Malaysia,MYS,761090-other,2.72,,2.72,K
Malaysia,MYS,76109010-bridges-and-bridge-sections-towers-and-l,2.72,,2.72,K
Malaysia,MYS,76109090-other,2.72,,2.72,K
Malaysia,MYS,76110000-aluminium-reservoirs-tanks-vats-and-simi,3.289,,3.289,K
Malaysia,MYS,7612-aluminium-casks-drums-cans-boxes-and-sim,3.289,,3.289,K
Malaysia,MYS,76130000-aluminium-containers-for-compressed-or-l,3.289,,3.289,K
Malaysia,MYS,7614-stranded-wire-cables-plaited-bands-and-t,2.694,,2.694,K
Malaysia,MYS,76161000-nails-tacks-staples-other-than-those-of,3.289,,3.289,K
Malaysia,MYS,76169100-cloth-grill-netting-and-fencing-of-alumi,3.289,,3.289,K
Malaysia,MYS,76169910-cast,2.409,,2.409,K
Malaysia,MYS,76169990-other,3.289,,3.289,K
Malaysia,MYS,28041000-hydrogen,10.82,,10.82,
Malaysia,MYS,720211-ferro-manganese-containing-by-weight-2-o,1.69,,1.69,
Malaysia,MYS,720219-ferro-manganese-containing-by-weight-2-c,,,,
Malaysia,MYS,720241-ferro-chromium-containing-by-weight-4-of,2.35,,2.35,
Malaysia,MYS,720249-ferro-chromium-containing-by-weight-4-of,,,,
Malaysia,MYS,72026000-ferro-nickel,3.48,,3.48,
Mali,MLI,2507008080-calcined-clay,,,,
Mali,MLI,2523100010-white-clinker,,,,
Mali,MLI,2523100090-other-clinker-including-grey-clinker,0.85,0.05,0.9,A
Mali,MLI,25232100-white-portland-cement,,,,
Mali,MLI,25232900-grey-portland-cement,0.91,0.08,0.98,
Mali,MLI,25233000-aluminous-cement,,,,
Mali,MLI,2523900010-white-hydraulic-cement,,,,
Mali,MLI,2523900090-other-hydraulic-cements-including-grey-h,0.86,0.08,0.94,A
Mali,MLI,28080000-nitric-acid-sulphonitric-acids,1.74,0.05,1.79,
Mali,MLI,28141000-anhydrous-ammonia,,,,
Mali,MLI,28142000-ammonia-in-aqueous-solution,0.66,0.05,0.71,
Mali,MLI,28342100-nitrate-of-potassium,1.53,0.06,1.59,
Mali,MLI,3102-mineral-or-chemical-fertilizers-nitrogen,,,,
Mali,MLI,31021012-urea-in-aqueous-solution-containing-45-n,0.5,0.04,0.54,
Mali,MLI,31021015-urea-in-aqueous-solution-containing-45-n,0.82,0.04,0.86,
Mali,MLI,31021019-urea-whether-or-not-in-aqueous-solution,1.49,0.12,1.61,
Mali,MLI,31021090-urea-whether-or-not-in-aqueous-solution,1.46,0.12,1.58,
Mali,MLI,31022100-ammonium-sulphate-excl-that-in-tablets-o,0.57,0.04,0.61,
Mali,MLI,31022900-double-salts-and-mixtures-of-ammonium-su,1.05,0.05,1.1,
Mali,MLI,31023010-ammonium-nitrate-in-aqueous-solution-exc,1.14,0.04,1.19,
Mali,MLI,31023090-ammonium-nitrate-excl-that-in-aqueous-so,1.76,0.07,1.83,
Mali,MLI,31024010-mixtures-of-ammonium-nitrate-with-calciu,1.47,0.06,1.53,
Mali,MLI,31024090-mixtures-of-ammonium-nitrate-with-calciu,1.47,0.06,1.53,
Mali,MLI,31025000-sodium-nitrate-excl-that-in-tablets-or-s,2.72,0.08,2.79,
Mali,MLI,31026000-double-salts-and-mixtures-of-calcium-nit,1.47,0.06,1.53,
Mali,MLI,31028000-mixtures-of-urea-and-ammonium-nitrate-in,1.27,0.07,1.35,
Mali,MLI,31029000-mineral-or-chemical-nitrogen-fertilisers,1.39,0.09,1.48,
Mali,MLI,3105-mineral-or-chemical-fertilisers-containi,,,,
Mali,MLI,31051000-mineral-or-chemical-fertilisers-of-anima,0.61,0.03,0.64,
Mali,MLI,31052010-mineral-or-chemical-fertilisers-containi,0.73,0.03,0.76,
Mali,MLI,31052090-mineral-or-chemical-fertilisers-containi,0.48,0.02,0.5,
Mali,MLI,31053000-diammonium-hydrogenorthophosphate-diammo,0.48,0.03,0.52,
Mali,MLI,31054000-ammonium-dihydrogenorthophosphate-monoam,0.29,0.02,0.32,
Mali,MLI,31055100-other-mineral-or-chemical-fertilisers-co,1.0,0.04,1.04,
Mali,MLI,31055900-other-mineral-or-chemical-fertilisers-co,0.5,0.04,0.54,
Mali,MLI,31059020-mineral-or-chemical-fertilisers-containi,1.0,0.04,1.04,
Mali,MLI,31059080-mineral-or-chemical-fertilisers-containi,0.5,0.02,0.52,
Mali,MLI,28041000-hydrogen,0.0,,0.0,
Mauritania,MRT,2507008080-calcined-clay,,,,
Mauritania,MRT,2523100010-white-clinker,,,,
Mauritania,MRT,2523100090-other-clinker-including-grey-clinker,,,,
Mauritania,MRT,25232100-white-portland-cement,,,,
Mauritania,MRT,25232900-grey-portland-cement,1.1,0.09,1.19,
Mauritania,MRT,25233000-aluminous-cement,,,,
Mauritania,MRT,2523900010-white-hydraulic-cement,,,,
Mauritania,MRT,2523900090-other-hydraulic-cements-including-grey-h,1.05,0.09,1.14,A
Mauritius,MUS,28080000-nitric-acid-sulphonitric-acids,1.69,0.05,1.74,
Mauritius,MUS,28141000-anhydrous-ammonia,,,,
Mauritius,MUS,28142000-ammonia-in-aqueous-solution,0.64,0.05,0.69,
Mauritius,MUS,28342100-nitrate-of-potassium,1.52,0.08,1.59,
Mauritius,MUS,3102-mineral-or-chemical-fertilizers-nitrogen,,,,
Mauritius,MUS,31021012-urea-in-aqueous-solution-containing-45-n,0.48,0.04,0.52,
Mauritius,MUS,31021015-urea-in-aqueous-solution-containing-45-n,0.79,0.04,0.83,
Mauritius,MUS,31021019-urea-whether-or-not-in-aqueous-solution,1.44,0.12,1.56,
Mauritius,MUS,31021090-urea-whether-or-not-in-aqueous-solution,1.41,0.12,1.52,
Mauritius,MUS,31022100-ammonium-sulphate-excl-that-in-tablets-o,0.63,0.09,0.72,
Mauritius,MUS,31022900-double-salts-and-mixtures-of-ammonium-su,1.09,0.1,1.19,
Mauritius,MUS,31023010-ammonium-nitrate-in-aqueous-solution-exc,1.16,0.08,1.23,
Mauritius,MUS,31023090-ammonium-nitrate-excl-that-in-aqueous-so,1.78,0.12,1.9,
Mauritius,MUS,31024010-mixtures-of-ammonium-nitrate-with-calciu,1.53,0.11,1.64,
Mauritius,MUS,31024090-mixtures-of-ammonium-nitrate-with-calciu,1.53,0.11,1.64,
Mauritius,MUS,31025000-sodium-nitrate-excl-that-in-tablets-or-s,2.64,0.08,2.72,
Mauritius,MUS,31026000-double-salts-and-mixtures-of-calcium-nit,1.49,0.1,1.6,
Mauritius,MUS,31028000-mixtures-of-urea-and-ammonium-nitrate-in,1.25,0.1,1.34,
Mauritius,MUS,31029000-mineral-or-chemical-nitrogen-fertilisers,1.38,0.11,1.49,
Mauritius,MUS,3105-mineral-or-chemical-fertilisers-containi,,,,
Mauritius,MUS,31051000-mineral-or-chemical-fertilisers-of-anima,0.65,0.09,0.74,
Mauritius,MUS,31052010-mineral-or-chemical-fertilisers-containi,0.78,0.11,0.89,
Mauritius,MUS,31052090-mineral-or-chemical-fertilisers-containi,0.53,0.08,0.61,
Mauritius,MUS,31053000-diammonium-hydrogenorthophosphate-diammo,0.5,0.07,0.57,
Mauritius,MUS,31054000-ammonium-dihydrogenorthophosphate-monoam,0.32,0.05,0.38,
Mauritius,MUS,31055100-other-mineral-or-chemical-fertilisers-co,1.06,0.14,1.19,
Mauritius,MUS,31055900-other-mineral-or-chemical-fertilisers-co,0.58,0.11,0.69,
Mauritius,MUS,31059020-mineral-or-chemical-fertilisers-containi,1.02,0.08,1.11,
Mauritius,MUS,31059080-mineral-or-chemical-fertilisers-containi,0.53,0.06,0.59,
Mexico,MEX,28080000-nitric-acid-sulphonitric-acids,1.88,0.04,1.92,
Mexico,MEX,28141000-anhydrous-ammonia,2.26,0.13,2.4,
Mexico,MEX,28142000-ammonia-in-aqueous-solution,0.68,0.04,0.72,
Mexico,MEX,28342100-nitrate-of-potassium,1.66,0.06,1.73,
Mexico,MEX,3102-mineral-or-chemical-fertilizers-nitrogen,,,,
Mexico,MEX,31021012-urea-in-aqueous-solution-containing-45-n,0.51,0.03,0.54,
Mexico,MEX,31021015-urea-in-aqueous-solution-containing-45-n,0.84,0.03,0.87,
Mexico,MEX,31021019-urea-whether-or-not-in-aqueous-solution,1.53,0.1,1.63,
Mexico,MEX,31021090-urea-whether-or-not-in-aqueous-solution,1.5,0.1,1.59,
Mexico,MEX,31022100-ammonium-sulphate-excl-that-in-tablets-o,0.66,0.07,0.73,
Mexico,MEX,31022900-double-salts-and-mixtures-of-ammonium-su,1.18,0.08,1.26,
Mexico,MEX,31023010-ammonium-nitrate-in-aqueous-solution-exc,1.27,0.06,1.33,
Mexico,MEX,31023090-ammonium-nitrate-excl-that-in-aqueous-so,1.95,0.1,2.04,
Mexico,MEX,31024010-mixtures-of-ammonium-nitrate-with-calciu,1.68,0.09,1.77,
Mexico,MEX,31024090-mixtures-of-ammonium-nitrate-with-calciu,1.68,0.09,1.77,
Mexico,MEX,31025000-sodium-nitrate-excl-that-in-tablets-or-s,2.93,0.06,3.0,
Mexico,MEX,31026000-double-salts-and-mixtures-of-calcium-nit,1.63,0.08,1.72,
Mexico,MEX,31028000-mixtures-of-urea-and-ammonium-nitrate-in,1.35,0.08,1.43,
Mexico,MEX,31029000-mineral-or-chemical-nitrogen-fertilisers,1.49,0.09,1.58,
Mexico,MEX,3105-mineral-or-chemical-fertilisers-containi,,,,
Mexico,MEX,31051000-mineral-or-chemical-fertilisers-of-anima,0.7,0.07,0.77,
Mexico,MEX,31052010-mineral-or-chemical-fertilisers-containi,0.85,0.09,0.93,
Mexico,MEX,31052090-mineral-or-chemical-fertilisers-containi,0.58,0.07,0.64,
Mexico,MEX,31053000-diammonium-hydrogenorthophosphate-diammo,0.53,0.05,0.58,
Mexico,MEX,31054000-ammonium-dihydrogenorthophosphate-monoam,0.34,0.04,0.38,
Mexico,MEX,31055100-other-mineral-or-chemical-fertilisers-co,1.15,0.11,1.26,
Mexico,MEX,31055900-other-mineral-or-chemical-fertilisers-co,0.61,0.1,0.71,
Mexico,MEX,31059020-mineral-or-chemical-fertilisers-containi,1.12,0.07,1.18,
Mexico,MEX,31059080-mineral-or-chemical-fertilisers-containi,0.58,0.05,0.62,
Mexico,MEX,7601-unwrought-aluminium,0.36,,0.36,L
Mexico,MEX,7603-aluminium-powders-and-flakes,1.18,,1.18,L
Mexico,MEX,76041010-bars-and-rods,1.41,,1.41,L
Mexico,MEX,76041090-profiles,1.42,,1.42,L
Mexico,MEX,76042100-hollow-profiles,1.42,,1.42,L
Mexico,MEX,76042910-bars-and-rods,1.41,,1.41,L
Mexico,MEX,76042990-profiles,1.42,,1.42,L
Mexico,MEX,7605-aluminium-wire,1.41,,1.41,L
Mexico,MEX,7606-aluminium-plates-sheets-and-strip-of-a-t,1.86,,1.86,L
Mexico,MEX,7607-aluminium-foil-whether-or-not-printed-or,1.86,,1.86,L
Mexico,MEX,7608-aluminium-tubes-and-pipes,1.42,,1.42,L
Mexico,MEX,76090000-aluminium-tube-or-pipe-fittings-for-exam,1.42,,1.42,L
Mexico,MEX,76101000-doors-windows-and-their-frames-and-thres,1.42,,1.42,L
Mexico,MEX,761090-other,1.42,,1.42,L
Mexico,MEX,76109010-bridges-and-bridge-sections-towers-and-l,1.42,,1.42,L
Mexico,MEX,76109090-other,1.42,,1.42,L
Mexico,MEX,76110000-aluminium-reservoirs-tanks-vats-and-simi,1.86,,1.86,L
Mexico,MEX,7612-aluminium-casks-drums-cans-boxes-and-sim,1.86,,1.86,L
Mexico,MEX,76130000-aluminium-containers-for-compressed-or-l,1.86,,1.86,L
Mexico,MEX,7614-stranded-wire-cables-plaited-bands-and-t,1.41,,1.41,L
Mexico,MEX,76161000-nails-tacks-staples-other-than-those-of,1.86,,1.86,L
Mexico,MEX,76169100-cloth-grill-netting-and-fencing-of-alumi,1.86,,1.86,L
Mexico,MEX,76169910-cast,1.18,,1.18,L
Mexico,MEX,76169990-other,1.86,,1.86,L
Mexico,MEX,28041000-hydrogen,10.82,,10.82,
Mexico,MEX,26011200-agglomerated-iron-ores-and-concentrates,0.12,0.01,0.13,
Mexico,MEX,7201-pig-iron-and-spiegeleisen-in-pigs-blocks,2.58,,2.58,
Mexico,MEX,720211-ferro-manganese-containing-by-weight-2-o,1.69,,1.69,
Mexico,MEX,720219-ferro-manganese-containing-by-weight-2-c,,,,
Mexico,MEX,720241-ferro-chromium-containing-by-weight-4-of,,,,
Mexico,MEX,720249-ferro-chromium-containing-by-weight-4-of,,,,
Mexico,MEX,72026000-ferro-nickel,,,,
Mexico,MEX,7203-ferrous-products-obtained-by-direct-redu,0.58,,0.58,
Mexico,MEX,7205-granules-and-powders-of-pig-iron-spiegel,2.57,,2.57,C/F
Mexico,MEX,7206-iron-and-non-alloy-steel-in-ingots-or-ot,,,,
Mexico,MEX,72061000-ingots-of-iron-and-non-alloy-steel-excl,2.67,,2.67,C
Mexico,MEX,72069000-iron-and-non-alloy-steel-in-puddled-bars,2.67,,2.67,C
Mexico,MEX,7207-semi-finished-products-of-iron-or-non-al,,,,
Mexico,MEX,72071111-semi-finished-products-of-non-alloy-free,2.74,,2.74,C
Mexico,MEX,72071114-semi-finished-products-of-iron-or-non-al,2.74,,2.74,C
Mexico,MEX,72071116-semi-finished-products-of-iron-or-non-al,2.74,,2.74,C
Mexico,MEX,72071190-semi-finished-products-of-iron-or-non-al,2.67,,2.67,C
Mexico,MEX,72071210-semi-finished-products-of-iron-or-non-al,2.74,,2.74,C
Mexico,MEX,72071290-semi-finished-products-of-iron-or-non-al,2.67,,2.67,C
Mexico,MEX,72071912-semi-finished-products-of-iron-or-non-al,2.74,,2.74,C
Mexico,MEX,72071919-semi-finished-products-of-iron-or-non-al,2.67,,2.67,C
Mexico,MEX,72071980-semi-finished-products-of-iron-or-non-al,2.74,,2.74,C
Mexico,MEX,72072011-semi-finished-products-of-non-alloy-free,2.74,,2.74,C
Mexico,MEX,72072015-semi-finished-products-of-iron-or-non-al,2.74,,2.74,C
Mexico,MEX,72072017-semi-finished-products-of-iron-or-non-al,2.74,,2.74,C
Mexico,MEX,72072019-semi-finished-products-of-iron-or-non-al,2.67,,2.67,C
Mexico,MEX,72072032-semi-finished-products-of-iron-or-non-al,2.74,,2.74,C
Mexico,MEX,72072039-semi-finished-products-of-iron-or-non-al,2.67,,2.67,C
Mexico,MEX,72072052-semi-finished-products-of-iron-or-non-al,2.74,,2.74,C
Mexico,MEX,72072059-semi-finished-products-of-iron-or-non-al,2.67,,2.67,C
Mexico,MEX,72072080-semi-finished-products-of-iron-or-non-al,2.74,,2.74,C
Mexico,MEX,7208-flat-rolled-products-of-iron-or-non-allo,2.75,,2.75,C
Mexico,MEX,7209-flat-rolled-products-of-iron-or-non-allo,2.81,,2.81,C
Mexico,MEX,7210-flat-rolled-products-of-iron-or-non-allo,2.81,,2.81,C
Mexico,MEX,7211-flat-rolled-products-of-iron-or-non-allo,,,,
Mexico,MEX,72111300-flat-rolled-products-of-iron-or-non-allo,2.75,,2.75,C
Mexico,MEX,72111400-flat-rolled-products-of-iron-or-non-allo,2.75,,2.75,C
Mexico,MEX,72111900-flat-rolled-products-of-iron-or-non-allo,2.75,,2.75,C
Mexico,MEX,721123-flat-rolled-products-of-iron-or-non-allo,2.81,,2.81,C
Mexico,MEX,72112900-flat-rolled-products-of-iron-or-non-allo,2.81,,2.81,C
Mexico,MEX,721190-flat-rolled-products-of-iron-or-non-allo,2.81,,2.81,C
Mexico,MEX,7212-flat-rolled-products-of-iron-or-non-allo,2.81,,2.81,C
Mexico,MEX,7213-bars-and-rods-of-iron-or-non-alloy-steel,2.74,,2.74,C
Mexico,MEX,7214-bars-and-rods-of-iron-or-non-alloy-steel,,,,
Mexico,MEX,72141000-bars-and-rods-of-iron-or-non-alloy-steel,2.67,,2.67,C
Mexico,MEX,72142000-bars-and-rods-of-iron-or-non-alloy-steel,2.74,,2.74,C
Mexico,MEX,72143000-bars-and-rods-of-non-alloy-free-cutting,2.74,,2.74,C
Mexico,MEX,721491-bars-and-rods-of-iron-or-non-alloy-steel,2.74,,2.74,C
Mexico,MEX,721499-bars-and-rods-of-iron-or-non-alloy-steel,2.74,,2.74,C
Mexico,MEX,7215-bars-and-rods-of-iron-or-non-alloy-steel,2.74,,2.74,C
Mexico,MEX,7216-angles-shapes-and-sections-of-iron-or-no,2.74,,2.74,C
Mexico,MEX,7217-wire-of-iron-or-non-alloy-steel-in-coils,,,,
Mexico,MEX,721710-wire-of-iron-or-non-alloy-steel-in-coils,2.74,,2.74,C
Mexico,MEX,721720-wire-of-iron-or-non-alloy-steel-in-coils,2.74,,2.74,C
Mexico,MEX,721730-wire-of-iron-or-non-alloy-steel-in-coils,2.74,,2.74,C
Mexico,MEX,721790-wire-of-iron-or-non-alloy-steel-in-coils,2.74,,2.74,C
Mexico,MEX,7218-stainless-steel-in-ingots-or-other-prima,,,,
Mexico,MEX,72181000-steel-stainless-in-ingots-and-other-prim,3.11,,3.11,
Mexico,MEX,721891-semi-finished-products-of-stainless-stee,3.24,,3.24,
Mexico,MEX,72189911-semi-finished-products-of-stainless-stee,3.24,,3.24,
Mexico,MEX,72189919-semi-finished-products-of-stainless-stee,3.11,,3.11,
Mexico,MEX,72189920-semi-finished-products-of-stainless-stee,3.24,,3.24,
Mexico,MEX,72189980-semi-finished-products-of-stainless-stee,3.11,,3.11,
Mexico,MEX,7219-flat-rolled-products-of-stainless-steel,,,,
Mexico,MEX,72191100-flat-rolled-products-of-stainless-steel,3.24,,3.24,
Mexico,MEX,721912-flat-rolled-products-of-stainless-steel,3.24,,3.24,
Mexico,MEX,721913-flat-rolled-products-of-stainless-steel,3.24,,3.24,
Mexico,MEX,721914-flat-rolled-products-of-stainless-steel,3.24,,3.24,
Mexico,MEX,721921-flat-rolled-products-of-stainless-steel,3.24,,3.24,
Mexico,MEX,721922-flat-rolled-products-of-stainless-steel,3.24,,3.24,
Mexico,MEX,72192300-flat-rolled-products-of-stainless-steel,3.24,,3.24,
Mexico,MEX,72192400-flat-rolled-products-of-stainless-steel,3.24,,3.24,
Mexico,MEX,72193100-flat-rolled-products-of-stainless-steel,3.3,,3.3,
Mexico,MEX,721932-flat-rolled-products-of-stainless-steel,3.3,,3.3,
Mexico,MEX,721933-flat-rolled-products-of-stainless-steel,3.3,,3.3,
Mexico,MEX,721934-flat-rolled-products-of-stainless-steel,3.3,,3.3,
Mexico,MEX,721935-flat-rolled-products-of-stainless-steel,3.3,,3.3,
Mexico,MEX,721990-flat-rolled-products-of-stainless-steel,3.3,,3.3,
Mexico,MEX,7220-flat-rolled-products-of-stainless-steel,,,,
Mexico,MEX,72201100-flat-rolled-products-of-stainless-steel,3.24,,3.24,
Mexico,MEX,72201200-flat-rolled-products-of-stainless-steel,3.24,,3.24,
Mexico,MEX,722020-flat-rolled-products-of-stainless-steel,3.3,,3.3,
Mexico,MEX,722090-flat-rolled-products-of-stainless-steel,3.3,,3.3,
Mexico,MEX,7221-bars-and-rods-of-stainless-steel-hot-rol,3.31,,3.31,
Mexico,MEX,7222-other-bars-and-rods-of-stainless-steel-a,,,,
Mexico,MEX,722211-bars-and-rods-of-stainless-steel-only-ho,3.31,,3.31,
Mexico,MEX,722219-bars-and-rods-of-stainless-steel-only-ho,3.31,,3.31,
Mexico,MEX,722220-other-bars-and-rods-of-stainless-steel-n,3.31,,3.31,
Mexico,MEX,722230-other-bars-and-rods-of-stainless-steel-c,3.11,,3.11,
Mexico,MEX,722240-angles-shapes-and-sections-of-stainless,3.31,,3.31,
Mexico,MEX,7223-wire-of-stainless-steel-in-coils-excl-ba,,,,
Mexico,MEX,722300-wire-of-stainless-steel-in-coils-excl-ba,3.31,,3.31,
Mexico,MEX,7224-steel-alloy-other-than-stainless-in-ingo,,,,
Mexico,MEX,722410-steel-alloy-other-than-stainless-in-ingo,3.52,,3.52,F
Mexico,MEX,72249002-semi-finished-products-of-tool-steel,3.65,,3.65,F
Mexico,MEX,72249003-semi-finished-products-of-high-speed-ste,3.65,,3.65,F
Mexico,MEX,72249005-semi-finished-products-of-steel-containi,3.65,,3.65,F
Mexico,MEX,72249007-semi-finished-products-of-alloy-steel-ot,3.65,,3.65,F
Mexico,MEX,72249014-semi-finished-products-of-alloy-steel-ot,3.65,,3.65,F
Mexico,MEX,72249018-semi-finished-products-of-alloy-steel-ot,3.52,,3.52,F
Mexico,MEX,72249031-semi-finished-products-of-steel-containi,3.65,,3.65,F
Mexico,MEX,72249038-semi-finished-products-of-alloy-steel-ot,3.65,,3.65,F
Mexico,MEX,72249090-semi-finished-products-of-alloy-steel-ot,3.52,,3.52,F
Mexico,MEX,7225-flat-rolled-products-of-alloy-steel-othe,,,,
Mexico,MEX,72251100-flat-rolled-products-of-silicon-electric,4.79,,4.79,C
Mexico,MEX,72251910-flat-rolled-products-of-silicon-electric,3.65,,3.65,C
Mexico,MEX,72251990-flat-rolled-products-of-silicon-electric,3.71,,3.71,C
Mexico,MEX,722530-flat-rolled-products-of-alloy-steel-othe,3.65,,3.65,F
Mexico,MEX,722540-flat-rolled-products-of-alloy-steel-othe,3.65,,3.65,F
Mexico,MEX,722550-flat-rolled-products-of-alloy-steel-othe,3.71,,3.71,F
Mexico,MEX,72259100-flat-rolled-products-of-alloy-steel-othe,3.71,,3.71,F
Mexico,MEX,72259200-flat-rolled-products-of-alloy-steel-othe,3.71,,3.71,F
Mexico,MEX,72259900-flat-rolled-products-of-alloy-steel-othe,3.71,,3.71,F
Mexico,MEX,7226-flat-rolled-products-of-alloy-steel-othe,,,,
Mexico,MEX,72261100-flat-rolled-products-of-silicon-electric,4.79,,4.79,C
Mexico,MEX,72261910-flat-rolled-products-of-silicon-electric,3.65,,3.65,C
Mexico,MEX,72261980-flat-rolled-products-of-silicon-electric,3.71,,3.71,C
Mexico,MEX,72262000-flat-rolled-products-of-high-speed-steel,3.65,,3.65,F
Mexico,MEX,722691-flat-rolled-products-of-alloy-steel-othe,3.65,,3.65,F
Mexico,MEX,72269200-flat-rolled-products-of-alloy-steel-othe,3.71,,3.71,F
Mexico,MEX,722699-flat-rolled-products-of-alloy-steel-othe,3.71,,3.71,F
Mexico,MEX,7227-bars-and-rods-of-alloy-steel-other-than,3.71,,3.71,C/F
Mexico,MEX,7228-other-bars-and-rods-of-alloy-steel-other,,,,
Mexico,MEX,72281020-bars-and-rods-of-high-speed-steel-not-fu,3.71,,3.71,F
Mexico,MEX,72281050-bars-and-rods-of-high-speed-steel-forged,3.52,,3.52,F
Mexico,MEX,72281090-bars-and-rods-of-high-speed-steel-not-fu,3.71,,3.71,F
Mexico,MEX,722820-bars-and-rods-of-silico-manganese-steel,3.71,,3.71,F
Mexico,MEX,722830-bars-and-rods-of-alloy-steel-other-than,3.71,,3.71,C/F
Mexico,MEX,722840-bars-and-rods-of-alloy-steel-other-than,3.52,,3.52,F
Mexico,MEX,722850-bars-and-rods-of-alloy-steel-other-than,3.71,,3.71,C/F
Mexico,MEX,722860-bars-and-rods-of-alloy-steel-other-than,3.71,,3.71,F
Mexico,MEX,722870-angles-shapes-and-sections-of-alloy-stee,3.71,,3.71,F
Mexico,MEX,72288000-hollow-drill-bars-and-rods-of-alloy-or-n,3.71,,3.71,F
Mexico,MEX,7229-wire-of-alloy-steel-other-than-stainless,3.71,,3.71,C/F
Mexico,MEX,7301-sheet-piling-of-iron-or-steel-whether-or,2.81,,2.81,C
Mexico,MEX,7302-railway-or-tramway-track-construction-ma,2.96,,2.96,C
Mexico,MEX,7303-tubes-pipes-and-hollow-profiles-of-cast,,,,
Mexico,MEX,730300-tubes-pipes-and-hollow-profiles-of-cast,2.8,,2.8,
Mexico,MEX,7304-tubes-pipes-and-hollow-profiles-seamless,,,,
Mexico,MEX,73041100-line-pipe-of-a-kind-used-for-oil-or-gas,3.21,,3.21,
Mexico,MEX,730419-line-pipe-of-a-kind-used-for-oil-or-gas,2.77,,2.77,C
Mexico,MEX,73042200-drill-pipe-seamless-of-stainless-steel-o,3.21,,3.21,
Mexico,MEX,73042300-drill-pipe-seamless-of-a-kind-used-in-dr,2.77,,2.77,C
Mexico,MEX,73042400-casing-and-tubing-seamless-of-a-kind-use,3.21,,3.21,
Mexico,MEX,730429-casing-and-tubing-seamless-of-iron-or-st,2.77,,2.77,C
Mexico,MEX,730431-tubes-pipes-and-hollow-profiles-seamless,2.77,,2.77,C
Mexico,MEX,730439-tubes-pipes-and-hollow-profiles-seamless,2.77,,2.77,C
Mexico,MEX,73044100-tubes-pipes-and-hollow-profiles-seamless,3.21,,3.21,
Mexico,MEX,730449-tubes-pipes-and-hollow-profiles-seamless,3.21,,3.21,
Mexico,MEX,730451-tubes-pipes-and-hollow-profiles-seamless,2.66,,2.66,F
Mexico,MEX,730459-tubes-pipes-and-hollow-profiles-seamless,2.66,,2.66,C/F
Mexico,MEX,73049000-tubes-pipes-and-hollow-profiles-seamless,2.77,,2.77,C
Mexico,MEX,7305-tubes-and-pipes-having-circular-cross-se,2.81,,2.81,C
Mexico,MEX,7306-tubes-pipes-and-hollow-profiles-e-g-open,,,,
Mexico,MEX,73061100-line-pipe-of-a-kind-used-for-oil-or-gas,3.3,,3.3,
Mexico,MEX,73061900-line-pipe-of-a-kind-used-for-oil-or-gas,2.81,,2.81,C
Mexico,MEX,73062100-casing-and-tubing-of-a-kind-used-in-dril,3.3,,3.3,
Mexico,MEX,73062900-casing-and-tubing-of-a-kind-used-in-dril,2.81,,2.81,C
Mexico,MEX,73063012-precision-tubes-welded-of-circular-cross,2.81,,2.81,C
Mexico,MEX,73063018-precision-tubes-welded-of-circular-cross,2.75,,2.75,C
Mexico,MEX,73063041-threaded-or-threadable-tubes-gas-pipe-we,2.81,,2.81,C
Mexico,MEX,73063049-threaded-or-threadable-tubes-gas-pipe-we,2.81,,2.81,C
Mexico,MEX,73063072-other-tubes-pipes-and-hollow-profiles-we,2.81,,2.81,C
Mexico,MEX,73063077-other-tubes-pipes-and-hollow-profiles-we,2.81,,2.81,C
Mexico,MEX,73063080-tubes-pipes-and-hollow-profiles-welded-h,2.81,,2.81,C
Mexico,MEX,73064020-tubes-pipes-and-hollow-profiles-welded-o,3.3,,3.3,
Mexico,MEX,73064080-tubes-pipes-and-hollow-profiles-welded-o,3.24,,3.24,
Mexico,MEX,73065021-precision-steel-tubes-welded-of-circular,2.76,,2.76,F
Mexico,MEX,73065029-precision-steel-tubes-welded-of-circular,2.7,,2.7,F
Mexico,MEX,73065080-tubes-pipes-and-hollow-profiles-welded-o,2.76,,2.76,F
Mexico,MEX,73066110-tubes-and-pipes-and-hollow-profiles-weld,3.3,,3.3,
Mexico,MEX,73066192-tubes-and-pipes-and-hollow-profiles-weld,2.81,,2.81,C
Mexico,MEX,73066199-tubes-and-pipes-and-hollow-profiles-weld,2.81,,2.81,C
Mexico,MEX,73066910-tubes-pipes-and-hollow-profiles-welded-o,3.3,,3.3,
Mexico,MEX,73066990-tubes-pipes-and-hollow-profiles-welded-o,2.81,,2.81,C
Mexico,MEX,73069000-tubes-pipes-and-hollow-profiles-e-g-open,2.81,,2.81,C
Mexico,MEX,7307-tube-or-pipe-fittings-e-g-couplings-elbo,,,,
Mexico,MEX,730711-tube-or-pipe-fittings-of-non-malleable-c,2.55,,2.55,
Mexico,MEX,73071910-tube-or-pipe-fittings-of-cast-iron-excl,2.55,,2.55,
Mexico,MEX,73071990-cast-tube-or-pipe-fittings-of-steel,2.67,,2.67,C
Mexico,MEX,73072100-flanges-of-stainless-steel-excl-cast-pro,2.93,,2.93,
Mexico,MEX,730722-threaded-elbows-bends-and-sleeves-of-sta,2.93,,2.93,
Mexico,MEX,730723-butt-welding-tube-or-pipe-fittings-of-st,2.93,,2.93,
Mexico,MEX,730729-tube-or-pipe-fittings-of-stainless-steel,2.93,,2.93,
Mexico,MEX,73079100-flanges-of-iron-or-steel-excl-cast-or-st,2.77,,2.77,C
Mexico,MEX,730792-threaded-elbows-bends-and-sleeves-of-sta,2.77,,2.77,C
Mexico,MEX,730793-butt-welding-fittings-of-iron-or-steel-e,2.77,,2.77,C
Mexico,MEX,730799-tube-or-pipe-fittings-of-iron-or-steel-e,2.77,,2.77,C
Mexico,MEX,7308-structures-and-parts-of-structures-e-g-b,2.99,,2.99,C
Mexico,MEX,7309-reservoirs-tanks-vats-and-similar-contai,3.13,,3.13,C
Mexico,MEX,7310-tanks-casks-drums-cans-boxes-and-similar,2.81,,2.81,C
Mexico,MEX,7311-containers-of-iron-or-steel-for-compress,,,,
Mexico,MEX,731100-containers-of-iron-or-steel-for-compress,3.06,,3.06,C
Mexico,MEX,7318-screws-bolts-nuts-coach-screws-screw-hoo,,,,
Mexico,MEX,73181100-coach-screws-of-iron-or-steel,2.74,,2.74,C
Mexico,MEX,73181210-wood-screws-of-stainless-steel-excl-coac,3.18,,3.18,
Mexico,MEX,73181290-wood-screws-of-iron-or-steel-other-than,2.74,,2.74,C
Mexico,MEX,73181300-screw-hooks-and-screw-rings-of-iron-or-s,2.74,,2.74,C
Mexico,MEX,73181410-self-tapping-screws-of-stainless-steel-e,3.18,,3.18,
Mexico,MEX,73181491-spaced-thread-screws-of-iron-or-steel-ot,2.74,,2.74,C
Mexico,MEX,73181499-self-tapping-screws-of-iron-or-steel-oth,2.74,,2.74,C
Mexico,MEX,731815-threaded-screws-and-bolts-of-iron-or-ste,2.9,,2.9,C
Mexico,MEX,731816-nuts-of-iron-or-steel,3.06,,3.06,C
Mexico,MEX,73181900-threaded-articles-of-iron-or-steel-n-e-s,2.74,,2.74,C
Mexico,MEX,73182100-spring-washers-and-other-lock-washers-of,2.74,,2.74,C
Mexico,MEX,73182200-washers-of-iron-or-steel-excl-spring-was,2.74,,2.74,C
Mexico,MEX,73182300-rivets-of-iron-or-steel-excl-tubular-and,2.74,,2.74,C
Mexico,MEX,73182400-cotters-and-cotter-pins-of-iron-or-steel,2.74,,2.74,C
Mexico,MEX,73182900-non-threaded-articles-of-iron-or-steel,2.74,,2.74,C
Mexico,MEX,7326-articles-of-iron-or-steel-n-e-s-excl-cas,,,,
Mexico,MEX,73261100-grinding-balls-and-similar-articles-for,2.67,,2.67,C
Mexico,MEX,732619-articles-of-iron-or-steel-forged-or-stam,2.67,,2.67,C
Mexico,MEX,73262000-articles-of-iron-or-steel-wire-n-e-s,2.74,,2.74,C
Mexico,MEX,73269030-ladders-and-steps-of-iron-or-steel,2.74,,2.74,C
Mexico,MEX,73269040-pallets-and-similar-platforms-for-handli,2.74,,2.74,C
Mexico,MEX,73269050-reels-for-cables-piping-and-the-like-of,2.74,,2.74,C
Mexico,MEX,73269060-ventilators-non-mechanical-guttering-hoo,2.74,,2.74,C
Mexico,MEX,73269092-articles-of-iron-or-steel-open-die-forge,2.67,,2.67,C
Mexico,MEX,73269094-articles-of-iron-or-steel-closed-die-for,2.67,,2.67,C
Mexico,MEX,73269096-sintered-articles-of-iron-or-steel-n-e-s,2.67,,2.67,C
Mexico,MEX,73269098-articles-of-iron-or-steel-n-e-s,2.81,,2.81,C
"Moldova, Republic of",MDA,2507008080-calcined-clay,,,,
"Moldova, Republic of",MDA,2523100010-white-clinker,,,,
"Moldova, Republic of",MDA,2523100090-other-clinker-including-grey-clinker,1.34,0.04,1.38,A
"Moldova, Republic of",MDA,25232100-white-portland-cement,,,,
"Moldova, Republic of",MDA,25232900-grey-portland-cement,1.34,0.07,1.41,
"Moldova, Republic of",MDA,25233000-aluminous-cement,,,,
"Moldova, Republic of",MDA,2523900010-white-hydraulic-cement,,,,
"Moldova, Republic of",MDA,2523900090-other-hydraulic-cements-including-grey-h,,,,
"Moldova, Republic of",MDA,28080000-nitric-acid-sulphonitric-acids,2.76,0.04,2.8,
"Moldova, Republic of",MDA,28141000-anhydrous-ammonia,,,,
"Moldova, Republic of",MDA,28142000-ammonia-in-aqueous-solution,0.65,0.04,0.69,
"Moldova, Republic of",MDA,28342100-nitrate-of-potassium,2.23,0.06,2.29,
"Moldova, Republic of",MDA,3102-mineral-or-chemical-fertilizers-nitrogen,,,,
"Moldova, Republic of",MDA,31021012-urea-in-aqueous-solution-containing-45-n,0.49,0.03,0.52,
"Moldova, Republic of",MDA,31021015-urea-in-aqueous-solution-containing-45-n,0.81,0.03,0.84,
"Moldova, Republic of",MDA,31021019-urea-whether-or-not-in-aqueous-solution,1.47,0.1,1.57,
"Moldova, Republic of",MDA,31021090-urea-whether-or-not-in-aqueous-solution,1.44,0.1,1.54,
"Moldova, Republic of",MDA,31022100-ammonium-sulphate-excl-that-in-tablets-o,0.64,0.08,0.71,
"Moldova, Republic of",MDA,31022900-double-salts-and-mixtures-of-ammonium-su,1.42,0.08,1.51,
"Moldova, Republic of",MDA,31023010-ammonium-nitrate-in-aqueous-solution-exc,1.68,0.06,1.75,
"Moldova, Republic of",MDA,31023090-ammonium-nitrate-excl-that-in-aqueous-so,2.59,0.1,2.69,
"Moldova, Republic of",MDA,31024010-mixtures-of-ammonium-nitrate-with-calciu,2.22,0.09,2.31,
"Moldova, Republic of",MDA,31024090-mixtures-of-ammonium-nitrate-with-calciu,2.22,0.09,2.31,
"Moldova, Republic of",MDA,31025000-sodium-nitrate-excl-that-in-tablets-or-s,4.31,0.07,4.38,
"Moldova, Republic of",MDA,31026000-double-salts-and-mixtures-of-calcium-nit,2.17,0.09,2.26,
"Moldova, Republic of",MDA,31028000-mixtures-of-urea-and-ammonium-nitrate-in,1.62,0.08,1.7,
"Moldova, Republic of",MDA,31029000-mineral-or-chemical-nitrogen-fertilisers,1.66,0.09,1.76,
"Moldova, Republic of",MDA,3105-mineral-or-chemical-fertilisers-containi,,,,
"Moldova, Republic of",MDA,31051000-mineral-or-chemical-fertilisers-of-anima,0.82,0.08,0.9,
"Moldova, Republic of",MDA,31052010-mineral-or-chemical-fertilisers-containi,1.09,0.09,1.18,
"Moldova, Republic of",MDA,31052090-mineral-or-chemical-fertilisers-containi,0.74,0.07,0.81,
"Moldova, Republic of",MDA,31053000-diammonium-hydrogenorthophosphate-diammo,0.51,0.06,0.56,
"Moldova, Republic of",MDA,31054000-ammonium-dihydrogenorthophosphate-monoam,0.32,0.04,0.37,
"Moldova, Republic of",MDA,31055100-other-mineral-or-chemical-fertilisers-co,1.5,0.11,1.61,
"Moldova, Republic of",MDA,31055900-other-mineral-or-chemical-fertilisers-co,0.59,0.1,0.68,
"Moldova, Republic of",MDA,31059020-mineral-or-chemical-fertilisers-containi,1.46,0.07,1.53,
"Moldova, Republic of",MDA,31059080-mineral-or-chemical-fertilisers-containi,0.75,0.05,0.8,
Mongolia,MNG,2507008080-calcined-clay,,,,
Mongolia,MNG,2523100010-white-clinker,,,,
Mongolia,MNG,2523100090-other-clinker-including-grey-clinker,1.36,0.07,1.43,A
Mongolia,MNG,25232100-white-portland-cement,,,,
Mongolia,MNG,25232900-grey-portland-cement,1.36,0.13,1.49,
Mongolia,MNG,25233000-aluminous-cement,,,,
Mongolia,MNG,2523900010-white-hydraulic-cement,,,,
Mongolia,MNG,2523900090-other-hydraulic-cements-including-grey-h,1.29,0.13,1.42,A
Mongolia,MNG,28080000-nitric-acid-sulphonitric-acids,2.19,0.09,2.29,
Mongolia,MNG,28141000-anhydrous-ammonia,,,,
Mongolia,MNG,28142000-ammonia-in-aqueous-solution,0.65,0.09,0.74,
Mongolia,MNG,28342100-nitrate-of-potassium,1.82,0.11,1.93,
Mongolia,MNG,3102-mineral-or-chemical-fertilizers-nitrogen,,,,
Mongolia,MNG,31021012-urea-in-aqueous-solution-containing-45-n,0.41,0.05,0.46,
Mongolia,MNG,31021015-urea-in-aqueous-solution-containing-45-n,0.67,0.05,0.73,
Mongolia,MNG,31021019-urea-whether-or-not-in-aqueous-solution,1.23,0.16,1.39,
Mongolia,MNG,31021090-urea-whether-or-not-in-aqueous-solution,1.2,0.16,1.36,
Mongolia,MNG,31022100-ammonium-sulphate-excl-that-in-tablets-o,0.56,0.07,0.63,
Mongolia,MNG,31022900-double-salts-and-mixtures-of-ammonium-su,1.18,0.1,1.27,
Mongolia,MNG,31023010-ammonium-nitrate-in-aqueous-solution-exc,1.36,0.08,1.44,
Mongolia,MNG,31023090-ammonium-nitrate-excl-that-in-aqueous-so,2.09,0.13,2.22,
Mongolia,MNG,31024010-mixtures-of-ammonium-nitrate-with-calciu,1.75,0.11,1.86,
Mongolia,MNG,31024090-mixtures-of-ammonium-nitrate-with-calciu,1.75,0.11,1.86,
Mongolia,MNG,31025000-sodium-nitrate-excl-that-in-tablets-or-s,3.42,0.15,3.57,
Mongolia,MNG,31026000-double-salts-and-mixtures-of-calcium-nit,1.75,0.11,1.86,
Mongolia,MNG,31028000-mixtures-of-urea-and-ammonium-nitrate-in,1.34,0.11,1.45,
Mongolia,MNG,31029000-mineral-or-chemical-nitrogen-fertilisers,1.36,0.13,1.49,
Mongolia,MNG,3105-mineral-or-chemical-fertilisers-containi,,,,
Mongolia,MNG,31051000-mineral-or-chemical-fertilisers-of-anima,0.67,0.06,0.73,
Mongolia,MNG,31052010-mineral-or-chemical-fertilisers-containi,0.85,0.06,0.91,
Mongolia,MNG,31052090-mineral-or-chemical-fertilisers-containi,0.57,0.04,0.6,
Mongolia,MNG,31053000-diammonium-hydrogenorthophosphate-diammo,0.47,0.06,0.54,
Mongolia,MNG,31054000-ammonium-dihydrogenorthophosphate-monoam,0.29,0.04,0.33,
Mongolia,MNG,31055100-other-mineral-or-chemical-fertilisers-co,1.18,0.08,1.25,
Mongolia,MNG,31055900-other-mineral-or-chemical-fertilisers-co,0.49,0.07,0.56,
Mongolia,MNG,31059020-mineral-or-chemical-fertilisers-containi,1.18,0.08,1.25,
Mongolia,MNG,31059080-mineral-or-chemical-fertilisers-containi,0.59,0.04,0.63,
Montenegro,MNE,7601-unwrought-aluminium,1.7,,1.7,K
Montenegro,MNE,7603-aluminium-powders-and-flakes,2.05,,2.05,K
Montenegro,MNE,76041010-bars-and-rods,2.28,,2.28,K
Montenegro,MNE,76041090-profiles,2.29,,2.29,K
Montenegro,MNE,76042100-hollow-profiles,2.29,,2.29,K
Montenegro,MNE,76042910-bars-and-rods,2.28,,2.28,K
Montenegro,MNE,76042990-profiles,2.29,,2.29,K
Montenegro,MNE,7605-aluminium-wire,2.28,,2.28,K
Montenegro,MNE,7606-aluminium-plates-sheets-and-strip-of-a-t,2.73,,2.73,K
Montenegro,MNE,7607-aluminium-foil-whether-or-not-printed-or,2.73,,2.73,K
Montenegro,MNE,7608-aluminium-tubes-and-pipes,2.29,,2.29,K
Montenegro,MNE,76090000-aluminium-tube-or-pipe-fittings-for-exam,2.29,,2.29,K
Montenegro,MNE,76101000-doors-windows-and-their-frames-and-thres,2.29,,2.29,K
Montenegro,MNE,761090-other,2.29,,2.29,K
Montenegro,MNE,76109010-bridges-and-bridge-sections-towers-and-l,2.29,,2.29,K
Montenegro,MNE,76109090-other,2.29,,2.29,K
Montenegro,MNE,76110000-aluminium-reservoirs-tanks-vats-and-simi,2.73,,2.73,K
Montenegro,MNE,7612-aluminium-casks-drums-cans-boxes-and-sim,2.73,,2.73,K
Montenegro,MNE,76130000-aluminium-containers-for-compressed-or-l,2.73,,2.73,K
Montenegro,MNE,7614-stranded-wire-cables-plaited-bands-and-t,2.28,,2.28,K
Montenegro,MNE,76161000-nails-tacks-staples-other-than-those-of,2.73,,2.73,K
Montenegro,MNE,76169100-cloth-grill-netting-and-fencing-of-alumi,2.73,,2.73,K
Montenegro,MNE,76169910-cast,2.05,,2.05,K
Montenegro,MNE,76169990-other,2.73,,2.73,K
Montenegro,MNE,720211-ferro-manganese-containing-by-weight-2-o,1.69,,1.69,
Montenegro,MNE,720219-ferro-manganese-containing-by-weight-2-c,,,,
Montenegro,MNE,720241-ferro-chromium-containing-by-weight-4-of,2.35,,2.35,
Montenegro,MNE,720249-ferro-chromium-containing-by-weight-4-of,,,,
Montenegro,MNE,72026000-ferro-nickel,3.48,,3.48,
Morocco,MAR,2507008080-calcined-clay,,,,
Morocco,MAR,2523100010-white-clinker,,,,
Morocco,MAR,2523100090-other-clinker-including-grey-clinker,0.85,0.06,0.9,A
Morocco,MAR,25232100-white-portland-cement,1.21,0.15,1.36,
Morocco,MAR,25232900-grey-portland-cement,0.86,0.1,0.95,
Morocco,MAR,25233000-aluminous-cement,,,,
Morocco,MAR,2523900010-white-hydraulic-cement,1.25,0.2,1.45,B
Morocco,MAR,2523900090-other-hydraulic-cements-including-grey-h,0.82,0.1,0.91,A
Morocco,MAR,28080000-nitric-acid-sulphonitric-acids,2.48,0.06,2.54,
Morocco,MAR,28141000-anhydrous-ammonia,2.03,0.18,2.2,
Morocco,MAR,28142000-ammonia-in-aqueous-solution,0.61,0.05,0.66,
Morocco,MAR,28342100-nitrate-of-potassium,2.02,0.09,2.1,
Morocco,MAR,3102-mineral-or-chemical-fertilizers-nitrogen,,,,
Morocco,MAR,31021012-urea-in-aqueous-solution-containing-45-n,0.45,0.05,0.5,
Morocco,MAR,31021015-urea-in-aqueous-solution-containing-45-n,0.75,0.05,0.79,
Morocco,MAR,31021019-urea-whether-or-not-in-aqueous-solution,1.36,0.14,1.5,
Morocco,MAR,31021090-urea-whether-or-not-in-aqueous-solution,1.33,0.14,1.46,
Morocco,MAR,31022100-ammonium-sulphate-excl-that-in-tablets-o,0.59,0.11,0.7,
Morocco,MAR,31022900-double-salts-and-mixtures-of-ammonium-su,1.3,0.12,1.42,
Morocco,MAR,31023010-ammonium-nitrate-in-aqueous-solution-exc,1.53,0.09,1.62,
Morocco,MAR,31023090-ammonium-nitrate-excl-that-in-aqueous-so,2.35,0.14,2.49,
Morocco,MAR,31024010-mixtures-of-ammonium-nitrate-with-calciu,2.01,0.13,2.14,
Morocco,MAR,31024090-mixtures-of-ammonium-nitrate-with-calciu,2.01,0.13,2.14,
Morocco,MAR,31025000-sodium-nitrate-excl-that-in-tablets-or-s,3.88,0.09,3.97,
Morocco,MAR,31026000-double-salts-and-mixtures-of-calcium-nit,1.97,0.12,2.09,
Morocco,MAR,31028000-mixtures-of-urea-and-ammonium-nitrate-in,1.48,0.11,1.59,
Morocco,MAR,31029000-mineral-or-chemical-nitrogen-fertilisers,1.52,0.13,1.65,
Morocco,MAR,3105-mineral-or-chemical-fertilisers-containi,,,,
Morocco,MAR,31051000-mineral-or-chemical-fertilisers-of-anima,0.75,0.11,0.86,
Morocco,MAR,31052010-mineral-or-chemical-fertilisers-containi,0.99,0.13,1.12,
Morocco,MAR,31052090-mineral-or-chemical-fertilisers-containi,0.67,0.1,0.77,
Morocco,MAR,31053000-diammonium-hydrogenorthophosphate-diammo,0.48,0.08,0.55,
Morocco,MAR,31054000-ammonium-dihydrogenorthophosphate-monoam,0.3,0.06,0.37,
Morocco,MAR,31055100-other-mineral-or-chemical-fertilisers-co,1.36,0.16,1.52,
Morocco,MAR,31055900-other-mineral-or-chemical-fertilisers-co,0.55,0.12,0.67,
Morocco,MAR,31059020-mineral-or-chemical-fertilisers-containi,1.33,0.1,1.42,
Morocco,MAR,31059080-mineral-or-chemical-fertilisers-containi,0.68,0.07,0.75,
Morocco,MAR,7601-unwrought-aluminium,0.36,,0.36,L
Morocco,MAR,7603-aluminium-powders-and-flakes,0.51,,0.51,L
Morocco,MAR,76041010-bars-and-rods,0.73,,0.73,L
Morocco,MAR,76041090-profiles,0.75,,0.75,L
Morocco,MAR,76042100-hollow-profiles,0.75,,0.75,L
Morocco,MAR,76042910-bars-and-rods,0.73,,0.73,L
Morocco,MAR,76042990-profiles,0.75,,0.75,L
Morocco,MAR,7605-aluminium-wire,0.73,,0.73,L
Morocco,MAR,7606-aluminium-plates-sheets-and-strip-of-a-t,1.19,,1.19,L
Morocco,MAR,7607-aluminium-foil-whether-or-not-printed-or,1.19,,1.19,L
Morocco,MAR,7608-aluminium-tubes-and-pipes,0.75,,0.75,L
Morocco,MAR,76090000-aluminium-tube-or-pipe-fittings-for-exam,0.75,,0.75,L
Morocco,MAR,76101000-doors-windows-and-their-frames-and-thres,0.75,,0.75,L
Morocco,MAR,761090-other,0.75,,0.75,L
Morocco,MAR,76109010-bridges-and-bridge-sections-towers-and-l,0.75,,0.75,L
Morocco,MAR,76109090-other,0.75,,0.75,L
Morocco,MAR,76110000-aluminium-reservoirs-tanks-vats-and-simi,1.19,,1.19,L
Morocco,MAR,7612-aluminium-casks-drums-cans-boxes-and-sim,1.19,,1.19,L
Morocco,MAR,76130000-aluminium-containers-for-compressed-or-l,1.19,,1.19,L
Morocco,MAR,7614-stranded-wire-cables-plaited-bands-and-t,0.73,,0.73,L
Morocco,MAR,76161000-nails-tacks-staples-other-than-those-of,1.19,,1.19,L
Morocco,MAR,76169100-cloth-grill-netting-and-fencing-of-alumi,1.19,,1.19,L
Morocco,MAR,76169910-cast,0.51,,0.51,L
Morocco,MAR,76169990-other,1.19,,1.19,L
Morocco,MAR,28041000-hydrogen,10.82,,10.82,
Mozambique,MOZ,7601-unwrought-aluminium,3.198,,3.198,K
Mozambique,MOZ,7603-aluminium-powders-and-flakes,3.712,,3.712,K
Mozambique,MOZ,76041010-bars-and-rods,4.124,,4.124,K
Mozambique,MOZ,76041090-profiles,4.161,,4.161,K
Mozambique,MOZ,76042100-hollow-profiles,4.161,,4.161,K
Mozambique,MOZ,76042910-bars-and-rods,4.124,,4.124,K
Mozambique,MOZ,76042990-profiles,4.161,,4.161,K
Mozambique,MOZ,7605-aluminium-wire,4.124,,4.124,K
Mozambique,MOZ,7606-aluminium-plates-sheets-and-strip-of-a-t,4.986,,4.986,K
Mozambique,MOZ,7607-aluminium-foil-whether-or-not-printed-or,4.986,,4.986,K
Mozambique,MOZ,7608-aluminium-tubes-and-pipes,4.161,,4.161,K
Mozambique,MOZ,76090000-aluminium-tube-or-pipe-fittings-for-exam,4.161,,4.161,K
Mozambique,MOZ,76101000-doors-windows-and-their-frames-and-thres,4.161,,4.161,K
Mozambique,MOZ,761090-other,4.161,,4.161,K
Mozambique,MOZ,76109010-bridges-and-bridge-sections-towers-and-l,4.161,,4.161,K
Mozambique,MOZ,76109090-other,4.161,,4.161,K
Mozambique,MOZ,76110000-aluminium-reservoirs-tanks-vats-and-simi,4.986,,4.986,K
Mozambique,MOZ,7612-aluminium-casks-drums-cans-boxes-and-sim,4.986,,4.986,K
Mozambique,MOZ,76130000-aluminium-containers-for-compressed-or-l,4.986,,4.986,K
Mozambique,MOZ,7614-stranded-wire-cables-plaited-bands-and-t,4.124,,4.124,K
Mozambique,MOZ,76161000-nails-tacks-staples-other-than-those-of,4.986,,4.986,K
Mozambique,MOZ,76169100-cloth-grill-netting-and-fencing-of-alumi,4.986,,4.986,K
Mozambique,MOZ,76169910-cast,3.712,,3.712,K
Mozambique,MOZ,76169990-other,4.986,,4.986,K
Myanmar,MMR,2507008080-calcined-clay,,,,
Myanmar,MMR,2523100010-white-clinker,,,,
Myanmar,MMR,2523100090-other-clinker-including-grey-clinker,1.36,0.03,1.38,A
Myanmar,MMR,25232100-white-portland-cement,,,,
Myanmar,MMR,25232900-grey-portland-cement,1.35,0.05,1.4,
Myanmar,MMR,25233000-aluminous-cement,,,,
Myanmar,MMR,2523900010-white-hydraulic-cement,,,,
Myanmar,MMR,2523900090-other-hydraulic-cements-including-grey-h,1.28,0.05,1.33,A
Myanmar,MMR,28080000-nitric-acid-sulphonitric-acids,2.14,0.03,2.17,
Myanmar,MMR,28141000-anhydrous-ammonia,2.1,0.11,2.2,
Myanmar,MMR,28142000-ammonia-in-aqueous-solution,0.63,0.03,0.66,
Myanmar,MMR,28342100-nitrate-of-potassium,1.8,0.05,1.86,
Myanmar,MMR,3102-mineral-or-chemical-fertilizers-nitrogen,,,,
Myanmar,MMR,31021012-urea-in-aqueous-solution-containing-45-n,0.48,0.03,0.5,
Myanmar,MMR,31021015-urea-in-aqueous-solution-containing-45-n,0.79,0.03,0.82,
Myanmar,MMR,31021019-urea-whether-or-not-in-aqueous-solution,1.43,0.08,1.52,
Myanmar,MMR,31021090-urea-whether-or-not-in-aqueous-solution,1.4,0.08,1.48,
Myanmar,MMR,31022100-ammonium-sulphate-excl-that-in-tablets-o,0.62,0.06,0.68,
Myanmar,MMR,31022900-double-salts-and-mixtures-of-ammonium-su,1.22,0.07,1.29,
Myanmar,MMR,31023010-ammonium-nitrate-in-aqueous-solution-exc,1.37,0.05,1.42,
Myanmar,MMR,31023090-ammonium-nitrate-excl-that-in-aqueous-so,2.11,0.08,2.19,
Myanmar,MMR,31024010-mixtures-of-ammonium-nitrate-with-calciu,1.82,0.08,1.89,
Myanmar,MMR,31024090-mixtures-of-ammonium-nitrate-with-calciu,1.82,0.08,1.89,
Myanmar,MMR,31025000-sodium-nitrate-excl-that-in-tablets-or-s,3.34,0.05,3.39,
Myanmar,MMR,31026000-double-salts-and-mixtures-of-calcium-nit,1.77,0.07,1.84,
Myanmar,MMR,31028000-mixtures-of-urea-and-ammonium-nitrate-in,1.4,0.06,1.46,
Myanmar,MMR,31029000-mineral-or-chemical-nitrogen-fertilisers,1.48,0.08,1.56,
Myanmar,MMR,3105-mineral-or-chemical-fertilisers-containi,,,,
Myanmar,MMR,31051000-mineral-or-chemical-fertilisers-of-anima,0.72,0.06,0.78,
Myanmar,MMR,31052010-mineral-or-chemical-fertilisers-containi,0.9,0.08,0.98,
Myanmar,MMR,31052090-mineral-or-chemical-fertilisers-containi,0.61,0.06,0.67,
Myanmar,MMR,31053000-diammonium-hydrogenorthophosphate-diammo,0.49,0.05,0.54,
Myanmar,MMR,31054000-ammonium-dihydrogenorthophosphate-monoam,0.32,0.04,0.35,
Myanmar,MMR,31055100-other-mineral-or-chemical-fertilisers-co,1.24,0.09,1.33,
Myanmar,MMR,31055900-other-mineral-or-chemical-fertilisers-co,0.57,0.09,0.66,
Myanmar,MMR,31059020-mineral-or-chemical-fertilisers-containi,1.2,0.06,1.26,
Myanmar,MMR,31059080-mineral-or-chemical-fertilisers-containi,0.62,0.04,0.66,
Myanmar,MMR,28041000-hydrogen,10.82,,10.82,
Myanmar,MMR,26011200-agglomerated-iron-ores-and-concentrates,,,,
Myanmar,MMR,7201-pig-iron-and-spiegeleisen-in-pigs-blocks,,,,
Myanmar,MMR,720211-ferro-manganese-containing-by-weight-2-o,,,,
Myanmar,MMR,720219-ferro-manganese-containing-by-weight-2-c,,,,
Myanmar,MMR,720241-ferro-chromium-containing-by-weight-4-of,,,,
Myanmar,MMR,720249-ferro-chromium-containing-by-weight-4-of,,,,
Myanmar,MMR,72026000-ferro-nickel,3.48,,3.48,
Myanmar,MMR,7203-ferrous-products-obtained-by-direct-redu,,,,
Myanmar,MMR,7205-granules-and-powders-of-pig-iron-spiegel,1.35,,1.35,E/H
Myanmar,MMR,7206-iron-and-non-alloy-steel-in-ingots-or-ot,,,,
Myanmar,MMR,72061000-ingots-of-iron-and-non-alloy-steel-excl,0.47,,0.47,E
Myanmar,MMR,72069000-iron-and-non-alloy-steel-in-puddled-bars,0.47,,0.47,E
Myanmar,MMR,7207-semi-finished-products-of-iron-or-non-al,,,,
Myanmar,MMR,72071111-semi-finished-products-of-non-alloy-free,0.47,,0.47,E
Myanmar,MMR,72071114-semi-finished-products-of-iron-or-non-al,0.47,,0.47,E
Myanmar,MMR,72071116-semi-finished-products-of-iron-or-non-al,0.47,,0.47,E
Myanmar,MMR,72071190-semi-finished-products-of-iron-or-non-al,0.47,,0.47,E
Myanmar,MMR,72071210-semi-finished-products-of-iron-or-non-al,0.47,,0.47,E
Myanmar,MMR,72071290-semi-finished-products-of-iron-or-non-al,0.47,,0.47,E
Myanmar,MMR,72071912-semi-finished-products-of-iron-or-non-al,0.47,,0.47,E
Myanmar,MMR,72071919-semi-finished-products-of-iron-or-non-al,0.47,,0.47,E
Myanmar,MMR,72071980-semi-finished-products-of-iron-or-non-al,0.47,,0.47,E
Myanmar,MMR,72072011-semi-finished-products-of-non-alloy-free,0.47,,0.47,E
Myanmar,MMR,72072015-semi-finished-products-of-iron-or-non-al,0.47,,0.47,E
Myanmar,MMR,72072017-semi-finished-products-of-iron-or-non-al,0.47,,0.47,E
Myanmar,MMR,72072019-semi-finished-products-of-iron-or-non-al,0.47,,0.47,E
Myanmar,MMR,72072032-semi-finished-products-of-iron-or-non-al,0.47,,0.47,E
Myanmar,MMR,72072039-semi-finished-products-of-iron-or-non-al,0.47,,0.47,E
Myanmar,MMR,72072052-semi-finished-products-of-iron-or-non-al,0.47,,0.47,E
Myanmar,MMR,72072059-semi-finished-products-of-iron-or-non-al,0.47,,0.47,E
Myanmar,MMR,72072080-semi-finished-products-of-iron-or-non-al,0.47,,0.47,E
Myanmar,MMR,7208-flat-rolled-products-of-iron-or-non-allo,0.47,,0.47,E
Myanmar,MMR,7209-flat-rolled-products-of-iron-or-non-allo,0.47,,0.47,E
Myanmar,MMR,7210-flat-rolled-products-of-iron-or-non-allo,0.47,,0.47,E
Myanmar,MMR,7211-flat-rolled-products-of-iron-or-non-allo,,,,
Myanmar,MMR,72111300-flat-rolled-products-of-iron-or-non-allo,0.47,,0.47,E
Myanmar,MMR,72111400-flat-rolled-products-of-iron-or-non-allo,0.47,,0.47,E
Myanmar,MMR,72111900-flat-rolled-products-of-iron-or-non-allo,0.47,,0.47,E
Myanmar,MMR,721123-flat-rolled-products-of-iron-or-non-allo,0.47,,0.47,E
Myanmar,MMR,72112900-flat-rolled-products-of-iron-or-non-allo,0.47,,0.47,E
Myanmar,MMR,721190-flat-rolled-products-of-iron-or-non-allo,0.47,,0.47,E
Myanmar,MMR,7212-flat-rolled-products-of-iron-or-non-allo,0.47,,0.47,E
Myanmar,MMR,7213-bars-and-rods-of-iron-or-non-alloy-steel,0.47,,0.47,E
Myanmar,MMR,7214-bars-and-rods-of-iron-or-non-alloy-steel,,,,
Myanmar,MMR,72141000-bars-and-rods-of-iron-or-non-alloy-steel,0.47,,0.47,E
Myanmar,MMR,72142000-bars-and-rods-of-iron-or-non-alloy-steel,0.47,,0.47,E
Myanmar,MMR,72143000-bars-and-rods-of-non-alloy-free-cutting,0.47,,0.47,E
Myanmar,MMR,721491-bars-and-rods-of-iron-or-non-alloy-steel,0.47,,0.47,E
Myanmar,MMR,721499-bars-and-rods-of-iron-or-non-alloy-steel,0.47,,0.47,E
Myanmar,MMR,7215-bars-and-rods-of-iron-or-non-alloy-steel,0.47,,0.47,E
Myanmar,MMR,7216-angles-shapes-and-sections-of-iron-or-no,0.47,,0.47,E
Myanmar,MMR,7217-wire-of-iron-or-non-alloy-steel-in-coils,,,,
Myanmar,MMR,721710-wire-of-iron-or-non-alloy-steel-in-coils,0.47,,0.47,E
Myanmar,MMR,721720-wire-of-iron-or-non-alloy-steel-in-coils,0.47,,0.47,E
Myanmar,MMR,721730-wire-of-iron-or-non-alloy-steel-in-coils,0.47,,0.47,E
Myanmar,MMR,721790-wire-of-iron-or-non-alloy-steel-in-coils,0.47,,0.47,E
Myanmar,MMR,7218-stainless-steel-in-ingots-or-other-prima,,,,
Myanmar,MMR,72181000-steel-stainless-in-ingots-and-other-prim,3.13,,3.13,
Myanmar,MMR,721891-semi-finished-products-of-stainless-stee,3.13,,3.13,
Myanmar,MMR,72189911-semi-finished-products-of-stainless-stee,3.13,,3.13,
Myanmar,MMR,72189919-semi-finished-products-of-stainless-stee,3.13,,3.13,
Myanmar,MMR,72189920-semi-finished-products-of-stainless-stee,3.13,,3.13,
Myanmar,MMR,72189980-semi-finished-products-of-stainless-stee,3.13,,3.13,
Myanmar,MMR,7219-flat-rolled-products-of-stainless-steel,,,,
Myanmar,MMR,72191100-flat-rolled-products-of-stainless-steel,3.13,,3.13,
Myanmar,MMR,721912-flat-rolled-products-of-stainless-steel,3.13,,3.13,
Myanmar,MMR,721913-flat-rolled-products-of-stainless-steel,3.13,,3.13,
Myanmar,MMR,721914-flat-rolled-products-of-stainless-steel,3.13,,3.13,
Myanmar,MMR,721921-flat-rolled-products-of-stainless-steel,3.13,,3.13,
Myanmar,MMR,721922-flat-rolled-products-of-stainless-steel,3.13,,3.13,
Myanmar,MMR,72192300-flat-rolled-products-of-stainless-steel,3.13,,3.13,
Myanmar,MMR,72192400-flat-rolled-products-of-stainless-steel,3.13,,3.13,
Myanmar,MMR,72193100-flat-rolled-products-of-stainless-steel,3.13,,3.13,
Myanmar,MMR,721932-flat-rolled-products-of-stainless-steel,3.13,,3.13,
Myanmar,MMR,721933-flat-rolled-products-of-stainless-steel,3.13,,3.13,
Myanmar,MMR,721934-flat-rolled-products-of-stainless-steel,3.13,,3.13,
Myanmar,MMR,721935-flat-rolled-products-of-stainless-steel,3.13,,3.13,
Myanmar,MMR,721990-flat-rolled-products-of-stainless-steel,3.13,,3.13,
Myanmar,MMR,7220-flat-rolled-products-of-stainless-steel,,,,
Myanmar,MMR,72201100-flat-rolled-products-of-stainless-steel,3.13,,3.13,
Myanmar,MMR,72201200-flat-rolled-products-of-stainless-steel,3.13,,3.13,
Myanmar,MMR,722020-flat-rolled-products-of-stainless-steel,3.13,,3.13,
Myanmar,MMR,722090-flat-rolled-products-of-stainless-steel,3.13,,3.13,
Myanmar,MMR,7221-bars-and-rods-of-stainless-steel-hot-rol,3.13,,3.13,
Myanmar,MMR,7222-other-bars-and-rods-of-stainless-steel-a,,,,
Myanmar,MMR,722211-bars-and-rods-of-stainless-steel-only-ho,3.13,,3.13,
Myanmar,MMR,722219-bars-and-rods-of-stainless-steel-only-ho,3.13,,3.13,
Myanmar,MMR,722220-other-bars-and-rods-of-stainless-steel-n,3.13,,3.13,
Myanmar,MMR,722230-other-bars-and-rods-of-stainless-steel-c,3.13,,3.13,
Myanmar,MMR,722240-angles-shapes-and-sections-of-stainless,3.13,,3.13,
Myanmar,MMR,7223-wire-of-stainless-steel-in-coils-excl-ba,,,,
Myanmar,MMR,722300-wire-of-stainless-steel-in-coils-excl-ba,3.13,,3.13,
Myanmar,MMR,7224-steel-alloy-other-than-stainless-in-ingo,,,,
Myanmar,MMR,722410-steel-alloy-other-than-stainless-in-ingo,3.39,,3.39,H
Myanmar,MMR,72249002-semi-finished-products-of-tool-steel,3.4,,3.4,H
Myanmar,MMR,72249003-semi-finished-products-of-high-speed-ste,3.4,,3.4,H
Myanmar,MMR,72249005-semi-finished-products-of-steel-containi,3.4,,3.4,H
Myanmar,MMR,72249007-semi-finished-products-of-alloy-steel-ot,3.4,,3.4,H
Myanmar,MMR,72249014-semi-finished-products-of-alloy-steel-ot,3.4,,3.4,H
Myanmar,MMR,72249018-semi-finished-products-of-alloy-steel-ot,3.39,,3.39,H
Myanmar,MMR,72249031-semi-finished-products-of-steel-containi,3.4,,3.4,H
Myanmar,MMR,72249038-semi-finished-products-of-alloy-steel-ot,3.4,,3.4,H
Myanmar,MMR,72249090-semi-finished-products-of-alloy-steel-ot,3.39,,3.39,H
Myanmar,MMR,7225-flat-rolled-products-of-alloy-steel-othe,,,,
Myanmar,MMR,72251100-flat-rolled-products-of-silicon-electric,4.53,,4.53,E
Myanmar,MMR,72251910-flat-rolled-products-of-silicon-electric,3.4,,3.4,E
Myanmar,MMR,72251990-flat-rolled-products-of-silicon-electric,3.4,,3.4,E
Myanmar,MMR,722530-flat-rolled-products-of-alloy-steel-othe,3.4,,3.4,H
Myanmar,MMR,722540-flat-rolled-products-of-alloy-steel-othe,3.4,,3.4,H
Myanmar,MMR,722550-flat-rolled-products-of-alloy-steel-othe,3.4,,3.4,H
Myanmar,MMR,72259100-flat-rolled-products-of-alloy-steel-othe,3.4,,3.4,H
Myanmar,MMR,72259200-flat-rolled-products-of-alloy-steel-othe,3.4,,3.4,H
Myanmar,MMR,72259900-flat-rolled-products-of-alloy-steel-othe,3.4,,3.4,H
Myanmar,MMR,7226-flat-rolled-products-of-alloy-steel-othe,,,,
Myanmar,MMR,72261100-flat-rolled-products-of-silicon-electric,4.53,,4.53,E
Myanmar,MMR,72261910-flat-rolled-products-of-silicon-electric,3.4,,3.4,E
Myanmar,MMR,72261980-flat-rolled-products-of-silicon-electric,3.4,,3.4,E
Myanmar,MMR,72262000-flat-rolled-products-of-high-speed-steel,3.4,,3.4,H
Myanmar,MMR,722691-flat-rolled-products-of-alloy-steel-othe,3.4,,3.4,H
Myanmar,MMR,72269200-flat-rolled-products-of-alloy-steel-othe,3.4,,3.4,H
Myanmar,MMR,722699-flat-rolled-products-of-alloy-steel-othe,3.4,,3.4,H
Myanmar,MMR,7227-bars-and-rods-of-alloy-steel-other-than,3.4,,3.4,E/H
Myanmar,MMR,7228-other-bars-and-rods-of-alloy-steel-other,,,,
Myanmar,MMR,72281020-bars-and-rods-of-high-speed-steel-not-fu,3.4,,3.4,H
Myanmar,MMR,72281050-bars-and-rods-of-high-speed-steel-forged,3.39,,3.39,H
Myanmar,MMR,72281090-bars-and-rods-of-high-speed-steel-not-fu,3.4,,3.4,H
Myanmar,MMR,722820-bars-and-rods-of-silico-manganese-steel,3.4,,3.4,H
Myanmar,MMR,722830-bars-and-rods-of-alloy-steel-other-than,3.4,,3.4,E/H
Myanmar,MMR,722840-bars-and-rods-of-alloy-steel-other-than,3.39,,3.39,H
Myanmar,MMR,722850-bars-and-rods-of-alloy-steel-other-than,3.4,,3.4,E/H
Myanmar,MMR,722860-bars-and-rods-of-alloy-steel-other-than,3.4,,3.4,H
Myanmar,MMR,722870-angles-shapes-and-sections-of-alloy-stee,3.4,,3.4,H
Myanmar,MMR,72288000-hollow-drill-bars-and-rods-of-alloy-or-n,3.4,,3.4,H
Myanmar,MMR,7229-wire-of-alloy-steel-other-than-stainless,3.4,,3.4,E/H
Myanmar,MMR,7301-sheet-piling-of-iron-or-steel-whether-or,0.52,,0.52,E
Myanmar,MMR,7302-railway-or-tramway-track-construction-ma,2.51,,2.51,E
Myanmar,MMR,7303-tubes-pipes-and-hollow-profiles-of-cast,,,,
Myanmar,MMR,730300-tubes-pipes-and-hollow-profiles-of-cast,1.35,,1.35,
Myanmar,MMR,7304-tubes-pipes-and-hollow-profiles-seamless,,,,
Myanmar,MMR,73041100-line-pipe-of-a-kind-used-for-oil-or-gas,3.13,,3.13,
Myanmar,MMR,730419-line-pipe-of-a-kind-used-for-oil-or-gas,0.56,,0.56,E
Myanmar,MMR,73042200-drill-pipe-seamless-of-stainless-steel-o,3.13,,3.13,
Myanmar,MMR,73042300-drill-pipe-seamless-of-a-kind-used-in-dr,0.56,,0.56,E
Myanmar,MMR,73042400-casing-and-tubing-seamless-of-a-kind-use,3.13,,3.13,
Myanmar,MMR,730429-casing-and-tubing-seamless-of-iron-or-st,0.56,,0.56,E
Myanmar,MMR,730431-tubes-pipes-and-hollow-profiles-seamless,0.56,,0.56,E
Myanmar,MMR,730439-tubes-pipes-and-hollow-profiles-seamless,0.56,,0.56,E
Myanmar,MMR,73044100-tubes-pipes-and-hollow-profiles-seamless,3.13,,3.13,
Myanmar,MMR,730449-tubes-pipes-and-hollow-profiles-seamless,3.13,,3.13,
Myanmar,MMR,730451-tubes-pipes-and-hollow-profiles-seamless,0.56,,0.56,H
Myanmar,MMR,730459-tubes-pipes-and-hollow-profiles-seamless,0.56,,0.56,E/H
Myanmar,MMR,73049000-tubes-pipes-and-hollow-profiles-seamless,0.56,,0.56,E
Myanmar,MMR,7305-tubes-and-pipes-having-circular-cross-se,0.56,,0.56,E
Myanmar,MMR,7306-tubes-pipes-and-hollow-profiles-e-g-open,,,,
Myanmar,MMR,73061100-line-pipe-of-a-kind-used-for-oil-or-gas,3.13,,3.13,
Myanmar,MMR,73061900-line-pipe-of-a-kind-used-for-oil-or-gas,0.56,,0.56,E
Myanmar,MMR,73062100-casing-and-tubing-of-a-kind-used-in-dril,3.13,,3.13,
Myanmar,MMR,73062900-casing-and-tubing-of-a-kind-used-in-dril,0.56,,0.56,E
Myanmar,MMR,73063012-precision-tubes-welded-of-circular-cross,0.56,,0.56,E
Myanmar,MMR,73063018-precision-tubes-welded-of-circular-cross,0.56,,0.56,E
Myanmar,MMR,73063041-threaded-or-threadable-tubes-gas-pipe-we,0.56,,0.56,E
Myanmar,MMR,73063049-threaded-or-threadable-tubes-gas-pipe-we,0.56,,0.56,E
Myanmar,MMR,73063072-other-tubes-pipes-and-hollow-profiles-we,0.56,,0.56,E
Myanmar,MMR,73063077-other-tubes-pipes-and-hollow-profiles-we,0.56,,0.56,E
Myanmar,MMR,73063080-tubes-pipes-and-hollow-profiles-welded-h,0.56,,0.56,E
Myanmar,MMR,73064020-tubes-pipes-and-hollow-profiles-welded-o,3.13,,3.13,
Myanmar,MMR,73064080-tubes-pipes-and-hollow-profiles-welded-o,3.13,,3.13,
Myanmar,MMR,73065021-precision-steel-tubes-welded-of-circular,0.56,,0.56,H
Myanmar,MMR,73065029-precision-steel-tubes-welded-of-circular,0.56,,0.56,H
Myanmar,MMR,73065080-tubes-pipes-and-hollow-profiles-welded-o,0.56,,0.56,H
Myanmar,MMR,73066110-tubes-and-pipes-and-hollow-profiles-weld,3.13,,3.13,
Myanmar,MMR,73066192-tubes-and-pipes-and-hollow-profiles-weld,0.56,,0.56,E
Myanmar,MMR,73066199-tubes-and-pipes-and-hollow-profiles-weld,0.56,,0.56,E
Myanmar,MMR,73066910-tubes-pipes-and-hollow-profiles-welded-o,3.13,,3.13,
Myanmar,MMR,73066990-tubes-pipes-and-hollow-profiles-welded-o,0.56,,0.56,E
Myanmar,MMR,73069000-tubes-pipes-and-hollow-profiles-e-g-open,0.56,,0.56,E
Myanmar,MMR,7307-tube-or-pipe-fittings-e-g-couplings-elbo,,,,
Myanmar,MMR,730711-tube-or-pipe-fittings-of-non-malleable-c,1.35,,1.35,
Myanmar,MMR,73071910-tube-or-pipe-fittings-of-cast-iron-excl,1.35,,1.35,
Myanmar,MMR,73071990-cast-tube-or-pipe-fittings-of-steel,0.47,,0.47,E
Myanmar,MMR,73072100-flanges-of-stainless-steel-excl-cast-pro,2.64,,2.64,
Myanmar,MMR,730722-threaded-elbows-bends-and-sleeves-of-sta,2.64,,2.64,
Myanmar,MMR,730723-butt-welding-tube-or-pipe-fittings-of-st,2.64,,2.64,
Myanmar,MMR,730729-tube-or-pipe-fittings-of-stainless-steel,2.64,,2.64,
Myanmar,MMR,73079100-flanges-of-iron-or-steel-excl-cast-or-st,0.47,,0.47,E
Myanmar,MMR,730792-threaded-elbows-bends-and-sleeves-of-sta,0.47,,0.47,E
Myanmar,MMR,730793-butt-welding-fittings-of-iron-or-steel-e,0.47,,0.47,E
Myanmar,MMR,730799-tube-or-pipe-fittings-of-iron-or-steel-e,0.47,,0.47,E
Myanmar,MMR,7308-structures-and-parts-of-structures-e-g-b,2.7,,2.7,E
Myanmar,MMR,7309-reservoirs-tanks-vats-and-similar-contai,3.1,,3.1,E
Myanmar,MMR,7310-tanks-casks-drums-cans-boxes-and-similar,0.57,,0.57,E
Myanmar,MMR,7311-containers-of-iron-or-steel-for-compress,,,,
Myanmar,MMR,731100-containers-of-iron-or-steel-for-compress,3.1,,3.1,E
Myanmar,MMR,7318-screws-bolts-nuts-coach-screws-screw-hoo,,,,
Myanmar,MMR,73181100-coach-screws-of-iron-or-steel,0.47,,0.47,E
Myanmar,MMR,73181210-wood-screws-of-stainless-steel-excl-coac,3.13,,3.13,
Myanmar,MMR,73181290-wood-screws-of-iron-or-steel-other-than,0.47,,0.47,E
Myanmar,MMR,73181300-screw-hooks-and-screw-rings-of-iron-or-s,0.47,,0.47,E
Myanmar,MMR,73181410-self-tapping-screws-of-stainless-steel-e,3.13,,3.13,
Myanmar,MMR,73181491-spaced-thread-screws-of-iron-or-steel-ot,0.47,,0.47,E
Myanmar,MMR,73181499-self-tapping-screws-of-iron-or-steel-oth,0.47,,0.47,E
Myanmar,MMR,731815-threaded-screws-and-bolts-of-iron-or-ste,2.3,,2.3,E
Myanmar,MMR,731816-nuts-of-iron-or-steel,2.9,,2.9,E
Myanmar,MMR,73181900-threaded-articles-of-iron-or-steel-n-e-s,0.47,,0.47,E
Myanmar,MMR,73182100-spring-washers-and-other-lock-washers-of,0.47,,0.47,E
Myanmar,MMR,73182200-washers-of-iron-or-steel-excl-spring-was,1.29,,1.29,E
Myanmar,MMR,73182300-rivets-of-iron-or-steel-excl-tubular-and,1.04,,1.04,E
Myanmar,MMR,73182400-cotters-and-cotter-pins-of-iron-or-steel,0.47,,0.47,E
Myanmar,MMR,73182900-non-threaded-articles-of-iron-or-steel,0.47,,0.47,E
Myanmar,MMR,7326-articles-of-iron-or-steel-n-e-s-excl-cas,,,,
Myanmar,MMR,73261100-grinding-balls-and-similar-articles-for,0.47,,0.47,E
Myanmar,MMR,732619-articles-of-iron-or-steel-forged-or-stam,0.47,,0.47,E
Myanmar,MMR,73262000-articles-of-iron-or-steel-wire-n-e-s,0.47,,0.47,E
Myanmar,MMR,73269030-ladders-and-steps-of-iron-or-steel,0.47,,0.47,E
Myanmar,MMR,73269040-pallets-and-similar-platforms-for-handli,0.47,,0.47,E
Myanmar,MMR,73269050-reels-for-cables-piping-and-the-like-of,0.47,,0.47,E
Myanmar,MMR,73269060-ventilators-non-mechanical-guttering-hoo,0.47,,0.47,E
Myanmar,MMR,73269092-articles-of-iron-or-steel-open-die-forge,0.47,,0.47,E
Myanmar,MMR,73269094-articles-of-iron-or-steel-closed-die-for,0.47,,0.47,E
Myanmar,MMR,73269096-sintered-articles-of-iron-or-steel-n-e-s,0.47,,0.47,E
Myanmar,MMR,73269098-articles-of-iron-or-steel-n-e-s,0.47,,0.47,E
Namibia,NAM,2507008080-calcined-clay,,,,
Namibia,NAM,2523100010-white-clinker,,,,
Namibia,NAM,2523100090-other-clinker-including-grey-clinker,0.88,0.0,0.88,A
Namibia,NAM,25232100-white-portland-cement,,,,
Namibia,NAM,25232900-grey-portland-cement,0.88,0.01,0.89,
Namibia,NAM,25233000-aluminous-cement,,,,
Namibia,NAM,2523900010-white-hydraulic-cement,,,,
Namibia,NAM,2523900090-other-hydraulic-cements-including-grey-h,0.84,0.01,0.85,A
Nepal,NPL,28080000-nitric-acid-sulphonitric-acids,1.77,0.07,1.84,
Nepal,NPL,28141000-anhydrous-ammonia,,,,
Nepal,NPL,28142000-ammonia-in-aqueous-solution,0.7,0.06,0.77,
Nepal,NPL,28342100-nitrate-of-potassium,1.61,0.09,1.7,
Nepal,NPL,3102-mineral-or-chemical-fertilizers-nitrogen,,,,
Nepal,NPL,31021012-urea-in-aqueous-solution-containing-45-n,0.52,0.05,0.57,
Nepal,NPL,31021015-urea-in-aqueous-solution-containing-45-n,0.86,0.05,0.91,
Nepal,NPL,31021019-urea-whether-or-not-in-aqueous-solution,1.57,0.14,1.72,
Nepal,NPL,31021090-urea-whether-or-not-in-aqueous-solution,1.54,0.14,1.68,
Nepal,NPL,31022100-ammonium-sulphate-excl-that-in-tablets-o,0.68,0.09,0.77,
Nepal,NPL,31022900-double-salts-and-mixtures-of-ammonium-su,1.17,0.1,1.27,
Nepal,NPL,31023010-ammonium-nitrate-in-aqueous-solution-exc,1.22,0.08,1.31,
Nepal,NPL,31023090-ammonium-nitrate-excl-that-in-aqueous-so,1.88,0.13,2.01,
Nepal,NPL,31024010-mixtures-of-ammonium-nitrate-with-calciu,1.63,0.11,1.74,
Nepal,NPL,31024090-mixtures-of-ammonium-nitrate-with-calciu,1.63,0.11,1.74,
Nepal,NPL,31025000-sodium-nitrate-excl-that-in-tablets-or-s,2.76,0.11,2.87,
Nepal,NPL,31026000-double-salts-and-mixtures-of-calcium-nit,1.58,0.11,1.69,
Nepal,NPL,31028000-mixtures-of-urea-and-ammonium-nitrate-in,1.34,0.1,1.44,
Nepal,NPL,31029000-mineral-or-chemical-nitrogen-fertilisers,1.49,0.12,1.61,
Nepal,NPL,3105-mineral-or-chemical-fertilisers-containi,,,,
Nepal,NPL,31051000-mineral-or-chemical-fertilisers-of-anima,0.7,0.08,0.78,
Nepal,NPL,31052010-mineral-or-chemical-fertilisers-containi,0.82,0.09,0.91,
Nepal,NPL,31052090-mineral-or-chemical-fertilisers-containi,0.56,0.07,0.63,
Nepal,NPL,31053000-diammonium-hydrogenorthophosphate-diammo,0.55,0.07,0.61,
Nepal,NPL,31054000-ammonium-dihydrogenorthophosphate-monoam,0.35,0.05,0.4,
Nepal,NPL,31055100-other-mineral-or-chemical-fertilisers-co,1.12,0.11,1.24,
Nepal,NPL,31055900-other-mineral-or-chemical-fertilisers-co,0.63,0.11,0.74,
Nepal,NPL,31059020-mineral-or-chemical-fertilisers-containi,1.08,0.08,1.17,
Nepal,NPL,31059080-mineral-or-chemical-fertilisers-containi,0.56,0.05,0.61,
New Caledonia and dependencies,NCL,72026000-ferro-nickel,3.48,,3.48,
New Zealand,NZL,2507008080-calcined-clay,,,,
New Zealand,NZL,2523100010-white-clinker,,,,
New Zealand,NZL,2523100090-other-clinker-including-grey-clinker,0.87,0.01,0.88,A
New Zealand,NZL,25232100-white-portland-cement,,,,
New Zealand,NZL,25232900-grey-portland-cement,0.89,0.03,0.92,
New Zealand,NZL,25233000-aluminous-cement,,,,
New Zealand,NZL,2523900010-white-hydraulic-cement,,,,
New Zealand,NZL,2523900090-other-hydraulic-cements-including-grey-h,0.85,0.03,0.88,A
New Zealand,NZL,28080000-nitric-acid-sulphonitric-acids,1.59,0.03,1.62,
New Zealand,NZL,28141000-anhydrous-ammonia,1.76,0.04,1.8,
New Zealand,NZL,28142000-ammonia-in-aqueous-solution,0.53,0.01,0.54,
New Zealand,NZL,28342100-nitrate-of-potassium,1.38,0.03,1.42,
New Zealand,NZL,3102-mineral-or-chemical-fertilizers-nitrogen,,,,
New Zealand,NZL,31021012-urea-in-aqueous-solution-containing-45-n,0.4,0.01,0.42,
New Zealand,NZL,31021015-urea-in-aqueous-solution-containing-45-n,0.67,0.01,0.68,
New Zealand,NZL,31021019-urea-whether-or-not-in-aqueous-solution,1.22,0.04,1.25,
New Zealand,NZL,31021090-urea-whether-or-not-in-aqueous-solution,1.19,0.04,1.23,
New Zealand,NZL,31022100-ammonium-sulphate-excl-that-in-tablets-o,0.53,0.03,0.55,
New Zealand,NZL,31022900-double-salts-and-mixtures-of-ammonium-su,0.97,0.04,1.0,
New Zealand,NZL,31023010-ammonium-nitrate-in-aqueous-solution-exc,1.05,0.03,1.09,
New Zealand,NZL,31023090-ammonium-nitrate-excl-that-in-aqueous-so,1.62,0.05,1.67,
New Zealand,NZL,31024010-mixtures-of-ammonium-nitrate-with-calciu,1.4,0.04,1.45,
New Zealand,NZL,31024090-mixtures-of-ammonium-nitrate-with-calciu,1.4,0.04,1.45,
New Zealand,NZL,31025000-sodium-nitrate-excl-that-in-tablets-or-s,2.48,0.05,2.53,
New Zealand,NZL,31026000-double-salts-and-mixtures-of-calcium-nit,1.36,0.04,1.4,
New Zealand,NZL,31028000-mixtures-of-urea-and-ammonium-nitrate-in,1.11,0.04,1.14,
New Zealand,NZL,31029000-mineral-or-chemical-nitrogen-fertilisers,1.21,0.04,1.24,
New Zealand,NZL,3105-mineral-or-chemical-fertilisers-containi,,,,
New Zealand,NZL,31051000-mineral-or-chemical-fertilisers-of-anima,0.57,0.03,0.61,
New Zealand,NZL,31052010-mineral-or-chemical-fertilisers-containi,0.71,0.04,0.75,
New Zealand,NZL,31052090-mineral-or-chemical-fertilisers-containi,0.48,0.03,0.51,
New Zealand,NZL,31053000-diammonium-hydrogenorthophosphate-diammo,0.42,0.02,0.44,
New Zealand,NZL,31054000-ammonium-dihydrogenorthophosphate-monoam,0.27,0.02,0.29,
New Zealand,NZL,31055100-other-mineral-or-chemical-fertilisers-co,0.96,0.05,1.01,
New Zealand,NZL,31055900-other-mineral-or-chemical-fertilisers-co,0.49,0.06,0.55,
New Zealand,NZL,31059020-mineral-or-chemical-fertilisers-containi,0.93,0.03,0.96,
New Zealand,NZL,31059080-mineral-or-chemical-fertilisers-containi,0.48,0.02,0.5,
New Zealand,NZL,7601-unwrought-aluminium,1.7,,1.7,K
New Zealand,NZL,7603-aluminium-powders-and-flakes,1.81,,1.81,K
New Zealand,NZL,76041010-bars-and-rods,2.03,,2.03,K
New Zealand,NZL,76041090-profiles,2.05,,2.05,K
New Zealand,NZL,76042100-hollow-profiles,2.05,,2.05,K
New Zealand,NZL,76042910-bars-and-rods,2.03,,2.03,K
New Zealand,NZL,76042990-profiles,2.05,,2.05,K
New Zealand,NZL,7605-aluminium-wire,2.03,,2.03,K
New Zealand,NZL,7606-aluminium-plates-sheets-and-strip-of-a-t,2.49,,2.49,K
New Zealand,NZL,7607-aluminium-foil-whether-or-not-printed-or,2.49,,2.49,K
New Zealand,NZL,7608-aluminium-tubes-and-pipes,2.05,,2.05,K
New Zealand,NZL,76090000-aluminium-tube-or-pipe-fittings-for-exam,2.05,,2.05,K
New Zealand,NZL,76101000-doors-windows-and-their-frames-and-thres,2.05,,2.05,K
New Zealand,NZL,761090-other,2.05,,2.05,K
New Zealand,NZL,76109010-bridges-and-bridge-sections-towers-and-l,2.05,,2.05,K
New Zealand,NZL,76109090-other,2.05,,2.05,K
New Zealand,NZL,76110000-aluminium-reservoirs-tanks-vats-and-simi,2.49,,2.49,K
New Zealand,NZL,7612-aluminium-casks-drums-cans-boxes-and-sim,2.49,,2.49,K
New Zealand,NZL,76130000-aluminium-containers-for-compressed-or-l,2.49,,2.49,K
New Zealand,NZL,7614-stranded-wire-cables-plaited-bands-and-t,2.03,,2.03,K
New Zealand,NZL,76161000-nails-tacks-staples-other-than-those-of,2.49,,2.49,K
New Zealand,NZL,76169100-cloth-grill-netting-and-fencing-of-alumi,2.49,,2.49,K
New Zealand,NZL,76169910-cast,1.81,,1.81,K
New Zealand,NZL,76169990-other,2.49,,2.49,K
New Zealand,NZL,28041000-hydrogen,10.82,,10.82,
New Zealand,NZL,26011200-agglomerated-iron-ores-and-concentrates,0.07,0.04,0.1,
New Zealand,NZL,7201-pig-iron-and-spiegeleisen-in-pigs-blocks,2.31,,2.31,
New Zealand,NZL,720211-ferro-manganese-containing-by-weight-2-o,,,,
New Zealand,NZL,720219-ferro-manganese-containing-by-weight-2-c,,,,
New Zealand,NZL,720241-ferro-chromium-containing-by-weight-4-of,,,,
New Zealand,NZL,720249-ferro-chromium-containing-by-weight-4-of,,,,
New Zealand,NZL,72026000-ferro-nickel,,,,
New Zealand,NZL,7203-ferrous-products-obtained-by-direct-redu,,,,
New Zealand,NZL,7205-granules-and-powders-of-pig-iron-spiegel,2.32,,2.32,C/F
New Zealand,NZL,7206-iron-and-non-alloy-steel-in-ingots-or-ot,,,,
New Zealand,NZL,72061000-ingots-of-iron-and-non-alloy-steel-excl,2.41,,2.41,C
New Zealand,NZL,72069000-iron-and-non-alloy-steel-in-puddled-bars,2.41,,2.41,C
New Zealand,NZL,7207-semi-finished-products-of-iron-or-non-al,,,,
New Zealand,NZL,72071111-semi-finished-products-of-non-alloy-free,2.41,,2.41,C
New Zealand,NZL,72071114-semi-finished-products-of-iron-or-non-al,2.41,,2.41,C
New Zealand,NZL,72071116-semi-finished-products-of-iron-or-non-al,2.41,,2.41,C
New Zealand,NZL,72071190-semi-finished-products-of-iron-or-non-al,2.41,,2.41,C
New Zealand,NZL,72071210-semi-finished-products-of-iron-or-non-al,2.41,,2.41,C
New Zealand,NZL,72071290-semi-finished-products-of-iron-or-non-al,2.41,,2.41,C
New Zealand,NZL,72071912-semi-finished-products-of-iron-or-non-al,2.41,,2.41,C
New Zealand,NZL,72071919-semi-finished-products-of-iron-or-non-al,2.41,,2.41,C
New Zealand,NZL,72071980-semi-finished-products-of-iron-or-non-al,2.41,,2.41,C
New Zealand,NZL,72072011-semi-finished-products-of-non-alloy-free,2.41,,2.41,C
New Zealand,NZL,72072015-semi-finished-products-of-iron-or-non-al,2.41,,2.41,C
New Zealand,NZL,72072017-semi-finished-products-of-iron-or-non-al,2.41,,2.41,C
New Zealand,NZL,72072019-semi-finished-products-of-iron-or-non-al,2.41,,2.41,C
New Zealand,NZL,72072032-semi-finished-products-of-iron-or-non-al,2.41,,2.41,C
New Zealand,NZL,72072039-semi-finished-products-of-iron-or-non-al,2.41,,2.41,C
New Zealand,NZL,72072052-semi-finished-products-of-iron-or-non-al,2.41,,2.41,C
New Zealand,NZL,72072059-semi-finished-products-of-iron-or-non-al,2.41,,2.41,C
New Zealand,NZL,72072080-semi-finished-products-of-iron-or-non-al,2.41,,2.41,C
New Zealand,NZL,7208-flat-rolled-products-of-iron-or-non-allo,2.42,,2.42,C
New Zealand,NZL,7209-flat-rolled-products-of-iron-or-non-allo,2.43,,2.43,C
New Zealand,NZL,7210-flat-rolled-products-of-iron-or-non-allo,2.43,,2.43,C
New Zealand,NZL,7211-flat-rolled-products-of-iron-or-non-allo,,,,
New Zealand,NZL,72111300-flat-rolled-products-of-iron-or-non-allo,2.42,,2.42,C
New Zealand,NZL,72111400-flat-rolled-products-of-iron-or-non-allo,2.42,,2.42,C
New Zealand,NZL,72111900-flat-rolled-products-of-iron-or-non-allo,2.42,,2.42,C
New Zealand,NZL,721123-flat-rolled-products-of-iron-or-non-allo,2.43,,2.43,C
New Zealand,NZL,72112900-flat-rolled-products-of-iron-or-non-allo,2.43,,2.43,C
New Zealand,NZL,721190-flat-rolled-products-of-iron-or-non-allo,2.43,,2.43,C
New Zealand,NZL,7212-flat-rolled-products-of-iron-or-non-allo,2.43,,2.43,C
New Zealand,NZL,7213-bars-and-rods-of-iron-or-non-alloy-steel,2.41,,2.41,C
New Zealand,NZL,7214-bars-and-rods-of-iron-or-non-alloy-steel,,,,
New Zealand,NZL,72141000-bars-and-rods-of-iron-or-non-alloy-steel,2.41,,2.41,C
New Zealand,NZL,72142000-bars-and-rods-of-iron-or-non-alloy-steel,2.41,,2.41,C
New Zealand,NZL,72143000-bars-and-rods-of-non-alloy-free-cutting,2.41,,2.41,C
New Zealand,NZL,721491-bars-and-rods-of-iron-or-non-alloy-steel,2.41,,2.41,C
New Zealand,NZL,721499-bars-and-rods-of-iron-or-non-alloy-steel,2.41,,2.41,C
New Zealand,NZL,7215-bars-and-rods-of-iron-or-non-alloy-steel,2.41,,2.41,C
New Zealand,NZL,7216-angles-shapes-and-sections-of-iron-or-no,2.41,,2.41,C
New Zealand,NZL,7217-wire-of-iron-or-non-alloy-steel-in-coils,,,,
New Zealand,NZL,721710-wire-of-iron-or-non-alloy-steel-in-coils,2.41,,2.41,C
New Zealand,NZL,721720-wire-of-iron-or-non-alloy-steel-in-coils,2.41,,2.41,C
New Zealand,NZL,721730-wire-of-iron-or-non-alloy-steel-in-coils,2.41,,2.41,C
New Zealand,NZL,721790-wire-of-iron-or-non-alloy-steel-in-coils,2.41,,2.41,C
New Zealand,NZL,7218-stainless-steel-in-ingots-or-other-prima,,,,
New Zealand,NZL,72181000-steel-stainless-in-ingots-and-other-prim,3.36,,3.36,
New Zealand,NZL,721891-semi-finished-products-of-stainless-stee,3.38,,3.38,
New Zealand,NZL,72189911-semi-finished-products-of-stainless-stee,3.38,,3.38,
New Zealand,NZL,72189919-semi-finished-products-of-stainless-stee,3.36,,3.36,
New Zealand,NZL,72189920-semi-finished-products-of-stainless-stee,3.38,,3.38,
New Zealand,NZL,72189980-semi-finished-products-of-stainless-stee,3.36,,3.36,
New Zealand,NZL,7219-flat-rolled-products-of-stainless-steel,,,,
New Zealand,NZL,72191100-flat-rolled-products-of-stainless-steel,3.38,,3.38,
New Zealand,NZL,721912-flat-rolled-products-of-stainless-steel,3.38,,3.38,
New Zealand,NZL,721913-flat-rolled-products-of-stainless-steel,3.38,,3.38,
New Zealand,NZL,721914-flat-rolled-products-of-stainless-steel,3.38,,3.38,
New Zealand,NZL,721921-flat-rolled-products-of-stainless-steel,3.38,,3.38,
New Zealand,NZL,721922-flat-rolled-products-of-stainless-steel,3.38,,3.38,
New Zealand,NZL,72192300-flat-rolled-products-of-stainless-steel,3.38,,3.38,
New Zealand,NZL,72192400-flat-rolled-products-of-stainless-steel,3.38,,3.38,
New Zealand,NZL,72193100-flat-rolled-products-of-stainless-steel,3.39,,3.39,
New Zealand,NZL,721932-flat-rolled-products-of-stainless-steel,3.39,,3.39,
New Zealand,NZL,721933-flat-rolled-products-of-stainless-steel,3.39,,3.39,
New Zealand,NZL,721934-flat-rolled-products-of-stainless-steel,3.39,,3.39,
New Zealand,NZL,721935-flat-rolled-products-of-stainless-steel,3.39,,3.39,
New Zealand,NZL,721990-flat-rolled-products-of-stainless-steel,3.39,,3.39,
New Zealand,NZL,7220-flat-rolled-products-of-stainless-steel,,,,
New Zealand,NZL,72201100-flat-rolled-products-of-stainless-steel,3.38,,3.38,
New Zealand,NZL,72201200-flat-rolled-products-of-stainless-steel,3.38,,3.38,
New Zealand,NZL,722020-flat-rolled-products-of-stainless-steel,3.39,,3.39,
New Zealand,NZL,722090-flat-rolled-products-of-stainless-steel,3.39,,3.39,
New Zealand,NZL,7221-bars-and-rods-of-stainless-steel-hot-rol,3.36,,3.36,
New Zealand,NZL,7222-other-bars-and-rods-of-stainless-steel-a,,,,
New Zealand,NZL,722211-bars-and-rods-of-stainless-steel-only-ho,3.36,,3.36,
New Zealand,NZL,722219-bars-and-rods-of-stainless-steel-only-ho,3.36,,3.36,
New Zealand,NZL,722220-other-bars-and-rods-of-stainless-steel-n,3.36,,3.36,
New Zealand,NZL,722230-other-bars-and-rods-of-stainless-steel-c,3.36,,3.36,
New Zealand,NZL,722240-angles-shapes-and-sections-of-stainless,3.36,,3.36,
New Zealand,NZL,7223-wire-of-stainless-steel-in-coils-excl-ba,,,,
New Zealand,NZL,722300-wire-of-stainless-steel-in-coils-excl-ba,3.36,,3.36,
New Zealand,NZL,7224-steel-alloy-other-than-stainless-in-ingo,,,,
New Zealand,NZL,722410-steel-alloy-other-than-stainless-in-ingo,3.5,,3.5,F
New Zealand,NZL,72249002-semi-finished-products-of-tool-steel,3.52,,3.52,F
New Zealand,NZL,72249003-semi-finished-products-of-high-speed-ste,3.52,,3.52,F
New Zealand,NZL,72249005-semi-finished-products-of-steel-containi,3.52,,3.52,F
New Zealand,NZL,72249007-semi-finished-products-of-alloy-steel-ot,3.52,,3.52,F
New Zealand,NZL,72249014-semi-finished-products-of-alloy-steel-ot,3.52,,3.52,F
New Zealand,NZL,72249018-semi-finished-products-of-alloy-steel-ot,3.5,,3.5,F
New Zealand,NZL,72249031-semi-finished-products-of-steel-containi,3.52,,3.52,F
New Zealand,NZL,72249038-semi-finished-products-of-alloy-steel-ot,3.52,,3.52,F
New Zealand,NZL,72249090-semi-finished-products-of-alloy-steel-ot,3.5,,3.5,F
New Zealand,NZL,7225-flat-rolled-products-of-alloy-steel-othe,,,,
New Zealand,NZL,72251100-flat-rolled-products-of-silicon-electric,4.66,,4.66,C
New Zealand,NZL,72251910-flat-rolled-products-of-silicon-electric,3.52,,3.52,C
New Zealand,NZL,72251990-flat-rolled-products-of-silicon-electric,3.53,,3.53,C
New Zealand,NZL,722530-flat-rolled-products-of-alloy-steel-othe,3.52,,3.52,F
New Zealand,NZL,722540-flat-rolled-products-of-alloy-steel-othe,3.52,,3.52,F
New Zealand,NZL,722550-flat-rolled-products-of-alloy-steel-othe,3.53,,3.53,F
New Zealand,NZL,72259100-flat-rolled-products-of-alloy-steel-othe,3.53,,3.53,F
New Zealand,NZL,72259200-flat-rolled-products-of-alloy-steel-othe,3.53,,3.53,F
New Zealand,NZL,72259900-flat-rolled-products-of-alloy-steel-othe,3.53,,3.53,F
New Zealand,NZL,7226-flat-rolled-products-of-alloy-steel-othe,,,,
New Zealand,NZL,72261100-flat-rolled-products-of-silicon-electric,4.66,,4.66,C
New Zealand,NZL,72261910-flat-rolled-products-of-silicon-electric,3.52,,3.52,C
New Zealand,NZL,72261980-flat-rolled-products-of-silicon-electric,3.53,,3.53,C
New Zealand,NZL,72262000-flat-rolled-products-of-high-speed-steel,3.52,,3.52,F
New Zealand,NZL,722691-flat-rolled-products-of-alloy-steel-othe,3.52,,3.52,F
New Zealand,NZL,72269200-flat-rolled-products-of-alloy-steel-othe,3.53,,3.53,F
New Zealand,NZL,722699-flat-rolled-products-of-alloy-steel-othe,3.53,,3.53,F
New Zealand,NZL,7227-bars-and-rods-of-alloy-steel-other-than,3.5,,3.5,C/F
New Zealand,NZL,7228-other-bars-and-rods-of-alloy-steel-other,,,,
New Zealand,NZL,72281020-bars-and-rods-of-high-speed-steel-not-fu,3.5,,3.5,F
New Zealand,NZL,72281050-bars-and-rods-of-high-speed-steel-forged,3.5,,3.5,F
New Zealand,NZL,72281090-bars-and-rods-of-high-speed-steel-not-fu,3.5,,3.5,F
New Zealand,NZL,722820-bars-and-rods-of-silico-manganese-steel,3.5,,3.5,F
New Zealand,NZL,722830-bars-and-rods-of-alloy-steel-other-than,3.5,,3.5,C/F
New Zealand,NZL,722840-bars-and-rods-of-alloy-steel-other-than,3.5,,3.5,F
New Zealand,NZL,722850-bars-and-rods-of-alloy-steel-other-than,3.5,,3.5,C/F
New Zealand,NZL,722860-bars-and-rods-of-alloy-steel-other-than,3.5,,3.5,F
New Zealand,NZL,722870-angles-shapes-and-sections-of-alloy-stee,3.5,,3.5,F
New Zealand,NZL,72288000-hollow-drill-bars-and-rods-of-alloy-or-n,3.5,,3.5,F
New Zealand,NZL,7229-wire-of-alloy-steel-other-than-stainless,3.5,,3.5,C/F
New Zealand,NZL,7301-sheet-piling-of-iron-or-steel-whether-or,2.43,,2.43,C
New Zealand,NZL,7302-railway-or-tramway-track-construction-ma,3.06,,3.06,C
New Zealand,NZL,7303-tubes-pipes-and-hollow-profiles-of-cast,,,,
New Zealand,NZL,730300-tubes-pipes-and-hollow-profiles-of-cast,2.31,,2.31,
New Zealand,NZL,7304-tubes-pipes-and-hollow-profiles-seamless,,,,
New Zealand,NZL,73041100-line-pipe-of-a-kind-used-for-oil-or-gas,3.36,,3.36,
New Zealand,NZL,730419-line-pipe-of-a-kind-used-for-oil-or-gas,2.41,,2.41,C
New Zealand,NZL,73042200-drill-pipe-seamless-of-stainless-steel-o,3.36,,3.36,
New Zealand,NZL,73042300-drill-pipe-seamless-of-a-kind-used-in-dr,2.41,,2.41,C
New Zealand,NZL,73042400-casing-and-tubing-seamless-of-a-kind-use,3.36,,3.36,
New Zealand,NZL,730429-casing-and-tubing-seamless-of-iron-or-st,2.41,,2.41,C
New Zealand,NZL,730431-tubes-pipes-and-hollow-profiles-seamless,2.41,,2.41,C
New Zealand,NZL,730439-tubes-pipes-and-hollow-profiles-seamless,2.41,,2.41,C
New Zealand,NZL,73044100-tubes-pipes-and-hollow-profiles-seamless,3.36,,3.36,
New Zealand,NZL,730449-tubes-pipes-and-hollow-profiles-seamless,3.36,,3.36,
New Zealand,NZL,730451-tubes-pipes-and-hollow-profiles-seamless,2.36,,2.36,F
New Zealand,NZL,730459-tubes-pipes-and-hollow-profiles-seamless,2.36,,2.36,C/F
New Zealand,NZL,73049000-tubes-pipes-and-hollow-profiles-seamless,2.41,,2.41,C
New Zealand,NZL,7305-tubes-and-pipes-having-circular-cross-se,2.43,,2.43,C
New Zealand,NZL,7306-tubes-pipes-and-hollow-profiles-e-g-open,,,,
New Zealand,NZL,73061100-line-pipe-of-a-kind-used-for-oil-or-gas,3.39,,3.39,
New Zealand,NZL,73061900-line-pipe-of-a-kind-used-for-oil-or-gas,2.43,,2.43,C
New Zealand,NZL,73062100-casing-and-tubing-of-a-kind-used-in-dril,3.39,,3.39,
New Zealand,NZL,73062900-casing-and-tubing-of-a-kind-used-in-dril,2.43,,2.43,C
New Zealand,NZL,73063012-precision-tubes-welded-of-circular-cross,2.43,,2.43,C
New Zealand,NZL,73063018-precision-tubes-welded-of-circular-cross,2.42,,2.42,C
New Zealand,NZL,73063041-threaded-or-threadable-tubes-gas-pipe-we,2.43,,2.43,C
New Zealand,NZL,73063049-threaded-or-threadable-tubes-gas-pipe-we,2.43,,2.43,C
New Zealand,NZL,73063072-other-tubes-pipes-and-hollow-profiles-we,2.43,,2.43,C
New Zealand,NZL,73063077-other-tubes-pipes-and-hollow-profiles-we,2.43,,2.43,C
New Zealand,NZL,73063080-tubes-pipes-and-hollow-profiles-welded-h,2.43,,2.43,C
New Zealand,NZL,73064020-tubes-pipes-and-hollow-profiles-welded-o,3.39,,3.39,
New Zealand,NZL,73064080-tubes-pipes-and-hollow-profiles-welded-o,3.38,,3.38,
New Zealand,NZL,73065021-precision-steel-tubes-welded-of-circular,2.41,,2.41,F
New Zealand,NZL,73065029-precision-steel-tubes-welded-of-circular,2.4,,2.4,F
New Zealand,NZL,73065080-tubes-pipes-and-hollow-profiles-welded-o,2.41,,2.41,F
New Zealand,NZL,73066110-tubes-and-pipes-and-hollow-profiles-weld,3.39,,3.39,
New Zealand,NZL,73066192-tubes-and-pipes-and-hollow-profiles-weld,2.43,,2.43,C
New Zealand,NZL,73066199-tubes-and-pipes-and-hollow-profiles-weld,2.43,,2.43,C
New Zealand,NZL,73066910-tubes-pipes-and-hollow-profiles-welded-o,3.39,,3.39,
New Zealand,NZL,73066990-tubes-pipes-and-hollow-profiles-welded-o,2.43,,2.43,C
New Zealand,NZL,73069000-tubes-pipes-and-hollow-profiles-e-g-open,2.43,,2.43,C
New Zealand,NZL,7307-tube-or-pipe-fittings-e-g-couplings-elbo,,,,
New Zealand,NZL,730711-tube-or-pipe-fittings-of-non-malleable-c,2.31,,2.31,
New Zealand,NZL,73071910-tube-or-pipe-fittings-of-cast-iron-excl,2.31,,2.31,
New Zealand,NZL,73071990-cast-tube-or-pipe-fittings-of-steel,2.41,,2.41,C
New Zealand,NZL,73072100-flanges-of-stainless-steel-excl-cast-pro,2.82,,2.82,
New Zealand,NZL,730722-threaded-elbows-bends-and-sleeves-of-sta,2.82,,2.82,
New Zealand,NZL,730723-butt-welding-tube-or-pipe-fittings-of-st,2.82,,2.82,
New Zealand,NZL,730729-tube-or-pipe-fittings-of-stainless-steel,2.82,,2.82,
New Zealand,NZL,73079100-flanges-of-iron-or-steel-excl-cast-or-st,2.41,,2.41,C
New Zealand,NZL,730792-threaded-elbows-bends-and-sleeves-of-sta,2.41,,2.41,C
New Zealand,NZL,730793-butt-welding-fittings-of-iron-or-steel-e,2.41,,2.41,C
New Zealand,NZL,730799-tube-or-pipe-fittings-of-iron-or-steel-e,2.41,,2.41,C
New Zealand,NZL,7308-structures-and-parts-of-structures-e-g-b,2.9,,2.9,C
New Zealand,NZL,7309-reservoirs-tanks-vats-and-similar-contai,3.04,,3.04,C
New Zealand,NZL,7310-tanks-casks-drums-cans-boxes-and-similar,2.43,,2.43,C
New Zealand,NZL,7311-containers-of-iron-or-steel-for-compress,,,,
New Zealand,NZL,731100-containers-of-iron-or-steel-for-compress,3.02,,3.02,C
New Zealand,NZL,7318-screws-bolts-nuts-coach-screws-screw-hoo,,,,
New Zealand,NZL,73181100-coach-screws-of-iron-or-steel,2.41,,2.41,C
New Zealand,NZL,73181210-wood-screws-of-stainless-steel-excl-coac,3.36,,3.36,
New Zealand,NZL,73181290-wood-screws-of-iron-or-steel-other-than,2.41,,2.41,C
New Zealand,NZL,73181300-screw-hooks-and-screw-rings-of-iron-or-s,2.41,,2.41,C
New Zealand,NZL,73181410-self-tapping-screws-of-stainless-steel-e,3.36,,3.36,
New Zealand,NZL,73181491-spaced-thread-screws-of-iron-or-steel-ot,2.41,,2.41,C
New Zealand,NZL,73181499-self-tapping-screws-of-iron-or-steel-oth,2.41,,2.41,C
New Zealand,NZL,731815-threaded-screws-and-bolts-of-iron-or-ste,2.82,,2.82,C
New Zealand,NZL,731816-nuts-of-iron-or-steel,3.02,,3.02,C
New Zealand,NZL,73181900-threaded-articles-of-iron-or-steel-n-e-s,2.41,,2.41,C
New Zealand,NZL,73182100-spring-washers-and-other-lock-washers-of,2.41,,2.41,C
New Zealand,NZL,73182200-washers-of-iron-or-steel-excl-spring-was,2.47,,2.47,C
New Zealand,NZL,73182300-rivets-of-iron-or-steel-excl-tubular-and,2.41,,2.41,C
New Zealand,NZL,73182400-cotters-and-cotter-pins-of-iron-or-steel,2.41,,2.41,C
New Zealand,NZL,73182900-non-threaded-articles-of-iron-or-steel,2.41,,2.41,C
New Zealand,NZL,7326-articles-of-iron-or-steel-n-e-s-excl-cas,,,,
New Zealand,NZL,73261100-grinding-balls-and-similar-articles-for,2.41,,2.41,C
New Zealand,NZL,732619-articles-of-iron-or-steel-forged-or-stam,2.41,,2.41,C
New Zealand,NZL,73262000-articles-of-iron-or-steel-wire-n-e-s,2.41,,2.41,C
New Zealand,NZL,73269030-ladders-and-steps-of-iron-or-steel,2.41,,2.41,C
New Zealand,NZL,73269040-pallets-and-similar-platforms-for-handli,2.41,,2.41,C
New Zealand,NZL,73269050-reels-for-cables-piping-and-the-like-of,2.41,,2.41,C
New Zealand,NZL,73269060-ventilators-non-mechanical-guttering-hoo,2.41,,2.41,C
New Zealand,NZL,73269092-articles-of-iron-or-steel-open-die-forge,2.41,,2.41,C
New Zealand,NZL,73269094-articles-of-iron-or-steel-closed-die-for,2.41,,2.41,C
New Zealand,NZL,73269096-sintered-articles-of-iron-or-steel-n-e-s,2.41,,2.41,C
New Zealand,NZL,73269098-articles-of-iron-or-steel-n-e-s,2.43,,2.43,C
Nicaragua,NIC,28080000-nitric-acid-sulphonitric-acids,1.81,0.07,1.88,
Nicaragua,NIC,28141000-anhydrous-ammonia,,,,
Nicaragua,NIC,28142000-ammonia-in-aqueous-solution,0.68,0.07,0.75,
Nicaragua,NIC,28342100-nitrate-of-potassium,1.62,0.11,1.73,
Nicaragua,NIC,3102-mineral-or-chemical-fertilizers-nitrogen,,,,
Nicaragua,NIC,31021012-urea-in-aqueous-solution-containing-45-n,0.51,0.06,0.57,
Nicaragua,NIC,31021015-urea-in-aqueous-solution-containing-45-n,0.84,0.06,0.9,
Nicaragua,NIC,31021019-urea-whether-or-not-in-aqueous-solution,1.53,0.18,1.7,
Nicaragua,NIC,31021090-urea-whether-or-not-in-aqueous-solution,1.5,0.17,1.67,
Nicaragua,NIC,31022100-ammonium-sulphate-excl-that-in-tablets-o,0.66,0.13,0.79,
Nicaragua,NIC,31022900-double-salts-and-mixtures-of-ammonium-su,1.16,0.14,1.3,
Nicaragua,NIC,31023010-ammonium-nitrate-in-aqueous-solution-exc,1.23,0.11,1.34,
Nicaragua,NIC,31023090-ammonium-nitrate-excl-that-in-aqueous-so,1.9,0.17,2.06,
Nicaragua,NIC,31024010-mixtures-of-ammonium-nitrate-with-calciu,1.64,0.16,1.8,
Nicaragua,NIC,31024090-mixtures-of-ammonium-nitrate-with-calciu,1.64,0.16,1.8,
Nicaragua,NIC,31025000-sodium-nitrate-excl-that-in-tablets-or-s,2.82,0.12,2.94,
Nicaragua,NIC,31026000-double-salts-and-mixtures-of-calcium-nit,1.59,0.15,1.74,
Nicaragua,NIC,31028000-mixtures-of-urea-and-ammonium-nitrate-in,1.33,0.14,1.47,
Nicaragua,NIC,31029000-mineral-or-chemical-nitrogen-fertilisers,1.47,0.16,1.63,
Nicaragua,NIC,3105-mineral-or-chemical-fertilisers-containi,,,,
Nicaragua,NIC,31051000-mineral-or-chemical-fertilisers-of-anima,0.69,0.13,0.82,
Nicaragua,NIC,31052010-mineral-or-chemical-fertilisers-containi,0.83,0.15,0.98,
Nicaragua,NIC,31052090-mineral-or-chemical-fertilisers-containi,0.56,0.12,0.68,
Nicaragua,NIC,31053000-diammonium-hydrogenorthophosphate-diammo,0.53,0.1,0.63,
Nicaragua,NIC,31054000-ammonium-dihydrogenorthophosphate-monoam,0.34,0.08,0.41,
Nicaragua,NIC,31055100-other-mineral-or-chemical-fertilisers-co,1.13,0.19,1.32,
Nicaragua,NIC,31055900-other-mineral-or-chemical-fertilisers-co,0.61,0.14,0.75,
Nicaragua,NIC,31059020-mineral-or-chemical-fertilisers-containi,1.09,0.12,1.21,
Nicaragua,NIC,31059080-mineral-or-chemical-fertilisers-containi,0.56,0.08,0.64,
Nicaragua,NIC,7601-unwrought-aluminium,0.36,,0.36,L
Nicaragua,NIC,7603-aluminium-powders-and-flakes,0.47,,0.47,L
Nicaragua,NIC,76041010-bars-and-rods,0.69,,0.69,L
Nicaragua,NIC,76041090-profiles,0.71,,0.71,L
Nicaragua,NIC,76042100-hollow-profiles,0.71,,0.71,L
Nicaragua,NIC,76042910-bars-and-rods,0.69,,0.69,L
Nicaragua,NIC,76042990-profiles,0.71,,0.71,L
Nicaragua,NIC,7605-aluminium-wire,0.69,,0.69,L
Nicaragua,NIC,7606-aluminium-plates-sheets-and-strip-of-a-t,1.15,,1.15,L
Nicaragua,NIC,7607-aluminium-foil-whether-or-not-printed-or,1.15,,1.15,L
Nicaragua,NIC,7608-aluminium-tubes-and-pipes,0.71,,0.71,L
Nicaragua,NIC,76090000-aluminium-tube-or-pipe-fittings-for-exam,0.71,,0.71,L
Nicaragua,NIC,76101000-doors-windows-and-their-frames-and-thres,0.71,,0.71,L
Nicaragua,NIC,761090-other,0.71,,0.71,L
Nicaragua,NIC,76109010-bridges-and-bridge-sections-towers-and-l,0.71,,0.71,L
Nicaragua,NIC,76109090-other,0.71,,0.71,L
Nicaragua,NIC,76110000-aluminium-reservoirs-tanks-vats-and-simi,1.15,,1.15,L
Nicaragua,NIC,7612-aluminium-casks-drums-cans-boxes-and-sim,1.15,,1.15,L
Nicaragua,NIC,76130000-aluminium-containers-for-compressed-or-l,1.15,,1.15,L
Nicaragua,NIC,7614-stranded-wire-cables-plaited-bands-and-t,0.69,,0.69,L
Nicaragua,NIC,76161000-nails-tacks-staples-other-than-those-of,1.15,,1.15,L
Nicaragua,NIC,76169100-cloth-grill-netting-and-fencing-of-alumi,1.15,,1.15,L
Nicaragua,NIC,76169910-cast,0.47,,0.47,L
Nicaragua,NIC,76169990-other,1.15,,1.15,L
Nicaragua,NIC,28041000-hydrogen,10.82,,10.82,
Niger,NER,2507008080-calcined-clay,,,,
Niger,NER,2523100010-white-clinker,,,,
Niger,NER,2523100090-other-clinker-including-grey-clinker,1.24,0.08,1.32,A
Niger,NER,25232100-white-portland-cement,,,,
Niger,NER,25232900-grey-portland-cement,1.22,0.13,1.35,
Niger,NER,25233000-aluminous-cement,,,,
Niger,NER,2523900010-white-hydraulic-cement,,,,
Niger,NER,2523900090-other-hydraulic-cements-including-grey-h,1.16,0.13,1.29,A
Niger,NER,28041000-hydrogen,14.03,,14.03,
Nigeria,NGA,2507008080-calcined-clay,,,,
Nigeria,NGA,2523100010-white-clinker,,,,
Nigeria,NGA,2523100090-other-clinker-including-grey-clinker,1.24,0.03,1.28,A
Nigeria,NGA,25232100-white-portland-cement,,,,
Nigeria,NGA,25232900-grey-portland-cement,1.24,0.05,1.3,
Nigeria,NGA,25233000-aluminous-cement,,,,
Nigeria,NGA,2523900010-white-hydraulic-cement,,,,
Nigeria,NGA,2523900090-other-hydraulic-cements-including-grey-h,1.18,0.06,1.24,A
Nigeria,NGA,28080000-nitric-acid-sulphonitric-acids,1.61,0.03,1.65,
Nigeria,NGA,28141000-anhydrous-ammonia,2.01,0.1,2.11,
Nigeria,NGA,28142000-ammonia-in-aqueous-solution,0.6,0.03,0.63,
Nigeria,NGA,28342100-nitrate-of-potassium,1.45,0.05,1.5,
Nigeria,NGA,3102-mineral-or-chemical-fertilizers-nitrogen,,,,
Nigeria,NGA,31021012-urea-in-aqueous-solution-containing-45-n,0.46,0.03,0.49,
Nigeria,NGA,31021015-urea-in-aqueous-solution-containing-45-n,0.76,0.03,0.79,
Nigeria,NGA,31021019-urea-whether-or-not-in-aqueous-solution,1.38,0.08,1.46,
Nigeria,NGA,31021090-urea-whether-or-not-in-aqueous-solution,1.35,0.08,1.43,
Nigeria,NGA,31022100-ammonium-sulphate-excl-that-in-tablets-o,0.6,0.06,0.66,
Nigeria,NGA,31022900-double-salts-and-mixtures-of-ammonium-su,1.04,0.07,1.11,
Nigeria,NGA,31023010-ammonium-nitrate-in-aqueous-solution-exc,1.1,0.05,1.15,
Nigeria,NGA,31023090-ammonium-nitrate-excl-that-in-aqueous-so,1.7,0.08,1.77,
Nigeria,NGA,31024010-mixtures-of-ammonium-nitrate-with-calciu,1.47,0.07,1.54,
Nigeria,NGA,31024090-mixtures-of-ammonium-nitrate-with-calciu,1.47,0.07,1.54,
Nigeria,NGA,31025000-sodium-nitrate-excl-that-in-tablets-or-s,2.52,0.05,2.57,
Nigeria,NGA,31026000-double-salts-and-mixtures-of-calcium-nit,1.42,0.07,1.49,
Nigeria,NGA,31028000-mixtures-of-urea-and-ammonium-nitrate-in,1.2,0.06,1.26,
Nigeria,NGA,31029000-mineral-or-chemical-nitrogen-fertilisers,1.32,0.07,1.4,
Nigeria,NGA,3105-mineral-or-chemical-fertilisers-containi,,,,
Nigeria,NGA,31051000-mineral-or-chemical-fertilisers-of-anima,0.62,0.06,0.68,
Nigeria,NGA,31052010-mineral-or-chemical-fertilisers-containi,0.75,0.07,0.82,
Nigeria,NGA,31052090-mineral-or-chemical-fertilisers-containi,0.51,0.06,0.57,
Nigeria,NGA,31053000-diammonium-hydrogenorthophosphate-diammo,0.47,0.04,0.52,
Nigeria,NGA,31054000-ammonium-dihydrogenorthophosphate-monoam,0.3,0.04,0.34,
Nigeria,NGA,31055100-other-mineral-or-chemical-fertilisers-co,1.01,0.09,1.1,
Nigeria,NGA,31055900-other-mineral-or-chemical-fertilisers-co,0.55,0.08,0.64,
Nigeria,NGA,31059020-mineral-or-chemical-fertilisers-containi,0.98,0.05,1.03,
Nigeria,NGA,31059080-mineral-or-chemical-fertilisers-containi,0.51,0.04,0.54,
Nigeria,NGA,7601-unwrought-aluminium,0.36,,0.36,L
Nigeria,NGA,7603-aluminium-powders-and-flakes,1.1,,1.1,L
Nigeria,NGA,76041010-bars-and-rods,1.33,,1.33,L
Nigeria,NGA,76041090-profiles,1.34,,1.34,L
Nigeria,NGA,76042100-hollow-profiles,1.34,,1.34,L
Nigeria,NGA,76042910-bars-and-rods,1.33,,1.33,L
Nigeria,NGA,76042990-profiles,1.34,,1.34,L
Nigeria,NGA,7605-aluminium-wire,1.33,,1.33,L
Nigeria,NGA,7606-aluminium-plates-sheets-and-strip-of-a-t,1.79,,1.79,L
Nigeria,NGA,7607-aluminium-foil-whether-or-not-printed-or,1.79,,1.79,L
Nigeria,NGA,7608-aluminium-tubes-and-pipes,1.34,,1.34,L
Nigeria,NGA,76090000-aluminium-tube-or-pipe-fittings-for-exam,1.34,,1.34,L
Nigeria,NGA,76101000-doors-windows-and-their-frames-and-thres,1.34,,1.34,L
Nigeria,NGA,761090-other,1.34,,1.34,L
Nigeria,NGA,76109010-bridges-and-bridge-sections-towers-and-l,1.34,,1.34,L
Nigeria,NGA,76109090-other,1.34,,1.34,L
Nigeria,NGA,76110000-aluminium-reservoirs-tanks-vats-and-simi,1.79,,1.79,L
Nigeria,NGA,7612-aluminium-casks-drums-cans-boxes-and-sim,1.79,,1.79,L
Nigeria,NGA,76130000-aluminium-containers-for-compressed-or-l,1.79,,1.79,L
Nigeria,NGA,7614-stranded-wire-cables-plaited-bands-and-t,1.33,,1.33,L
Nigeria,NGA,76161000-nails-tacks-staples-other-than-those-of,1.79,,1.79,L
Nigeria,NGA,76169100-cloth-grill-netting-and-fencing-of-alumi,1.79,,1.79,L
Nigeria,NGA,76169910-cast,1.1,,1.1,L
Nigeria,NGA,76169990-other,1.79,,1.79,L
Nigeria,NGA,28041000-hydrogen,10.82,,10.82,
North Korea (Democratic People’,PRK,2507008080-calcined-clay,,,,
North Korea (Democratic People’,PRK,2523100010-white-clinker,,,,
North Korea (Democratic People’,PRK,2523100090-other-clinker-including-grey-clinker,1.36,0.04,1.39,A
North Korea (Democratic People’,PRK,25232100-white-portland-cement,,,,
North Korea (Democratic People’,PRK,25232900-grey-portland-cement,1.36,0.07,1.42,
North Korea (Democratic People’,PRK,25233000-aluminous-cement,,,,
North Korea (Democratic People’,PRK,2523900010-white-hydraulic-cement,,,,
North Korea (Democratic People’,PRK,2523900090-other-hydraulic-cements-including-grey-h,1.29,0.07,1.36,A
North Korea (Democratic People’,PRK,28080000-nitric-acid-sulphonitric-acids,2.08,0.05,2.13,
North Korea (Democratic People’,PRK,28141000-anhydrous-ammonia,2.05,0.15,2.2,
North Korea (Democratic People’,PRK,28142000-ammonia-in-aqueous-solution,0.62,0.04,0.66,
North Korea (Democratic People’,PRK,28342100-nitrate-of-potassium,1.75,0.07,1.82,
North Korea (Democratic People’,PRK,3102-mineral-or-chemical-fertilizers-nitrogen,,,,
North Korea (Democratic People’,PRK,31021012-urea-in-aqueous-solution-containing-45-n,0.44,0.04,0.48,
North Korea (Democratic People’,PRK,31021015-urea-in-aqueous-solution-containing-45-n,0.74,0.04,0.77,
North Korea (Democratic People’,PRK,31021019-urea-whether-or-not-in-aqueous-solution,1.34,0.12,1.45,
North Korea (Democratic People’,PRK,31021090-urea-whether-or-not-in-aqueous-solution,1.31,0.11,1.42,
North Korea (Democratic People’,PRK,31022100-ammonium-sulphate-excl-that-in-tablets-o,0.59,0.09,0.68,
North Korea (Democratic People’,PRK,31022900-double-salts-and-mixtures-of-ammonium-su,1.18,0.1,1.27,
North Korea (Democratic People’,PRK,31023010-ammonium-nitrate-in-aqueous-solution-exc,1.33,0.07,1.4,
North Korea (Democratic People’,PRK,31023090-ammonium-nitrate-excl-that-in-aqueous-so,2.04,0.11,2.16,
North Korea (Democratic People’,PRK,31024010-mixtures-of-ammonium-nitrate-with-calciu,1.75,0.1,1.85,
North Korea (Democratic People’,PRK,31024090-mixtures-of-ammonium-nitrate-with-calciu,1.75,0.1,1.85,
North Korea (Democratic People’,PRK,31025000-sodium-nitrate-excl-that-in-tablets-or-s,3.25,0.07,3.32,
North Korea (Democratic People’,PRK,31026000-double-salts-and-mixtures-of-calcium-nit,1.71,0.1,1.81,
North Korea (Democratic People’,PRK,31028000-mixtures-of-urea-and-ammonium-nitrate-in,1.34,0.09,1.43,
North Korea (Democratic People’,PRK,31029000-mineral-or-chemical-nitrogen-fertilisers,1.41,0.11,1.52,
North Korea (Democratic People’,PRK,3105-mineral-or-chemical-fertilisers-containi,,,,
North Korea (Democratic People’,PRK,31051000-mineral-or-chemical-fertilisers-of-anima,0.69,0.09,0.78,
North Korea (Democratic People’,PRK,31052010-mineral-or-chemical-fertilisers-containi,0.87,0.11,0.97,
North Korea (Democratic People’,PRK,31052090-mineral-or-chemical-fertilisers-containi,0.59,0.08,0.67,
North Korea (Democratic People’,PRK,31053000-diammonium-hydrogenorthophosphate-diammo,0.48,0.06,0.54,
North Korea (Democratic People’,PRK,31054000-ammonium-dihydrogenorthophosphate-monoam,0.3,0.05,0.36,
North Korea (Democratic People’,PRK,31055100-other-mineral-or-chemical-fertilisers-co,1.19,0.13,1.32,
North Korea (Democratic People’,PRK,31055900-other-mineral-or-chemical-fertilisers-co,0.55,0.1,0.65,
North Korea (Democratic People’,PRK,31059020-mineral-or-chemical-fertilisers-containi,1.16,0.08,1.24,
North Korea (Democratic People’,PRK,31059080-mineral-or-chemical-fertilisers-containi,0.6,0.06,0.65,
North Korea (Democratic People’,PRK,28041000-hydrogen,10.82,,10.82,
North Macedonia,MKD,2507008080-calcined-clay,,,,
North Macedonia,MKD,2523100010-white-clinker,,,,
North Macedonia,MKD,2523100090-other-clinker-including-grey-clinker,0.85,0.05,0.91,A
North Macedonia,MKD,25232100-white-portland-cement,,,,
North Macedonia,MKD,25232900-grey-portland-cement,0.87,0.09,0.96,
North Macedonia,MKD,25233000-aluminous-cement,,,,
North Macedonia,MKD,2523900010-white-hydraulic-cement,,,,
North Macedonia,MKD,2523900090-other-hydraulic-cements-including-grey-h,0.83,0.09,0.92,A
North Macedonia,MKD,28080000-nitric-acid-sulphonitric-acids,2.74,0.06,2.79,
North Macedonia,MKD,28141000-anhydrous-ammonia,,,,
North Macedonia,MKD,28142000-ammonia-in-aqueous-solution,0.65,0.05,0.7,
North Macedonia,MKD,28342100-nitrate-of-potassium,2.19,0.08,2.27,
North Macedonia,MKD,3102-mineral-or-chemical-fertilizers-nitrogen,,,,
North Macedonia,MKD,31021012-urea-in-aqueous-solution-containing-45-n,0.44,0.04,0.48,
North Macedonia,MKD,31021015-urea-in-aqueous-solution-containing-45-n,0.72,0.04,0.77,
North Macedonia,MKD,31021019-urea-whether-or-not-in-aqueous-solution,1.31,0.14,1.45,
North Macedonia,MKD,31021090-urea-whether-or-not-in-aqueous-solution,1.28,0.13,1.42,
North Macedonia,MKD,31022100-ammonium-sulphate-excl-that-in-tablets-o,0.6,0.1,0.7,
North Macedonia,MKD,31022900-double-salts-and-mixtures-of-ammonium-su,1.38,0.11,1.5,
North Macedonia,MKD,31023010-ammonium-nitrate-in-aqueous-solution-exc,1.65,0.09,1.74,
North Macedonia,MKD,31023090-ammonium-nitrate-excl-that-in-aqueous-so,2.54,0.13,2.67,
North Macedonia,MKD,31024010-mixtures-of-ammonium-nitrate-with-calciu,2.15,0.12,2.27,
North Macedonia,MKD,31024090-mixtures-of-ammonium-nitrate-with-calciu,2.15,0.12,2.27,
North Macedonia,MKD,31025000-sodium-nitrate-excl-that-in-tablets-or-s,4.27,0.09,4.36,
North Macedonia,MKD,31026000-double-salts-and-mixtures-of-calcium-nit,2.13,0.12,2.24,
North Macedonia,MKD,31028000-mixtures-of-urea-and-ammonium-nitrate-in,1.55,0.1,1.66,
North Macedonia,MKD,31029000-mineral-or-chemical-nitrogen-fertilisers,1.56,0.12,1.68,
North Macedonia,MKD,3105-mineral-or-chemical-fertilisers-containi,,,,
North Macedonia,MKD,31051000-mineral-or-chemical-fertilisers-of-anima,0.79,0.1,0.89,
North Macedonia,MKD,31052010-mineral-or-chemical-fertilisers-containi,1.05,0.12,1.17,
North Macedonia,MKD,31052090-mineral-or-chemical-fertilisers-containi,0.71,0.09,0.8,
North Macedonia,MKD,31053000-diammonium-hydrogenorthophosphate-diammo,0.5,0.08,0.57,
North Macedonia,MKD,31054000-ammonium-dihydrogenorthophosphate-monoam,0.32,0.06,0.38,
North Macedonia,MKD,31055100-other-mineral-or-chemical-fertilisers-co,1.44,0.15,1.59,
North Macedonia,MKD,31055900-other-mineral-or-chemical-fertilisers-co,0.56,0.11,0.67,
North Macedonia,MKD,31059020-mineral-or-chemical-fertilisers-containi,1.43,0.09,1.52,
North Macedonia,MKD,31059080-mineral-or-chemical-fertilisers-containi,0.73,0.06,0.79,
North Macedonia,MKD,28041000-hydrogen,10.82,,10.82,
North Macedonia,MKD,26011200-agglomerated-iron-ores-and-concentrates,,,,
North Macedonia,MKD,7201-pig-iron-and-spiegeleisen-in-pigs-blocks,,,,
North Macedonia,MKD,720211-ferro-manganese-containing-by-weight-2-o,1.69,,1.69,
North Macedonia,MKD,720219-ferro-manganese-containing-by-weight-2-c,,,,
North Macedonia,MKD,720241-ferro-chromium-containing-by-weight-4-of,2.35,,2.35,
North Macedonia,MKD,720249-ferro-chromium-containing-by-weight-4-of,,,,
North Macedonia,MKD,72026000-ferro-nickel,3.48,,3.48,
North Macedonia,MKD,7203-ferrous-products-obtained-by-direct-redu,,,,
North Macedonia,MKD,7205-granules-and-powders-of-pig-iron-spiegel,1.63,,1.63,E/H
North Macedonia,MKD,7206-iron-and-non-alloy-steel-in-ingots-or-ot,,,,
North Macedonia,MKD,72061000-ingots-of-iron-and-non-alloy-steel-excl,1.51,,1.51,E
North Macedonia,MKD,72069000-iron-and-non-alloy-steel-in-puddled-bars,1.53,,1.53,E
North Macedonia,MKD,7207-semi-finished-products-of-iron-or-non-al,,,,
North Macedonia,MKD,72071111-semi-finished-products-of-non-alloy-free,1.53,,1.53,E
North Macedonia,MKD,72071114-semi-finished-products-of-iron-or-non-al,1.53,,1.53,E
North Macedonia,MKD,72071116-semi-finished-products-of-iron-or-non-al,1.53,,1.53,E
North Macedonia,MKD,72071190-semi-finished-products-of-iron-or-non-al,1.51,,1.51,E
North Macedonia,MKD,72071210-semi-finished-products-of-iron-or-non-al,1.53,,1.53,E
North Macedonia,MKD,72071290-semi-finished-products-of-iron-or-non-al,1.51,,1.51,E
North Macedonia,MKD,72071912-semi-finished-products-of-iron-or-non-al,1.53,,1.53,E
North Macedonia,MKD,72071919-semi-finished-products-of-iron-or-non-al,1.51,,1.51,E
North Macedonia,MKD,72071980-semi-finished-products-of-iron-or-non-al,1.53,,1.53,E
North Macedonia,MKD,72072011-semi-finished-products-of-non-alloy-free,1.53,,1.53,E
North Macedonia,MKD,72072015-semi-finished-products-of-iron-or-non-al,1.53,,1.53,E
North Macedonia,MKD,72072017-semi-finished-products-of-iron-or-non-al,1.53,,1.53,E
North Macedonia,MKD,72072019-semi-finished-products-of-iron-or-non-al,1.51,,1.51,E
North Macedonia,MKD,72072032-semi-finished-products-of-iron-or-non-al,1.53,,1.53,E
North Macedonia,MKD,72072039-semi-finished-products-of-iron-or-non-al,1.51,,1.51,E
North Macedonia,MKD,72072052-semi-finished-products-of-iron-or-non-al,1.53,,1.53,E
North Macedonia,MKD,72072059-semi-finished-products-of-iron-or-non-al,1.51,,1.51,E
North Macedonia,MKD,72072080-semi-finished-products-of-iron-or-non-al,1.53,,1.53,E
North Macedonia,MKD,7208-flat-rolled-products-of-iron-or-non-allo,1.53,,1.53,E
North Macedonia,MKD,7209-flat-rolled-products-of-iron-or-non-allo,1.53,,1.53,E
North Macedonia,MKD,7210-flat-rolled-products-of-iron-or-non-allo,1.53,,1.53,E
North Macedonia,MKD,7211-flat-rolled-products-of-iron-or-non-allo,,,,
North Macedonia,MKD,72111300-flat-rolled-products-of-iron-or-non-allo,1.53,,1.53,E
North Macedonia,MKD,72111400-flat-rolled-products-of-iron-or-non-allo,1.53,,1.53,E
North Macedonia,MKD,72111900-flat-rolled-products-of-iron-or-non-allo,1.53,,1.53,E
North Macedonia,MKD,721123-flat-rolled-products-of-iron-or-non-allo,1.53,,1.53,E
North Macedonia,MKD,72112900-flat-rolled-products-of-iron-or-non-allo,1.53,,1.53,E
North Macedonia,MKD,721190-flat-rolled-products-of-iron-or-non-allo,1.53,,1.53,E
North Macedonia,MKD,7212-flat-rolled-products-of-iron-or-non-allo,1.53,,1.53,E
North Macedonia,MKD,7213-bars-and-rods-of-iron-or-non-alloy-steel,1.53,,1.53,E
North Macedonia,MKD,7214-bars-and-rods-of-iron-or-non-alloy-steel,,,,
North Macedonia,MKD,72141000-bars-and-rods-of-iron-or-non-alloy-steel,1.51,,1.51,E
North Macedonia,MKD,72142000-bars-and-rods-of-iron-or-non-alloy-steel,1.53,,1.53,E
North Macedonia,MKD,72143000-bars-and-rods-of-non-alloy-free-cutting,1.53,,1.53,E
North Macedonia,MKD,721491-bars-and-rods-of-iron-or-non-alloy-steel,1.53,,1.53,E
North Macedonia,MKD,721499-bars-and-rods-of-iron-or-non-alloy-steel,1.53,,1.53,E
North Macedonia,MKD,7215-bars-and-rods-of-iron-or-non-alloy-steel,1.53,,1.53,E
North Macedonia,MKD,7216-angles-shapes-and-sections-of-iron-or-no,1.922,,1.922,E
North Macedonia,MKD,7217-wire-of-iron-or-non-alloy-steel-in-coils,,,,
North Macedonia,MKD,721710-wire-of-iron-or-non-alloy-steel-in-coils,1.53,,1.53,E
North Macedonia,MKD,721720-wire-of-iron-or-non-alloy-steel-in-coils,1.53,,1.53,E
North Macedonia,MKD,721730-wire-of-iron-or-non-alloy-steel-in-coils,1.53,,1.53,E
North Macedonia,MKD,721790-wire-of-iron-or-non-alloy-steel-in-coils,1.53,,1.53,E
North Macedonia,MKD,7218-stainless-steel-in-ingots-or-other-prima,,,,
North Macedonia,MKD,72181000-steel-stainless-in-ingots-and-other-prim,2.9,,2.9,
North Macedonia,MKD,721891-semi-finished-products-of-stainless-stee,2.91,,2.91,
North Macedonia,MKD,72189911-semi-finished-products-of-stainless-stee,2.91,,2.91,
North Macedonia,MKD,72189919-semi-finished-products-of-stainless-stee,2.9,,2.9,
North Macedonia,MKD,72189920-semi-finished-products-of-stainless-stee,2.91,,2.91,
North Macedonia,MKD,72189980-semi-finished-products-of-stainless-stee,2.9,,2.9,
North Macedonia,MKD,7219-flat-rolled-products-of-stainless-steel,,,,
North Macedonia,MKD,72191100-flat-rolled-products-of-stainless-steel,2.91,,2.91,
North Macedonia,MKD,721912-flat-rolled-products-of-stainless-steel,2.91,,2.91,
North Macedonia,MKD,721913-flat-rolled-products-of-stainless-steel,2.91,,2.91,
North Macedonia,MKD,721914-flat-rolled-products-of-stainless-steel,2.91,,2.91,
North Macedonia,MKD,721921-flat-rolled-products-of-stainless-steel,2.91,,2.91,
North Macedonia,MKD,721922-flat-rolled-products-of-stainless-steel,2.91,,2.91,
North Macedonia,MKD,72192300-flat-rolled-products-of-stainless-steel,2.91,,2.91,
North Macedonia,MKD,72192400-flat-rolled-products-of-stainless-steel,2.91,,2.91,
North Macedonia,MKD,72193100-flat-rolled-products-of-stainless-steel,2.91,,2.91,
North Macedonia,MKD,721932-flat-rolled-products-of-stainless-steel,2.91,,2.91,
North Macedonia,MKD,721933-flat-rolled-products-of-stainless-steel,2.91,,2.91,
North Macedonia,MKD,721934-flat-rolled-products-of-stainless-steel,2.91,,2.91,
North Macedonia,MKD,721935-flat-rolled-products-of-stainless-steel,2.91,,2.91,
North Macedonia,MKD,721990-flat-rolled-products-of-stainless-steel,2.91,,2.91,
North Macedonia,MKD,7220-flat-rolled-products-of-stainless-steel,,,,
North Macedonia,MKD,72201100-flat-rolled-products-of-stainless-steel,2.91,,2.91,
North Macedonia,MKD,72201200-flat-rolled-products-of-stainless-steel,2.91,,2.91,
North Macedonia,MKD,722020-flat-rolled-products-of-stainless-steel,2.91,,2.91,
North Macedonia,MKD,722090-flat-rolled-products-of-stainless-steel,2.91,,2.91,
North Macedonia,MKD,7221-bars-and-rods-of-stainless-steel-hot-rol,2.91,,2.91,
North Macedonia,MKD,7222-other-bars-and-rods-of-stainless-steel-a,,,,
North Macedonia,MKD,722211-bars-and-rods-of-stainless-steel-only-ho,2.91,,2.91,
North Macedonia,MKD,722219-bars-and-rods-of-stainless-steel-only-ho,2.91,,2.91,
North Macedonia,MKD,722220-other-bars-and-rods-of-stainless-steel-n,2.91,,2.91,
North Macedonia,MKD,722230-other-bars-and-rods-of-stainless-steel-c,2.9,,2.9,
North Macedonia,MKD,722240-angles-shapes-and-sections-of-stainless,2.91,,2.91,
North Macedonia,MKD,7223-wire-of-stainless-steel-in-coils-excl-ba,,,,
North Macedonia,MKD,722300-wire-of-stainless-steel-in-coils-excl-ba,2.91,,2.91,
North Macedonia,MKD,7224-steel-alloy-other-than-stainless-in-ingo,,,,
North Macedonia,MKD,722410-steel-alloy-other-than-stainless-in-ingo,3.42,,3.42,H
North Macedonia,MKD,72249002-semi-finished-products-of-tool-steel,3.44,,3.44,H
North Macedonia,MKD,72249003-semi-finished-products-of-high-speed-ste,3.44,,3.44,H
North Macedonia,MKD,72249005-semi-finished-products-of-steel-containi,3.44,,3.44,H
North Macedonia,MKD,72249007-semi-finished-products-of-alloy-steel-ot,3.44,,3.44,H
North Macedonia,MKD,72249014-semi-finished-products-of-alloy-steel-ot,3.44,,3.44,H
North Macedonia,MKD,72249018-semi-finished-products-of-alloy-steel-ot,3.42,,3.42,H
North Macedonia,MKD,72249031-semi-finished-products-of-steel-containi,3.44,,3.44,H
North Macedonia,MKD,72249038-semi-finished-products-of-alloy-steel-ot,3.44,,3.44,H
North Macedonia,MKD,72249090-semi-finished-products-of-alloy-steel-ot,3.42,,3.42,H
North Macedonia,MKD,7225-flat-rolled-products-of-alloy-steel-othe,,,,
North Macedonia,MKD,72251100-flat-rolled-products-of-silicon-electric,4.55,,4.55,E
North Macedonia,MKD,72251910-flat-rolled-products-of-silicon-electric,3.44,,3.44,E
North Macedonia,MKD,72251990-flat-rolled-products-of-silicon-electric,3.44,,3.44,E
North Macedonia,MKD,722530-flat-rolled-products-of-alloy-steel-othe,3.44,,3.44,H
North Macedonia,MKD,722540-flat-rolled-products-of-alloy-steel-othe,3.44,,3.44,H
North Macedonia,MKD,722550-flat-rolled-products-of-alloy-steel-othe,3.44,,3.44,H
North Macedonia,MKD,72259100-flat-rolled-products-of-alloy-steel-othe,3.44,,3.44,H
North Macedonia,MKD,72259200-flat-rolled-products-of-alloy-steel-othe,3.44,,3.44,H
North Macedonia,MKD,72259900-flat-rolled-products-of-alloy-steel-othe,3.44,,3.44,H
North Macedonia,MKD,7226-flat-rolled-products-of-alloy-steel-othe,,,,
North Macedonia,MKD,72261100-flat-rolled-products-of-silicon-electric,4.55,,4.55,E
North Macedonia,MKD,72261910-flat-rolled-products-of-silicon-electric,3.44,,3.44,E
North Macedonia,MKD,72261980-flat-rolled-products-of-silicon-electric,3.44,,3.44,E
North Macedonia,MKD,72262000-flat-rolled-products-of-high-speed-steel,3.44,,3.44,H
North Macedonia,MKD,722691-flat-rolled-products-of-alloy-steel-othe,3.44,,3.44,H
North Macedonia,MKD,72269200-flat-rolled-products-of-alloy-steel-othe,3.44,,3.44,H
North Macedonia,MKD,722699-flat-rolled-products-of-alloy-steel-othe,3.44,,3.44,H
North Macedonia,MKD,7227-bars-and-rods-of-alloy-steel-other-than,3.44,,3.44,E/H
North Macedonia,MKD,7228-other-bars-and-rods-of-alloy-steel-other,,,,
North Macedonia,MKD,72281020-bars-and-rods-of-high-speed-steel-not-fu,3.44,,3.44,H
North Macedonia,MKD,72281050-bars-and-rods-of-high-speed-steel-forged,3.42,,3.42,H
North Macedonia,MKD,72281090-bars-and-rods-of-high-speed-steel-not-fu,3.44,,3.44,H
North Macedonia,MKD,722820-bars-and-rods-of-silico-manganese-steel,3.44,,3.44,H
North Macedonia,MKD,722830-bars-and-rods-of-alloy-steel-other-than,3.44,,3.44,E/H
North Macedonia,MKD,722840-bars-and-rods-of-alloy-steel-other-than,3.42,,3.42,H
North Macedonia,MKD,722850-bars-and-rods-of-alloy-steel-other-than,3.44,,3.44,E/H
North Macedonia,MKD,722860-bars-and-rods-of-alloy-steel-other-than,3.44,,3.44,H
North Macedonia,MKD,722870-angles-shapes-and-sections-of-alloy-stee,3.44,,3.44,H
North Macedonia,MKD,72288000-hollow-drill-bars-and-rods-of-alloy-or-n,3.44,,3.44,H
North Macedonia,MKD,7229-wire-of-alloy-steel-other-than-stainless,3.44,,3.44,E/H
North Macedonia,MKD,7301-sheet-piling-of-iron-or-steel-whether-or,1.55,,1.55,E
North Macedonia,MKD,7302-railway-or-tramway-track-construction-ma,2.58,,2.58,E
North Macedonia,MKD,7303-tubes-pipes-and-hollow-profiles-of-cast,,,,
North Macedonia,MKD,730300-tubes-pipes-and-hollow-profiles-of-cast,1.64,,1.64,
North Macedonia,MKD,7304-tubes-pipes-and-hollow-profiles-seamless,,,,
North Macedonia,MKD,73041100-line-pipe-of-a-kind-used-for-oil-or-gas,2.91,,2.91,
North Macedonia,MKD,730419-line-pipe-of-a-kind-used-for-oil-or-gas,1.56,,1.56,E
North Macedonia,MKD,73042200-drill-pipe-seamless-of-stainless-steel-o,2.91,,2.91,
North Macedonia,MKD,73042300-drill-pipe-seamless-of-a-kind-used-in-dr,1.56,,1.56,E
North Macedonia,MKD,73042400-casing-and-tubing-seamless-of-a-kind-use,2.91,,2.91,
North Macedonia,MKD,730429-casing-and-tubing-seamless-of-iron-or-st,1.56,,1.56,E
North Macedonia,MKD,730431-tubes-pipes-and-hollow-profiles-seamless,1.56,,1.56,E
North Macedonia,MKD,730439-tubes-pipes-and-hollow-profiles-seamless,1.56,,1.56,E
North Macedonia,MKD,73044100-tubes-pipes-and-hollow-profiles-seamless,2.91,,2.91,
North Macedonia,MKD,730449-tubes-pipes-and-hollow-profiles-seamless,2.91,,2.91,
North Macedonia,MKD,730451-tubes-pipes-and-hollow-profiles-seamless,1.57,,1.57,H
North Macedonia,MKD,730459-tubes-pipes-and-hollow-profiles-seamless,1.57,,1.57,E/H
North Macedonia,MKD,73049000-tubes-pipes-and-hollow-profiles-seamless,1.56,,1.56,E
North Macedonia,MKD,7305-tubes-and-pipes-having-circular-cross-se,1.57,,1.57,E
North Macedonia,MKD,7306-tubes-pipes-and-hollow-profiles-e-g-open,,,,
North Macedonia,MKD,73061100-line-pipe-of-a-kind-used-for-oil-or-gas,2.91,,2.91,
North Macedonia,MKD,73061900-line-pipe-of-a-kind-used-for-oil-or-gas,1.898,,1.898,E
North Macedonia,MKD,73062100-casing-and-tubing-of-a-kind-used-in-dril,2.91,,2.91,
North Macedonia,MKD,73062900-casing-and-tubing-of-a-kind-used-in-dril,1.898,,1.898,E
North Macedonia,MKD,73063012-precision-tubes-welded-of-circular-cross,1.898,,1.898,E
North Macedonia,MKD,73063018-precision-tubes-welded-of-circular-cross,1.898,,1.898,E
North Macedonia,MKD,73063041-threaded-or-threadable-tubes-gas-pipe-we,1.898,,1.898,E
North Macedonia,MKD,73063049-threaded-or-threadable-tubes-gas-pipe-we,1.898,,1.898,E
North Macedonia,MKD,73063072-other-tubes-pipes-and-hollow-profiles-we,1.898,,1.898,E
North Macedonia,MKD,73063077-other-tubes-pipes-and-hollow-profiles-we,1.898,,1.898,E
North Macedonia,MKD,73063080-tubes-pipes-and-hollow-profiles-welded-h,1.898,,1.898,E
North Macedonia,MKD,73064020-tubes-pipes-and-hollow-profiles-welded-o,2.91,,2.91,
North Macedonia,MKD,73064080-tubes-pipes-and-hollow-profiles-welded-o,2.91,,2.91,
North Macedonia,MKD,73065021-precision-steel-tubes-welded-of-circular,1.898,,1.898,H
North Macedonia,MKD,73065029-precision-steel-tubes-welded-of-circular,1.898,,1.898,H
North Macedonia,MKD,73065080-tubes-pipes-and-hollow-profiles-welded-o,1.898,,1.898,H
North Macedonia,MKD,73066110-tubes-and-pipes-and-hollow-profiles-weld,2.91,,2.91,
North Macedonia,MKD,73066192-tubes-and-pipes-and-hollow-profiles-weld,1.898,,1.898,E
North Macedonia,MKD,73066199-tubes-and-pipes-and-hollow-profiles-weld,1.898,,1.898,E
North Macedonia,MKD,73066910-tubes-pipes-and-hollow-profiles-welded-o,2.91,,2.91,
North Macedonia,MKD,73066990-tubes-pipes-and-hollow-profiles-welded-o,1.898,,1.898,E
North Macedonia,MKD,73069000-tubes-pipes-and-hollow-profiles-e-g-open,1.898,,1.898,E
North Macedonia,MKD,7307-tube-or-pipe-fittings-e-g-couplings-elbo,,,,
North Macedonia,MKD,730711-tube-or-pipe-fittings-of-non-malleable-c,1.63,,1.63,
North Macedonia,MKD,73071910-tube-or-pipe-fittings-of-cast-iron-excl,1.63,,1.63,
North Macedonia,MKD,73071990-cast-tube-or-pipe-fittings-of-steel,1.51,,1.51,E
North Macedonia,MKD,73072100-flanges-of-stainless-steel-excl-cast-pro,2.63,,2.63,
North Macedonia,MKD,730722-threaded-elbows-bends-and-sleeves-of-sta,2.63,,2.63,
North Macedonia,MKD,730723-butt-welding-tube-or-pipe-fittings-of-st,2.63,,2.63,
North Macedonia,MKD,730729-tube-or-pipe-fittings-of-stainless-steel,2.63,,2.63,
North Macedonia,MKD,73079100-flanges-of-iron-or-steel-excl-cast-or-st,1.53,,1.53,E
North Macedonia,MKD,730792-threaded-elbows-bends-and-sleeves-of-sta,1.53,,1.53,E
North Macedonia,MKD,730793-butt-welding-fittings-of-iron-or-steel-e,1.53,,1.53,E
North Macedonia,MKD,730799-tube-or-pipe-fittings-of-iron-or-steel-e,1.53,,1.53,E
North Macedonia,MKD,7308-structures-and-parts-of-structures-e-g-b,2.69,,2.69,E
North Macedonia,MKD,7309-reservoirs-tanks-vats-and-similar-contai,2.9,,2.9,E
North Macedonia,MKD,7310-tanks-casks-drums-cans-boxes-and-similar,1.58,,1.58,E
North Macedonia,MKD,7311-containers-of-iron-or-steel-for-compress,,,,
North Macedonia,MKD,731100-containers-of-iron-or-steel-for-compress,2.9,,2.9,E
North Macedonia,MKD,7318-screws-bolts-nuts-coach-screws-screw-hoo,,,,
North Macedonia,MKD,73181100-coach-screws-of-iron-or-steel,1.53,,1.53,E
North Macedonia,MKD,73181210-wood-screws-of-stainless-steel-excl-coac,2.91,,2.91,
North Macedonia,MKD,73181290-wood-screws-of-iron-or-steel-other-than,1.53,,1.53,E
North Macedonia,MKD,73181300-screw-hooks-and-screw-rings-of-iron-or-s,1.53,,1.53,E
North Macedonia,MKD,73181410-self-tapping-screws-of-stainless-steel-e,2.91,,2.91,
North Macedonia,MKD,73181491-spaced-thread-screws-of-iron-or-steel-ot,1.53,,1.53,E
North Macedonia,MKD,73181499-self-tapping-screws-of-iron-or-steel-oth,1.53,,1.53,E
North Macedonia,MKD,731815-threaded-screws-and-bolts-of-iron-or-ste,2.48,,2.48,E
North Macedonia,MKD,731816-nuts-of-iron-or-steel,2.86,,2.86,E
North Macedonia,MKD,73181900-threaded-articles-of-iron-or-steel-n-e-s,1.53,,1.53,E
North Macedonia,MKD,73182100-spring-washers-and-other-lock-washers-of,1.53,,1.53,E
North Macedonia,MKD,73182200-washers-of-iron-or-steel-excl-spring-was,1.83,,1.83,E
North Macedonia,MKD,73182300-rivets-of-iron-or-steel-excl-tubular-and,1.74,,1.74,E
North Macedonia,MKD,73182400-cotters-and-cotter-pins-of-iron-or-steel,1.53,,1.53,E
North Macedonia,MKD,73182900-non-threaded-articles-of-iron-or-steel,1.53,,1.53,E
North Macedonia,MKD,7326-articles-of-iron-or-steel-n-e-s-excl-cas,,,,
North Macedonia,MKD,73261100-grinding-balls-and-similar-articles-for,1.51,,1.51,E
North Macedonia,MKD,732619-articles-of-iron-or-steel-forged-or-stam,1.51,,1.51,E
North Macedonia,MKD,73262000-articles-of-iron-or-steel-wire-n-e-s,1.53,,1.53,E
North Macedonia,MKD,73269030-ladders-and-steps-of-iron-or-steel,1.53,,1.53,E
North Macedonia,MKD,73269040-pallets-and-similar-platforms-for-handli,1.53,,1.53,E
North Macedonia,MKD,73269050-reels-for-cables-piping-and-the-like-of,1.53,,1.53,E
North Macedonia,MKD,73269060-ventilators-non-mechanical-guttering-hoo,1.53,,1.53,E
North Macedonia,MKD,73269092-articles-of-iron-or-steel-open-die-forge,1.51,,1.51,E
North Macedonia,MKD,73269094-articles-of-iron-or-steel-closed-die-for,1.51,,1.51,E
North Macedonia,MKD,73269096-sintered-articles-of-iron-or-steel-n-e-s,1.51,,1.51,E
North Macedonia,MKD,73269098-articles-of-iron-or-steel-n-e-s,1.53,,1.53,E
Oman,OMN,2507008080-calcined-clay,,,,
Oman,OMN,2523100010-white-clinker,,,,
Oman,OMN,2523100090-other-clinker-including-grey-clinker,0.83,0.03,0.86,A
Oman,OMN,25232100-white-portland-cement,,,,
Oman,OMN,25232900-grey-portland-cement,0.86,0.06,0.92,
Oman,OMN,25233000-aluminous-cement,,,,
Oman,OMN,2523900010-white-hydraulic-cement,,,,
Oman,OMN,2523900090-other-hydraulic-cements-including-grey-h,,,,
Oman,OMN,7601-unwrought-aluminium,1.7,,1.7,K
Oman,OMN,7603-aluminium-powders-and-flakes,1.81,,1.81,K
Oman,OMN,76041010-bars-and-rods,2.03,,2.03,K
Oman,OMN,76041090-profiles,2.05,,2.05,K
Oman,OMN,76042100-hollow-profiles,2.05,,2.05,K
Oman,OMN,76042910-bars-and-rods,2.03,,2.03,K
Oman,OMN,76042990-profiles,2.05,,2.05,K
Oman,OMN,7605-aluminium-wire,2.03,,2.03,K
Oman,OMN,7606-aluminium-plates-sheets-and-strip-of-a-t,2.49,,2.49,K
Oman,OMN,7607-aluminium-foil-whether-or-not-printed-or,2.49,,2.49,K
Oman,OMN,7608-aluminium-tubes-and-pipes,2.05,,2.05,K
Oman,OMN,76090000-aluminium-tube-or-pipe-fittings-for-exam,2.05,,2.05,K
Oman,OMN,76101000-doors-windows-and-their-frames-and-thres,2.05,,2.05,K
Oman,OMN,761090-other,2.05,,2.05,K
Oman,OMN,76109010-bridges-and-bridge-sections-towers-and-l,2.05,,2.05,K
Oman,OMN,76109090-other,2.05,,2.05,K
Oman,OMN,76110000-aluminium-reservoirs-tanks-vats-and-simi,2.49,,2.49,K
Oman,OMN,7612-aluminium-casks-drums-cans-boxes-and-sim,2.49,,2.49,K
Oman,OMN,76130000-aluminium-containers-for-compressed-or-l,2.49,,2.49,K
Oman,OMN,7614-stranded-wire-cables-plaited-bands-and-t,2.03,,2.03,K
Oman,OMN,76161000-nails-tacks-staples-other-than-those-of,2.49,,2.49,K
Oman,OMN,76169100-cloth-grill-netting-and-fencing-of-alumi,2.49,,2.49,K
Oman,OMN,76169910-cast,1.81,,1.81,K
Oman,OMN,76169990-other,2.49,,2.49,K
Oman,OMN,28041000-hydrogen,10.82,,10.82,
Oman,OMN,720211-ferro-manganese-containing-by-weight-2-o,1.69,,1.69,
Oman,OMN,720219-ferro-manganese-containing-by-weight-2-c,,,,
Oman,OMN,720241-ferro-chromium-containing-by-weight-4-of,2.35,,2.35,
Oman,OMN,720249-ferro-chromium-containing-by-weight-4-of,,,,
Oman,OMN,72026000-ferro-nickel,3.48,,3.48,
Pakistan,PAK,2507008080-calcined-clay,,,,
Pakistan,PAK,2523100010-white-clinker,1.25,0.04,1.29,B
Pakistan,PAK,2523100090-other-clinker-including-grey-clinker,1.28,0.02,1.3,A
Pakistan,PAK,25232100-white-portland-cement,1.29,0.12,1.41,
Pakistan,PAK,25232900-grey-portland-cement,1.28,0.05,1.32,
Pakistan,PAK,25233000-aluminous-cement,,,,
Pakistan,PAK,2523900010-white-hydraulic-cement,,,,
Pakistan,PAK,2523900090-other-hydraulic-cements-including-grey-h,,,,
Pakistan,PAK,28080000-nitric-acid-sulphonitric-acids,1.77,0.04,1.8,
Pakistan,PAK,28141000-anhydrous-ammonia,2.34,0.12,2.46,
Pakistan,PAK,28142000-ammonia-in-aqueous-solution,0.7,0.04,0.74,
Pakistan,PAK,28342100-nitrate-of-potassium,1.61,0.05,1.66,
Pakistan,PAK,3102-mineral-or-chemical-fertilizers-nitrogen,,,,
Pakistan,PAK,31021012-urea-in-aqueous-solution-containing-45-n,0.52,0.03,0.55,
Pakistan,PAK,31021015-urea-in-aqueous-solution-containing-45-n,0.86,0.03,0.89,
Pakistan,PAK,31021019-urea-whether-or-not-in-aqueous-solution,1.56,0.09,1.65,
Pakistan,PAK,31021090-urea-whether-or-not-in-aqueous-solution,1.53,0.09,1.62,
Pakistan,PAK,31022100-ammonium-sulphate-excl-that-in-tablets-o,0.68,0.06,0.75,
Pakistan,PAK,31022900-double-salts-and-mixtures-of-ammonium-su,1.16,0.07,1.24,
Pakistan,PAK,31023010-ammonium-nitrate-in-aqueous-solution-exc,1.22,0.06,1.28,
Pakistan,PAK,31023090-ammonium-nitrate-excl-that-in-aqueous-so,1.88,0.08,1.96,
Pakistan,PAK,31024010-mixtures-of-ammonium-nitrate-with-calciu,1.62,0.08,1.7,
Pakistan,PAK,31024090-mixtures-of-ammonium-nitrate-with-calciu,1.62,0.08,1.7,
Pakistan,PAK,31025000-sodium-nitrate-excl-that-in-tablets-or-s,2.76,0.06,2.82,
Pakistan,PAK,31026000-double-salts-and-mixtures-of-calcium-nit,1.58,0.08,1.65,
Pakistan,PAK,31028000-mixtures-of-urea-and-ammonium-nitrate-in,1.34,0.07,1.4,
Pakistan,PAK,31029000-mineral-or-chemical-nitrogen-fertilisers,1.48,0.08,1.56,
Pakistan,PAK,3105-mineral-or-chemical-fertilisers-containi,,,,
Pakistan,PAK,31051000-mineral-or-chemical-fertilisers-of-anima,0.7,0.06,0.76,
Pakistan,PAK,31052010-mineral-or-chemical-fertilisers-containi,0.82,0.08,0.9,
Pakistan,PAK,31052090-mineral-or-chemical-fertilisers-containi,0.56,0.06,0.62,
Pakistan,PAK,31053000-diammonium-hydrogenorthophosphate-diammo,0.55,0.05,0.6,
Pakistan,PAK,31054000-ammonium-dihydrogenorthophosphate-monoam,0.35,0.04,0.39,
Pakistan,PAK,31055100-other-mineral-or-chemical-fertilisers-co,1.12,0.1,1.21,
Pakistan,PAK,31055900-other-mineral-or-chemical-fertilisers-co,0.63,0.09,0.72,
Pakistan,PAK,31059020-mineral-or-chemical-fertilisers-containi,1.08,0.06,1.14,
Pakistan,PAK,31059080-mineral-or-chemical-fertilisers-containi,0.56,0.04,0.6,
Pakistan,PAK,7601-unwrought-aluminium,0.36,,0.36,L
Pakistan,PAK,7603-aluminium-powders-and-flakes,1.29,,1.29,L
Pakistan,PAK,76041010-bars-and-rods,1.52,,1.52,L
Pakistan,PAK,76041090-profiles,1.53,,1.53,L
Pakistan,PAK,76042100-hollow-profiles,1.53,,1.53,L
Pakistan,PAK,76042910-bars-and-rods,1.52,,1.52,L
Pakistan,PAK,76042990-profiles,1.53,,1.53,L
Pakistan,PAK,7605-aluminium-wire,1.52,,1.52,L
Pakistan,PAK,7606-aluminium-plates-sheets-and-strip-of-a-t,1.97,,1.97,L
Pakistan,PAK,7607-aluminium-foil-whether-or-not-printed-or,1.97,,1.97,L
Pakistan,PAK,7608-aluminium-tubes-and-pipes,1.53,,1.53,L
Pakistan,PAK,76090000-aluminium-tube-or-pipe-fittings-for-exam,1.53,,1.53,L
Pakistan,PAK,76101000-doors-windows-and-their-frames-and-thres,1.53,,1.53,L
Pakistan,PAK,761090-other,1.53,,1.53,L
Pakistan,PAK,76109010-bridges-and-bridge-sections-towers-and-l,1.53,,1.53,L
Pakistan,PAK,76109090-other,1.53,,1.53,L
Pakistan,PAK,76110000-aluminium-reservoirs-tanks-vats-and-simi,1.97,,1.97,L
Pakistan,PAK,7612-aluminium-casks-drums-cans-boxes-and-sim,1.97,,1.97,L
Pakistan,PAK,76130000-aluminium-containers-for-compressed-or-l,1.97,,1.97,L
Pakistan,PAK,7614-stranded-wire-cables-plaited-bands-and-t,1.52,,1.52,L
Pakistan,PAK,76161000-nails-tacks-staples-other-than-those-of,1.97,,1.97,L
Pakistan,PAK,76169100-cloth-grill-netting-and-fencing-of-alumi,1.97,,1.97,L
Pakistan,PAK,76169910-cast,1.29,,1.29,L
Pakistan,PAK,76169990-other,1.97,,1.97,L
Pakistan,PAK,28041000-hydrogen,10.82,,10.82,
Pakistan,PAK,720211-ferro-manganese-containing-by-weight-2-o,1.69,,1.69,
Pakistan,PAK,720219-ferro-manganese-containing-by-weight-2-c,,,,
Pakistan,PAK,720241-ferro-chromium-containing-by-weight-4-of,2.35,,2.35,
Pakistan,PAK,720249-ferro-chromium-containing-by-weight-4-of,,,,
Pakistan,PAK,72026000-ferro-nickel,3.48,,3.48,
Panama,PAN,2507008080-calcined-clay,,,,
Panama,PAN,2523100010-white-clinker,,,,
Panama,PAN,2523100090-other-clinker-including-grey-clinker,0.87,0.02,0.89,A
Panama,PAN,25232100-white-portland-cement,1.22,0.13,1.35,
Panama,PAN,25232900-grey-portland-cement,0.89,0.04,0.94,
Panama,PAN,25233000-aluminous-cement,,,,
Panama,PAN,2523900010-white-hydraulic-cement,,,,
Panama,PAN,2523900090-other-hydraulic-cements-including-grey-h,,,,
Panama,PAN,28080000-nitric-acid-sulphonitric-acids,1.83,0.03,1.86,
Panama,PAN,28141000-anhydrous-ammonia,,,,
Panama,PAN,28142000-ammonia-in-aqueous-solution,0.68,0.03,0.71,
Panama,PAN,28342100-nitrate-of-potassium,1.6,0.04,1.64,
Panama,PAN,3102-mineral-or-chemical-fertilizers-nitrogen,,,,
Panama,PAN,31021012-urea-in-aqueous-solution-containing-45-n,0.43,0.02,0.45,
Panama,PAN,31021015-urea-in-aqueous-solution-containing-45-n,0.71,0.02,0.73,
Panama,PAN,31021019-urea-whether-or-not-in-aqueous-solution,1.28,0.06,1.35,
Panama,PAN,31021090-urea-whether-or-not-in-aqueous-solution,1.26,0.06,1.32,
Panama,PAN,31022100-ammonium-sulphate-excl-that-in-tablets-o,0.58,0.03,0.61,
Panama,PAN,31022900-double-salts-and-mixtures-of-ammonium-su,1.09,0.04,1.12,
Panama,PAN,31023010-ammonium-nitrate-in-aqueous-solution-exc,1.19,0.03,1.22,
Panama,PAN,31023090-ammonium-nitrate-excl-that-in-aqueous-so,1.84,0.05,1.88,
Panama,PAN,31024010-mixtures-of-ammonium-nitrate-with-calciu,1.54,0.04,1.58,
Panama,PAN,31024090-mixtures-of-ammonium-nitrate-with-calciu,1.54,0.04,1.58,
Panama,PAN,31025000-sodium-nitrate-excl-that-in-tablets-or-s,2.85,0.05,2.9,
Panama,PAN,31026000-double-salts-and-mixtures-of-calcium-nit,1.54,0.04,1.58,
Panama,PAN,31028000-mixtures-of-urea-and-ammonium-nitrate-in,1.24,0.04,1.28,
Panama,PAN,31029000-mineral-or-chemical-nitrogen-fertilisers,1.31,0.05,1.36,
Panama,PAN,3105-mineral-or-chemical-fertilisers-containi,,,,
Panama,PAN,31051000-mineral-or-chemical-fertilisers-of-anima,0.63,0.02,0.65,
Panama,PAN,31052010-mineral-or-chemical-fertilisers-containi,0.76,0.02,0.78,
Panama,PAN,31052090-mineral-or-chemical-fertilisers-containi,0.5,0.01,0.52,
Panama,PAN,31053000-diammonium-hydrogenorthophosphate-diammo,0.5,0.02,0.52,
Panama,PAN,31054000-ammonium-dihydrogenorthophosphate-monoam,0.3,0.01,0.32,
Panama,PAN,31055100-other-mineral-or-chemical-fertilisers-co,1.04,0.03,1.07,
Panama,PAN,31055900-other-mineral-or-chemical-fertilisers-co,0.52,0.02,0.54,
Panama,PAN,31059020-mineral-or-chemical-fertilisers-containi,1.04,0.03,1.07,
Panama,PAN,31059080-mineral-or-chemical-fertilisers-containi,0.52,0.01,0.54,
Papua New Guinea,PNG,28041000-hydrogen,10.82,,10.82,
Paraguay,PRY,2507008080-calcined-clay,,,,
Paraguay,PRY,2523100010-white-clinker,,,,
Paraguay,PRY,2523100090-other-clinker-including-grey-clinker,0.91,0.0,0.91,A
Paraguay,PRY,25232100-white-portland-cement,,,,
Paraguay,PRY,25232900-grey-portland-cement,0.91,0.0,0.91,
Paraguay,PRY,25233000-aluminous-cement,,,,
Paraguay,PRY,2523900010-white-hydraulic-cement,,,,
Paraguay,PRY,2523900090-other-hydraulic-cements-including-grey-h,,,,
Paraguay,PRY,28080000-nitric-acid-sulphonitric-acids,1.91,0.02,1.93,
Paraguay,PRY,28141000-anhydrous-ammonia,,,,
Paraguay,PRY,28142000-ammonia-in-aqueous-solution,0.69,0.03,0.71,
Paraguay,PRY,28342100-nitrate-of-potassium,1.66,0.03,1.69,
Paraguay,PRY,3102-mineral-or-chemical-fertilizers-nitrogen,,,,
Paraguay,PRY,31021012-urea-in-aqueous-solution-containing-45-n,0.43,0.02,0.45,
Paraguay,PRY,31021015-urea-in-aqueous-solution-containing-45-n,0.72,0.02,0.73,
Paraguay,PRY,31021019-urea-whether-or-not-in-aqueous-solution,1.3,0.05,1.35,
Paraguay,PRY,31021090-urea-whether-or-not-in-aqueous-solution,1.27,0.05,1.32,
Paraguay,PRY,31022100-ammonium-sulphate-excl-that-in-tablets-o,0.59,0.02,0.61,
Paraguay,PRY,31022900-double-salts-and-mixtures-of-ammonium-su,1.12,0.03,1.15,
Paraguay,PRY,31023010-ammonium-nitrate-in-aqueous-solution-exc,1.24,0.02,1.26,
Paraguay,PRY,31023090-ammonium-nitrate-excl-that-in-aqueous-so,1.91,0.04,1.94,
Paraguay,PRY,31024010-mixtures-of-ammonium-nitrate-with-calciu,1.59,0.03,1.62,
Paraguay,PRY,31024090-mixtures-of-ammonium-nitrate-with-calciu,1.59,0.03,1.62,
Paraguay,PRY,31025000-sodium-nitrate-excl-that-in-tablets-or-s,2.98,0.04,3.02,
Paraguay,PRY,31026000-double-salts-and-mixtures-of-calcium-nit,1.59,0.03,1.62,
Paraguay,PRY,31028000-mixtures-of-urea-and-ammonium-nitrate-in,1.28,0.03,1.31,
Paraguay,PRY,31029000-mineral-or-chemical-nitrogen-fertilisers,1.34,0.04,1.38,
Paraguay,PRY,3105-mineral-or-chemical-fertilisers-containi,,,,
Paraguay,PRY,31051000-mineral-or-chemical-fertilisers-of-anima,0.65,0.02,0.67,
Paraguay,PRY,31052010-mineral-or-chemical-fertilisers-containi,0.78,0.02,0.8,
Paraguay,PRY,31052090-mineral-or-chemical-fertilisers-containi,0.52,0.01,0.53,
Paraguay,PRY,31053000-diammonium-hydrogenorthophosphate-diammo,0.5,0.02,0.52,
Paraguay,PRY,31054000-ammonium-dihydrogenorthophosphate-monoam,0.31,0.01,0.32,
Paraguay,PRY,31055100-other-mineral-or-chemical-fertilisers-co,1.08,0.02,1.1,
Paraguay,PRY,31055900-other-mineral-or-chemical-fertilisers-co,0.52,0.02,0.54,
Paraguay,PRY,31059020-mineral-or-chemical-fertilisers-containi,1.08,0.02,1.1,
Paraguay,PRY,31059080-mineral-or-chemical-fertilisers-containi,0.54,0.01,0.55,
Paraguay,PRY,28041000-hydrogen,10.82,,10.82,
Peru,PER,2507008080-calcined-clay,0.23,0.05,0.28,
Peru,PER,2523100010-white-clinker,1.29,0.02,1.31,B
Peru,PER,2523100090-other-clinker-including-grey-clinker,1.09,0.02,1.11,A
Peru,PER,25232100-white-portland-cement,1.25,0.11,1.36,
Peru,PER,25232900-grey-portland-cement,1.07,0.03,1.11,
Peru,PER,25233000-aluminous-cement,,,,
Peru,PER,2523900010-white-hydraulic-cement,1.28,0.13,1.41,B
Peru,PER,2523900090-other-hydraulic-cements-including-grey-h,1.02,0.04,1.06,A
Peru,PER,28080000-nitric-acid-sulphonitric-acids,1.9,0.02,1.92,
Peru,PER,28141000-anhydrous-ammonia,2.26,0.06,2.33,
Peru,PER,28142000-ammonia-in-aqueous-solution,0.68,0.02,0.7,
Peru,PER,28342100-nitrate-of-potassium,1.68,0.03,1.71,
Peru,PER,3102-mineral-or-chemical-fertilizers-nitrogen,,,,
Peru,PER,31021012-urea-in-aqueous-solution-containing-45-n,0.51,0.02,0.52,
Peru,PER,31021015-urea-in-aqueous-solution-containing-45-n,0.84,0.02,0.86,
Peru,PER,31021019-urea-whether-or-not-in-aqueous-solution,1.53,0.05,1.58,
Peru,PER,31021090-urea-whether-or-not-in-aqueous-solution,1.5,0.05,1.54,
Peru,PER,31022100-ammonium-sulphate-excl-that-in-tablets-o,0.66,0.04,0.7,
Peru,PER,31022900-double-salts-and-mixtures-of-ammonium-su,1.19,0.04,1.23,
Peru,PER,31023010-ammonium-nitrate-in-aqueous-solution-exc,1.28,0.03,1.31,
Peru,PER,31023090-ammonium-nitrate-excl-that-in-aqueous-so,1.96,0.05,2.01,
Peru,PER,31024010-mixtures-of-ammonium-nitrate-with-calciu,1.7,0.04,1.74,
Peru,PER,31024090-mixtures-of-ammonium-nitrate-with-calciu,1.7,0.04,1.74,
Peru,PER,31025000-sodium-nitrate-excl-that-in-tablets-or-s,2.96,0.03,3.0,
Peru,PER,31026000-double-salts-and-mixtures-of-calcium-nit,1.65,0.04,1.69,
Peru,PER,31028000-mixtures-of-urea-and-ammonium-nitrate-in,1.36,0.04,1.4,
Peru,PER,31029000-mineral-or-chemical-nitrogen-fertilisers,1.49,0.04,1.54,
Peru,PER,3105-mineral-or-chemical-fertilisers-containi,,,,
Peru,PER,31051000-mineral-or-chemical-fertilisers-of-anima,0.7,0.04,0.74,
Peru,PER,31052010-mineral-or-chemical-fertilisers-containi,0.85,0.04,0.9,
Peru,PER,31052090-mineral-or-chemical-fertilisers-containi,0.58,0.03,0.61,
Peru,PER,31053000-diammonium-hydrogenorthophosphate-diammo,0.53,0.03,0.56,
Peru,PER,31054000-ammonium-dihydrogenorthophosphate-monoam,0.34,0.02,0.36,
Peru,PER,31055100-other-mineral-or-chemical-fertilisers-co,1.16,0.05,1.21,
Peru,PER,31055900-other-mineral-or-chemical-fertilisers-co,0.61,0.06,0.68,
Peru,PER,31059020-mineral-or-chemical-fertilisers-containi,1.13,0.03,1.16,
Peru,PER,31059080-mineral-or-chemical-fertilisers-containi,0.58,0.02,0.6,
Peru,PER,7601-unwrought-aluminium,0.36,,0.36,L
Peru,PER,7603-aluminium-powders-and-flakes,1.84,,1.84,L
Peru,PER,76041010-bars-and-rods,2.06,,2.06,L
Peru,PER,76041090-profiles,2.08,,2.08,L
Peru,PER,76042100-hollow-profiles,2.08,,2.08,L
Peru,PER,76042910-bars-and-rods,2.06,,2.06,L
Peru,PER,76042990-profiles,2.08,,2.08,L
Peru,PER,7605-aluminium-wire,2.06,,2.06,L
Peru,PER,7606-aluminium-plates-sheets-and-strip-of-a-t,2.52,,2.52,L
Peru,PER,7607-aluminium-foil-whether-or-not-printed-or,2.52,,2.52,L
Peru,PER,7608-aluminium-tubes-and-pipes,2.08,,2.08,L
Peru,PER,76090000-aluminium-tube-or-pipe-fittings-for-exam,2.08,,2.08,L
Peru,PER,76101000-doors-windows-and-their-frames-and-thres,2.08,,2.08,L
Peru,PER,761090-other,2.08,,2.08,L
Peru,PER,76109010-bridges-and-bridge-sections-towers-and-l,2.08,,2.08,L
Peru,PER,76109090-other,2.08,,2.08,L
Peru,PER,76110000-aluminium-reservoirs-tanks-vats-and-simi,2.52,,2.52,L
Peru,PER,7612-aluminium-casks-drums-cans-boxes-and-sim,2.52,,2.52,L
Peru,PER,76130000-aluminium-containers-for-compressed-or-l,2.52,,2.52,L
Peru,PER,7614-stranded-wire-cables-plaited-bands-and-t,2.06,,2.06,L
Peru,PER,76161000-nails-tacks-staples-other-than-those-of,2.52,,2.52,L
Peru,PER,76169100-cloth-grill-netting-and-fencing-of-alumi,2.52,,2.52,L
Peru,PER,76169910-cast,1.84,,1.84,L
Peru,PER,76169990-other,2.52,,2.52,L
Peru,PER,28041000-hydrogen,10.82,,10.82,
Philippines,PHL,2507008080-calcined-clay,,,,
Philippines,PHL,2523100010-white-clinker,,,,
Philippines,PHL,2523100090-other-clinker-including-grey-clinker,1.33,0.05,1.38,A
Philippines,PHL,25232100-white-portland-cement,,,,
Philippines,PHL,25232900-grey-portland-cement,1.27,0.09,1.36,
Philippines,PHL,25233000-aluminous-cement,,,,
Philippines,PHL,2523900010-white-hydraulic-cement,,,,
Philippines,PHL,2523900090-other-hydraulic-cements-including-grey-h,1.21,0.09,1.3,A
Philippines,PHL,28080000-nitric-acid-sulphonitric-acids,2.18,0.06,2.25,
Philippines,PHL,28141000-anhydrous-ammonia,2.13,0.2,2.33,
Philippines,PHL,28142000-ammonia-in-aqueous-solution,0.64,0.06,0.7,
Philippines,PHL,28342100-nitrate-of-potassium,1.84,0.1,1.94,
Philippines,PHL,3102-mineral-or-chemical-fertilizers-nitrogen,,,,
Philippines,PHL,31021012-urea-in-aqueous-solution-containing-45-n,0.48,0.05,0.53,
Philippines,PHL,31021015-urea-in-aqueous-solution-containing-45-n,0.8,0.05,0.85,
Philippines,PHL,31021019-urea-whether-or-not-in-aqueous-solution,1.45,0.16,1.61,
Philippines,PHL,31021090-urea-whether-or-not-in-aqueous-solution,1.42,0.15,1.57,
Philippines,PHL,31022100-ammonium-sulphate-excl-that-in-tablets-o,0.63,0.12,0.74,
Philippines,PHL,31022900-double-salts-and-mixtures-of-ammonium-su,1.24,0.13,1.37,
Philippines,PHL,31023010-ammonium-nitrate-in-aqueous-solution-exc,1.4,0.1,1.5,
Philippines,PHL,31023090-ammonium-nitrate-excl-that-in-aqueous-so,2.15,0.15,2.3,
Philippines,PHL,31024010-mixtures-of-ammonium-nitrate-with-calciu,1.85,0.14,1.99,
Philippines,PHL,31024090-mixtures-of-ammonium-nitrate-with-calciu,1.85,0.14,1.99,
Philippines,PHL,31025000-sodium-nitrate-excl-that-in-tablets-or-s,3.41,0.1,3.51,
Philippines,PHL,31026000-double-salts-and-mixtures-of-calcium-nit,1.8,0.13,1.94,
Philippines,PHL,31028000-mixtures-of-urea-and-ammonium-nitrate-in,1.42,0.12,1.54,
Philippines,PHL,31029000-mineral-or-chemical-nitrogen-fertilisers,1.51,0.14,1.65,
Philippines,PHL,3105-mineral-or-chemical-fertilisers-containi,,,,
Philippines,PHL,31051000-mineral-or-chemical-fertilisers-of-anima,0.73,0.12,0.85,
Philippines,PHL,31052010-mineral-or-chemical-fertilisers-containi,0.92,0.14,1.06,
Philippines,PHL,31052090-mineral-or-chemical-fertilisers-containi,0.62,0.11,0.73,
Philippines,PHL,31053000-diammonium-hydrogenorthophosphate-diammo,0.5,0.09,0.59,
Philippines,PHL,31054000-ammonium-dihydrogenorthophosphate-monoam,0.32,0.07,0.39,
Philippines,PHL,31055100-other-mineral-or-chemical-fertilisers-co,1.26,0.18,1.44,
Philippines,PHL,31055900-other-mineral-or-chemical-fertilisers-co,0.58,0.13,0.71,
Philippines,PHL,31059020-mineral-or-chemical-fertilisers-containi,1.22,0.11,1.33,
Philippines,PHL,31059080-mineral-or-chemical-fertilisers-containi,0.63,0.08,0.7,
Philippines,PHL,7601-unwrought-aluminium,0.36,,0.36,L
Philippines,PHL,7603-aluminium-powders-and-flakes,0.49,,0.49,L
Philippines,PHL,76041010-bars-and-rods,0.71,,0.71,L
Philippines,PHL,76041090-profiles,0.73,,0.73,L
Philippines,PHL,76042100-hollow-profiles,0.73,,0.73,L
Philippines,PHL,76042910-bars-and-rods,0.71,,0.71,L
Philippines,PHL,76042990-profiles,0.73,,0.73,L
Philippines,PHL,7605-aluminium-wire,0.71,,0.71,L
Philippines,PHL,7606-aluminium-plates-sheets-and-strip-of-a-t,1.17,,1.17,L
Philippines,PHL,7607-aluminium-foil-whether-or-not-printed-or,1.17,,1.17,L
Philippines,PHL,7608-aluminium-tubes-and-pipes,0.73,,0.73,L
Philippines,PHL,76090000-aluminium-tube-or-pipe-fittings-for-exam,0.73,,0.73,L
Philippines,PHL,76101000-doors-windows-and-their-frames-and-thres,0.73,,0.73,L
Philippines,PHL,761090-other,0.73,,0.73,L
Philippines,PHL,76109010-bridges-and-bridge-sections-towers-and-l,0.73,,0.73,L
Philippines,PHL,76109090-other,0.73,,0.73,L
Philippines,PHL,76110000-aluminium-reservoirs-tanks-vats-and-simi,1.17,,1.17,L
Philippines,PHL,7612-aluminium-casks-drums-cans-boxes-and-sim,1.17,,1.17,L
Philippines,PHL,76130000-aluminium-containers-for-compressed-or-l,1.17,,1.17,L
Philippines,PHL,7614-stranded-wire-cables-plaited-bands-and-t,0.71,,0.71,L
Philippines,PHL,76161000-nails-tacks-staples-other-than-those-of,1.17,,1.17,L
Philippines,PHL,76169100-cloth-grill-netting-and-fencing-of-alumi,1.17,,1.17,L
Philippines,PHL,76169910-cast,0.49,,0.49,L
Philippines,PHL,76169990-other,1.17,,1.17,L
Philippines,PHL,28041000-hydrogen,14.03,,14.03,
Philippines,PHL,26011200-agglomerated-iron-ores-and-concentrates,0.12,0.07,0.19,
Philippines,PHL,7201-pig-iron-and-spiegeleisen-in-pigs-blocks,,,,
Philippines,PHL,720211-ferro-manganese-containing-by-weight-2-o,1.69,,1.69,
Philippines,PHL,720219-ferro-manganese-containing-by-weight-2-c,,,,
Philippines,PHL,720241-ferro-chromium-containing-by-weight-4-of,,,,
Philippines,PHL,720249-ferro-chromium-containing-by-weight-4-of,,,,
Philippines,PHL,72026000-ferro-nickel,,,,
Philippines,PHL,7203-ferrous-products-obtained-by-direct-redu,,,,
Philippines,PHL,7205-granules-and-powders-of-pig-iron-spiegel,1.65,,1.65,E/H
Philippines,PHL,7206-iron-and-non-alloy-steel-in-ingots-or-ot,,,,
Philippines,PHL,72061000-ingots-of-iron-and-non-alloy-steel-excl,0.74,,0.74,E
Philippines,PHL,72069000-iron-and-non-alloy-steel-in-puddled-bars,0.74,,0.74,E
Philippines,PHL,7207-semi-finished-products-of-iron-or-non-al,,,,
Philippines,PHL,72071111-semi-finished-products-of-non-alloy-free,0.74,,0.74,E
Philippines,PHL,72071114-semi-finished-products-of-iron-or-non-al,0.74,,0.74,E
Philippines,PHL,72071116-semi-finished-products-of-iron-or-non-al,0.74,,0.74,E
Philippines,PHL,72071190-semi-finished-products-of-iron-or-non-al,0.74,,0.74,E
Philippines,PHL,72071210-semi-finished-products-of-iron-or-non-al,0.74,,0.74,E
Philippines,PHL,72071290-semi-finished-products-of-iron-or-non-al,0.74,,0.74,E
Philippines,PHL,72071912-semi-finished-products-of-iron-or-non-al,0.74,,0.74,E
Philippines,PHL,72071919-semi-finished-products-of-iron-or-non-al,0.74,,0.74,E
Philippines,PHL,72071980-semi-finished-products-of-iron-or-non-al,0.74,,0.74,E
Philippines,PHL,72072011-semi-finished-products-of-non-alloy-free,0.74,,0.74,E
Philippines,PHL,72072015-semi-finished-products-of-iron-or-non-al,0.74,,0.74,E
Philippines,PHL,72072017-semi-finished-products-of-iron-or-non-al,0.74,,0.74,E
Philippines,PHL,72072019-semi-finished-products-of-iron-or-non-al,0.74,,0.74,E
Philippines,PHL,72072032-semi-finished-products-of-iron-or-non-al,0.74,,0.74,E
Philippines,PHL,72072039-semi-finished-products-of-iron-or-non-al,0.74,,0.74,E
Philippines,PHL,72072052-semi-finished-products-of-iron-or-non-al,0.74,,0.74,E
Philippines,PHL,72072059-semi-finished-products-of-iron-or-non-al,0.74,,0.74,E
Philippines,PHL,72072080-semi-finished-products-of-iron-or-non-al,0.74,,0.74,E
Philippines,PHL,7208-flat-rolled-products-of-iron-or-non-allo,0.74,,0.74,E
Philippines,PHL,7209-flat-rolled-products-of-iron-or-non-allo,0.74,,0.74,E
Philippines,PHL,7210-flat-rolled-products-of-iron-or-non-allo,0.74,,0.74,E
Philippines,PHL,7211-flat-rolled-products-of-iron-or-non-allo,,,,
Philippines,PHL,72111300-flat-rolled-products-of-iron-or-non-allo,0.74,,0.74,E
Philippines,PHL,72111400-flat-rolled-products-of-iron-or-non-allo,0.74,,0.74,E
Philippines,PHL,72111900-flat-rolled-products-of-iron-or-non-allo,0.74,,0.74,E
Philippines,PHL,721123-flat-rolled-products-of-iron-or-non-allo,0.74,,0.74,E
Philippines,PHL,72112900-flat-rolled-products-of-iron-or-non-allo,0.74,,0.74,E
Philippines,PHL,721190-flat-rolled-products-of-iron-or-non-allo,0.74,,0.74,E
Philippines,PHL,7212-flat-rolled-products-of-iron-or-non-allo,0.74,,0.74,E
Philippines,PHL,7213-bars-and-rods-of-iron-or-non-alloy-steel,0.74,,0.74,E
Philippines,PHL,7214-bars-and-rods-of-iron-or-non-alloy-steel,,,,
Philippines,PHL,72141000-bars-and-rods-of-iron-or-non-alloy-steel,0.74,,0.74,E
Philippines,PHL,72142000-bars-and-rods-of-iron-or-non-alloy-steel,0.74,,0.74,E
Philippines,PHL,72143000-bars-and-rods-of-non-alloy-free-cutting,0.74,,0.74,E
Philippines,PHL,721491-bars-and-rods-of-iron-or-non-alloy-steel,0.74,,0.74,E
Philippines,PHL,721499-bars-and-rods-of-iron-or-non-alloy-steel,0.74,,0.74,E
Philippines,PHL,7215-bars-and-rods-of-iron-or-non-alloy-steel,0.74,,0.74,E
Philippines,PHL,7216-angles-shapes-and-sections-of-iron-or-no,0.74,,0.74,E
Philippines,PHL,7217-wire-of-iron-or-non-alloy-steel-in-coils,,,,
Philippines,PHL,721710-wire-of-iron-or-non-alloy-steel-in-coils,0.74,,0.74,E
Philippines,PHL,721720-wire-of-iron-or-non-alloy-steel-in-coils,0.74,,0.74,E
Philippines,PHL,721730-wire-of-iron-or-non-alloy-steel-in-coils,0.74,,0.74,E
Philippines,PHL,721790-wire-of-iron-or-non-alloy-steel-in-coils,0.74,,0.74,E
Philippines,PHL,7218-stainless-steel-in-ingots-or-other-prima,,,,
Philippines,PHL,72181000-steel-stainless-in-ingots-and-other-prim,2.92,,2.92,
Philippines,PHL,721891-semi-finished-products-of-stainless-stee,2.92,,2.92,
Philippines,PHL,72189911-semi-finished-products-of-stainless-stee,2.92,,2.92,
Philippines,PHL,72189919-semi-finished-products-of-stainless-stee,2.92,,2.92,
Philippines,PHL,72189920-semi-finished-products-of-stainless-stee,2.92,,2.92,
Philippines,PHL,72189980-semi-finished-products-of-stainless-stee,2.92,,2.92,
Philippines,PHL,7219-flat-rolled-products-of-stainless-steel,,,,
Philippines,PHL,72191100-flat-rolled-products-of-stainless-steel,2.92,,2.92,
Philippines,PHL,721912-flat-rolled-products-of-stainless-steel,2.92,,2.92,
Philippines,PHL,721913-flat-rolled-products-of-stainless-steel,2.92,,2.92,
Philippines,PHL,721914-flat-rolled-products-of-stainless-steel,2.92,,2.92,
Philippines,PHL,721921-flat-rolled-products-of-stainless-steel,2.92,,2.92,
Philippines,PHL,721922-flat-rolled-products-of-stainless-steel,2.92,,2.92,
Philippines,PHL,72192300-flat-rolled-products-of-stainless-steel,2.92,,2.92,
Philippines,PHL,72192400-flat-rolled-products-of-stainless-steel,2.92,,2.92,
Philippines,PHL,72193100-flat-rolled-products-of-stainless-steel,2.92,,2.92,
Philippines,PHL,721932-flat-rolled-products-of-stainless-steel,2.92,,2.92,
Philippines,PHL,721933-flat-rolled-products-of-stainless-steel,2.92,,2.92,
Philippines,PHL,721934-flat-rolled-products-of-stainless-steel,2.92,,2.92,
Philippines,PHL,721935-flat-rolled-products-of-stainless-steel,2.92,,2.92,
Philippines,PHL,721990-flat-rolled-products-of-stainless-steel,2.92,,2.92,
Philippines,PHL,7220-flat-rolled-products-of-stainless-steel,,,,
Philippines,PHL,72201100-flat-rolled-products-of-stainless-steel,2.92,,2.92,
Philippines,PHL,72201200-flat-rolled-products-of-stainless-steel,2.92,,2.92,
Philippines,PHL,722020-flat-rolled-products-of-stainless-steel,2.92,,2.92,
Philippines,PHL,722090-flat-rolled-products-of-stainless-steel,2.92,,2.92,
Philippines,PHL,7221-bars-and-rods-of-stainless-steel-hot-rol,2.93,,2.93,
Philippines,PHL,7222-other-bars-and-rods-of-stainless-steel-a,,,,
Philippines,PHL,722211-bars-and-rods-of-stainless-steel-only-ho,2.93,,2.93,
Philippines,PHL,722219-bars-and-rods-of-stainless-steel-only-ho,2.93,,2.93,
Philippines,PHL,722220-other-bars-and-rods-of-stainless-steel-n,2.93,,2.93,
Philippines,PHL,722230-other-bars-and-rods-of-stainless-steel-c,2.92,,2.92,
Philippines,PHL,722240-angles-shapes-and-sections-of-stainless,2.93,,2.93,
Philippines,PHL,7223-wire-of-stainless-steel-in-coils-excl-ba,,,,
Philippines,PHL,722300-wire-of-stainless-steel-in-coils-excl-ba,2.93,,2.93,
Philippines,PHL,7224-steel-alloy-other-than-stainless-in-ingo,,,,
Philippines,PHL,722410-steel-alloy-other-than-stainless-in-ingo,2.65,,2.65,H
Philippines,PHL,72249002-semi-finished-products-of-tool-steel,2.65,,2.65,H
Philippines,PHL,72249003-semi-finished-products-of-high-speed-ste,2.65,,2.65,H
Philippines,PHL,72249005-semi-finished-products-of-steel-containi,2.65,,2.65,H
Philippines,PHL,72249007-semi-finished-products-of-alloy-steel-ot,2.65,,2.65,H
Philippines,PHL,72249014-semi-finished-products-of-alloy-steel-ot,2.65,,2.65,H
Philippines,PHL,72249018-semi-finished-products-of-alloy-steel-ot,2.65,,2.65,H
Philippines,PHL,72249031-semi-finished-products-of-steel-containi,2.65,,2.65,H
Philippines,PHL,72249038-semi-finished-products-of-alloy-steel-ot,2.65,,2.65,H
Philippines,PHL,72249090-semi-finished-products-of-alloy-steel-ot,2.65,,2.65,H
Philippines,PHL,7225-flat-rolled-products-of-alloy-steel-othe,,,,
Philippines,PHL,72251100-flat-rolled-products-of-silicon-electric,3.95,,3.95,E
Philippines,PHL,72251910-flat-rolled-products-of-silicon-electric,2.65,,2.65,E
Philippines,PHL,72251990-flat-rolled-products-of-silicon-electric,2.65,,2.65,E
Philippines,PHL,722530-flat-rolled-products-of-alloy-steel-othe,2.65,,2.65,H
Philippines,PHL,722540-flat-rolled-products-of-alloy-steel-othe,2.65,,2.65,H
Philippines,PHL,722550-flat-rolled-products-of-alloy-steel-othe,2.65,,2.65,H
Philippines,PHL,72259100-flat-rolled-products-of-alloy-steel-othe,2.65,,2.65,H
Philippines,PHL,72259200-flat-rolled-products-of-alloy-steel-othe,2.65,,2.65,H
Philippines,PHL,72259900-flat-rolled-products-of-alloy-steel-othe,2.65,,2.65,H
Philippines,PHL,7226-flat-rolled-products-of-alloy-steel-othe,,,,
Philippines,PHL,72261100-flat-rolled-products-of-silicon-electric,3.95,,3.95,E
Philippines,PHL,72261910-flat-rolled-products-of-silicon-electric,2.65,,2.65,E
Philippines,PHL,72261980-flat-rolled-products-of-silicon-electric,2.65,,2.65,E
Philippines,PHL,72262000-flat-rolled-products-of-high-speed-steel,2.65,,2.65,H
Philippines,PHL,722691-flat-rolled-products-of-alloy-steel-othe,2.65,,2.65,H
Philippines,PHL,72269200-flat-rolled-products-of-alloy-steel-othe,2.65,,2.65,H
Philippines,PHL,722699-flat-rolled-products-of-alloy-steel-othe,2.65,,2.65,H
Philippines,PHL,7227-bars-and-rods-of-alloy-steel-other-than,2.66,,2.66,E/H
Philippines,PHL,7228-other-bars-and-rods-of-alloy-steel-other,,,,
Philippines,PHL,72281020-bars-and-rods-of-high-speed-steel-not-fu,2.66,,2.66,H
Philippines,PHL,72281050-bars-and-rods-of-high-speed-steel-forged,2.65,,2.65,H
Philippines,PHL,72281090-bars-and-rods-of-high-speed-steel-not-fu,2.66,,2.66,H
Philippines,PHL,722820-bars-and-rods-of-silico-manganese-steel,2.66,,2.66,H
Philippines,PHL,722830-bars-and-rods-of-alloy-steel-other-than,2.66,,2.66,E/H
Philippines,PHL,722840-bars-and-rods-of-alloy-steel-other-than,2.65,,2.65,H
Philippines,PHL,722850-bars-and-rods-of-alloy-steel-other-than,2.66,,2.66,E/H
Philippines,PHL,722860-bars-and-rods-of-alloy-steel-other-than,2.66,,2.66,H
Philippines,PHL,722870-angles-shapes-and-sections-of-alloy-stee,2.66,,2.66,H
Philippines,PHL,72288000-hollow-drill-bars-and-rods-of-alloy-or-n,2.66,,2.66,H
Philippines,PHL,7229-wire-of-alloy-steel-other-than-stainless,2.66,,2.66,E/H
Philippines,PHL,7301-sheet-piling-of-iron-or-steel-whether-or,0.79,,0.79,E
Philippines,PHL,7302-railway-or-tramway-track-construction-ma,2.26,,2.26,E
Philippines,PHL,7303-tubes-pipes-and-hollow-profiles-of-cast,,,,
Philippines,PHL,730300-tubes-pipes-and-hollow-profiles-of-cast,1.65,,1.65,
Philippines,PHL,7304-tubes-pipes-and-hollow-profiles-seamless,,,,
Philippines,PHL,73041100-line-pipe-of-a-kind-used-for-oil-or-gas,2.92,,2.92,
Philippines,PHL,730419-line-pipe-of-a-kind-used-for-oil-or-gas,0.83,,0.83,E
Philippines,PHL,73042200-drill-pipe-seamless-of-stainless-steel-o,2.92,,2.92,
Philippines,PHL,73042300-drill-pipe-seamless-of-a-kind-used-in-dr,0.83,,0.83,E
Philippines,PHL,73042400-casing-and-tubing-seamless-of-a-kind-use,2.92,,2.92,
Philippines,PHL,730429-casing-and-tubing-seamless-of-iron-or-st,0.83,,0.83,E
Philippines,PHL,730431-tubes-pipes-and-hollow-profiles-seamless,0.83,,0.83,E
Philippines,PHL,730439-tubes-pipes-and-hollow-profiles-seamless,0.83,,0.83,E
Philippines,PHL,73044100-tubes-pipes-and-hollow-profiles-seamless,2.92,,2.92,
Philippines,PHL,730449-tubes-pipes-and-hollow-profiles-seamless,2.92,,2.92,
Philippines,PHL,730451-tubes-pipes-and-hollow-profiles-seamless,0.83,,0.83,H
Philippines,PHL,730459-tubes-pipes-and-hollow-profiles-seamless,0.83,,0.83,E/H
Philippines,PHL,73049000-tubes-pipes-and-hollow-profiles-seamless,0.83,,0.83,E
Philippines,PHL,7305-tubes-and-pipes-having-circular-cross-se,0.83,,0.83,E
Philippines,PHL,7306-tubes-pipes-and-hollow-profiles-e-g-open,,,,
Philippines,PHL,73061100-line-pipe-of-a-kind-used-for-oil-or-gas,2.92,,2.92,
Philippines,PHL,73061900-line-pipe-of-a-kind-used-for-oil-or-gas,0.83,,0.83,E
Philippines,PHL,73062100-casing-and-tubing-of-a-kind-used-in-dril,2.92,,2.92,
Philippines,PHL,73062900-casing-and-tubing-of-a-kind-used-in-dril,0.83,,0.83,E
Philippines,PHL,73063012-precision-tubes-welded-of-circular-cross,0.83,,0.83,E
Philippines,PHL,73063018-precision-tubes-welded-of-circular-cross,0.83,,0.83,E
Philippines,PHL,73063041-threaded-or-threadable-tubes-gas-pipe-we,0.83,,0.83,E
Philippines,PHL,73063049-threaded-or-threadable-tubes-gas-pipe-we,0.83,,0.83,E
Philippines,PHL,73063072-other-tubes-pipes-and-hollow-profiles-we,0.83,,0.83,E
Philippines,PHL,73063077-other-tubes-pipes-and-hollow-profiles-we,0.83,,0.83,E
Philippines,PHL,73063080-tubes-pipes-and-hollow-profiles-welded-h,0.83,,0.83,E
Philippines,PHL,73064020-tubes-pipes-and-hollow-profiles-welded-o,2.92,,2.92,
Philippines,PHL,73064080-tubes-pipes-and-hollow-profiles-welded-o,2.92,,2.92,
Philippines,PHL,73065021-precision-steel-tubes-welded-of-circular,0.83,,0.83,H
Philippines,PHL,73065029-precision-steel-tubes-welded-of-circular,0.83,,0.83,H
Philippines,PHL,73065080-tubes-pipes-and-hollow-profiles-welded-o,0.83,,0.83,H
Philippines,PHL,73066110-tubes-and-pipes-and-hollow-profiles-weld,2.92,,2.92,
Philippines,PHL,73066192-tubes-and-pipes-and-hollow-profiles-weld,0.83,,0.83,E
Philippines,PHL,73066199-tubes-and-pipes-and-hollow-profiles-weld,0.83,,0.83,E
Philippines,PHL,73066910-tubes-pipes-and-hollow-profiles-welded-o,2.92,,2.92,
Philippines,PHL,73066990-tubes-pipes-and-hollow-profiles-welded-o,0.83,,0.83,E
Philippines,PHL,73069000-tubes-pipes-and-hollow-profiles-e-g-open,0.83,,0.83,E
Philippines,PHL,7307-tube-or-pipe-fittings-e-g-couplings-elbo,,,,
Philippines,PHL,730711-tube-or-pipe-fittings-of-non-malleable-c,1.65,,1.65,
Philippines,PHL,73071910-tube-or-pipe-fittings-of-cast-iron-excl,1.65,,1.65,
Philippines,PHL,73071990-cast-tube-or-pipe-fittings-of-steel,0.74,,0.74,E
Philippines,PHL,73072100-flanges-of-stainless-steel-excl-cast-pro,2.36,,2.36,
Philippines,PHL,730722-threaded-elbows-bends-and-sleeves-of-sta,2.36,,2.36,
Philippines,PHL,730723-butt-welding-tube-or-pipe-fittings-of-st,2.36,,2.36,
Philippines,PHL,730729-tube-or-pipe-fittings-of-stainless-steel,2.36,,2.36,
Philippines,PHL,73079100-flanges-of-iron-or-steel-excl-cast-or-st,0.74,,0.74,E
Philippines,PHL,730792-threaded-elbows-bends-and-sleeves-of-sta,0.74,,0.74,E
Philippines,PHL,730793-butt-welding-fittings-of-iron-or-steel-e,0.74,,0.74,E
Philippines,PHL,730799-tube-or-pipe-fittings-of-iron-or-steel-e,0.74,,0.74,E
Philippines,PHL,7308-structures-and-parts-of-structures-e-g-b,2.18,,2.18,E
Philippines,PHL,7309-reservoirs-tanks-vats-and-similar-contai,2.02,,2.02,E
Philippines,PHL,7310-tanks-casks-drums-cans-boxes-and-similar,0.84,,0.84,E
Philippines,PHL,7311-containers-of-iron-or-steel-for-compress,,,,
Philippines,PHL,731100-containers-of-iron-or-steel-for-compress,2.31,,2.31,E
Philippines,PHL,7318-screws-bolts-nuts-coach-screws-screw-hoo,,,,
Philippines,PHL,73181100-coach-screws-of-iron-or-steel,0.74,,0.74,E
Philippines,PHL,73181210-wood-screws-of-stainless-steel-excl-coac,2.92,,2.92,
Philippines,PHL,73181290-wood-screws-of-iron-or-steel-other-than,0.74,,0.74,E
Philippines,PHL,73181300-screw-hooks-and-screw-rings-of-iron-or-s,0.74,,0.74,E
Philippines,PHL,73181410-self-tapping-screws-of-stainless-steel-e,2.92,,2.92,
Philippines,PHL,73181491-spaced-thread-screws-of-iron-or-steel-ot,0.74,,0.74,E
Philippines,PHL,73181499-self-tapping-screws-of-iron-or-steel-oth,0.74,,0.74,E
Philippines,PHL,731815-threaded-screws-and-bolts-of-iron-or-ste,1.37,,1.37,E
Philippines,PHL,731816-nuts-of-iron-or-steel,1.37,,1.37,E
Philippines,PHL,73181900-threaded-articles-of-iron-or-steel-n-e-s,0.74,,0.74,E
Philippines,PHL,73182100-spring-washers-and-other-lock-washers-of,0.74,,0.74,E
Philippines,PHL,73182200-washers-of-iron-or-steel-excl-spring-was,1.4,,1.4,E
Philippines,PHL,73182300-rivets-of-iron-or-steel-excl-tubular-and,1.2,,1.2,E
Philippines,PHL,73182400-cotters-and-cotter-pins-of-iron-or-steel,0.74,,0.74,E
Philippines,PHL,73182900-non-threaded-articles-of-iron-or-steel,0.74,,0.74,E
Philippines,PHL,7326-articles-of-iron-or-steel-n-e-s-excl-cas,,,,
Philippines,PHL,73261100-grinding-balls-and-similar-articles-for,0.74,,0.74,E
Philippines,PHL,732619-articles-of-iron-or-steel-forged-or-stam,0.74,,0.74,E
Philippines,PHL,73262000-articles-of-iron-or-steel-wire-n-e-s,0.74,,0.74,E
Philippines,PHL,73269030-ladders-and-steps-of-iron-or-steel,0.74,,0.74,E
Philippines,PHL,73269040-pallets-and-similar-platforms-for-handli,0.74,,0.74,E
Philippines,PHL,73269050-reels-for-cables-piping-and-the-like-of,0.74,,0.74,E
Philippines,PHL,73269060-ventilators-non-mechanical-guttering-hoo,0.74,,0.74,E
Philippines,PHL,73269092-articles-of-iron-or-steel-open-die-forge,0.74,,0.74,E
Philippines,PHL,73269094-articles-of-iron-or-steel-closed-die-for,0.74,,0.74,E
Philippines,PHL,73269096-sintered-articles-of-iron-or-steel-n-e-s,0.74,,0.74,E
Philippines,PHL,73269098-articles-of-iron-or-steel-n-e-s,0.74,,0.74,E
Qatar,QAT,2507008080-calcined-clay,,,,
Qatar,QAT,2523100010-white-clinker,,,,
Qatar,QAT,2523100090-other-clinker-including-grey-clinker,0.83,0.03,0.86,A
Qatar,QAT,25232100-white-portland-cement,,,,
Qatar,QAT,25232900-grey-portland-cement,0.85,0.06,0.91,
Qatar,QAT,25233000-aluminous-cement,,,,
Qatar,QAT,2523900010-white-hydraulic-cement,,,,
Qatar,QAT,2523900090-other-hydraulic-cements-including-grey-h,0.81,0.07,0.88,A
Qatar,QAT,28080000-nitric-acid-sulphonitric-acids,2.48,0.04,2.52,
Qatar,QAT,28141000-anhydrous-ammonia,1.96,0.12,2.07,
Qatar,QAT,28142000-ammonia-in-aqueous-solution,0.59,0.04,0.62,
Qatar,QAT,28342100-nitrate-of-potassium,2.0,0.06,2.05,
Qatar,QAT,3102-mineral-or-chemical-fertilizers-nitrogen,,,,
Qatar,QAT,31021012-urea-in-aqueous-solution-containing-45-n,0.42,0.03,0.46,
Qatar,QAT,31021015-urea-in-aqueous-solution-containing-45-n,0.7,0.03,0.74,
Qatar,QAT,31021019-urea-whether-or-not-in-aqueous-solution,1.28,0.09,1.37,
Qatar,QAT,31021090-urea-whether-or-not-in-aqueous-solution,1.25,0.09,1.34,
Qatar,QAT,31022100-ammonium-sulphate-excl-that-in-tablets-o,0.57,0.07,0.64,
Qatar,QAT,31022900-double-salts-and-mixtures-of-ammonium-su,1.27,0.08,1.35,
Qatar,QAT,31023010-ammonium-nitrate-in-aqueous-solution-exc,1.51,0.06,1.57,
Qatar,QAT,31023090-ammonium-nitrate-excl-that-in-aqueous-so,2.32,0.09,2.42,
Qatar,QAT,31024010-mixtures-of-ammonium-nitrate-with-calciu,1.98,0.09,2.07,
Qatar,QAT,31024090-mixtures-of-ammonium-nitrate-with-calciu,1.98,0.09,2.07,
Qatar,QAT,31025000-sodium-nitrate-excl-that-in-tablets-or-s,3.87,0.06,3.93,
Qatar,QAT,31026000-double-salts-and-mixtures-of-calcium-nit,1.95,0.08,2.03,
Qatar,QAT,31028000-mixtures-of-urea-and-ammonium-nitrate-in,1.44,0.07,1.52,
Qatar,QAT,31029000-mineral-or-chemical-nitrogen-fertilisers,1.47,0.09,1.56,
Qatar,QAT,3105-mineral-or-chemical-fertilisers-containi,,,,
Qatar,QAT,31051000-mineral-or-chemical-fertilisers-of-anima,0.74,0.07,0.81,
Qatar,QAT,31052010-mineral-or-chemical-fertilisers-containi,0.97,0.09,1.06,
Qatar,QAT,31052090-mineral-or-chemical-fertilisers-containi,0.66,0.07,0.72,
Qatar,QAT,31053000-diammonium-hydrogenorthophosphate-diammo,0.46,0.05,0.51,
Qatar,QAT,31054000-ammonium-dihydrogenorthophosphate-monoam,0.29,0.04,0.34,
Qatar,QAT,31055100-other-mineral-or-chemical-fertilisers-co,1.34,0.11,1.44,
Qatar,QAT,31055900-other-mineral-or-chemical-fertilisers-co,0.52,0.09,0.62,
Qatar,QAT,31059020-mineral-or-chemical-fertilisers-containi,1.31,0.06,1.38,
Qatar,QAT,31059080-mineral-or-chemical-fertilisers-containi,0.67,0.05,0.72,
Qatar,QAT,7601-unwrought-aluminium,1.7,,1.7,K
Qatar,QAT,7603-aluminium-powders-and-flakes,1.81,,1.81,K
Qatar,QAT,76041010-bars-and-rods,2.03,,2.03,K
Qatar,QAT,76041090-profiles,2.05,,2.05,K
Qatar,QAT,76042100-hollow-profiles,2.05,,2.05,K
Qatar,QAT,76042910-bars-and-rods,2.03,,2.03,K
Qatar,QAT,76042990-profiles,2.05,,2.05,K
Qatar,QAT,7605-aluminium-wire,2.03,,2.03,K
Qatar,QAT,7606-aluminium-plates-sheets-and-strip-of-a-t,2.49,,2.49,K
Qatar,QAT,7607-aluminium-foil-whether-or-not-printed-or,2.49,,2.49,K
Qatar,QAT,7608-aluminium-tubes-and-pipes,2.05,,2.05,K
Qatar,QAT,76090000-aluminium-tube-or-pipe-fittings-for-exam,2.05,,2.05,K
Qatar,QAT,76101000-doors-windows-and-their-frames-and-thres,2.05,,2.05,K
Qatar,QAT,761090-other,2.05,,2.05,K
Qatar,QAT,76109010-bridges-and-bridge-sections-towers-and-l,2.05,,2.05,K
Qatar,QAT,76109090-other,2.05,,2.05,K
Qatar,QAT,76110000-aluminium-reservoirs-tanks-vats-and-simi,2.49,,2.49,K
Qatar,QAT,7612-aluminium-casks-drums-cans-boxes-and-sim,2.49,,2.49,K
Qatar,QAT,76130000-aluminium-containers-for-compressed-or-l,2.49,,2.49,K
Qatar,QAT,7614-stranded-wire-cables-plaited-bands-and-t,2.03,,2.03,K
Qatar,QAT,76161000-nails-tacks-staples-other-than-those-of,2.49,,2.49,K
Qatar,QAT,76169100-cloth-grill-netting-and-fencing-of-alumi,2.49,,2.49,K
Qatar,QAT,76169910-cast,1.81,,1.81,K
Qatar,QAT,76169990-other,2.49,,2.49,K
Qatar,QAT,28041000-hydrogen,10.82,,10.82,
Russian Federation,RUS,2507008080-calcined-clay,,,,
Russian Federation,RUS,2523100010-white-clinker,1.33,0.04,1.36,B
Russian Federation,RUS,2523100090-other-clinker-including-grey-clinker,1.33,0.03,1.36,A
Russian Federation,RUS,25232100-white-portland-cement,1.31,0.13,1.44,
Russian Federation,RUS,25232900-grey-portland-cement,1.33,0.05,1.38,
Russian Federation,RUS,25233000-aluminous-cement,,,,
Russian Federation,RUS,2523900010-white-hydraulic-cement,,,,
Russian Federation,RUS,2523900090-other-hydraulic-cements-including-grey-h,,,,
Russian Federation,RUS,28080000-nitric-acid-sulphonitric-acids,2.7,0.03,2.73,
Russian Federation,RUS,28141000-anhydrous-ammonia,2.16,0.1,2.26,
Russian Federation,RUS,28142000-ammonia-in-aqueous-solution,0.65,0.03,0.68,
Russian Federation,RUS,28342100-nitrate-of-potassium,2.17,0.04,2.22,
Russian Federation,RUS,3102-mineral-or-chemical-fertilizers-nitrogen,,,,
Russian Federation,RUS,31021012-urea-in-aqueous-solution-containing-45-n,0.46,0.02,0.49,
Russian Federation,RUS,31021015-urea-in-aqueous-solution-containing-45-n,0.77,0.02,0.79,
Russian Federation,RUS,31021019-urea-whether-or-not-in-aqueous-solution,1.4,0.07,1.47,
Russian Federation,RUS,31021090-urea-whether-or-not-in-aqueous-solution,1.37,0.07,1.44,
Russian Federation,RUS,31022100-ammonium-sulphate-excl-that-in-tablets-o,0.62,0.05,0.67,
Russian Federation,RUS,31022900-double-salts-and-mixtures-of-ammonium-su,1.39,0.06,1.45,
Russian Federation,RUS,31023010-ammonium-nitrate-in-aqueous-solution-exc,1.64,0.05,1.69,
Russian Federation,RUS,31023090-ammonium-nitrate-excl-that-in-aqueous-so,2.53,0.07,2.6,
Russian Federation,RUS,31024010-mixtures-of-ammonium-nitrate-with-calciu,2.15,0.07,2.22,
Russian Federation,RUS,31024090-mixtures-of-ammonium-nitrate-with-calciu,2.15,0.07,2.22,
Russian Federation,RUS,31025000-sodium-nitrate-excl-that-in-tablets-or-s,4.21,0.05,4.26,
Russian Federation,RUS,31026000-double-salts-and-mixtures-of-calcium-nit,2.12,0.06,2.18,
Russian Federation,RUS,31028000-mixtures-of-urea-and-ammonium-nitrate-in,1.57,0.06,1.63,
Russian Federation,RUS,31029000-mineral-or-chemical-nitrogen-fertilisers,1.6,0.07,1.67,
Russian Federation,RUS,3105-mineral-or-chemical-fertilisers-containi,,,,
Russian Federation,RUS,31051000-mineral-or-chemical-fertilisers-of-anima,0.8,0.06,0.86,
Russian Federation,RUS,31052010-mineral-or-chemical-fertilisers-containi,1.05,0.07,1.12,
Russian Federation,RUS,31052090-mineral-or-chemical-fertilisers-containi,0.71,0.05,0.76,
Russian Federation,RUS,31053000-diammonium-hydrogenorthophosphate-diammo,0.5,0.04,0.55,
Russian Federation,RUS,31054000-ammonium-dihydrogenorthophosphate-monoam,0.32,0.03,0.35,
Russian Federation,RUS,31055100-other-mineral-or-chemical-fertilisers-co,1.45,0.08,1.53,
Russian Federation,RUS,31055900-other-mineral-or-chemical-fertilisers-co,0.57,0.08,0.65,
Russian Federation,RUS,31059020-mineral-or-chemical-fertilisers-containi,1.43,0.05,1.48,
Russian Federation,RUS,31059080-mineral-or-chemical-fertilisers-containi,0.73,0.04,0.76,
Russian Federation,RUS,7601-unwrought-aluminium,2.16,,2.16,K
Russian Federation,RUS,7603-aluminium-powders-and-flakes,2.27,,2.27,K
Russian Federation,RUS,76041010-bars-and-rods,2.49,,2.49,K
Russian Federation,RUS,76041090-profiles,2.51,,2.51,K
Russian Federation,RUS,76042100-hollow-profiles,2.51,,2.51,K
Russian Federation,RUS,76042910-bars-and-rods,2.49,,2.49,K
Russian Federation,RUS,76042990-profiles,2.51,,2.51,K
Russian Federation,RUS,7605-aluminium-wire,2.49,,2.49,K
Russian Federation,RUS,7606-aluminium-plates-sheets-and-strip-of-a-t,2.95,,2.95,K
Russian Federation,RUS,7607-aluminium-foil-whether-or-not-printed-or,2.95,,2.95,K
Russian Federation,RUS,7608-aluminium-tubes-and-pipes,2.51,,2.51,K
Russian Federation,RUS,76090000-aluminium-tube-or-pipe-fittings-for-exam,2.51,,2.51,K
Russian Federation,RUS,76101000-doors-windows-and-their-frames-and-thres,2.51,,2.51,K
Russian Federation,RUS,761090-other,2.51,,2.51,K
Russian Federation,RUS,76109010-bridges-and-bridge-sections-towers-and-l,2.51,,2.51,K
Russian Federation,RUS,76109090-other,2.51,,2.51,K
Russian Federation,RUS,76110000-aluminium-reservoirs-tanks-vats-and-simi,2.95,,2.95,K
Russian Federation,RUS,7612-aluminium-casks-drums-cans-boxes-and-sim,2.95,,2.95,K
Russian Federation,RUS,76130000-aluminium-containers-for-compressed-or-l,2.95,,2.95,K
Russian Federation,RUS,7614-stranded-wire-cables-plaited-bands-and-t,2.49,,2.49,K
Russian Federation,RUS,76161000-nails-tacks-staples-other-than-those-of,2.95,,2.95,K
Russian Federation,RUS,76169100-cloth-grill-netting-and-fencing-of-alumi,2.95,,2.95,K
Russian Federation,RUS,76169910-cast,2.27,,2.27,K
Russian Federation,RUS,76169990-other,2.95,,2.95,K
Russian Federation,RUS,28041000-hydrogen,10.82,,10.82,
Russian Federation,RUS,26011200-agglomerated-iron-ores-and-concentrates,1.57,0.04,1.61,
Russian Federation,RUS,7201-pig-iron-and-spiegeleisen-in-pigs-blocks,3.04,,3.04,
Russian Federation,RUS,720211-ferro-manganese-containing-by-weight-2-o,1.69,,1.69,
Russian Federation,RUS,720219-ferro-manganese-containing-by-weight-2-c,,,,
Russian Federation,RUS,720241-ferro-chromium-containing-by-weight-4-of,,,,
Russian Federation,RUS,720249-ferro-chromium-containing-by-weight-4-of,,,,
Russian Federation,RUS,72026000-ferro-nickel,3.48,,3.48,
Russian Federation,RUS,7203-ferrous-products-obtained-by-direct-redu,2.01,,2.01,
Russian Federation,RUS,7205-granules-and-powders-of-pig-iron-spiegel,3.09,,3.09,C/F
Russian Federation,RUS,7206-iron-and-non-alloy-steel-in-ingots-or-ot,,,,
Russian Federation,RUS,72061000-ingots-of-iron-and-non-alloy-steel-excl,3.21,,3.21,C
Russian Federation,RUS,72069000-iron-and-non-alloy-steel-in-puddled-bars,3.21,,3.21,C
Russian Federation,RUS,7207-semi-finished-products-of-iron-or-non-al,,,,
Russian Federation,RUS,72071111-semi-finished-products-of-non-alloy-free,3.21,,3.21,C
Russian Federation,RUS,72071114-semi-finished-products-of-iron-or-non-al,3.21,,3.21,C
Russian Federation,RUS,72071116-semi-finished-products-of-iron-or-non-al,3.21,,3.21,C
Russian Federation,RUS,72071190-semi-finished-products-of-iron-or-non-al,3.21,,3.21,C
Russian Federation,RUS,72071210-semi-finished-products-of-iron-or-non-al,3.21,,3.21,C
Russian Federation,RUS,72071290-semi-finished-products-of-iron-or-non-al,3.21,,3.21,C
Russian Federation,RUS,72071912-semi-finished-products-of-iron-or-non-al,3.21,,3.21,C
Russian Federation,RUS,72071919-semi-finished-products-of-iron-or-non-al,3.21,,3.21,C
Russian Federation,RUS,72071980-semi-finished-products-of-iron-or-non-al,3.21,,3.21,C
Russian Federation,RUS,72072011-semi-finished-products-of-non-alloy-free,3.21,,3.21,C
Russian Federation,RUS,72072015-semi-finished-products-of-iron-or-non-al,3.21,,3.21,C
Russian Federation,RUS,72072017-semi-finished-products-of-iron-or-non-al,3.21,,3.21,C
Russian Federation,RUS,72072019-semi-finished-products-of-iron-or-non-al,3.21,,3.21,C
Russian Federation,RUS,72072032-semi-finished-products-of-iron-or-non-al,3.21,,3.21,C
Russian Federation,RUS,72072039-semi-finished-products-of-iron-or-non-al,3.21,,3.21,C
Russian Federation,RUS,72072052-semi-finished-products-of-iron-or-non-al,3.21,,3.21,C
Russian Federation,RUS,72072059-semi-finished-products-of-iron-or-non-al,3.21,,3.21,C
Russian Federation,RUS,72072080-semi-finished-products-of-iron-or-non-al,3.21,,3.21,C
Russian Federation,RUS,7208-flat-rolled-products-of-iron-or-non-allo,3.43,,3.43,C
Russian Federation,RUS,7209-flat-rolled-products-of-iron-or-non-allo,3.59,,3.59,C
Russian Federation,RUS,7210-flat-rolled-products-of-iron-or-non-allo,3.59,,3.59,C
Russian Federation,RUS,7211-flat-rolled-products-of-iron-or-non-allo,,,,
Russian Federation,RUS,72111300-flat-rolled-products-of-iron-or-non-allo,3.43,,3.43,C
Russian Federation,RUS,72111400-flat-rolled-products-of-iron-or-non-allo,3.43,,3.43,C
Russian Federation,RUS,72111900-flat-rolled-products-of-iron-or-non-allo,3.43,,3.43,C
Russian Federation,RUS,721123-flat-rolled-products-of-iron-or-non-allo,3.59,,3.59,C
Russian Federation,RUS,72112900-flat-rolled-products-of-iron-or-non-allo,3.59,,3.59,C
Russian Federation,RUS,721190-flat-rolled-products-of-iron-or-non-allo,3.59,,3.59,C
Russian Federation,RUS,7212-flat-rolled-products-of-iron-or-non-allo,3.59,,3.59,C
Russian Federation,RUS,7213-bars-and-rods-of-iron-or-non-alloy-steel,3.21,,3.21,C
Russian Federation,RUS,7214-bars-and-rods-of-iron-or-non-alloy-steel,,,,
Russian Federation,RUS,72141000-bars-and-rods-of-iron-or-non-alloy-steel,3.21,,3.21,C
Russian Federation,RUS,72142000-bars-and-rods-of-iron-or-non-alloy-steel,3.21,,3.21,C
Russian Federation,RUS,72143000-bars-and-rods-of-non-alloy-free-cutting,3.21,,3.21,C
Russian Federation,RUS,721491-bars-and-rods-of-iron-or-non-alloy-steel,3.21,,3.21,C
Russian Federation,RUS,721499-bars-and-rods-of-iron-or-non-alloy-steel,3.21,,3.21,C
Russian Federation,RUS,7215-bars-and-rods-of-iron-or-non-alloy-steel,3.21,,3.21,C
Russian Federation,RUS,7216-angles-shapes-and-sections-of-iron-or-no,3.21,,3.21,C
Russian Federation,RUS,7217-wire-of-iron-or-non-alloy-steel-in-coils,,,,
Russian Federation,RUS,721710-wire-of-iron-or-non-alloy-steel-in-coils,3.21,,3.21,C
Russian Federation,RUS,721720-wire-of-iron-or-non-alloy-steel-in-coils,3.21,,3.21,C
Russian Federation,RUS,721730-wire-of-iron-or-non-alloy-steel-in-coils,3.21,,3.21,C
Russian Federation,RUS,721790-wire-of-iron-or-non-alloy-steel-in-coils,3.21,,3.21,C
Russian Federation,RUS,7218-stainless-steel-in-ingots-or-other-prima,,,,
Russian Federation,RUS,72181000-steel-stainless-in-ingots-and-other-prim,3.18,,3.18,
Russian Federation,RUS,721891-semi-finished-products-of-stainless-stee,3.55,,3.55,
Russian Federation,RUS,72189911-semi-finished-products-of-stainless-stee,3.55,,3.55,
Russian Federation,RUS,72189919-semi-finished-products-of-stainless-stee,3.18,,3.18,
Russian Federation,RUS,72189920-semi-finished-products-of-stainless-stee,3.55,,3.55,
Russian Federation,RUS,72189980-semi-finished-products-of-stainless-stee,3.18,,3.18,
Russian Federation,RUS,7219-flat-rolled-products-of-stainless-steel,,,,
Russian Federation,RUS,72191100-flat-rolled-products-of-stainless-steel,3.55,,3.55,
Russian Federation,RUS,721912-flat-rolled-products-of-stainless-steel,3.55,,3.55,
Russian Federation,RUS,721913-flat-rolled-products-of-stainless-steel,3.55,,3.55,
Russian Federation,RUS,721914-flat-rolled-products-of-stainless-steel,3.55,,3.55,
Russian Federation,RUS,721921-flat-rolled-products-of-stainless-steel,3.55,,3.55,
Russian Federation,RUS,721922-flat-rolled-products-of-stainless-steel,3.55,,3.55,
Russian Federation,RUS,72192300-flat-rolled-products-of-stainless-steel,3.55,,3.55,
Russian Federation,RUS,72192400-flat-rolled-products-of-stainless-steel,3.55,,3.55,
Russian Federation,RUS,72193100-flat-rolled-products-of-stainless-steel,3.71,,3.71,
Russian Federation,RUS,721932-flat-rolled-products-of-stainless-steel,3.71,,3.71,
Russian Federation,RUS,721933-flat-rolled-products-of-stainless-steel,3.71,,3.71,
Russian Federation,RUS,721934-flat-rolled-products-of-stainless-steel,3.71,,3.71,
Russian Federation,RUS,721935-flat-rolled-products-of-stainless-steel,3.71,,3.71,
Russian Federation,RUS,721990-flat-rolled-products-of-stainless-steel,3.71,,3.71,
Russian Federation,RUS,7220-flat-rolled-products-of-stainless-steel,,,,
Russian Federation,RUS,72201100-flat-rolled-products-of-stainless-steel,3.55,,3.55,
Russian Federation,RUS,72201200-flat-rolled-products-of-stainless-steel,3.55,,3.55,
Russian Federation,RUS,722020-flat-rolled-products-of-stainless-steel,3.71,,3.71,
Russian Federation,RUS,722090-flat-rolled-products-of-stainless-steel,3.71,,3.71,
Russian Federation,RUS,7221-bars-and-rods-of-stainless-steel-hot-rol,3.18,,3.18,
Russian Federation,RUS,7222-other-bars-and-rods-of-stainless-steel-a,,,,
Russian Federation,RUS,722211-bars-and-rods-of-stainless-steel-only-ho,3.18,,3.18,
Russian Federation,RUS,722219-bars-and-rods-of-stainless-steel-only-ho,3.18,,3.18,
Russian Federation,RUS,722220-other-bars-and-rods-of-stainless-steel-n,3.18,,3.18,
Russian Federation,RUS,722230-other-bars-and-rods-of-stainless-steel-c,3.18,,3.18,
Russian Federation,RUS,722240-angles-shapes-and-sections-of-stainless,3.18,,3.18,
Russian Federation,RUS,7223-wire-of-stainless-steel-in-coils-excl-ba,,,,
Russian Federation,RUS,722300-wire-of-stainless-steel-in-coils-excl-ba,3.18,,3.18,
Russian Federation,RUS,7224-steel-alloy-other-than-stainless-in-ingo,,,,
Russian Federation,RUS,722410-steel-alloy-other-than-stainless-in-ingo,3.46,,3.46,F
Russian Federation,RUS,72249002-semi-finished-products-of-tool-steel,3.83,,3.83,F
Russian Federation,RUS,72249003-semi-finished-products-of-high-speed-ste,3.83,,3.83,F
Russian Federation,RUS,72249005-semi-finished-products-of-steel-containi,3.83,,3.83,F
Russian Federation,RUS,72249007-semi-finished-products-of-alloy-steel-ot,3.83,,3.83,F
Russian Federation,RUS,72249014-semi-finished-products-of-alloy-steel-ot,3.83,,3.83,F
Russian Federation,RUS,72249018-semi-finished-products-of-alloy-steel-ot,3.46,,3.46,F
Russian Federation,RUS,72249031-semi-finished-products-of-steel-containi,3.83,,3.83,F
Russian Federation,RUS,72249038-semi-finished-products-of-alloy-steel-ot,3.83,,3.83,F
Russian Federation,RUS,72249090-semi-finished-products-of-alloy-steel-ot,3.46,,3.46,F
Russian Federation,RUS,7225-flat-rolled-products-of-alloy-steel-othe,,,,
Russian Federation,RUS,72251100-flat-rolled-products-of-silicon-electric,4.95,,4.95,C
Russian Federation,RUS,72251910-flat-rolled-products-of-silicon-electric,3.83,,3.83,C
Russian Federation,RUS,72251990-flat-rolled-products-of-silicon-electric,3.99,,3.99,C
Russian Federation,RUS,722530-flat-rolled-products-of-alloy-steel-othe,3.83,,3.83,F
Russian Federation,RUS,722540-flat-rolled-products-of-alloy-steel-othe,3.83,,3.83,F
Russian Federation,RUS,722550-flat-rolled-products-of-alloy-steel-othe,3.99,,3.99,F
Russian Federation,RUS,72259100-flat-rolled-products-of-alloy-steel-othe,3.99,,3.99,F
Russian Federation,RUS,72259200-flat-rolled-products-of-alloy-steel-othe,3.99,,3.99,F
Russian Federation,RUS,72259900-flat-rolled-products-of-alloy-steel-othe,3.99,,3.99,F
Russian Federation,RUS,7226-flat-rolled-products-of-alloy-steel-othe,,,,
Russian Federation,RUS,72261100-flat-rolled-products-of-silicon-electric,4.95,,4.95,C
Russian Federation,RUS,72261910-flat-rolled-products-of-silicon-electric,3.83,,3.83,C
Russian Federation,RUS,72261980-flat-rolled-products-of-silicon-electric,3.99,,3.99,C
Russian Federation,RUS,72262000-flat-rolled-products-of-high-speed-steel,3.83,,3.83,F
Russian Federation,RUS,722691-flat-rolled-products-of-alloy-steel-othe,3.83,,3.83,F
Russian Federation,RUS,72269200-flat-rolled-products-of-alloy-steel-othe,3.99,,3.99,F
Russian Federation,RUS,722699-flat-rolled-products-of-alloy-steel-othe,3.99,,3.99,F
Russian Federation,RUS,7227-bars-and-rods-of-alloy-steel-other-than,3.46,,3.46,C/F
Russian Federation,RUS,7228-other-bars-and-rods-of-alloy-steel-other,,,,
Russian Federation,RUS,72281020-bars-and-rods-of-high-speed-steel-not-fu,3.46,,3.46,F
Russian Federation,RUS,72281050-bars-and-rods-of-high-speed-steel-forged,3.46,,3.46,F
Russian Federation,RUS,72281090-bars-and-rods-of-high-speed-steel-not-fu,3.46,,3.46,F
Russian Federation,RUS,722820-bars-and-rods-of-silico-manganese-steel,3.46,,3.46,F
Russian Federation,RUS,722830-bars-and-rods-of-alloy-steel-other-than,3.46,,3.46,C/F
Russian Federation,RUS,722840-bars-and-rods-of-alloy-steel-other-than,3.46,,3.46,F
Russian Federation,RUS,722850-bars-and-rods-of-alloy-steel-other-than,3.46,,3.46,C/F
Russian Federation,RUS,722860-bars-and-rods-of-alloy-steel-other-than,3.46,,3.46,F
Russian Federation,RUS,722870-angles-shapes-and-sections-of-alloy-stee,3.46,,3.46,F
Russian Federation,RUS,72288000-hollow-drill-bars-and-rods-of-alloy-or-n,3.46,,3.46,F
Russian Federation,RUS,7229-wire-of-alloy-steel-other-than-stainless,3.46,,3.46,C/F
Russian Federation,RUS,7301-sheet-piling-of-iron-or-steel-whether-or,3.59,,3.59,C
Russian Federation,RUS,7302-railway-or-tramway-track-construction-ma,3.49,,3.49,C
Russian Federation,RUS,7303-tubes-pipes-and-hollow-profiles-of-cast,,,,
Russian Federation,RUS,730300-tubes-pipes-and-hollow-profiles-of-cast,6.96,,6.96,
Russian Federation,RUS,7304-tubes-pipes-and-hollow-profiles-seamless,,,,
Russian Federation,RUS,73041100-line-pipe-of-a-kind-used-for-oil-or-gas,3.46,,3.46,
Russian Federation,RUS,730419-line-pipe-of-a-kind-used-for-oil-or-gas,3.49,,3.49,C
Russian Federation,RUS,73042200-drill-pipe-seamless-of-stainless-steel-o,3.46,,3.46,
Russian Federation,RUS,73042300-drill-pipe-seamless-of-a-kind-used-in-dr,3.49,,3.49,C
Russian Federation,RUS,73042400-casing-and-tubing-seamless-of-a-kind-use,3.46,,3.46,
Russian Federation,RUS,730429-casing-and-tubing-seamless-of-iron-or-st,3.49,,3.49,C
Russian Federation,RUS,730431-tubes-pipes-and-hollow-profiles-seamless,3.49,,3.49,C
Russian Federation,RUS,730439-tubes-pipes-and-hollow-profiles-seamless,3.49,,3.49,C
Russian Federation,RUS,73044100-tubes-pipes-and-hollow-profiles-seamless,3.46,,3.46,
Russian Federation,RUS,730449-tubes-pipes-and-hollow-profiles-seamless,3.46,,3.46,
Russian Federation,RUS,730451-tubes-pipes-and-hollow-profiles-seamless,3.35,,3.35,F
Russian Federation,RUS,730459-tubes-pipes-and-hollow-profiles-seamless,3.35,,3.35,C/F
Russian Federation,RUS,73049000-tubes-pipes-and-hollow-profiles-seamless,3.49,,3.49,C
Russian Federation,RUS,7305-tubes-and-pipes-having-circular-cross-se,3.59,,3.59,C
Russian Federation,RUS,7306-tubes-pipes-and-hollow-profiles-e-g-open,,,,
Russian Federation,RUS,73061100-line-pipe-of-a-kind-used-for-oil-or-gas,3.71,,3.71,
Russian Federation,RUS,73061900-line-pipe-of-a-kind-used-for-oil-or-gas,3.59,,3.59,C
Russian Federation,RUS,73062100-casing-and-tubing-of-a-kind-used-in-dril,3.71,,3.71,
Russian Federation,RUS,73062900-casing-and-tubing-of-a-kind-used-in-dril,3.59,,3.59,C
Russian Federation,RUS,73063012-precision-tubes-welded-of-circular-cross,3.59,,3.59,C
Russian Federation,RUS,73063018-precision-tubes-welded-of-circular-cross,3.43,,3.43,C
Russian Federation,RUS,73063041-threaded-or-threadable-tubes-gas-pipe-we,3.59,,3.59,C
Russian Federation,RUS,73063049-threaded-or-threadable-tubes-gas-pipe-we,3.59,,3.59,C
Russian Federation,RUS,73063072-other-tubes-pipes-and-hollow-profiles-we,3.59,,3.59,C
Russian Federation,RUS,73063077-other-tubes-pipes-and-hollow-profiles-we,3.59,,3.59,C
Russian Federation,RUS,73063080-tubes-pipes-and-hollow-profiles-welded-h,3.59,,3.59,C
Russian Federation,RUS,73064020-tubes-pipes-and-hollow-profiles-welded-o,3.71,,3.71,
Russian Federation,RUS,73064080-tubes-pipes-and-hollow-profiles-welded-o,3.55,,3.55,
Russian Federation,RUS,73065021-precision-steel-tubes-welded-of-circular,3.62,,3.62,F
Russian Federation,RUS,73065029-precision-steel-tubes-welded-of-circular,3.46,,3.46,F
Russian Federation,RUS,73065080-tubes-pipes-and-hollow-profiles-welded-o,3.62,,3.62,F
Russian Federation,RUS,73066110-tubes-and-pipes-and-hollow-profiles-weld,3.71,,3.71,
Russian Federation,RUS,73066192-tubes-and-pipes-and-hollow-profiles-weld,3.59,,3.59,C
Russian Federation,RUS,73066199-tubes-and-pipes-and-hollow-profiles-weld,3.59,,3.59,C
Russian Federation,RUS,73066910-tubes-pipes-and-hollow-profiles-welded-o,3.71,,3.71,
Russian Federation,RUS,73066990-tubes-pipes-and-hollow-profiles-welded-o,3.59,,3.59,C
Russian Federation,RUS,73069000-tubes-pipes-and-hollow-profiles-e-g-open,3.59,,3.59,C
Russian Federation,RUS,7307-tube-or-pipe-fittings-e-g-couplings-elbo,,,,
Russian Federation,RUS,730711-tube-or-pipe-fittings-of-non-malleable-c,3.03,,3.03,
Russian Federation,RUS,73071910-tube-or-pipe-fittings-of-cast-iron-excl,3.03,,3.03,
Russian Federation,RUS,73071990-cast-tube-or-pipe-fittings-of-steel,3.21,,3.21,C
Russian Federation,RUS,73072100-flanges-of-stainless-steel-excl-cast-pro,3.36,,3.36,
Russian Federation,RUS,730722-threaded-elbows-bends-and-sleeves-of-sta,3.36,,3.36,
Russian Federation,RUS,730723-butt-welding-tube-or-pipe-fittings-of-st,3.36,,3.36,
Russian Federation,RUS,730729-tube-or-pipe-fittings-of-stainless-steel,3.36,,3.36,
Russian Federation,RUS,73079100-flanges-of-iron-or-steel-excl-cast-or-st,3.49,,3.49,C
Russian Federation,RUS,730792-threaded-elbows-bends-and-sleeves-of-sta,3.49,,3.49,C
Russian Federation,RUS,730793-butt-welding-fittings-of-iron-or-steel-e,3.49,,3.49,C
Russian Federation,RUS,730799-tube-or-pipe-fittings-of-iron-or-steel-e,3.49,,3.49,C
Russian Federation,RUS,7308-structures-and-parts-of-structures-e-g-b,3.59,,3.59,C
Russian Federation,RUS,7309-reservoirs-tanks-vats-and-similar-contai,3.59,,3.59,C
Russian Federation,RUS,7310-tanks-casks-drums-cans-boxes-and-similar,3.59,,3.59,C
Russian Federation,RUS,7311-containers-of-iron-or-steel-for-compress,,,,
Russian Federation,RUS,731100-containers-of-iron-or-steel-for-compress,3.21,,3.21,C
Russian Federation,RUS,7318-screws-bolts-nuts-coach-screws-screw-hoo,,,,
Russian Federation,RUS,73181100-coach-screws-of-iron-or-steel,3.21,,3.21,C
Russian Federation,RUS,73181210-wood-screws-of-stainless-steel-excl-coac,3.18,,3.18,
Russian Federation,RUS,73181290-wood-screws-of-iron-or-steel-other-than,3.21,,3.21,C
Russian Federation,RUS,73181300-screw-hooks-and-screw-rings-of-iron-or-s,3.21,,3.21,C
Russian Federation,RUS,73181410-self-tapping-screws-of-stainless-steel-e,3.18,,3.18,
Russian Federation,RUS,73181491-spaced-thread-screws-of-iron-or-steel-ot,3.21,,3.21,C
Russian Federation,RUS,73181499-self-tapping-screws-of-iron-or-steel-oth,3.21,,3.21,C
Russian Federation,RUS,731815-threaded-screws-and-bolts-of-iron-or-ste,3.21,,3.21,C
Russian Federation,RUS,731816-nuts-of-iron-or-steel,3.21,,3.21,C
Russian Federation,RUS,73181900-threaded-articles-of-iron-or-steel-n-e-s,3.21,,3.21,C
Russian Federation,RUS,73182100-spring-washers-and-other-lock-washers-of,3.21,,3.21,C
Russian Federation,RUS,73182200-washers-of-iron-or-steel-excl-spring-was,3.21,,3.21,C
Russian Federation,RUS,73182300-rivets-of-iron-or-steel-excl-tubular-and,3.21,,3.21,C
Russian Federation,RUS,73182400-cotters-and-cotter-pins-of-iron-or-steel,3.21,,3.21,C
Russian Federation,RUS,73182900-non-threaded-articles-of-iron-or-steel,3.21,,3.21,C
Russian Federation,RUS,7326-articles-of-iron-or-steel-n-e-s-excl-cas,,,,
Russian Federation,RUS,73261100-grinding-balls-and-similar-articles-for,3.21,,3.21,C
Russian Federation,RUS,732619-articles-of-iron-or-steel-forged-or-stam,3.21,,3.21,C
Russian Federation,RUS,73262000-articles-of-iron-or-steel-wire-n-e-s,3.21,,3.21,C
Russian Federation,RUS,73269030-ladders-and-steps-of-iron-or-steel,3.21,,3.21,C
Russian Federation,RUS,73269040-pallets-and-similar-platforms-for-handli,3.21,,3.21,C
Russian Federation,RUS,73269050-reels-for-cables-piping-and-the-like-of,3.21,,3.21,C
Russian Federation,RUS,73269060-ventilators-non-mechanical-guttering-hoo,3.21,,3.21,C
Russian Federation,RUS,73269092-articles-of-iron-or-steel-open-die-forge,3.21,,3.21,C
Russian Federation,RUS,73269094-articles-of-iron-or-steel-closed-die-for,3.21,,3.21,C
Russian Federation,RUS,73269096-sintered-articles-of-iron-or-steel-n-e-s,3.21,,3.21,C
Russian Federation,RUS,73269098-articles-of-iron-or-steel-n-e-s,3.59,,3.59,C
Rwanda,RWA,2507008080-calcined-clay,,,,
Rwanda,RWA,2523100010-white-clinker,,,,
Rwanda,RWA,2523100090-other-clinker-including-grey-clinker,0.85,0.03,0.88,A
Rwanda,RWA,25232100-white-portland-cement,,,,
Rwanda,RWA,25232900-grey-portland-cement,0.87,0.05,0.91,
Rwanda,RWA,25233000-aluminous-cement,,,,
Rwanda,RWA,2523900010-white-hydraulic-cement,,,,
Rwanda,RWA,2523900090-other-hydraulic-cements-including-grey-h,0.83,0.05,0.88,A
Saudi Arabia,SAU,28080000-nitric-acid-sulphonitric-acids,2.45,0.05,2.5,
Saudi Arabia,SAU,28141000-anhydrous-ammonia,1.96,0.15,2.1,
Saudi Arabia,SAU,28142000-ammonia-in-aqueous-solution,0.59,0.04,0.63,
Saudi Arabia,SAU,28342100-nitrate-of-potassium,1.98,0.07,2.06,
Saudi Arabia,SAU,3102-mineral-or-chemical-fertilizers-nitrogen,,,,
Saudi Arabia,SAU,31021012-urea-in-aqueous-solution-containing-45-n,0.45,0.04,0.49,
Saudi Arabia,SAU,31021015-urea-in-aqueous-solution-containing-45-n,0.74,0.04,0.78,
Saudi Arabia,SAU,31021019-urea-whether-or-not-in-aqueous-solution,1.35,0.12,1.47,
Saudi Arabia,SAU,31021090-urea-whether-or-not-in-aqueous-solution,1.32,0.12,1.44,
Saudi Arabia,SAU,31022100-ammonium-sulphate-excl-that-in-tablets-o,0.58,0.09,0.67,
Saudi Arabia,SAU,31022900-double-salts-and-mixtures-of-ammonium-su,1.28,0.1,1.38,
Saudi Arabia,SAU,31023010-ammonium-nitrate-in-aqueous-solution-exc,1.5,0.08,1.58,
Saudi Arabia,SAU,31023090-ammonium-nitrate-excl-that-in-aqueous-so,2.31,0.12,2.43,
Saudi Arabia,SAU,31024010-mixtures-of-ammonium-nitrate-with-calciu,1.99,0.11,2.1,
Saudi Arabia,SAU,31024090-mixtures-of-ammonium-nitrate-with-calciu,1.99,0.11,2.1,
Saudi Arabia,SAU,31025000-sodium-nitrate-excl-that-in-tablets-or-s,3.82,0.08,3.9,
Saudi Arabia,SAU,31026000-double-salts-and-mixtures-of-calcium-nit,1.94,0.1,2.04,
Saudi Arabia,SAU,31028000-mixtures-of-urea-and-ammonium-nitrate-in,1.46,0.09,1.55,
Saudi Arabia,SAU,31029000-mineral-or-chemical-nitrogen-fertilisers,1.51,0.11,1.62,
Saudi Arabia,SAU,3105-mineral-or-chemical-fertilisers-containi,,,,
Saudi Arabia,SAU,31051000-mineral-or-chemical-fertilisers-of-anima,0.74,0.09,0.83,
Saudi Arabia,SAU,31052010-mineral-or-chemical-fertilisers-containi,0.98,0.11,1.09,
Saudi Arabia,SAU,31052090-mineral-or-chemical-fertilisers-containi,0.66,0.08,0.75,
Saudi Arabia,SAU,31053000-diammonium-hydrogenorthophosphate-diammo,0.46,0.07,0.53,
Saudi Arabia,SAU,31054000-ammonium-dihydrogenorthophosphate-monoam,0.3,0.05,0.35,
Saudi Arabia,SAU,31055100-other-mineral-or-chemical-fertilisers-co,1.34,0.14,1.48,
Saudi Arabia,SAU,31055900-other-mineral-or-chemical-fertilisers-co,0.54,0.11,0.65,
Saudi Arabia,SAU,31059020-mineral-or-chemical-fertilisers-containi,1.31,0.08,1.39,
Saudi Arabia,SAU,31059080-mineral-or-chemical-fertilisers-containi,0.67,0.06,0.73,
Saudi Arabia,SAU,7601-unwrought-aluminium,1.7,,1.7,K
Saudi Arabia,SAU,7603-aluminium-powders-and-flakes,1.81,,1.81,K
Saudi Arabia,SAU,76041010-bars-and-rods,2.04,,2.04,K
Saudi Arabia,SAU,76041090-profiles,2.05,,2.05,K
Saudi Arabia,SAU,76042100-hollow-profiles,2.05,,2.05,K
Saudi Arabia,SAU,76042910-bars-and-rods,2.04,,2.04,K
Saudi Arabia,SAU,76042990-profiles,2.05,,2.05,K
Saudi Arabia,SAU,7605-aluminium-wire,2.04,,2.04,K
Saudi Arabia,SAU,7606-aluminium-plates-sheets-and-strip-of-a-t,2.49,,2.49,K
Saudi Arabia,SAU,7607-aluminium-foil-whether-or-not-printed-or,2.49,,2.49,K
Saudi Arabia,SAU,7608-aluminium-tubes-and-pipes,2.05,,2.05,K
Saudi Arabia,SAU,76090000-aluminium-tube-or-pipe-fittings-for-exam,2.05,,2.05,K
Saudi Arabia,SAU,76101000-doors-windows-and-their-frames-and-thres,2.05,,2.05,K
Saudi Arabia,SAU,761090-other,2.05,,2.05,K
Saudi Arabia,SAU,76109010-bridges-and-bridge-sections-towers-and-l,2.05,,2.05,K
Saudi Arabia,SAU,76109090-other,2.05,,2.05,K
Saudi Arabia,SAU,76110000-aluminium-reservoirs-tanks-vats-and-simi,2.49,,2.49,K
Saudi Arabia,SAU,7612-aluminium-casks-drums-cans-boxes-and-sim,2.49,,2.49,K
Saudi Arabia,SAU,76130000-aluminium-containers-for-compressed-or-l,2.49,,2.49,K
Saudi Arabia,SAU,7614-stranded-wire-cables-plaited-bands-and-t,2.04,,2.04,K
Saudi Arabia,SAU,76161000-nails-tacks-staples-other-than-those-of,2.49,,2.49,K
Saudi Arabia,SAU,76169100-cloth-grill-netting-and-fencing-of-alumi,2.49,,2.49,K
Saudi Arabia,SAU,76169910-cast,1.81,,1.81,K
Saudi Arabia,SAU,76169990-other,2.49,,2.49,K
Saudi Arabia,SAU,28041000-hydrogen,13.45,,13.45,
Senegal,SEN,2507008080-calcined-clay,,,,
Senegal,SEN,2523100010-white-clinker,,,,
Senegal,SEN,2523100090-other-clinker-including-grey-clinker,1.24,0.05,1.3,A
Senegal,SEN,25232100-white-portland-cement,,,,
Senegal,SEN,25232900-grey-portland-cement,1.23,0.09,1.32,
Senegal,SEN,25233000-aluminous-cement,,,,
Senegal,SEN,2523900010-white-hydraulic-cement,,,,
Senegal,SEN,2523900090-other-hydraulic-cements-including-grey-h,,,,
Senegal,SEN,28080000-nitric-acid-sulphonitric-acids,1.67,0.06,1.72,
Senegal,SEN,28141000-anhydrous-ammonia,,,,
Senegal,SEN,28142000-ammonia-in-aqueous-solution,0.64,0.05,0.69,
Senegal,SEN,28342100-nitrate-of-potassium,1.5,0.08,1.58,
Senegal,SEN,3102-mineral-or-chemical-fertilizers-nitrogen,,,,
Senegal,SEN,31021012-urea-in-aqueous-solution-containing-45-n,0.47,0.04,0.51,
Senegal,SEN,31021015-urea-in-aqueous-solution-containing-45-n,0.78,0.04,0.82,
Senegal,SEN,31021019-urea-whether-or-not-in-aqueous-solution,1.41,0.14,1.55,
Senegal,SEN,31021090-urea-whether-or-not-in-aqueous-solution,1.38,0.13,1.52,
Senegal,SEN,31022100-ammonium-sulphate-excl-that-in-tablets-o,0.62,0.1,0.72,
Senegal,SEN,31022900-double-salts-and-mixtures-of-ammonium-su,1.08,0.12,1.19,
Senegal,SEN,31023010-ammonium-nitrate-in-aqueous-solution-exc,1.14,0.09,1.23,
Senegal,SEN,31023090-ammonium-nitrate-excl-that-in-aqueous-so,1.75,0.13,1.89,
Senegal,SEN,31024010-mixtures-of-ammonium-nitrate-with-calciu,1.51,0.12,1.63,
Senegal,SEN,31024090-mixtures-of-ammonium-nitrate-with-calciu,1.51,0.12,1.63,
Senegal,SEN,31025000-sodium-nitrate-excl-that-in-tablets-or-s,2.6,0.09,2.69,
Senegal,SEN,31026000-double-salts-and-mixtures-of-calcium-nit,1.47,0.12,1.59,
Senegal,SEN,31028000-mixtures-of-urea-and-ammonium-nitrate-in,1.23,0.11,1.34,
Senegal,SEN,31029000-mineral-or-chemical-nitrogen-fertilisers,1.36,0.13,1.48,
Senegal,SEN,3105-mineral-or-chemical-fertilisers-containi,,,,
Senegal,SEN,31051000-mineral-or-chemical-fertilisers-of-anima,0.64,0.1,0.75,
Senegal,SEN,31052010-mineral-or-chemical-fertilisers-containi,0.76,0.13,0.89,
Senegal,SEN,31052090-mineral-or-chemical-fertilisers-containi,0.52,0.1,0.62,
Senegal,SEN,31053000-diammonium-hydrogenorthophosphate-diammo,0.5,0.08,0.57,
Senegal,SEN,31054000-ammonium-dihydrogenorthophosphate-monoam,0.32,0.06,0.38,
Senegal,SEN,31055100-other-mineral-or-chemical-fertilisers-co,1.04,0.16,1.2,
Senegal,SEN,31055900-other-mineral-or-chemical-fertilisers-co,0.57,0.12,0.69,
Senegal,SEN,31059020-mineral-or-chemical-fertilisers-containi,1.01,0.09,1.1,
Senegal,SEN,31059080-mineral-or-chemical-fertilisers-containi,0.52,0.07,0.59,
Senegal,SEN,28041000-hydrogen,10.82,,10.82,
Serbia,SRB,2507008080-calcined-clay,,,,
Serbia,SRB,2523100010-white-clinker,,,,
Serbia,SRB,2523100090-other-clinker-including-grey-clinker,1.33,0.06,1.38,A
Serbia,SRB,25232100-white-portland-cement,,,,
Serbia,SRB,25232900-grey-portland-cement,1.31,0.1,1.41,
Serbia,SRB,25233000-aluminous-cement,,,,
Serbia,SRB,2523900010-white-hydraulic-cement,,,,
Serbia,SRB,2523900090-other-hydraulic-cements-including-grey-h,1.24,0.1,1.35,A
Serbia,SRB,28080000-nitric-acid-sulphonitric-acids,2.7,0.03,2.73,
Serbia,SRB,28141000-anhydrous-ammonia,2.16,0.1,2.26,
Serbia,SRB,28142000-ammonia-in-aqueous-solution,0.65,0.03,0.68,
Serbia,SRB,28342100-nitrate-of-potassium,2.18,0.05,2.22,
Serbia,SRB,3102-mineral-or-chemical-fertilizers-nitrogen,,,,
Serbia,SRB,31021012-urea-in-aqueous-solution-containing-45-n,0.46,0.02,0.49,
Serbia,SRB,31021015-urea-in-aqueous-solution-containing-45-n,0.76,0.02,0.79,
Serbia,SRB,31021019-urea-whether-or-not-in-aqueous-solution,1.39,0.08,1.46,
Serbia,SRB,31021090-urea-whether-or-not-in-aqueous-solution,1.36,0.07,1.43,
Serbia,SRB,31022100-ammonium-sulphate-excl-that-in-tablets-o,0.62,0.06,0.67,
Serbia,SRB,31022900-double-salts-and-mixtures-of-ammonium-su,1.39,0.06,1.45,
Serbia,SRB,31023010-ammonium-nitrate-in-aqueous-solution-exc,1.64,0.05,1.69,
Serbia,SRB,31023090-ammonium-nitrate-excl-that-in-aqueous-so,2.53,0.07,2.6,
Serbia,SRB,31024010-mixtures-of-ammonium-nitrate-with-calciu,2.15,0.07,2.22,
Serbia,SRB,31024090-mixtures-of-ammonium-nitrate-with-calciu,2.15,0.07,2.22,
Serbia,SRB,31025000-sodium-nitrate-excl-that-in-tablets-or-s,4.22,0.05,4.27,
Serbia,SRB,31026000-double-salts-and-mixtures-of-calcium-nit,2.12,0.06,2.18,
Serbia,SRB,31028000-mixtures-of-urea-and-ammonium-nitrate-in,1.57,0.06,1.63,
Serbia,SRB,31029000-mineral-or-chemical-nitrogen-fertilisers,1.6,0.07,1.66,
Serbia,SRB,3105-mineral-or-chemical-fertilisers-containi,,,,
Serbia,SRB,31051000-mineral-or-chemical-fertilisers-of-anima,0.8,0.06,0.86,
Serbia,SRB,31052010-mineral-or-chemical-fertilisers-containi,1.05,0.07,1.12,
Serbia,SRB,31052090-mineral-or-chemical-fertilisers-containi,0.71,0.05,0.76,
Serbia,SRB,31053000-diammonium-hydrogenorthophosphate-diammo,0.5,0.04,0.54,
Serbia,SRB,31054000-ammonium-dihydrogenorthophosphate-monoam,0.32,0.03,0.35,
Serbia,SRB,31055100-other-mineral-or-chemical-fertilisers-co,1.45,0.08,1.53,
Serbia,SRB,31055900-other-mineral-or-chemical-fertilisers-co,0.57,0.08,0.65,
Serbia,SRB,31059020-mineral-or-chemical-fertilisers-containi,1.43,0.05,1.48,
Serbia,SRB,31059080-mineral-or-chemical-fertilisers-containi,0.73,0.04,0.76,
Serbia,SRB,7601-unwrought-aluminium,0.36,,0.36,L
Serbia,SRB,7603-aluminium-powders-and-flakes,1.513,,1.513,L
Serbia,SRB,76041010-bars-and-rods,2.238,,2.238,L
Serbia,SRB,76041090-profiles,2.27,,2.27,L
Serbia,SRB,76042100-hollow-profiles,2.27,,2.27,L
Serbia,SRB,76042910-bars-and-rods,2.238,,2.238,L
Serbia,SRB,76042990-profiles,2.27,,2.27,L
Serbia,SRB,7605-aluminium-wire,2.238,,2.238,L
Serbia,SRB,7606-aluminium-plates-sheets-and-strip-of-a-t,3.688,,3.688,L
Serbia,SRB,7607-aluminium-foil-whether-or-not-printed-or,3.688,,3.688,L
Serbia,SRB,7608-aluminium-tubes-and-pipes,2.27,,2.27,L
Serbia,SRB,76090000-aluminium-tube-or-pipe-fittings-for-exam,2.27,,2.27,L
Serbia,SRB,76101000-doors-windows-and-their-frames-and-thres,2.27,,2.27,L
Serbia,SRB,761090-other,2.27,,2.27,L
Serbia,SRB,76109010-bridges-and-bridge-sections-towers-and-l,2.27,,2.27,L
Serbia,SRB,76109090-other,2.27,,2.27,L
Serbia,SRB,76110000-aluminium-reservoirs-tanks-vats-and-simi,3.688,,3.688,L
Serbia,SRB,7612-aluminium-casks-drums-cans-boxes-and-sim,1.544,,1.544,L
Serbia,SRB,76130000-aluminium-containers-for-compressed-or-l,3.688,,3.688,L
Serbia,SRB,7614-stranded-wire-cables-plaited-bands-and-t,2.238,,2.238,L
Serbia,SRB,76161000-nails-tacks-staples-other-than-those-of,3.688,,3.688,L
Serbia,SRB,76169100-cloth-grill-netting-and-fencing-of-alumi,3.688,,3.688,L
Serbia,SRB,76169910-cast,1.513,,1.513,L
Serbia,SRB,76169990-other,3.688,,3.688,L
Serbia,SRB,28041000-hydrogen,10.82,,10.82,
Serbia,SRB,26011200-agglomerated-iron-ores-and-concentrates,0.12,0.11,0.22,
Serbia,SRB,7201-pig-iron-and-spiegeleisen-in-pigs-blocks,2.16,,2.16,
Serbia,SRB,720211-ferro-manganese-containing-by-weight-2-o,1.69,,1.69,
Serbia,SRB,720219-ferro-manganese-containing-by-weight-2-c,,,,
Serbia,SRB,720241-ferro-chromium-containing-by-weight-4-of,2.35,,2.35,
Serbia,SRB,720249-ferro-chromium-containing-by-weight-4-of,,,,
Serbia,SRB,72026000-ferro-nickel,,,,
Serbia,SRB,7203-ferrous-products-obtained-by-direct-redu,,,,
Serbia,SRB,7205-granules-and-powders-of-pig-iron-spiegel,2.31,,2.31,C/F
Serbia,SRB,7206-iron-and-non-alloy-steel-in-ingots-or-ot,,,,
Serbia,SRB,72061000-ingots-of-iron-and-non-alloy-steel-excl,2.4,,2.4,C
Serbia,SRB,72069000-iron-and-non-alloy-steel-in-puddled-bars,2.41,,2.41,C
Serbia,SRB,7207-semi-finished-products-of-iron-or-non-al,,,,
Serbia,SRB,72071111-semi-finished-products-of-non-alloy-free,2.41,,2.41,C
Serbia,SRB,72071114-semi-finished-products-of-iron-or-non-al,2.41,,2.41,C
Serbia,SRB,72071116-semi-finished-products-of-iron-or-non-al,2.41,,2.41,C
Serbia,SRB,72071190-semi-finished-products-of-iron-or-non-al,2.4,,2.4,C
Serbia,SRB,72071210-semi-finished-products-of-iron-or-non-al,2.41,,2.41,C
Serbia,SRB,72071290-semi-finished-products-of-iron-or-non-al,2.4,,2.4,C
Serbia,SRB,72071912-semi-finished-products-of-iron-or-non-al,2.41,,2.41,C
Serbia,SRB,72071919-semi-finished-products-of-iron-or-non-al,2.4,,2.4,C
Serbia,SRB,72071980-semi-finished-products-of-iron-or-non-al,2.41,,2.41,C
Serbia,SRB,72072011-semi-finished-products-of-non-alloy-free,2.41,,2.41,C
Serbia,SRB,72072015-semi-finished-products-of-iron-or-non-al,2.41,,2.41,C
Serbia,SRB,72072017-semi-finished-products-of-iron-or-non-al,2.41,,2.41,C
Serbia,SRB,72072019-semi-finished-products-of-iron-or-non-al,2.4,,2.4,C
Serbia,SRB,72072032-semi-finished-products-of-iron-or-non-al,2.41,,2.41,C
Serbia,SRB,72072039-semi-finished-products-of-iron-or-non-al,2.4,,2.4,C
Serbia,SRB,72072052-semi-finished-products-of-iron-or-non-al,2.41,,2.41,C
Serbia,SRB,72072059-semi-finished-products-of-iron-or-non-al,2.4,,2.4,C
Serbia,SRB,72072080-semi-finished-products-of-iron-or-non-al,2.41,,2.41,C
Serbia,SRB,7208-flat-rolled-products-of-iron-or-non-allo,2.41,,2.41,C
Serbia,SRB,7209-flat-rolled-products-of-iron-or-non-allo,2.41,,2.41,C
Serbia,SRB,7210-flat-rolled-products-of-iron-or-non-allo,2.41,,2.41,C
Serbia,SRB,7211-flat-rolled-products-of-iron-or-non-allo,,,,
Serbia,SRB,72111300-flat-rolled-products-of-iron-or-non-allo,2.41,,2.41,C
Serbia,SRB,72111400-flat-rolled-products-of-iron-or-non-allo,2.41,,2.41,C
Serbia,SRB,72111900-flat-rolled-products-of-iron-or-non-allo,2.41,,2.41,C
Serbia,SRB,721123-flat-rolled-products-of-iron-or-non-allo,2.41,,2.41,C
Serbia,SRB,72112900-flat-rolled-products-of-iron-or-non-allo,2.41,,2.41,C
Serbia,SRB,721190-flat-rolled-products-of-iron-or-non-allo,2.41,,2.41,C
Serbia,SRB,7212-flat-rolled-products-of-iron-or-non-allo,2.641,,2.641,C
Serbia,SRB,7213-bars-and-rods-of-iron-or-non-alloy-steel,2.41,,2.41,C
Serbia,SRB,7214-bars-and-rods-of-iron-or-non-alloy-steel,,,,
Serbia,SRB,72141000-bars-and-rods-of-iron-or-non-alloy-steel,2.4,,2.4,C
Serbia,SRB,72142000-bars-and-rods-of-iron-or-non-alloy-steel,2.41,,2.41,C
Serbia,SRB,72143000-bars-and-rods-of-non-alloy-free-cutting,2.41,,2.41,C
Serbia,SRB,721491-bars-and-rods-of-iron-or-non-alloy-steel,2.41,,2.41,C
Serbia,SRB,721499-bars-and-rods-of-iron-or-non-alloy-steel,2.41,,2.41,C
Serbia,SRB,7215-bars-and-rods-of-iron-or-non-alloy-steel,2.41,,2.41,C
Serbia,SRB,7216-angles-shapes-and-sections-of-iron-or-no,2.41,,2.41,C
Serbia,SRB,7217-wire-of-iron-or-non-alloy-steel-in-coils,,,,
Serbia,SRB,721710-wire-of-iron-or-non-alloy-steel-in-coils,2.41,,2.41,C
Serbia,SRB,721720-wire-of-iron-or-non-alloy-steel-in-coils,2.41,,2.41,C
Serbia,SRB,721730-wire-of-iron-or-non-alloy-steel-in-coils,2.41,,2.41,C
Serbia,SRB,721790-wire-of-iron-or-non-alloy-steel-in-coils,2.41,,2.41,C
Serbia,SRB,7218-stainless-steel-in-ingots-or-other-prima,,,,
Serbia,SRB,72181000-steel-stainless-in-ingots-and-other-prim,2.58,,2.58,
Serbia,SRB,721891-semi-finished-products-of-stainless-stee,2.59,,2.59,
Serbia,SRB,72189911-semi-finished-products-of-stainless-stee,2.59,,2.59,
Serbia,SRB,72189919-semi-finished-products-of-stainless-stee,2.58,,2.58,
Serbia,SRB,72189920-semi-finished-products-of-stainless-stee,2.59,,2.59,
Serbia,SRB,72189980-semi-finished-products-of-stainless-stee,2.58,,2.58,
Serbia,SRB,7219-flat-rolled-products-of-stainless-steel,,,,
Serbia,SRB,72191100-flat-rolled-products-of-stainless-steel,2.59,,2.59,
Serbia,SRB,721912-flat-rolled-products-of-stainless-steel,2.59,,2.59,
Serbia,SRB,721913-flat-rolled-products-of-stainless-steel,2.59,,2.59,
Serbia,SRB,721914-flat-rolled-products-of-stainless-steel,2.59,,2.59,
Serbia,SRB,721921-flat-rolled-products-of-stainless-steel,2.59,,2.59,
Serbia,SRB,721922-flat-rolled-products-of-stainless-steel,2.59,,2.59,
Serbia,SRB,72192300-flat-rolled-products-of-stainless-steel,2.59,,2.59,
Serbia,SRB,72192400-flat-rolled-products-of-stainless-steel,2.59,,2.59,
Serbia,SRB,72193100-flat-rolled-products-of-stainless-steel,2.59,,2.59,
Serbia,SRB,721932-flat-rolled-products-of-stainless-steel,2.59,,2.59,
Serbia,SRB,721933-flat-rolled-products-of-stainless-steel,2.59,,2.59,
Serbia,SRB,721934-flat-rolled-products-of-stainless-steel,2.59,,2.59,
Serbia,SRB,721935-flat-rolled-products-of-stainless-steel,2.59,,2.59,
Serbia,SRB,721990-flat-rolled-products-of-stainless-steel,2.59,,2.59,
Serbia,SRB,7220-flat-rolled-products-of-stainless-steel,,,,
Serbia,SRB,72201100-flat-rolled-products-of-stainless-steel,2.59,,2.59,
Serbia,SRB,72201200-flat-rolled-products-of-stainless-steel,2.59,,2.59,
Serbia,SRB,722020-flat-rolled-products-of-stainless-steel,2.59,,2.59,
Serbia,SRB,722090-flat-rolled-products-of-stainless-steel,2.59,,2.59,
Serbia,SRB,7221-bars-and-rods-of-stainless-steel-hot-rol,2.59,,2.59,
Serbia,SRB,7222-other-bars-and-rods-of-stainless-steel-a,,,,
Serbia,SRB,722211-bars-and-rods-of-stainless-steel-only-ho,2.59,,2.59,
Serbia,SRB,722219-bars-and-rods-of-stainless-steel-only-ho,2.59,,2.59,
Serbia,SRB,722220-other-bars-and-rods-of-stainless-steel-n,2.59,,2.59,
Serbia,SRB,722230-other-bars-and-rods-of-stainless-steel-c,2.58,,2.58,
Serbia,SRB,722240-angles-shapes-and-sections-of-stainless,2.59,,2.59,
Serbia,SRB,7223-wire-of-stainless-steel-in-coils-excl-ba,,,,
Serbia,SRB,722300-wire-of-stainless-steel-in-coils-excl-ba,2.59,,2.59,
Serbia,SRB,7224-steel-alloy-other-than-stainless-in-ingo,,,,
Serbia,SRB,722410-steel-alloy-other-than-stainless-in-ingo,2.55,,2.55,F
Serbia,SRB,72249002-semi-finished-products-of-tool-steel,2.56,,2.56,F
Serbia,SRB,72249003-semi-finished-products-of-high-speed-ste,2.56,,2.56,F
Serbia,SRB,72249005-semi-finished-products-of-steel-containi,2.56,,2.56,F
Serbia,SRB,72249007-semi-finished-products-of-alloy-steel-ot,2.56,,2.56,F
Serbia,SRB,72249014-semi-finished-products-of-alloy-steel-ot,2.56,,2.56,F
Serbia,SRB,72249018-semi-finished-products-of-alloy-steel-ot,2.55,,2.55,F
Serbia,SRB,72249031-semi-finished-products-of-steel-containi,2.56,,2.56,F
Serbia,SRB,72249038-semi-finished-products-of-alloy-steel-ot,2.56,,2.56,F
Serbia,SRB,72249090-semi-finished-products-of-alloy-steel-ot,2.55,,2.55,F
Serbia,SRB,7225-flat-rolled-products-of-alloy-steel-othe,,,,
Serbia,SRB,72251100-flat-rolled-products-of-silicon-electric,3.39,,3.39,C
Serbia,SRB,72251910-flat-rolled-products-of-silicon-electric,2.56,,2.56,C
Serbia,SRB,72251990-flat-rolled-products-of-silicon-electric,2.56,,2.56,C
Serbia,SRB,722530-flat-rolled-products-of-alloy-steel-othe,2.56,,2.56,F
Serbia,SRB,722540-flat-rolled-products-of-alloy-steel-othe,2.56,,2.56,F
Serbia,SRB,722550-flat-rolled-products-of-alloy-steel-othe,2.56,,2.56,F
Serbia,SRB,72259100-flat-rolled-products-of-alloy-steel-othe,2.56,,2.56,F
Serbia,SRB,72259200-flat-rolled-products-of-alloy-steel-othe,2.56,,2.56,F
Serbia,SRB,72259900-flat-rolled-products-of-alloy-steel-othe,2.56,,2.56,F
Serbia,SRB,7226-flat-rolled-products-of-alloy-steel-othe,,,,
Serbia,SRB,72261100-flat-rolled-products-of-silicon-electric,3.39,,3.39,C
Serbia,SRB,72261910-flat-rolled-products-of-silicon-electric,2.56,,2.56,C
Serbia,SRB,72261980-flat-rolled-products-of-silicon-electric,2.56,,2.56,C
Serbia,SRB,72262000-flat-rolled-products-of-high-speed-steel,2.56,,2.56,F
Serbia,SRB,722691-flat-rolled-products-of-alloy-steel-othe,2.56,,2.56,F
Serbia,SRB,72269200-flat-rolled-products-of-alloy-steel-othe,2.56,,2.56,F
Serbia,SRB,722699-flat-rolled-products-of-alloy-steel-othe,2.56,,2.56,F
Serbia,SRB,7227-bars-and-rods-of-alloy-steel-other-than,2.56,,2.56,C/F
Serbia,SRB,7228-other-bars-and-rods-of-alloy-steel-other,,,,
Serbia,SRB,72281020-bars-and-rods-of-high-speed-steel-not-fu,2.56,,2.56,F
Serbia,SRB,72281050-bars-and-rods-of-high-speed-steel-forged,2.55,,2.55,F
Serbia,SRB,72281090-bars-and-rods-of-high-speed-steel-not-fu,2.56,,2.56,F
Serbia,SRB,722820-bars-and-rods-of-silico-manganese-steel,2.56,,2.56,F
Serbia,SRB,722830-bars-and-rods-of-alloy-steel-other-than,2.56,,2.56,C/F
Serbia,SRB,722840-bars-and-rods-of-alloy-steel-other-than,2.55,,2.55,F
Serbia,SRB,722850-bars-and-rods-of-alloy-steel-other-than,2.56,,2.56,C/F
Serbia,SRB,722860-bars-and-rods-of-alloy-steel-other-than,2.56,,2.56,F
Serbia,SRB,722870-angles-shapes-and-sections-of-alloy-stee,2.56,,2.56,F
Serbia,SRB,72288000-hollow-drill-bars-and-rods-of-alloy-or-n,2.56,,2.56,F
Serbia,SRB,7229-wire-of-alloy-steel-other-than-stainless,2.56,,2.56,C/F
Serbia,SRB,7301-sheet-piling-of-iron-or-steel-whether-or,2.41,,2.41,C
Serbia,SRB,7302-railway-or-tramway-track-construction-ma,2.46,,2.46,C
Serbia,SRB,7303-tubes-pipes-and-hollow-profiles-of-cast,,,,
Serbia,SRB,730300-tubes-pipes-and-hollow-profiles-of-cast,2.23,,2.23,
Serbia,SRB,7304-tubes-pipes-and-hollow-profiles-seamless,,,,
Serbia,SRB,73041100-line-pipe-of-a-kind-used-for-oil-or-gas,2.59,,2.59,
Serbia,SRB,730419-line-pipe-of-a-kind-used-for-oil-or-gas,2.41,,2.41,C
Serbia,SRB,73042200-drill-pipe-seamless-of-stainless-steel-o,2.59,,2.59,
Serbia,SRB,73042300-drill-pipe-seamless-of-a-kind-used-in-dr,2.41,,2.41,C
Serbia,SRB,73042400-casing-and-tubing-seamless-of-a-kind-use,2.59,,2.59,
Serbia,SRB,730429-casing-and-tubing-seamless-of-iron-or-st,2.41,,2.41,C
Serbia,SRB,730431-tubes-pipes-and-hollow-profiles-seamless,2.41,,2.41,C
Serbia,SRB,730439-tubes-pipes-and-hollow-profiles-seamless,2.41,,2.41,C
Serbia,SRB,73044100-tubes-pipes-and-hollow-profiles-seamless,2.59,,2.59,
Serbia,SRB,730449-tubes-pipes-and-hollow-profiles-seamless,2.59,,2.59,
Serbia,SRB,730451-tubes-pipes-and-hollow-profiles-seamless,2.31,,2.31,F
Serbia,SRB,730459-tubes-pipes-and-hollow-profiles-seamless,2.31,,2.31,C/F
Serbia,SRB,73049000-tubes-pipes-and-hollow-profiles-seamless,2.41,,2.41,C
Serbia,SRB,7305-tubes-and-pipes-having-circular-cross-se,2.41,,2.41,C
Serbia,SRB,7306-tubes-pipes-and-hollow-profiles-e-g-open,,,,
Serbia,SRB,73061100-line-pipe-of-a-kind-used-for-oil-or-gas,2.59,,2.59,
Serbia,SRB,73061900-line-pipe-of-a-kind-used-for-oil-or-gas,2.41,,2.41,C
Serbia,SRB,73062100-casing-and-tubing-of-a-kind-used-in-dril,2.59,,2.59,
Serbia,SRB,73062900-casing-and-tubing-of-a-kind-used-in-dril,2.41,,2.41,C
Serbia,SRB,73063012-precision-tubes-welded-of-circular-cross,2.41,,2.41,C
Serbia,SRB,73063018-precision-tubes-welded-of-circular-cross,2.41,,2.41,C
Serbia,SRB,73063041-threaded-or-threadable-tubes-gas-pipe-we,2.41,,2.41,C
Serbia,SRB,73063049-threaded-or-threadable-tubes-gas-pipe-we,2.41,,2.41,C
Serbia,SRB,73063072-other-tubes-pipes-and-hollow-profiles-we,2.41,,2.41,C
Serbia,SRB,73063077-other-tubes-pipes-and-hollow-profiles-we,2.41,,2.41,C
Serbia,SRB,73063080-tubes-pipes-and-hollow-profiles-welded-h,2.41,,2.41,C
Serbia,SRB,73064020-tubes-pipes-and-hollow-profiles-welded-o,2.59,,2.59,
Serbia,SRB,73064080-tubes-pipes-and-hollow-profiles-welded-o,2.59,,2.59,
Serbia,SRB,73065021-precision-steel-tubes-welded-of-circular,2.32,,2.32,F
Serbia,SRB,73065029-precision-steel-tubes-welded-of-circular,2.32,,2.32,F
Serbia,SRB,73065080-tubes-pipes-and-hollow-profiles-welded-o,2.32,,2.32,F
Serbia,SRB,73066110-tubes-and-pipes-and-hollow-profiles-weld,2.59,,2.59,
Serbia,SRB,73066192-tubes-and-pipes-and-hollow-profiles-weld,2.41,,2.41,C
Serbia,SRB,73066199-tubes-and-pipes-and-hollow-profiles-weld,2.41,,2.41,C
Serbia,SRB,73066910-tubes-pipes-and-hollow-profiles-welded-o,2.59,,2.59,
Serbia,SRB,73066990-tubes-pipes-and-hollow-profiles-welded-o,2.41,,2.41,C
Serbia,SRB,73069000-tubes-pipes-and-hollow-profiles-e-g-open,2.41,,2.41,C
Serbia,SRB,7307-tube-or-pipe-fittings-e-g-couplings-elbo,,,,
Serbia,SRB,730711-tube-or-pipe-fittings-of-non-malleable-c,2.22,,2.22,
Serbia,SRB,73071910-tube-or-pipe-fittings-of-cast-iron-excl,2.22,,2.22,
Serbia,SRB,73071990-cast-tube-or-pipe-fittings-of-steel,2.4,,2.4,C
Serbia,SRB,73072100-flanges-of-stainless-steel-excl-cast-pro,2.48,,2.48,
Serbia,SRB,730722-threaded-elbows-bends-and-sleeves-of-sta,2.48,,2.48,
Serbia,SRB,730723-butt-welding-tube-or-pipe-fittings-of-st,2.48,,2.48,
Serbia,SRB,730729-tube-or-pipe-fittings-of-stainless-steel,2.48,,2.48,
Serbia,SRB,73079100-flanges-of-iron-or-steel-excl-cast-or-st,2.41,,2.41,C
Serbia,SRB,730792-threaded-elbows-bends-and-sleeves-of-sta,2.41,,2.41,C
Serbia,SRB,730793-butt-welding-fittings-of-iron-or-steel-e,2.41,,2.41,C
Serbia,SRB,730799-tube-or-pipe-fittings-of-iron-or-steel-e,2.41,,2.41,C
Serbia,SRB,7308-structures-and-parts-of-structures-e-g-b,2.48,,2.48,C
Serbia,SRB,7309-reservoirs-tanks-vats-and-similar-contai,2.51,,2.51,C
Serbia,SRB,7310-tanks-casks-drums-cans-boxes-and-similar,2.41,,2.41,C
Serbia,SRB,7311-containers-of-iron-or-steel-for-compress,,,,
Serbia,SRB,731100-containers-of-iron-or-steel-for-compress,2.51,,2.51,C
Serbia,SRB,7318-screws-bolts-nuts-coach-screws-screw-hoo,,,,
Serbia,SRB,73181100-coach-screws-of-iron-or-steel,2.41,,2.41,C
Serbia,SRB,73181210-wood-screws-of-stainless-steel-excl-coac,2.59,,2.59,
Serbia,SRB,73181290-wood-screws-of-iron-or-steel-other-than,2.41,,2.41,C
Serbia,SRB,73181300-screw-hooks-and-screw-rings-of-iron-or-s,2.41,,2.41,C
Serbia,SRB,73181410-self-tapping-screws-of-stainless-steel-e,2.59,,2.59,
Serbia,SRB,73181491-spaced-thread-screws-of-iron-or-steel-ot,2.41,,2.41,C
Serbia,SRB,73181499-self-tapping-screws-of-iron-or-steel-oth,2.41,,2.41,C
Serbia,SRB,731815-threaded-screws-and-bolts-of-iron-or-ste,2.44,,2.44,C
Serbia,SRB,731816-nuts-of-iron-or-steel,2.44,,2.44,C
Serbia,SRB,73181900-threaded-articles-of-iron-or-steel-n-e-s,2.41,,2.41,C
Serbia,SRB,73182100-spring-washers-and-other-lock-washers-of,2.41,,2.41,C
Serbia,SRB,73182200-washers-of-iron-or-steel-excl-spring-was,2.45,,2.45,C
Serbia,SRB,73182300-rivets-of-iron-or-steel-excl-tubular-and,2.42,,2.42,C
Serbia,SRB,73182400-cotters-and-cotter-pins-of-iron-or-steel,2.41,,2.41,C
Serbia,SRB,73182900-non-threaded-articles-of-iron-or-steel,2.41,,2.41,C
Serbia,SRB,7326-articles-of-iron-or-steel-n-e-s-excl-cas,,,,
Serbia,SRB,73261100-grinding-balls-and-similar-articles-for,2.4,,2.4,C
Serbia,SRB,732619-articles-of-iron-or-steel-forged-or-stam,2.4,,2.4,C
Serbia,SRB,73262000-articles-of-iron-or-steel-wire-n-e-s,2.41,,2.41,C
Serbia,SRB,73269030-ladders-and-steps-of-iron-or-steel,2.41,,2.41,C
Serbia,SRB,73269040-pallets-and-similar-platforms-for-handli,2.41,,2.41,C
Serbia,SRB,73269050-reels-for-cables-piping-and-the-like-of,2.41,,2.41,C
Serbia,SRB,73269060-ventilators-non-mechanical-guttering-hoo,2.41,,2.41,C
Serbia,SRB,73269092-articles-of-iron-or-steel-open-die-forge,2.4,,2.4,C
Serbia,SRB,73269094-articles-of-iron-or-steel-closed-die-for,2.4,,2.4,C
Serbia,SRB,73269096-sintered-articles-of-iron-or-steel-n-e-s,2.4,,2.4,C
Serbia,SRB,73269098-articles-of-iron-or-steel-n-e-s,2.41,,2.41,C
Sierra Leone,SLE,28041000-hydrogen,10.82,,10.82,
Singapore,SGP,2507008080-calcined-clay,,,,
Singapore,SGP,2523100010-white-clinker,,,,
Singapore,SGP,2523100090-other-clinker-including-grey-clinker,,,,
Singapore,SGP,25232100-white-portland-cement,,,,
Singapore,SGP,25232900-grey-portland-cement,1.03,0.06,1.09,
Singapore,SGP,25233000-aluminous-cement,,,,
Singapore,SGP,2523900010-white-hydraulic-cement,,,,
Singapore,SGP,2523900090-other-hydraulic-cements-including-grey-h,0.99,0.06,1.05,A
Singapore,SGP,7601-unwrought-aluminium,0.36,,0.36,L
Singapore,SGP,7603-aluminium-powders-and-flakes,1.78,,1.78,L
Singapore,SGP,76041010-bars-and-rods,2.01,,2.01,L
Singapore,SGP,76041090-profiles,2.02,,2.02,L
Singapore,SGP,76042100-hollow-profiles,2.02,,2.02,L
Singapore,SGP,76042910-bars-and-rods,2.01,,2.01,L
Singapore,SGP,76042990-profiles,2.02,,2.02,L
Singapore,SGP,7605-aluminium-wire,2.01,,2.01,L
Singapore,SGP,7606-aluminium-plates-sheets-and-strip-of-a-t,2.46,,2.46,L
Singapore,SGP,7607-aluminium-foil-whether-or-not-printed-or,2.46,,2.46,L
Singapore,SGP,7608-aluminium-tubes-and-pipes,2.02,,2.02,L
Singapore,SGP,76090000-aluminium-tube-or-pipe-fittings-for-exam,2.02,,2.02,L
Singapore,SGP,76101000-doors-windows-and-their-frames-and-thres,2.02,,2.02,L
Singapore,SGP,761090-other,2.02,,2.02,L
Singapore,SGP,76109010-bridges-and-bridge-sections-towers-and-l,2.02,,2.02,L
Singapore,SGP,76109090-other,2.02,,2.02,L
Singapore,SGP,76110000-aluminium-reservoirs-tanks-vats-and-simi,2.46,,2.46,L
Singapore,SGP,7612-aluminium-casks-drums-cans-boxes-and-sim,2.46,,2.46,L
Singapore,SGP,76130000-aluminium-containers-for-compressed-or-l,2.46,,2.46,L
Singapore,SGP,7614-stranded-wire-cables-plaited-bands-and-t,2.01,,2.01,L
Singapore,SGP,76161000-nails-tacks-staples-other-than-those-of,2.46,,2.46,L
Singapore,SGP,76169100-cloth-grill-netting-and-fencing-of-alumi,2.46,,2.46,L
Singapore,SGP,76169910-cast,1.78,,1.78,L
Singapore,SGP,76169990-other,2.46,,2.46,L
Singapore,SGP,28041000-hydrogen,14.03,,14.03,
Singapore,SGP,720211-ferro-manganese-containing-by-weight-2-o,1.69,,1.69,
Singapore,SGP,720219-ferro-manganese-containing-by-weight-2-c,,,,
Singapore,SGP,720241-ferro-chromium-containing-by-weight-4-of,2.35,,2.35,
Singapore,SGP,720249-ferro-chromium-containing-by-weight-4-of,,,,
Singapore,SGP,72026000-ferro-nickel,3.48,,3.48,
South Africa,ZAF,28080000-nitric-acid-sulphonitric-acids,2.02,0.08,2.1,
South Africa,ZAF,28141000-anhydrous-ammonia,3.39,0.25,3.64,
South Africa,ZAF,28142000-ammonia-in-aqueous-solution,1.02,0.07,1.09,
South Africa,ZAF,28342100-nitrate-of-potassium,1.95,0.12,2.07,
South Africa,ZAF,3102-mineral-or-chemical-fertilizers-nitrogen,,,,
South Africa,ZAF,31021012-urea-in-aqueous-solution-containing-45-n,0.72,0.06,0.78,
South Africa,ZAF,31021015-urea-in-aqueous-solution-containing-45-n,1.19,0.06,1.26,
South Africa,ZAF,31021019-urea-whether-or-not-in-aqueous-solution,2.16,0.2,2.36,
South Africa,ZAF,31021090-urea-whether-or-not-in-aqueous-solution,2.12,0.19,2.31,
South Africa,ZAF,31022100-ammonium-sulphate-excl-that-in-tablets-o,0.97,0.15,1.12,
South Africa,ZAF,31022900-double-salts-and-mixtures-of-ammonium-su,1.5,0.17,1.67,
South Africa,ZAF,31023010-ammonium-nitrate-in-aqueous-solution-exc,1.49,0.13,1.62,
South Africa,ZAF,31023090-ammonium-nitrate-excl-that-in-aqueous-so,2.3,0.19,2.49,
South Africa,ZAF,31024010-mixtures-of-ammonium-nitrate-with-calciu,1.97,0.18,2.15,
South Africa,ZAF,31024090-mixtures-of-ammonium-nitrate-with-calciu,1.97,0.18,2.15,
South Africa,ZAF,31025000-sodium-nitrate-excl-that-in-tablets-or-s,3.14,0.13,3.27,
South Africa,ZAF,31026000-double-salts-and-mixtures-of-calcium-nit,1.93,0.17,2.1,
South Africa,ZAF,31028000-mixtures-of-urea-and-ammonium-nitrate-in,1.71,0.15,1.86,
South Africa,ZAF,31029000-mineral-or-chemical-nitrogen-fertilisers,1.95,0.18,2.14,
South Africa,ZAF,3105-mineral-or-chemical-fertilisers-containi,,,,
South Africa,ZAF,31051000-mineral-or-chemical-fertilisers-of-anima,0.91,0.15,1.06,
South Africa,ZAF,31052010-mineral-or-chemical-fertilisers-containi,1.02,0.18,1.2,
South Africa,ZAF,31052090-mineral-or-chemical-fertilisers-containi,0.7,0.14,0.84,
South Africa,ZAF,31053000-diammonium-hydrogenorthophosphate-diammo,0.79,0.11,0.9,
South Africa,ZAF,31054000-ammonium-dihydrogenorthophosphate-monoam,0.5,0.09,0.59,
South Africa,ZAF,31055100-other-mineral-or-chemical-fertilisers-co,1.38,0.22,1.6,
South Africa,ZAF,31055900-other-mineral-or-chemical-fertilisers-co,0.9,0.18,1.07,
South Africa,ZAF,31059020-mineral-or-chemical-fertilisers-containi,1.34,0.14,1.48,
South Africa,ZAF,31059080-mineral-or-chemical-fertilisers-containi,0.69,0.1,0.79,
South Africa,ZAF,7601-unwrought-aluminium,2.358,,2.358,K
South Africa,ZAF,7603-aluminium-powders-and-flakes,1.99,,1.99,K
South Africa,ZAF,76041010-bars-and-rods,2.21,,2.21,K
South Africa,ZAF,76041090-profiles,2.23,,2.23,K
South Africa,ZAF,76042100-hollow-profiles,2.23,,2.23,K
South Africa,ZAF,76042910-bars-and-rods,2.21,,2.21,K
South Africa,ZAF,76042990-profiles,2.23,,2.23,K
South Africa,ZAF,7605-aluminium-wire,2.21,,2.21,K
South Africa,ZAF,7606-aluminium-plates-sheets-and-strip-of-a-t,2.67,,2.67,K
South Africa,ZAF,7607-aluminium-foil-whether-or-not-printed-or,2.67,,2.67,K
South Africa,ZAF,7608-aluminium-tubes-and-pipes,2.23,,2.23,K
South Africa,ZAF,76090000-aluminium-tube-or-pipe-fittings-for-exam,2.23,,2.23,K
South Africa,ZAF,76101000-doors-windows-and-their-frames-and-thres,2.23,,2.23,K
South Africa,ZAF,761090-other,2.23,,2.23,K
South Africa,ZAF,76109010-bridges-and-bridge-sections-towers-and-l,2.23,,2.23,K
South Africa,ZAF,76109090-other,2.23,,2.23,K
South Africa,ZAF,76110000-aluminium-reservoirs-tanks-vats-and-simi,2.67,,2.67,K
South Africa,ZAF,7612-aluminium-casks-drums-cans-boxes-and-sim,2.67,,2.67,K
South Africa,ZAF,76130000-aluminium-containers-for-compressed-or-l,2.67,,2.67,K
South Africa,ZAF,7614-stranded-wire-cables-plaited-bands-and-t,2.21,,2.21,K
South Africa,ZAF,76161000-nails-tacks-staples-other-than-those-of,2.67,,2.67,K
South Africa,ZAF,76169100-cloth-grill-netting-and-fencing-of-alumi,2.67,,2.67,K
South Africa,ZAF,76169910-cast,1.99,,1.99,K
South Africa,ZAF,76169990-other,2.67,,2.67,K
South Africa,ZAF,28041000-hydrogen,25.94,,25.94,
South Africa,ZAF,26011200-agglomerated-iron-ores-and-concentrates,,,,
South Africa,ZAF,7201-pig-iron-and-spiegeleisen-in-pigs-blocks,3.47,,3.47,
South Africa,ZAF,720211-ferro-manganese-containing-by-weight-2-o,1.69,,1.69,
South Africa,ZAF,720219-ferro-manganese-containing-by-weight-2-c,,,,
South Africa,ZAF,720241-ferro-chromium-containing-by-weight-4-of,2.35,,2.35,
South Africa,ZAF,720249-ferro-chromium-containing-by-weight-4-of,2.87,,2.87,
South Africa,ZAF,72026000-ferro-nickel,3.48,,3.48,
South Africa,ZAF,7203-ferrous-products-obtained-by-direct-redu,0.76,,0.76,
South Africa,ZAF,7205-granules-and-powders-of-pig-iron-spiegel,3.89,,3.89,C/F
South Africa,ZAF,7206-iron-and-non-alloy-steel-in-ingots-or-ot,,,,
South Africa,ZAF,72061000-ingots-of-iron-and-non-alloy-steel-excl,4.02,,4.02,C
South Africa,ZAF,72069000-iron-and-non-alloy-steel-in-puddled-bars,4.03,,4.03,C
South Africa,ZAF,7207-semi-finished-products-of-iron-or-non-al,,,,
South Africa,ZAF,72071111-semi-finished-products-of-non-alloy-free,4.03,,4.03,C
South Africa,ZAF,72071114-semi-finished-products-of-iron-or-non-al,4.03,,4.03,C
South Africa,ZAF,72071116-semi-finished-products-of-iron-or-non-al,4.03,,4.03,C
South Africa,ZAF,72071190-semi-finished-products-of-iron-or-non-al,4.02,,4.02,C
South Africa,ZAF,72071210-semi-finished-products-of-iron-or-non-al,4.03,,4.03,C
South Africa,ZAF,72071290-semi-finished-products-of-iron-or-non-al,4.02,,4.02,C
South Africa,ZAF,72071912-semi-finished-products-of-iron-or-non-al,4.03,,4.03,C
South Africa,ZAF,72071919-semi-finished-products-of-iron-or-non-al,4.02,,4.02,C
South Africa,ZAF,72071980-semi-finished-products-of-iron-or-non-al,4.03,,4.03,C
South Africa,ZAF,72072011-semi-finished-products-of-non-alloy-free,4.03,,4.03,C
South Africa,ZAF,72072015-semi-finished-products-of-iron-or-non-al,4.03,,4.03,C
South Africa,ZAF,72072017-semi-finished-products-of-iron-or-non-al,4.03,,4.03,C
South Africa,ZAF,72072019-semi-finished-products-of-iron-or-non-al,4.02,,4.02,C
South Africa,ZAF,72072032-semi-finished-products-of-iron-or-non-al,4.03,,4.03,C
South Africa,ZAF,72072039-semi-finished-products-of-iron-or-non-al,4.02,,4.02,C
South Africa,ZAF,72072052-semi-finished-products-of-iron-or-non-al,4.03,,4.03,C
South Africa,ZAF,72072059-semi-finished-products-of-iron-or-non-al,4.02,,4.02,C
South Africa,ZAF,72072080-semi-finished-products-of-iron-or-non-al,4.03,,4.03,C
South Africa,ZAF,7208-flat-rolled-products-of-iron-or-non-allo,4.14,,4.14,C
South Africa,ZAF,7209-flat-rolled-products-of-iron-or-non-allo,4.22,,4.22,C
South Africa,ZAF,7210-flat-rolled-products-of-iron-or-non-allo,4.22,,4.22,C
South Africa,ZAF,7211-flat-rolled-products-of-iron-or-non-allo,,,,
South Africa,ZAF,72111300-flat-rolled-products-of-iron-or-non-allo,4.14,,4.14,C
South Africa,ZAF,72111400-flat-rolled-products-of-iron-or-non-allo,4.14,,4.14,C
South Africa,ZAF,72111900-flat-rolled-products-of-iron-or-non-allo,4.14,,4.14,C
South Africa,ZAF,721123-flat-rolled-products-of-iron-or-non-allo,4.22,,4.22,C
South Africa,ZAF,72112900-flat-rolled-products-of-iron-or-non-allo,4.22,,4.22,C
South Africa,ZAF,721190-flat-rolled-products-of-iron-or-non-allo,4.22,,4.22,C
South Africa,ZAF,7212-flat-rolled-products-of-iron-or-non-allo,4.22,,4.22,C
South Africa,ZAF,7213-bars-and-rods-of-iron-or-non-alloy-steel,4.03,,4.03,C
South Africa,ZAF,7214-bars-and-rods-of-iron-or-non-alloy-steel,,,,
South Africa,ZAF,72141000-bars-and-rods-of-iron-or-non-alloy-steel,4.02,,4.02,C
South Africa,ZAF,72142000-bars-and-rods-of-iron-or-non-alloy-steel,4.03,,4.03,C
South Africa,ZAF,72143000-bars-and-rods-of-non-alloy-free-cutting,4.03,,4.03,C
South Africa,ZAF,721491-bars-and-rods-of-iron-or-non-alloy-steel,4.03,,4.03,C
South Africa,ZAF,721499-bars-and-rods-of-iron-or-non-alloy-steel,4.03,,4.03,C
South Africa,ZAF,7215-bars-and-rods-of-iron-or-non-alloy-steel,4.03,,4.03,C
South Africa,ZAF,7216-angles-shapes-and-sections-of-iron-or-no,4.03,,4.03,C
South Africa,ZAF,7217-wire-of-iron-or-non-alloy-steel-in-coils,,,,
South Africa,ZAF,721710-wire-of-iron-or-non-alloy-steel-in-coils,4.03,,4.03,C
South Africa,ZAF,721720-wire-of-iron-or-non-alloy-steel-in-coils,4.03,,4.03,C
South Africa,ZAF,721730-wire-of-iron-or-non-alloy-steel-in-coils,4.03,,4.03,C
South Africa,ZAF,721790-wire-of-iron-or-non-alloy-steel-in-coils,4.03,,4.03,C
South Africa,ZAF,7218-stainless-steel-in-ingots-or-other-prima,,,,
South Africa,ZAF,72181000-steel-stainless-in-ingots-and-other-prim,3.62,,3.62,
South Africa,ZAF,721891-semi-finished-products-of-stainless-stee,3.81,,3.81,
South Africa,ZAF,72189911-semi-finished-products-of-stainless-stee,3.81,,3.81,
South Africa,ZAF,72189919-semi-finished-products-of-stainless-stee,3.62,,3.62,
South Africa,ZAF,72189920-semi-finished-products-of-stainless-stee,3.81,,3.81,
South Africa,ZAF,72189980-semi-finished-products-of-stainless-stee,3.62,,3.62,
South Africa,ZAF,7219-flat-rolled-products-of-stainless-steel,,,,
South Africa,ZAF,72191100-flat-rolled-products-of-stainless-steel,3.81,,3.81,
South Africa,ZAF,721912-flat-rolled-products-of-stainless-steel,3.81,,3.81,
South Africa,ZAF,721913-flat-rolled-products-of-stainless-steel,3.81,,3.81,
South Africa,ZAF,721914-flat-rolled-products-of-stainless-steel,3.81,,3.81,
South Africa,ZAF,721921-flat-rolled-products-of-stainless-steel,3.81,,3.81,
South Africa,ZAF,721922-flat-rolled-products-of-stainless-steel,3.81,,3.81,
South Africa,ZAF,72192300-flat-rolled-products-of-stainless-steel,3.81,,3.81,
South Africa,ZAF,72192400-flat-rolled-products-of-stainless-steel,3.81,,3.81,
South Africa,ZAF,72193100-flat-rolled-products-of-stainless-steel,3.89,,3.89,
South Africa,ZAF,721932-flat-rolled-products-of-stainless-steel,3.89,,3.89,
South Africa,ZAF,721933-flat-rolled-products-of-stainless-steel,3.89,,3.89,
South Africa,ZAF,721934-flat-rolled-products-of-stainless-steel,3.89,,3.89,
South Africa,ZAF,721935-flat-rolled-products-of-stainless-steel,3.89,,3.89,
South Africa,ZAF,721990-flat-rolled-products-of-stainless-steel,3.89,,3.89,
South Africa,ZAF,7220-flat-rolled-products-of-stainless-steel,,,,
South Africa,ZAF,72201100-flat-rolled-products-of-stainless-steel,3.81,,3.81,
South Africa,ZAF,72201200-flat-rolled-products-of-stainless-steel,3.81,,3.81,
South Africa,ZAF,722020-flat-rolled-products-of-stainless-steel,3.89,,3.89,
South Africa,ZAF,722090-flat-rolled-products-of-stainless-steel,3.89,,3.89,
South Africa,ZAF,7221-bars-and-rods-of-stainless-steel-hot-rol,3.62,,3.62,
South Africa,ZAF,7222-other-bars-and-rods-of-stainless-steel-a,,,,
South Africa,ZAF,722211-bars-and-rods-of-stainless-steel-only-ho,3.62,,3.62,
South Africa,ZAF,722219-bars-and-rods-of-stainless-steel-only-ho,3.62,,3.62,
South Africa,ZAF,722220-other-bars-and-rods-of-stainless-steel-n,3.62,,3.62,
South Africa,ZAF,722230-other-bars-and-rods-of-stainless-steel-c,3.62,,3.62,
South Africa,ZAF,722240-angles-shapes-and-sections-of-stainless,3.62,,3.62,
South Africa,ZAF,7223-wire-of-stainless-steel-in-coils-excl-ba,,,,
South Africa,ZAF,722300-wire-of-stainless-steel-in-coils-excl-ba,3.62,,3.62,
South Africa,ZAF,7224-steel-alloy-other-than-stainless-in-ingo,,,,
South Africa,ZAF,722410-steel-alloy-other-than-stainless-in-ingo,3.89,,3.89,F
South Africa,ZAF,72249002-semi-finished-products-of-tool-steel,4.08,,4.08,F
South Africa,ZAF,72249003-semi-finished-products-of-high-speed-ste,4.08,,4.08,F
South Africa,ZAF,72249005-semi-finished-products-of-steel-containi,4.08,,4.08,F
South Africa,ZAF,72249007-semi-finished-products-of-alloy-steel-ot,4.08,,4.08,F
South Africa,ZAF,72249014-semi-finished-products-of-alloy-steel-ot,4.08,,4.08,F
South Africa,ZAF,72249018-semi-finished-products-of-alloy-steel-ot,3.89,,3.89,F
South Africa,ZAF,72249031-semi-finished-products-of-steel-containi,4.08,,4.08,F
South Africa,ZAF,72249038-semi-finished-products-of-alloy-steel-ot,4.08,,4.08,F
South Africa,ZAF,72249090-semi-finished-products-of-alloy-steel-ot,3.89,,3.89,F
South Africa,ZAF,7225-flat-rolled-products-of-alloy-steel-othe,,,,
South Africa,ZAF,72251100-flat-rolled-products-of-silicon-electric,5.34,,5.34,C
South Africa,ZAF,72251910-flat-rolled-products-of-silicon-electric,4.08,,4.08,C
South Africa,ZAF,72251990-flat-rolled-products-of-silicon-electric,4.16,,4.16,C
South Africa,ZAF,722530-flat-rolled-products-of-alloy-steel-othe,4.08,,4.08,F
South Africa,ZAF,722540-flat-rolled-products-of-alloy-steel-othe,4.08,,4.08,F
South Africa,ZAF,722550-flat-rolled-products-of-alloy-steel-othe,4.16,,4.16,F
South Africa,ZAF,72259100-flat-rolled-products-of-alloy-steel-othe,4.16,,4.16,F
South Africa,ZAF,72259200-flat-rolled-products-of-alloy-steel-othe,4.16,,4.16,F
South Africa,ZAF,72259900-flat-rolled-products-of-alloy-steel-othe,4.16,,4.16,F
South Africa,ZAF,7226-flat-rolled-products-of-alloy-steel-othe,,,,
South Africa,ZAF,72261100-flat-rolled-products-of-silicon-electric,5.34,,5.34,C
South Africa,ZAF,72261910-flat-rolled-products-of-silicon-electric,4.08,,4.08,C
South Africa,ZAF,72261980-flat-rolled-products-of-silicon-electric,4.16,,4.16,C
South Africa,ZAF,72262000-flat-rolled-products-of-high-speed-steel,4.08,,4.08,F
South Africa,ZAF,722691-flat-rolled-products-of-alloy-steel-othe,4.08,,4.08,F
South Africa,ZAF,72269200-flat-rolled-products-of-alloy-steel-othe,4.16,,4.16,F
South Africa,ZAF,722699-flat-rolled-products-of-alloy-steel-othe,4.16,,4.16,F
South Africa,ZAF,7227-bars-and-rods-of-alloy-steel-other-than,3.89,,3.89,C/F
South Africa,ZAF,7228-other-bars-and-rods-of-alloy-steel-other,,,,
South Africa,ZAF,72281020-bars-and-rods-of-high-speed-steel-not-fu,3.89,,3.89,F
South Africa,ZAF,72281050-bars-and-rods-of-high-speed-steel-forged,3.89,,3.89,F
South Africa,ZAF,72281090-bars-and-rods-of-high-speed-steel-not-fu,3.89,,3.89,F
South Africa,ZAF,722820-bars-and-rods-of-silico-manganese-steel,3.89,,3.89,F
South Africa,ZAF,722830-bars-and-rods-of-alloy-steel-other-than,3.89,,3.89,C/F
South Africa,ZAF,722840-bars-and-rods-of-alloy-steel-other-than,3.89,,3.89,F
South Africa,ZAF,722850-bars-and-rods-of-alloy-steel-other-than,3.89,,3.89,C/F
South Africa,ZAF,722860-bars-and-rods-of-alloy-steel-other-than,3.89,,3.89,F
South Africa,ZAF,722870-angles-shapes-and-sections-of-alloy-stee,3.89,,3.89,F
South Africa,ZAF,72288000-hollow-drill-bars-and-rods-of-alloy-or-n,3.89,,3.89,F
South Africa,ZAF,7229-wire-of-alloy-steel-other-than-stainless,3.89,,3.89,C/F
South Africa,ZAF,7301-sheet-piling-of-iron-or-steel-whether-or,4.22,,4.22,C
South Africa,ZAF,7302-railway-or-tramway-track-construction-ma,4.03,,4.03,C
South Africa,ZAF,7303-tubes-pipes-and-hollow-profiles-of-cast,,,,
South Africa,ZAF,730300-tubes-pipes-and-hollow-profiles-of-cast,3.48,,3.48,
South Africa,ZAF,7304-tubes-pipes-and-hollow-profiles-seamless,,,,
South Africa,ZAF,73041100-line-pipe-of-a-kind-used-for-oil-or-gas,3.62,,3.62,
South Africa,ZAF,730419-line-pipe-of-a-kind-used-for-oil-or-gas,4.03,,4.03,C
South Africa,ZAF,73042200-drill-pipe-seamless-of-stainless-steel-o,3.62,,3.62,
South Africa,ZAF,73042300-drill-pipe-seamless-of-a-kind-used-in-dr,4.03,,4.03,C
South Africa,ZAF,73042400-casing-and-tubing-seamless-of-a-kind-use,3.62,,3.62,
South Africa,ZAF,730429-casing-and-tubing-seamless-of-iron-or-st,4.03,,4.03,C
South Africa,ZAF,730431-tubes-pipes-and-hollow-profiles-seamless,4.03,,4.03,C
South Africa,ZAF,730439-tubes-pipes-and-hollow-profiles-seamless,4.03,,4.03,C
South Africa,ZAF,73044100-tubes-pipes-and-hollow-profiles-seamless,3.62,,3.62,
South Africa,ZAF,730449-tubes-pipes-and-hollow-profiles-seamless,3.62,,3.62,
South Africa,ZAF,730451-tubes-pipes-and-hollow-profiles-seamless,3.85,,3.85,F
South Africa,ZAF,730459-tubes-pipes-and-hollow-profiles-seamless,3.85,,3.85,C/F
South Africa,ZAF,73049000-tubes-pipes-and-hollow-profiles-seamless,4.03,,4.03,C
South Africa,ZAF,7305-tubes-and-pipes-having-circular-cross-se,4.22,,4.22,C
South Africa,ZAF,7306-tubes-pipes-and-hollow-profiles-e-g-open,,,,
South Africa,ZAF,73061100-line-pipe-of-a-kind-used-for-oil-or-gas,3.89,,3.89,
South Africa,ZAF,73061900-line-pipe-of-a-kind-used-for-oil-or-gas,4.22,,4.22,C
South Africa,ZAF,73062100-casing-and-tubing-of-a-kind-used-in-dril,3.89,,3.89,
South Africa,ZAF,73062900-casing-and-tubing-of-a-kind-used-in-dril,4.22,,4.22,C
South Africa,ZAF,73063012-precision-tubes-welded-of-circular-cross,4.22,,4.22,C
South Africa,ZAF,73063018-precision-tubes-welded-of-circular-cross,4.14,,4.14,C
South Africa,ZAF,73063041-threaded-or-threadable-tubes-gas-pipe-we,4.22,,4.22,C
South Africa,ZAF,73063049-threaded-or-threadable-tubes-gas-pipe-we,4.22,,4.22,C
South Africa,ZAF,73063072-other-tubes-pipes-and-hollow-profiles-we,4.22,,4.22,C
South Africa,ZAF,73063077-other-tubes-pipes-and-hollow-profiles-we,4.22,,4.22,C
South Africa,ZAF,73063080-tubes-pipes-and-hollow-profiles-welded-h,4.22,,4.22,C
South Africa,ZAF,73064020-tubes-pipes-and-hollow-profiles-welded-o,3.89,,3.89,
South Africa,ZAF,73064080-tubes-pipes-and-hollow-profiles-welded-o,3.81,,3.81,
South Africa,ZAF,73065021-precision-steel-tubes-welded-of-circular,4.16,,4.16,F
South Africa,ZAF,73065029-precision-steel-tubes-welded-of-circular,4.08,,4.08,F
South Africa,ZAF,73065080-tubes-pipes-and-hollow-profiles-welded-o,4.16,,4.16,F
South Africa,ZAF,73066110-tubes-and-pipes-and-hollow-profiles-weld,3.89,,3.89,
South Africa,ZAF,73066192-tubes-and-pipes-and-hollow-profiles-weld,4.22,,4.22,C
South Africa,ZAF,73066199-tubes-and-pipes-and-hollow-profiles-weld,4.22,,4.22,C
South Africa,ZAF,73066910-tubes-pipes-and-hollow-profiles-welded-o,3.89,,3.89,
South Africa,ZAF,73066990-tubes-pipes-and-hollow-profiles-welded-o,4.22,,4.22,C
South Africa,ZAF,73069000-tubes-pipes-and-hollow-profiles-e-g-open,4.22,,4.22,C
South Africa,ZAF,7307-tube-or-pipe-fittings-e-g-couplings-elbo,,,,
South Africa,ZAF,730711-tube-or-pipe-fittings-of-non-malleable-c,3.48,,3.48,
South Africa,ZAF,73071910-tube-or-pipe-fittings-of-cast-iron-excl,3.48,,3.48,
South Africa,ZAF,73071990-cast-tube-or-pipe-fittings-of-steel,4.02,,4.02,C
South Africa,ZAF,73072100-flanges-of-stainless-steel-excl-cast-pro,3.87,,3.87,
South Africa,ZAF,730722-threaded-elbows-bends-and-sleeves-of-sta,3.87,,3.87,
South Africa,ZAF,730723-butt-welding-tube-or-pipe-fittings-of-st,3.87,,3.87,
South Africa,ZAF,730729-tube-or-pipe-fittings-of-stainless-steel,3.87,,3.87,
South Africa,ZAF,73079100-flanges-of-iron-or-steel-excl-cast-or-st,4.03,,4.03,C
South Africa,ZAF,730792-threaded-elbows-bends-and-sleeves-of-sta,4.03,,4.03,C
South Africa,ZAF,730793-butt-welding-fittings-of-iron-or-steel-e,4.03,,4.03,C
South Africa,ZAF,730799-tube-or-pipe-fittings-of-iron-or-steel-e,4.03,,4.03,C
South Africa,ZAF,7308-structures-and-parts-of-structures-e-g-b,4.22,,4.22,C
South Africa,ZAF,7309-reservoirs-tanks-vats-and-similar-contai,4.22,,4.22,C
South Africa,ZAF,7310-tanks-casks-drums-cans-boxes-and-similar,4.22,,4.22,C
South Africa,ZAF,7311-containers-of-iron-or-steel-for-compress,,,,
South Africa,ZAF,731100-containers-of-iron-or-steel-for-compress,4.03,,4.03,C
South Africa,ZAF,7318-screws-bolts-nuts-coach-screws-screw-hoo,,,,
South Africa,ZAF,73181100-coach-screws-of-iron-or-steel,4.03,,4.03,C
South Africa,ZAF,73181210-wood-screws-of-stainless-steel-excl-coac,3.62,,3.62,
South Africa,ZAF,73181290-wood-screws-of-iron-or-steel-other-than,4.03,,4.03,C
South Africa,ZAF,73181300-screw-hooks-and-screw-rings-of-iron-or-s,4.03,,4.03,C
South Africa,ZAF,73181410-self-tapping-screws-of-stainless-steel-e,3.62,,3.62,
South Africa,ZAF,73181491-spaced-thread-screws-of-iron-or-steel-ot,4.03,,4.03,C
South Africa,ZAF,73181499-self-tapping-screws-of-iron-or-steel-oth,4.03,,4.03,C
South Africa,ZAF,731815-threaded-screws-and-bolts-of-iron-or-ste,4.03,,4.03,C
South Africa,ZAF,731816-nuts-of-iron-or-steel,4.03,,4.03,C
South Africa,ZAF,73181900-threaded-articles-of-iron-or-steel-n-e-s,4.03,,4.03,C
South Africa,ZAF,73182100-spring-washers-and-other-lock-washers-of,4.03,,4.03,C
South Africa,ZAF,73182200-washers-of-iron-or-steel-excl-spring-was,4.03,,4.03,C
South Africa,ZAF,73182300-rivets-of-iron-or-steel-excl-tubular-and,4.03,,4.03,C
South Africa,ZAF,73182400-cotters-and-cotter-pins-of-iron-or-steel,4.03,,4.03,C
South Africa,ZAF,73182900-non-threaded-articles-of-iron-or-steel,4.03,,4.03,C
South Africa,ZAF,7326-articles-of-iron-or-steel-n-e-s-excl-cas,,,,
South Africa,ZAF,73261100-grinding-balls-and-similar-articles-for,4.02,,4.02,C
South Africa,ZAF,732619-articles-of-iron-or-steel-forged-or-stam,4.02,,4.02,C
South Africa,ZAF,73262000-articles-of-iron-or-steel-wire-n-e-s,4.03,,4.03,C
South Africa,ZAF,73269030-ladders-and-steps-of-iron-or-steel,4.03,,4.03,C
South Africa,ZAF,73269040-pallets-and-similar-platforms-for-handli,4.03,,4.03,C
South Africa,ZAF,73269050-reels-for-cables-piping-and-the-like-of,4.03,,4.03,C
South Africa,ZAF,73269060-ventilators-non-mechanical-guttering-hoo,4.03,,4.03,C
South Africa,ZAF,73269092-articles-of-iron-or-steel-open-die-forge,4.02,,4.02,C
South Africa,ZAF,73269094-articles-of-iron-or-steel-closed-die-for,4.02,,4.02,C
South Africa,ZAF,73269096-sintered-articles-of-iron-or-steel-n-e-s,4.02,,4.02,C
South Africa,ZAF,73269098-articles-of-iron-or-steel-n-e-s,4.22,,4.22,C
Sri Lanka,LKA,2507008080-calcined-clay,,,,
Sri Lanka,LKA,2523100010-white-clinker,,,,
Sri Lanka,LKA,2523100090-other-clinker-including-grey-clinker,0.87,0.04,0.9,A
Sri Lanka,LKA,25232100-white-portland-cement,,,,
Sri Lanka,LKA,25232900-grey-portland-cement,1.0,0.06,1.06,
Sri Lanka,LKA,25233000-aluminous-cement,,,,
Sri Lanka,LKA,2523900010-white-hydraulic-cement,,,,
Sri Lanka,LKA,2523900090-other-hydraulic-cements-including-grey-h,0.95,0.07,1.02,A
Sri Lanka,LKA,28080000-nitric-acid-sulphonitric-acids,2.04,0.07,2.11,
Sri Lanka,LKA,28141000-anhydrous-ammonia,,,,
Sri Lanka,LKA,28142000-ammonia-in-aqueous-solution,0.7,0.06,0.77,
Sri Lanka,LKA,28342100-nitrate-of-potassium,1.78,0.1,1.88,
Sri Lanka,LKA,3102-mineral-or-chemical-fertilizers-nitrogen,,,,
Sri Lanka,LKA,31021012-urea-in-aqueous-solution-containing-45-n,0.52,0.05,0.57,
Sri Lanka,LKA,31021015-urea-in-aqueous-solution-containing-45-n,0.86,0.05,0.92,
Sri Lanka,LKA,31021019-urea-whether-or-not-in-aqueous-solution,1.57,0.15,1.72,
Sri Lanka,LKA,31021090-urea-whether-or-not-in-aqueous-solution,1.54,0.15,1.69,
Sri Lanka,LKA,31022100-ammonium-sulphate-excl-that-in-tablets-o,0.68,0.1,0.79,
Sri Lanka,LKA,31022900-double-salts-and-mixtures-of-ammonium-su,1.25,0.12,1.37,
Sri Lanka,LKA,31023010-ammonium-nitrate-in-aqueous-solution-exc,1.36,0.09,1.45,
Sri Lanka,LKA,31023090-ammonium-nitrate-excl-that-in-aqueous-so,2.08,0.14,2.23,
Sri Lanka,LKA,31024010-mixtures-of-ammonium-nitrate-with-calciu,1.8,0.13,1.92,
Sri Lanka,LKA,31024090-mixtures-of-ammonium-nitrate-with-calciu,1.8,0.13,1.92,
Sri Lanka,LKA,31025000-sodium-nitrate-excl-that-in-tablets-or-s,3.18,0.1,3.29,
Sri Lanka,LKA,31026000-double-salts-and-mixtures-of-calcium-nit,1.75,0.12,1.87,
Sri Lanka,LKA,31028000-mixtures-of-urea-and-ammonium-nitrate-in,1.43,0.12,1.55,
Sri Lanka,LKA,31029000-mineral-or-chemical-nitrogen-fertilisers,1.56,0.14,1.69,
Sri Lanka,LKA,3105-mineral-or-chemical-fertilisers-containi,,,,
Sri Lanka,LKA,31051000-mineral-or-chemical-fertilisers-of-anima,0.74,0.1,0.84,
Sri Lanka,LKA,31052010-mineral-or-chemical-fertilisers-containi,0.9,0.12,1.02,
Sri Lanka,LKA,31052090-mineral-or-chemical-fertilisers-containi,0.61,0.09,0.7,
Sri Lanka,LKA,31053000-diammonium-hydrogenorthophosphate-diammo,0.55,0.08,0.63,
Sri Lanka,LKA,31054000-ammonium-dihydrogenorthophosphate-monoam,0.35,0.06,0.41,
Sri Lanka,LKA,31055100-other-mineral-or-chemical-fertilisers-co,1.23,0.15,1.38,
Sri Lanka,LKA,31055900-other-mineral-or-chemical-fertilisers-co,0.63,0.12,0.75,
Sri Lanka,LKA,31059020-mineral-or-chemical-fertilisers-containi,1.19,0.1,1.29,
Sri Lanka,LKA,31059080-mineral-or-chemical-fertilisers-containi,0.61,0.06,0.68,
Sri Lanka,LKA,7601-unwrought-aluminium,0.36,,0.36,L
Sri Lanka,LKA,7603-aluminium-powders-and-flakes,1.05,,1.05,L
Sri Lanka,LKA,76041010-bars-and-rods,1.28,,1.28,L
Sri Lanka,LKA,76041090-profiles,1.29,,1.29,L
Sri Lanka,LKA,76042100-hollow-profiles,1.29,,1.29,L
Sri Lanka,LKA,76042910-bars-and-rods,1.28,,1.28,L
Sri Lanka,LKA,76042990-profiles,1.29,,1.29,L
Sri Lanka,LKA,7605-aluminium-wire,1.28,,1.28,L
Sri Lanka,LKA,7606-aluminium-plates-sheets-and-strip-of-a-t,1.73,,1.73,L
Sri Lanka,LKA,7607-aluminium-foil-whether-or-not-printed-or,1.73,,1.73,L
Sri Lanka,LKA,7608-aluminium-tubes-and-pipes,1.29,,1.29,L
Sri Lanka,LKA,76090000-aluminium-tube-or-pipe-fittings-for-exam,1.29,,1.29,L
Sri Lanka,LKA,76101000-doors-windows-and-their-frames-and-thres,1.29,,1.29,L
Sri Lanka,LKA,761090-other,1.29,,1.29,L
Sri Lanka,LKA,76109010-bridges-and-bridge-sections-towers-and-l,1.29,,1.29,L
Sri Lanka,LKA,76109090-other,1.29,,1.29,L
Sri Lanka,LKA,76110000-aluminium-reservoirs-tanks-vats-and-simi,1.73,,1.73,L
Sri Lanka,LKA,7612-aluminium-casks-drums-cans-boxes-and-sim,1.73,,1.73,L
Sri Lanka,LKA,76130000-aluminium-containers-for-compressed-or-l,1.73,,1.73,L
Sri Lanka,LKA,7614-stranded-wire-cables-plaited-bands-and-t,1.28,,1.28,L
Sri Lanka,LKA,76161000-nails-tacks-staples-other-than-those-of,1.73,,1.73,L
Sri Lanka,LKA,76169100-cloth-grill-netting-and-fencing-of-alumi,1.73,,1.73,L
Sri Lanka,LKA,76169910-cast,1.05,,1.05,L
Sri Lanka,LKA,76169990-other,1.73,,1.73,L
Sri Lanka,LKA,28041000-hydrogen,10.82,,10.82,
Sudan,SDN,2507008080-calcined-clay,,,,
Sudan,SDN,2523100010-white-clinker,,,,
Sudan,SDN,2523100090-other-clinker-including-grey-clinker,0.85,0.02,0.87,A
Sudan,SDN,25232100-white-portland-cement,,,,
Sudan,SDN,25232900-grey-portland-cement,0.86,0.04,0.9,
Sudan,SDN,25233000-aluminous-cement,,,,
Sudan,SDN,2523900010-white-hydraulic-cement,,,,
Sudan,SDN,2523900090-other-hydraulic-cements-including-grey-h,0.82,0.04,0.87,A
Sudan,SDN,28080000-nitric-acid-sulphonitric-acids,1.92,0.04,1.96,
Sudan,SDN,28141000-anhydrous-ammonia,,,,
Sudan,SDN,28142000-ammonia-in-aqueous-solution,0.61,0.03,0.64,
Sudan,SDN,28342100-nitrate-of-potassium,1.65,0.05,1.7,
Sudan,SDN,3102-mineral-or-chemical-fertilizers-nitrogen,,,,
Sudan,SDN,31021012-urea-in-aqueous-solution-containing-45-n,0.46,0.03,0.49,
Sudan,SDN,31021015-urea-in-aqueous-solution-containing-45-n,0.77,0.03,0.79,
Sudan,SDN,31021019-urea-whether-or-not-in-aqueous-solution,1.4,0.08,1.48,
Sudan,SDN,31021090-urea-whether-or-not-in-aqueous-solution,1.36,0.08,1.44,
Sudan,SDN,31022100-ammonium-sulphate-excl-that-in-tablets-o,0.6,0.05,0.66,
Sudan,SDN,31022900-double-salts-and-mixtures-of-ammonium-su,1.14,0.06,1.2,
Sudan,SDN,31023010-ammonium-nitrate-in-aqueous-solution-exc,1.26,0.05,1.3,
Sudan,SDN,31023090-ammonium-nitrate-excl-that-in-aqueous-so,1.93,0.07,2.01,
Sudan,SDN,31024010-mixtures-of-ammonium-nitrate-with-calciu,1.67,0.07,1.74,
Sudan,SDN,31024090-mixtures-of-ammonium-nitrate-with-calciu,1.67,0.07,1.74,
Sudan,SDN,31025000-sodium-nitrate-excl-that-in-tablets-or-s,3.0,0.06,3.06,
Sudan,SDN,31026000-double-salts-and-mixtures-of-calcium-nit,1.62,0.06,1.68,
Sudan,SDN,31028000-mixtures-of-urea-and-ammonium-nitrate-in,1.3,0.06,1.36,
Sudan,SDN,31029000-mineral-or-chemical-nitrogen-fertilisers,1.41,0.07,1.48,
Sudan,SDN,3105-mineral-or-chemical-fertilisers-containi,,,,
Sudan,SDN,31051000-mineral-or-chemical-fertilisers-of-anima,0.67,0.05,0.73,
Sudan,SDN,31052010-mineral-or-chemical-fertilisers-containi,0.84,0.06,0.9,
Sudan,SDN,31052090-mineral-or-chemical-fertilisers-containi,0.57,0.05,0.61,
Sudan,SDN,31053000-diammonium-hydrogenorthophosphate-diammo,0.48,0.04,0.52,
Sudan,SDN,31054000-ammonium-dihydrogenorthophosphate-monoam,0.31,0.03,0.34,
Sudan,SDN,31055100-other-mineral-or-chemical-fertilisers-co,1.14,0.08,1.22,
Sudan,SDN,31055900-other-mineral-or-chemical-fertilisers-co,0.56,0.08,0.64,
Sudan,SDN,31059020-mineral-or-chemical-fertilisers-containi,1.1,0.05,1.15,
Sudan,SDN,31059080-mineral-or-chemical-fertilisers-containi,0.57,0.03,0.6,
Sudan,SDN,28041000-hydrogen,10.82,,10.82,
Suriname,SUR,2507008080-calcined-clay,,,,
Suriname,SUR,2523100010-white-clinker,,,,
Suriname,SUR,2523100090-other-clinker-including-grey-clinker,,,,
Suriname,SUR,25232100-white-portland-cement,,,,
Suriname,SUR,25232900-grey-portland-cement,1.18,0.06,1.24,
Suriname,SUR,25233000-aluminous-cement,,,,
Suriname,SUR,2523900010-white-hydraulic-cement,,,,
Suriname,SUR,2523900090-other-hydraulic-cements-including-grey-h,1.12,0.06,1.18,A
Suriname,SUR,28080000-nitric-acid-sulphonitric-acids,1.8,0.04,1.84,
Suriname,SUR,28141000-anhydrous-ammonia,,,,
Suriname,SUR,28142000-ammonia-in-aqueous-solution,0.68,0.04,0.72,
Suriname,SUR,28342100-nitrate-of-potassium,1.58,0.06,1.63,
Suriname,SUR,3102-mineral-or-chemical-fertilizers-nitrogen,,,,
Suriname,SUR,31021012-urea-in-aqueous-solution-containing-45-n,0.43,0.03,0.45,
Suriname,SUR,31021015-urea-in-aqueous-solution-containing-45-n,0.71,0.03,0.73,
Suriname,SUR,31021019-urea-whether-or-not-in-aqueous-solution,1.28,0.08,1.36,
Suriname,SUR,31021090-urea-whether-or-not-in-aqueous-solution,1.26,0.08,1.34,
Suriname,SUR,31022100-ammonium-sulphate-excl-that-in-tablets-o,0.58,0.04,0.62,
Suriname,SUR,31022900-double-salts-and-mixtures-of-ammonium-su,1.08,0.05,1.13,
Suriname,SUR,31023010-ammonium-nitrate-in-aqueous-solution-exc,1.18,0.04,1.22,
Suriname,SUR,31023090-ammonium-nitrate-excl-that-in-aqueous-so,1.81,0.06,1.88,
Suriname,SUR,31024010-mixtures-of-ammonium-nitrate-with-calciu,1.52,0.05,1.57,
Suriname,SUR,31024090-mixtures-of-ammonium-nitrate-with-calciu,1.52,0.05,1.57,
Suriname,SUR,31025000-sodium-nitrate-excl-that-in-tablets-or-s,2.8,0.07,2.87,
Suriname,SUR,31026000-double-salts-and-mixtures-of-calcium-nit,1.52,0.05,1.57,
Suriname,SUR,31028000-mixtures-of-urea-and-ammonium-nitrate-in,1.23,0.05,1.28,
Suriname,SUR,31029000-mineral-or-chemical-nitrogen-fertilisers,1.3,0.06,1.37,
Suriname,SUR,3105-mineral-or-chemical-fertilisers-containi,,,,
Suriname,SUR,31051000-mineral-or-chemical-fertilisers-of-anima,0.63,0.03,0.66,
Suriname,SUR,31052010-mineral-or-chemical-fertilisers-containi,0.75,0.03,0.78,
Suriname,SUR,31052090-mineral-or-chemical-fertilisers-containi,0.5,0.02,0.52,
Suriname,SUR,31053000-diammonium-hydrogenorthophosphate-diammo,0.5,0.03,0.53,
Suriname,SUR,31054000-ammonium-dihydrogenorthophosphate-monoam,0.3,0.02,0.32,
Suriname,SUR,31055100-other-mineral-or-chemical-fertilisers-co,1.03,0.04,1.07,
Suriname,SUR,31055900-other-mineral-or-chemical-fertilisers-co,0.52,0.03,0.55,
Suriname,SUR,31059020-mineral-or-chemical-fertilisers-containi,1.03,0.04,1.07,
Suriname,SUR,31059080-mineral-or-chemical-fertilisers-containi,0.52,0.02,0.53,
Suriname,SUR,28041000-hydrogen,10.82,,10.82,
Syria,SYR,2507008080-calcined-clay,,,,
Syria,SYR,2523100010-white-clinker,,,,
Syria,SYR,2523100090-other-clinker-including-grey-clinker,1.28,0.05,1.33,A
Syria,SYR,25232100-white-portland-cement,,,,
Syria,SYR,25232900-grey-portland-cement,1.28,0.1,1.38,
Syria,SYR,25233000-aluminous-cement,,,,
Syria,SYR,2523900010-white-hydraulic-cement,,,,
Syria,SYR,2523900090-other-hydraulic-cements-including-grey-h,1.22,0.1,1.32,A
Syria,SYR,28080000-nitric-acid-sulphonitric-acids,2.46,0.06,2.52,
Syria,SYR,28141000-anhydrous-ammonia,1.97,0.18,2.14,
Syria,SYR,28142000-ammonia-in-aqueous-solution,0.59,0.05,0.64,
Syria,SYR,28342100-nitrate-of-potassium,1.99,0.08,2.08,
Syria,SYR,3102-mineral-or-chemical-fertilizers-nitrogen,,,,
Syria,SYR,31021012-urea-in-aqueous-solution-containing-45-n,0.44,0.05,0.49,
Syria,SYR,31021015-urea-in-aqueous-solution-containing-45-n,0.74,0.05,0.78,
Syria,SYR,31021019-urea-whether-or-not-in-aqueous-solution,1.34,0.14,1.48,
Syria,SYR,31021090-urea-whether-or-not-in-aqueous-solution,1.31,0.14,1.45,
Syria,SYR,31022100-ammonium-sulphate-excl-that-in-tablets-o,0.58,0.11,0.69,
Syria,SYR,31022900-double-salts-and-mixtures-of-ammonium-su,1.28,0.12,1.4,
Syria,SYR,31023010-ammonium-nitrate-in-aqueous-solution-exc,1.51,0.09,1.6,
Syria,SYR,31023090-ammonium-nitrate-excl-that-in-aqueous-so,2.32,0.14,2.46,
Syria,SYR,31024010-mixtures-of-ammonium-nitrate-with-calciu,1.99,0.13,2.12,
Syria,SYR,31024090-mixtures-of-ammonium-nitrate-with-calciu,1.99,0.13,2.12,
Syria,SYR,31025000-sodium-nitrate-excl-that-in-tablets-or-s,3.84,0.09,3.93,
Syria,SYR,31026000-double-salts-and-mixtures-of-calcium-nit,1.94,0.12,2.07,
Syria,SYR,31028000-mixtures-of-urea-and-ammonium-nitrate-in,1.46,0.11,1.57,
Syria,SYR,31029000-mineral-or-chemical-nitrogen-fertilisers,1.5,0.13,1.63,
Syria,SYR,3105-mineral-or-chemical-fertilisers-containi,,,,
Syria,SYR,31051000-mineral-or-chemical-fertilisers-of-anima,0.74,0.11,0.85,
Syria,SYR,31052010-mineral-or-chemical-fertilisers-containi,0.98,0.13,1.11,
Syria,SYR,31052090-mineral-or-chemical-fertilisers-containi,0.66,0.1,0.76,
Syria,SYR,31053000-diammonium-hydrogenorthophosphate-diammo,0.46,0.08,0.54,
Syria,SYR,31054000-ammonium-dihydrogenorthophosphate-monoam,0.3,0.06,0.36,
Syria,SYR,31055100-other-mineral-or-chemical-fertilisers-co,1.34,0.16,1.51,
Syria,SYR,31055900-other-mineral-or-chemical-fertilisers-co,0.54,0.12,0.66,
Syria,SYR,31059020-mineral-or-chemical-fertilisers-containi,1.31,0.1,1.41,
Syria,SYR,31059080-mineral-or-chemical-fertilisers-containi,0.67,0.07,0.74,
Syria,SYR,7601-unwrought-aluminium,0.36,,0.36,L
Syria,SYR,7603-aluminium-powders-and-flakes,0.49,,0.49,L
Syria,SYR,76041010-bars-and-rods,0.71,,0.71,L
Syria,SYR,76041090-profiles,0.73,,0.73,L
Syria,SYR,76042100-hollow-profiles,0.73,,0.73,L
Syria,SYR,76042910-bars-and-rods,0.71,,0.71,L
Syria,SYR,76042990-profiles,0.73,,0.73,L
Syria,SYR,7605-aluminium-wire,0.71,,0.71,L
Syria,SYR,7606-aluminium-plates-sheets-and-strip-of-a-t,1.17,,1.17,L
Syria,SYR,7607-aluminium-foil-whether-or-not-printed-or,1.17,,1.17,L
Syria,SYR,7608-aluminium-tubes-and-pipes,0.73,,0.73,L
Syria,SYR,76090000-aluminium-tube-or-pipe-fittings-for-exam,0.73,,0.73,L
Syria,SYR,76101000-doors-windows-and-their-frames-and-thres,0.73,,0.73,L
Syria,SYR,761090-other,0.73,,0.73,L
Syria,SYR,76109010-bridges-and-bridge-sections-towers-and-l,0.73,,0.73,L
Syria,SYR,76109090-other,0.73,,0.73,L
Syria,SYR,76110000-aluminium-reservoirs-tanks-vats-and-simi,1.17,,1.17,L
Syria,SYR,7612-aluminium-casks-drums-cans-boxes-and-sim,1.17,,1.17,L
Syria,SYR,76130000-aluminium-containers-for-compressed-or-l,1.17,,1.17,L
Syria,SYR,7614-stranded-wire-cables-plaited-bands-and-t,0.71,,0.71,L
Syria,SYR,76161000-nails-tacks-staples-other-than-those-of,1.17,,1.17,L
Syria,SYR,76169100-cloth-grill-netting-and-fencing-of-alumi,1.17,,1.17,L
Syria,SYR,76169910-cast,0.49,,0.49,L
Syria,SYR,76169990-other,1.17,,1.17,L
Syria,SYR,28041000-hydrogen,10.82,,10.82,
Taiwan,TWN,2507008080-calcined-clay,,,,
Taiwan,TWN,2523100010-white-clinker,,,,
Taiwan,TWN,2523100090-other-clinker-including-grey-clinker,0.83,0.04,0.86,A
Taiwan,TWN,25232100-white-portland-cement,,,,
Taiwan,TWN,25232900-grey-portland-cement,0.83,0.07,0.89,
Taiwan,TWN,25233000-aluminous-cement,,,,
Taiwan,TWN,2523900010-white-hydraulic-cement,,,,
Taiwan,TWN,2523900090-other-hydraulic-cements-including-grey-h,,,,
Taiwan,TWN,28080000-nitric-acid-sulphonitric-acids,2.11,0.05,2.16,
Taiwan,TWN,28141000-anhydrous-ammonia,2.05,0.15,2.2,
Taiwan,TWN,28142000-ammonia-in-aqueous-solution,0.62,0.04,0.66,
Taiwan,TWN,28342100-nitrate-of-potassium,1.76,0.07,1.83,
Taiwan,TWN,3102-mineral-or-chemical-fertilizers-nitrogen,,,,
Taiwan,TWN,31021012-urea-in-aqueous-solution-containing-45-n,0.42,0.04,0.46,
Taiwan,TWN,31021015-urea-in-aqueous-solution-containing-45-n,0.7,0.04,0.74,
Taiwan,TWN,31021019-urea-whether-or-not-in-aqueous-solution,1.27,0.12,1.39,
Taiwan,TWN,31021090-urea-whether-or-not-in-aqueous-solution,1.24,0.12,1.36,
Taiwan,TWN,31022100-ammonium-sulphate-excl-that-in-tablets-o,0.58,0.09,0.66,
Taiwan,TWN,31022900-double-salts-and-mixtures-of-ammonium-su,1.17,0.1,1.27,
Taiwan,TWN,31023010-ammonium-nitrate-in-aqueous-solution-exc,1.33,0.08,1.41,
Taiwan,TWN,31023090-ammonium-nitrate-excl-that-in-aqueous-so,2.05,0.12,2.17,
Taiwan,TWN,31024010-mixtures-of-ammonium-nitrate-with-calciu,1.74,0.11,1.85,
Taiwan,TWN,31024090-mixtures-of-ammonium-nitrate-with-calciu,1.74,0.11,1.85,
Taiwan,TWN,31025000-sodium-nitrate-excl-that-in-tablets-or-s,3.3,0.08,3.37,
Taiwan,TWN,31026000-double-salts-and-mixtures-of-calcium-nit,1.72,0.1,1.82,
Taiwan,TWN,31028000-mixtures-of-urea-and-ammonium-nitrate-in,1.32,0.09,1.41,
Taiwan,TWN,31029000-mineral-or-chemical-nitrogen-fertilisers,1.37,0.11,1.48,
Taiwan,TWN,3105-mineral-or-chemical-fertilisers-containi,,,,
Taiwan,TWN,31051000-mineral-or-chemical-fertilisers-of-anima,0.68,0.09,0.77,
Taiwan,TWN,31052010-mineral-or-chemical-fertilisers-containi,0.86,0.11,0.97,
Taiwan,TWN,31052090-mineral-or-chemical-fertilisers-containi,0.58,0.08,0.67,
Taiwan,TWN,31053000-diammonium-hydrogenorthophosphate-diammo,0.48,0.07,0.54,
Taiwan,TWN,31054000-ammonium-dihydrogenorthophosphate-monoam,0.3,0.05,0.36,
Taiwan,TWN,31055100-other-mineral-or-chemical-fertilisers-co,1.18,0.13,1.32,
Taiwan,TWN,31055900-other-mineral-or-chemical-fertilisers-co,0.53,0.1,0.64,
Taiwan,TWN,31059020-mineral-or-chemical-fertilisers-containi,1.16,0.08,1.25,
Taiwan,TWN,31059080-mineral-or-chemical-fertilisers-containi,0.6,0.06,0.65,
Taiwan,TWN,7601-unwrought-aluminium,0.36,,0.36,L
Taiwan,TWN,7603-aluminium-powders-and-flakes,0.47,,0.47,L
Taiwan,TWN,76041010-bars-and-rods,0.69,,0.69,L
Taiwan,TWN,76041090-profiles,0.71,,0.71,L
Taiwan,TWN,76042100-hollow-profiles,0.71,,0.71,L
Taiwan,TWN,76042910-bars-and-rods,0.69,,0.69,L
Taiwan,TWN,76042990-profiles,0.71,,0.71,L
Taiwan,TWN,7605-aluminium-wire,0.69,,0.69,L
Taiwan,TWN,7606-aluminium-plates-sheets-and-strip-of-a-t,1.15,,1.15,L
Taiwan,TWN,7607-aluminium-foil-whether-or-not-printed-or,1.15,,1.15,L
Taiwan,TWN,7608-aluminium-tubes-and-pipes,0.71,,0.71,L
Taiwan,TWN,76090000-aluminium-tube-or-pipe-fittings-for-exam,0.71,,0.71,L
Taiwan,TWN,76101000-doors-windows-and-their-frames-and-thres,0.71,,0.71,L
Taiwan,TWN,761090-other,0.71,,0.71,L
Taiwan,TWN,76109010-bridges-and-bridge-sections-towers-and-l,0.71,,0.71,L
Taiwan,TWN,76109090-other,0.71,,0.71,L
Taiwan,TWN,76110000-aluminium-reservoirs-tanks-vats-and-simi,1.15,,1.15,L
Taiwan,TWN,7612-aluminium-casks-drums-cans-boxes-and-sim,1.15,,1.15,L
Taiwan,TWN,76130000-aluminium-containers-for-compressed-or-l,1.15,,1.15,L
Taiwan,TWN,7614-stranded-wire-cables-plaited-bands-and-t,0.69,,0.69,L
Taiwan,TWN,76161000-nails-tacks-staples-other-than-those-of,1.15,,1.15,L
Taiwan,TWN,76169100-cloth-grill-netting-and-fencing-of-alumi,1.15,,1.15,L
Taiwan,TWN,76169910-cast,0.47,,0.47,L
Taiwan,TWN,76169990-other,1.15,,1.15,L
Taiwan,TWN,28041000-hydrogen,10.82,,10.82,
Taiwan,TWN,26011200-agglomerated-iron-ores-and-concentrates,0.18,0.04,0.22,
Taiwan,TWN,7201-pig-iron-and-spiegeleisen-in-pigs-blocks,1.86,,1.86,
Taiwan,TWN,720211-ferro-manganese-containing-by-weight-2-o,,,,
Taiwan,TWN,720219-ferro-manganese-containing-by-weight-2-c,,,,
Taiwan,TWN,720241-ferro-chromium-containing-by-weight-4-of,,,,
Taiwan,TWN,720249-ferro-chromium-containing-by-weight-4-of,,,,
Taiwan,TWN,72026000-ferro-nickel,,,,
Taiwan,TWN,7203-ferrous-products-obtained-by-direct-redu,,,,
Taiwan,TWN,7205-granules-and-powders-of-pig-iron-spiegel,1.87,,1.87,C/F
Taiwan,TWN,7206-iron-and-non-alloy-steel-in-ingots-or-ot,,,,
Taiwan,TWN,72061000-ingots-of-iron-and-non-alloy-steel-excl,1.94,,1.94,C
Taiwan,TWN,72069000-iron-and-non-alloy-steel-in-puddled-bars,1.94,,1.94,C
Taiwan,TWN,7207-semi-finished-products-of-iron-or-non-al,,,,
Taiwan,TWN,72071111-semi-finished-products-of-non-alloy-free,2.298,,2.298,C
Taiwan,TWN,72071114-semi-finished-products-of-iron-or-non-al,2.298,,2.298,C
Taiwan,TWN,72071116-semi-finished-products-of-iron-or-non-al,2.298,,2.298,C
Taiwan,TWN,72071190-semi-finished-products-of-iron-or-non-al,2.474,,2.474,C
Taiwan,TWN,72071210-semi-finished-products-of-iron-or-non-al,2.298,,2.298,C
Taiwan,TWN,72071290-semi-finished-products-of-iron-or-non-al,2.474,,2.474,C
Taiwan,TWN,72071912-semi-finished-products-of-iron-or-non-al,2.298,,2.298,C
Taiwan,TWN,72071919-semi-finished-products-of-iron-or-non-al,2.474,,2.474,C
Taiwan,TWN,72071980-semi-finished-products-of-iron-or-non-al,2.298,,2.298,C
Taiwan,TWN,72072011-semi-finished-products-of-non-alloy-free,2.298,,2.298,C
Taiwan,TWN,72072015-semi-finished-products-of-iron-or-non-al,2.298,,2.298,C
Taiwan,TWN,72072017-semi-finished-products-of-iron-or-non-al,2.298,,2.298,C
Taiwan,TWN,72072019-semi-finished-products-of-iron-or-non-al,2.474,,2.474,C
Taiwan,TWN,72072032-semi-finished-products-of-iron-or-non-al,2.298,,2.298,C
Taiwan,TWN,72072039-semi-finished-products-of-iron-or-non-al,2.474,,2.474,C
Taiwan,TWN,72072052-semi-finished-products-of-iron-or-non-al,2.298,,2.298,C
Taiwan,TWN,72072059-semi-finished-products-of-iron-or-non-al,2.474,,2.474,C
Taiwan,TWN,72072080-semi-finished-products-of-iron-or-non-al,2.298,,2.298,C
Taiwan,TWN,7208-flat-rolled-products-of-iron-or-non-allo,2.31,,2.31,C
Taiwan,TWN,7209-flat-rolled-products-of-iron-or-non-allo,2.333,,2.333,C
Taiwan,TWN,7210-flat-rolled-products-of-iron-or-non-allo,2.333,,2.333,C
Taiwan,TWN,7211-flat-rolled-products-of-iron-or-non-allo,,,,
Taiwan,TWN,72111300-flat-rolled-products-of-iron-or-non-allo,2.31,,2.31,C
Taiwan,TWN,72111400-flat-rolled-products-of-iron-or-non-allo,2.31,,2.31,C
Taiwan,TWN,72111900-flat-rolled-products-of-iron-or-non-allo,2.31,,2.31,C
Taiwan,TWN,721123-flat-rolled-products-of-iron-or-non-allo,2.333,,2.333,C
Taiwan,TWN,72112900-flat-rolled-products-of-iron-or-non-allo,2.333,,2.333,C
Taiwan,TWN,721190-flat-rolled-products-of-iron-or-non-allo,2.333,,2.333,C
Taiwan,TWN,7212-flat-rolled-products-of-iron-or-non-allo,2.333,,2.333,C
Taiwan,TWN,7213-bars-and-rods-of-iron-or-non-alloy-steel,2.298,,2.298,C
Taiwan,TWN,7214-bars-and-rods-of-iron-or-non-alloy-steel,,,,
Taiwan,TWN,72141000-bars-and-rods-of-iron-or-non-alloy-steel,2.474,,2.474,C
Taiwan,TWN,72142000-bars-and-rods-of-iron-or-non-alloy-steel,2.298,,2.298,C
Taiwan,TWN,72143000-bars-and-rods-of-non-alloy-free-cutting,2.298,,2.298,C
Taiwan,TWN,721491-bars-and-rods-of-iron-or-non-alloy-steel,2.298,,2.298,C
Taiwan,TWN,721499-bars-and-rods-of-iron-or-non-alloy-steel,2.298,,2.298,C
Taiwan,TWN,7215-bars-and-rods-of-iron-or-non-alloy-steel,2.298,,2.298,C
Taiwan,TWN,7216-angles-shapes-and-sections-of-iron-or-no,2.298,,2.298,C
Taiwan,TWN,7217-wire-of-iron-or-non-alloy-steel-in-coils,,,,
Taiwan,TWN,721710-wire-of-iron-or-non-alloy-steel-in-coils,2.298,,2.298,C
Taiwan,TWN,721720-wire-of-iron-or-non-alloy-steel-in-coils,2.298,,2.298,C
Taiwan,TWN,721730-wire-of-iron-or-non-alloy-steel-in-coils,2.298,,2.298,C
Taiwan,TWN,721790-wire-of-iron-or-non-alloy-steel-in-coils,2.298,,2.298,C
Taiwan,TWN,7218-stainless-steel-in-ingots-or-other-prima,,,,
Taiwan,TWN,72181000-steel-stainless-in-ingots-and-other-prim,,,,
Taiwan,TWN,721891-semi-finished-products-of-stainless-stee,,,,
Taiwan,TWN,72189911-semi-finished-products-of-stainless-stee,,,,
Taiwan,TWN,72189919-semi-finished-products-of-stainless-stee,,,,
Taiwan,TWN,72189920-semi-finished-products-of-stainless-stee,,,,
Taiwan,TWN,72189980-semi-finished-products-of-stainless-stee,,,,
Taiwan,TWN,7219-flat-rolled-products-of-stainless-steel,,,,
Taiwan,TWN,72191100-flat-rolled-products-of-stainless-steel,,,,
Taiwan,TWN,721912-flat-rolled-products-of-stainless-steel,,,,
Taiwan,TWN,721913-flat-rolled-products-of-stainless-steel,,,,
Taiwan,TWN,721914-flat-rolled-products-of-stainless-steel,,,,
Taiwan,TWN,721921-flat-rolled-products-of-stainless-steel,,,,
Taiwan,TWN,721922-flat-rolled-products-of-stainless-steel,,,,
Taiwan,TWN,72192300-flat-rolled-products-of-stainless-steel,,,,
Taiwan,TWN,72192400-flat-rolled-products-of-stainless-steel,,,,
Taiwan,TWN,72193100-flat-rolled-products-of-stainless-steel,,,,
Taiwan,TWN,721932-flat-rolled-products-of-stainless-steel,,,,
Taiwan,TWN,721933-flat-rolled-products-of-stainless-steel,,,,
Taiwan,TWN,721934-flat-rolled-products-of-stainless-steel,,,,
Taiwan,TWN,721935-flat-rolled-products-of-stainless-steel,,,,
Taiwan,TWN,721990-flat-rolled-products-of-stainless-steel,,,,
Taiwan,TWN,7220-flat-rolled-products-of-stainless-steel,,,,
Taiwan,TWN,72201100-flat-rolled-products-of-stainless-steel,,,,
Taiwan,TWN,72201200-flat-rolled-products-of-stainless-steel,,,,
Taiwan,TWN,722020-flat-rolled-products-of-stainless-steel,,,,
Taiwan,TWN,722090-flat-rolled-products-of-stainless-steel,,,,
Taiwan,TWN,7221-bars-and-rods-of-stainless-steel-hot-rol,,,,
Taiwan,TWN,7222-other-bars-and-rods-of-stainless-steel-a,,,,
Taiwan,TWN,722211-bars-and-rods-of-stainless-steel-only-ho,,,,
Taiwan,TWN,722219-bars-and-rods-of-stainless-steel-only-ho,,,,
Taiwan,TWN,722220-other-bars-and-rods-of-stainless-steel-n,,,,
Taiwan,TWN,722230-other-bars-and-rods-of-stainless-steel-c,,,,
Taiwan,TWN,722240-angles-shapes-and-sections-of-stainless,,,,
Taiwan,TWN,7223-wire-of-stainless-steel-in-coils-excl-ba,,,,
Taiwan,TWN,722300-wire-of-stainless-steel-in-coils-excl-ba,,,,
Taiwan,TWN,7224-steel-alloy-other-than-stainless-in-ingo,,,,
Taiwan,TWN,722410-steel-alloy-other-than-stainless-in-ingo,2.28,,2.28,F
Taiwan,TWN,72249002-semi-finished-products-of-tool-steel,2.15,,2.15,F
Taiwan,TWN,72249003-semi-finished-products-of-high-speed-ste,2.15,,2.15,F
Taiwan,TWN,72249005-semi-finished-products-of-steel-containi,2.15,,2.15,F
Taiwan,TWN,72249007-semi-finished-products-of-alloy-steel-ot,2.15,,2.15,F
Taiwan,TWN,72249014-semi-finished-products-of-alloy-steel-ot,2.15,,2.15,F
Taiwan,TWN,72249018-semi-finished-products-of-alloy-steel-ot,2.28,,2.28,F
Taiwan,TWN,72249031-semi-finished-products-of-steel-containi,2.15,,2.15,F
Taiwan,TWN,72249038-semi-finished-products-of-alloy-steel-ot,2.15,,2.15,F
Taiwan,TWN,72249090-semi-finished-products-of-alloy-steel-ot,2.28,,2.28,F
Taiwan,TWN,7225-flat-rolled-products-of-alloy-steel-othe,,,,
Taiwan,TWN,72251100-flat-rolled-products-of-silicon-electric,2.83,,2.83,C
Taiwan,TWN,72251910-flat-rolled-products-of-silicon-electric,2.364,,2.364,C
Taiwan,TWN,72251990-flat-rolled-products-of-silicon-electric,2.364,,2.364,C
Taiwan,TWN,722530-flat-rolled-products-of-alloy-steel-othe,2.364,,2.364,F
Taiwan,TWN,722540-flat-rolled-products-of-alloy-steel-othe,2.364,,2.364,F
Taiwan,TWN,722550-flat-rolled-products-of-alloy-steel-othe,2.364,,2.364,F
Taiwan,TWN,72259100-flat-rolled-products-of-alloy-steel-othe,2.364,,2.364,F
Taiwan,TWN,72259200-flat-rolled-products-of-alloy-steel-othe,2.364,,2.364,F
Taiwan,TWN,72259900-flat-rolled-products-of-alloy-steel-othe,2.364,,2.364,F
Taiwan,TWN,7226-flat-rolled-products-of-alloy-steel-othe,,,,
Taiwan,TWN,72261100-flat-rolled-products-of-silicon-electric,2.83,,2.83,C
Taiwan,TWN,72261910-flat-rolled-products-of-silicon-electric,2.15,,2.15,C
Taiwan,TWN,72261980-flat-rolled-products-of-silicon-electric,2.17,,2.17,C
Taiwan,TWN,72262000-flat-rolled-products-of-high-speed-steel,2.15,,2.15,F
Taiwan,TWN,722691-flat-rolled-products-of-alloy-steel-othe,2.15,,2.15,F
Taiwan,TWN,72269200-flat-rolled-products-of-alloy-steel-othe,2.17,,2.17,F
Taiwan,TWN,722699-flat-rolled-products-of-alloy-steel-othe,2.17,,2.17,F
Taiwan,TWN,7227-bars-and-rods-of-alloy-steel-other-than,2.17,,2.17,C/F
Taiwan,TWN,7228-other-bars-and-rods-of-alloy-steel-other,,,,
Taiwan,TWN,72281020-bars-and-rods-of-high-speed-steel-not-fu,2.17,,2.17,F
Taiwan,TWN,72281050-bars-and-rods-of-high-speed-steel-forged,2.28,,2.28,F
Taiwan,TWN,72281090-bars-and-rods-of-high-speed-steel-not-fu,2.17,,2.17,F
Taiwan,TWN,722820-bars-and-rods-of-silico-manganese-steel,2.17,,2.17,F
Taiwan,TWN,722830-bars-and-rods-of-alloy-steel-other-than,2.17,,2.17,C/F
Taiwan,TWN,722840-bars-and-rods-of-alloy-steel-other-than,2.28,,2.28,F
Taiwan,TWN,722850-bars-and-rods-of-alloy-steel-other-than,2.17,,2.17,C/F
Taiwan,TWN,722860-bars-and-rods-of-alloy-steel-other-than,2.17,,2.17,F
Taiwan,TWN,722870-angles-shapes-and-sections-of-alloy-stee,2.17,,2.17,F
Taiwan,TWN,72288000-hollow-drill-bars-and-rods-of-alloy-or-n,2.17,,2.17,F
Taiwan,TWN,7229-wire-of-alloy-steel-other-than-stainless,2.17,,2.17,C/F
Taiwan,TWN,7301-sheet-piling-of-iron-or-steel-whether-or,2.333,,2.333,C
Taiwan,TWN,7302-railway-or-tramway-track-construction-ma,2.383,,2.383,C
Taiwan,TWN,7303-tubes-pipes-and-hollow-profiles-of-cast,,,,
Taiwan,TWN,730300-tubes-pipes-and-hollow-profiles-of-cast,2.473,,2.473,
Taiwan,TWN,7304-tubes-pipes-and-hollow-profiles-seamless,,,,
Taiwan,TWN,73041100-line-pipe-of-a-kind-used-for-oil-or-gas,2.513,,2.513,
Taiwan,TWN,730419-line-pipe-of-a-kind-used-for-oil-or-gas,2.313,,2.313,C
Taiwan,TWN,73042200-drill-pipe-seamless-of-stainless-steel-o,2.513,,2.513,
Taiwan,TWN,73042300-drill-pipe-seamless-of-a-kind-used-in-dr,2.313,,2.313,C
Taiwan,TWN,73042400-casing-and-tubing-seamless-of-a-kind-use,2.513,,2.513,
Taiwan,TWN,730429-casing-and-tubing-seamless-of-iron-or-st,2.313,,2.313,C
Taiwan,TWN,730431-tubes-pipes-and-hollow-profiles-seamless,2.313,,2.313,C
Taiwan,TWN,730439-tubes-pipes-and-hollow-profiles-seamless,2.313,,2.313,C
Taiwan,TWN,73044100-tubes-pipes-and-hollow-profiles-seamless,2.513,,2.513,
Taiwan,TWN,730449-tubes-pipes-and-hollow-profiles-seamless,2.513,,2.513,
Taiwan,TWN,730451-tubes-pipes-and-hollow-profiles-seamless,2.233,,2.233,F
Taiwan,TWN,730459-tubes-pipes-and-hollow-profiles-seamless,2.233,,2.233,C/F
Taiwan,TWN,73049000-tubes-pipes-and-hollow-profiles-seamless,2.313,,2.313,C
Taiwan,TWN,7305-tubes-and-pipes-having-circular-cross-se,2.333,,2.333,C
Taiwan,TWN,7306-tubes-pipes-and-hollow-profiles-e-g-open,,,,
Taiwan,TWN,73061100-line-pipe-of-a-kind-used-for-oil-or-gas,2.543,,2.543,
Taiwan,TWN,73061900-line-pipe-of-a-kind-used-for-oil-or-gas,2.333,,2.333,C
Taiwan,TWN,73062100-casing-and-tubing-of-a-kind-used-in-dril,2.543,,2.543,
Taiwan,TWN,73062900-casing-and-tubing-of-a-kind-used-in-dril,2.333,,2.333,C
Taiwan,TWN,73063012-precision-tubes-welded-of-circular-cross,2.333,,2.333,C
Taiwan,TWN,73063018-precision-tubes-welded-of-circular-cross,2.313,,2.313,C
Taiwan,TWN,73063041-threaded-or-threadable-tubes-gas-pipe-we,2.333,,2.333,C
Taiwan,TWN,73063049-threaded-or-threadable-tubes-gas-pipe-we,2.333,,2.333,C
Taiwan,TWN,73063072-other-tubes-pipes-and-hollow-profiles-we,2.333,,2.333,C
Taiwan,TWN,73063077-other-tubes-pipes-and-hollow-profiles-we,2.333,,2.333,C
Taiwan,TWN,73063080-tubes-pipes-and-hollow-profiles-welded-h,2.333,,2.333,C
Taiwan,TWN,73064020-tubes-pipes-and-hollow-profiles-welded-o,2.543,,2.543,
Taiwan,TWN,73064080-tubes-pipes-and-hollow-profiles-welded-o,2.523,,2.523,
Taiwan,TWN,73065021-precision-steel-tubes-welded-of-circular,2.273,,2.273,F
Taiwan,TWN,73065029-precision-steel-tubes-welded-of-circular,2.253,,2.253,F
Taiwan,TWN,73065080-tubes-pipes-and-hollow-profiles-welded-o,2.273,,2.273,F
Taiwan,TWN,73066110-tubes-and-pipes-and-hollow-profiles-weld,2.543,,2.543,
Taiwan,TWN,73066192-tubes-and-pipes-and-hollow-profiles-weld,2.333,,2.333,C
Taiwan,TWN,73066199-tubes-and-pipes-and-hollow-profiles-weld,2.333,,2.333,C
Taiwan,TWN,73066910-tubes-pipes-and-hollow-profiles-welded-o,2.543,,2.543,
Taiwan,TWN,73066990-tubes-pipes-and-hollow-profiles-welded-o,2.333,,2.333,C
Taiwan,TWN,73069000-tubes-pipes-and-hollow-profiles-e-g-open,2.333,,2.333,C
Taiwan,TWN,7307-tube-or-pipe-fittings-e-g-couplings-elbo,,,,
Taiwan,TWN,730711-tube-or-pipe-fittings-of-non-malleable-c,2.373,,2.373,
Taiwan,TWN,73071910-tube-or-pipe-fittings-of-cast-iron-excl,2.373,,2.373,
Taiwan,TWN,73071990-cast-tube-or-pipe-fittings-of-steel,2.453,,2.453,C
Taiwan,TWN,73072100-flanges-of-stainless-steel-excl-cast-pro,2.543,,2.543,
Taiwan,TWN,730722-threaded-elbows-bends-and-sleeves-of-sta,2.543,,2.543,
Taiwan,TWN,730723-butt-welding-tube-or-pipe-fittings-of-st,2.543,,2.543,
Taiwan,TWN,730729-tube-or-pipe-fittings-of-stainless-steel,2.543,,2.543,
Taiwan,TWN,73079100-flanges-of-iron-or-steel-excl-cast-or-st,2.313,,2.313,C
Taiwan,TWN,730792-threaded-elbows-bends-and-sleeves-of-sta,2.313,,2.313,C
Taiwan,TWN,730793-butt-welding-fittings-of-iron-or-steel-e,2.313,,2.313,C
Taiwan,TWN,730799-tube-or-pipe-fittings-of-iron-or-steel-e,2.313,,2.313,C
Taiwan,TWN,7308-structures-and-parts-of-structures-e-g-b,2.423,,2.423,C
Taiwan,TWN,7309-reservoirs-tanks-vats-and-similar-contai,2.443,,2.443,C
Taiwan,TWN,7310-tanks-casks-drums-cans-boxes-and-similar,2.333,,2.333,C
Taiwan,TWN,7311-containers-of-iron-or-steel-for-compress,,,,
Taiwan,TWN,731100-containers-of-iron-or-steel-for-compress,2.423,,2.423,C
Taiwan,TWN,7318-screws-bolts-nuts-coach-screws-screw-hoo,,,,
Taiwan,TWN,73181100-coach-screws-of-iron-or-steel,2.707,,2.707,C
Taiwan,TWN,73181210-wood-screws-of-stainless-steel-excl-coac,2.707,,2.707,
Taiwan,TWN,73181290-wood-screws-of-iron-or-steel-other-than,2.707,,2.707,C
Taiwan,TWN,73181300-screw-hooks-and-screw-rings-of-iron-or-s,2.707,,2.707,C
Taiwan,TWN,73181410-self-tapping-screws-of-stainless-steel-e,2.707,,2.707,
Taiwan,TWN,73181491-spaced-thread-screws-of-iron-or-steel-ot,2.707,,2.707,C
Taiwan,TWN,73181499-self-tapping-screws-of-iron-or-steel-oth,2.707,,2.707,C
Taiwan,TWN,731815-threaded-screws-and-bolts-of-iron-or-ste,2.707,,2.707,C
Taiwan,TWN,731816-nuts-of-iron-or-steel,2.707,,2.707,C
Taiwan,TWN,73181900-threaded-articles-of-iron-or-steel-n-e-s,2.707,,2.707,C
Taiwan,TWN,73182100-spring-washers-and-other-lock-washers-of,2.707,,2.707,C
Taiwan,TWN,73182200-washers-of-iron-or-steel-excl-spring-was,2.707,,2.707,C
Taiwan,TWN,73182300-rivets-of-iron-or-steel-excl-tubular-and,2.707,,2.707,C
Taiwan,TWN,73182400-cotters-and-cotter-pins-of-iron-or-steel,2.707,,2.707,C
Taiwan,TWN,73182900-non-threaded-articles-of-iron-or-steel,2.707,,2.707,C
Taiwan,TWN,7326-articles-of-iron-or-steel-n-e-s-excl-cas,,,,
Taiwan,TWN,73261100-grinding-balls-and-similar-articles-for,2.453,,2.453,C
Taiwan,TWN,732619-articles-of-iron-or-steel-forged-or-stam,2.453,,2.453,C
Taiwan,TWN,73262000-articles-of-iron-or-steel-wire-n-e-s,2.303,,2.303,C
Taiwan,TWN,73269030-ladders-and-steps-of-iron-or-steel,2.303,,2.303,C
Taiwan,TWN,73269040-pallets-and-similar-platforms-for-handli,2.303,,2.303,C
Taiwan,TWN,73269050-reels-for-cables-piping-and-the-like-of,2.303,,2.303,C
Taiwan,TWN,73269060-ventilators-non-mechanical-guttering-hoo,2.303,,2.303,C
Taiwan,TWN,73269092-articles-of-iron-or-steel-open-die-forge,2.453,,2.453,C
Taiwan,TWN,73269094-articles-of-iron-or-steel-closed-die-for,2.453,,2.453,C
Taiwan,TWN,73269096-sintered-articles-of-iron-or-steel-n-e-s,2.453,,2.453,C
Taiwan,TWN,73269098-articles-of-iron-or-steel-n-e-s,2.333,,2.333,C
Tajikistan,TJK,2507008080-calcined-clay,,,,
Tajikistan,TJK,2523100010-white-clinker,,,,
Tajikistan,TJK,2523100090-other-clinker-including-grey-clinker,1.36,0.0,1.36,A
Tajikistan,TJK,25232100-white-portland-cement,,,,
Tajikistan,TJK,25232900-grey-portland-cement,1.36,0.01,1.36,
Tajikistan,TJK,25233000-aluminous-cement,,,,
Tajikistan,TJK,2523900010-white-hydraulic-cement,,,,
Tajikistan,TJK,2523900090-other-hydraulic-cements-including-grey-h,1.29,0.01,1.3,A
Tajikistan,TJK,28080000-nitric-acid-sulphonitric-acids,2.7,0.04,2.74,
Tajikistan,TJK,28141000-anhydrous-ammonia,,,,
Tajikistan,TJK,28142000-ammonia-in-aqueous-solution,0.65,0.04,0.69,
Tajikistan,TJK,28342100-nitrate-of-potassium,2.18,0.05,2.23,
Tajikistan,TJK,3102-mineral-or-chemical-fertilizers-nitrogen,,,,
Tajikistan,TJK,31021012-urea-in-aqueous-solution-containing-45-n,0.47,0.03,0.49,
Tajikistan,TJK,31021015-urea-in-aqueous-solution-containing-45-n,0.77,0.03,0.8,
Tajikistan,TJK,31021019-urea-whether-or-not-in-aqueous-solution,1.41,0.08,1.49,
Tajikistan,TJK,31021090-urea-whether-or-not-in-aqueous-solution,1.38,0.08,1.45,
Tajikistan,TJK,31022100-ammonium-sulphate-excl-that-in-tablets-o,0.62,0.04,0.66,
Tajikistan,TJK,31022900-double-salts-and-mixtures-of-ammonium-su,1.39,0.05,1.44,
Tajikistan,TJK,31023010-ammonium-nitrate-in-aqueous-solution-exc,1.65,0.04,1.69,
Tajikistan,TJK,31023090-ammonium-nitrate-excl-that-in-aqueous-so,2.54,0.06,2.6,
Tajikistan,TJK,31024010-mixtures-of-ammonium-nitrate-with-calciu,2.16,0.05,2.21,
Tajikistan,TJK,31024090-mixtures-of-ammonium-nitrate-with-calciu,2.16,0.05,2.21,
Tajikistan,TJK,31025000-sodium-nitrate-excl-that-in-tablets-or-s,4.22,0.06,4.28,
Tajikistan,TJK,31026000-double-salts-and-mixtures-of-calcium-nit,2.12,0.05,2.18,
Tajikistan,TJK,31028000-mixtures-of-urea-and-ammonium-nitrate-in,1.58,0.05,1.63,
Tajikistan,TJK,31029000-mineral-or-chemical-nitrogen-fertilisers,1.61,0.06,1.67,
Tajikistan,TJK,3105-mineral-or-chemical-fertilisers-containi,,,,
Tajikistan,TJK,31051000-mineral-or-chemical-fertilisers-of-anima,0.8,0.04,0.84,
Tajikistan,TJK,31052010-mineral-or-chemical-fertilisers-containi,1.06,0.03,1.09,
Tajikistan,TJK,31052090-mineral-or-chemical-fertilisers-containi,0.71,0.02,0.74,
Tajikistan,TJK,31053000-diammonium-hydrogenorthophosphate-diammo,0.51,0.03,0.54,
Tajikistan,TJK,31054000-ammonium-dihydrogenorthophosphate-monoam,0.32,0.02,0.34,
Tajikistan,TJK,31055100-other-mineral-or-chemical-fertilisers-co,1.46,0.04,1.5,
Tajikistan,TJK,31055900-other-mineral-or-chemical-fertilisers-co,0.58,0.07,0.64,
Tajikistan,TJK,31059020-mineral-or-chemical-fertilisers-containi,1.43,0.04,1.47,
Tajikistan,TJK,31059080-mineral-or-chemical-fertilisers-containi,0.73,0.02,0.75,
Tajikistan,TJK,7601-unwrought-aluminium,1.7,,1.7,K
Tajikistan,TJK,7603-aluminium-powders-and-flakes,1.81,,1.81,K
Tajikistan,TJK,76041010-bars-and-rods,2.04,,2.04,K
Tajikistan,TJK,76041090-profiles,2.05,,2.05,K
Tajikistan,TJK,76042100-hollow-profiles,2.05,,2.05,K
Tajikistan,TJK,76042910-bars-and-rods,2.04,,2.04,K
Tajikistan,TJK,76042990-profiles,2.05,,2.05,K
Tajikistan,TJK,7605-aluminium-wire,2.04,,2.04,K
Tajikistan,TJK,7606-aluminium-plates-sheets-and-strip-of-a-t,2.49,,2.49,K
Tajikistan,TJK,7607-aluminium-foil-whether-or-not-printed-or,2.49,,2.49,K
Tajikistan,TJK,7608-aluminium-tubes-and-pipes,2.05,,2.05,K
Tajikistan,TJK,76090000-aluminium-tube-or-pipe-fittings-for-exam,2.05,,2.05,K
Tajikistan,TJK,76101000-doors-windows-and-their-frames-and-thres,2.05,,2.05,K
Tajikistan,TJK,761090-other,2.05,,2.05,K
Tajikistan,TJK,76109010-bridges-and-bridge-sections-towers-and-l,2.05,,2.05,K
Tajikistan,TJK,76109090-other,2.05,,2.05,K
Tajikistan,TJK,76110000-aluminium-reservoirs-tanks-vats-and-simi,2.49,,2.49,K
Tajikistan,TJK,7612-aluminium-casks-drums-cans-boxes-and-sim,2.49,,2.49,K
Tajikistan,TJK,76130000-aluminium-containers-for-compressed-or-l,2.49,,2.49,K
Tajikistan,TJK,7614-stranded-wire-cables-plaited-bands-and-t,2.04,,2.04,K
Tajikistan,TJK,76161000-nails-tacks-staples-other-than-those-of,2.49,,2.49,K
Tajikistan,TJK,76169100-cloth-grill-netting-and-fencing-of-alumi,2.49,,2.49,K
Tajikistan,TJK,76169910-cast,1.81,,1.81,K
Tajikistan,TJK,76169990-other,2.49,,2.49,K
Tajikistan,TJK,28041000-hydrogen,10.82,,10.82,
"Tanzania, United Republic of",TZA,2507008080-calcined-clay,,,,
"Tanzania, United Republic of",TZA,2523100010-white-clinker,,,,
"Tanzania, United Republic of",TZA,2523100090-other-clinker-including-grey-clinker,0.85,0.03,0.88,A
"Tanzania, United Republic of",TZA,25232100-white-portland-cement,,,,
"Tanzania, United Republic of",TZA,25232900-grey-portland-cement,0.85,0.05,0.9,
"Tanzania, United Republic of",TZA,25233000-aluminous-cement,,,,
"Tanzania, United Republic of",TZA,2523900010-white-hydraulic-cement,,,,
"Tanzania, United Republic of",TZA,2523900090-other-hydraulic-cements-including-grey-h,0.81,0.05,0.86,A
"Tanzania, United Republic of",TZA,28080000-nitric-acid-sulphonitric-acids,1.64,0.05,1.68,
"Tanzania, United Republic of",TZA,28141000-anhydrous-ammonia,,,,
"Tanzania, United Republic of",TZA,28142000-ammonia-in-aqueous-solution,0.6,0.05,0.65,
"Tanzania, United Republic of",TZA,28342100-nitrate-of-potassium,1.46,0.07,1.52,
"Tanzania, United Republic of",TZA,3102-mineral-or-chemical-fertilizers-nitrogen,,,,
"Tanzania, United Republic of",TZA,31021012-urea-in-aqueous-solution-containing-45-n,0.44,0.04,0.48,
"Tanzania, United Republic of",TZA,31021015-urea-in-aqueous-solution-containing-45-n,0.73,0.04,0.77,
"Tanzania, United Republic of",TZA,31021019-urea-whether-or-not-in-aqueous-solution,1.33,0.11,1.44,
"Tanzania, United Republic of",TZA,31021090-urea-whether-or-not-in-aqueous-solution,1.3,0.1,1.41,
"Tanzania, United Republic of",TZA,31022100-ammonium-sulphate-excl-that-in-tablets-o,0.58,0.07,0.65,
"Tanzania, United Republic of",TZA,31022900-double-salts-and-mixtures-of-ammonium-su,1.04,0.08,1.12,
"Tanzania, United Republic of",TZA,31023010-ammonium-nitrate-in-aqueous-solution-exc,1.11,0.06,1.17,
"Tanzania, United Republic of",TZA,31023090-ammonium-nitrate-excl-that-in-aqueous-so,1.7,0.1,1.8,
"Tanzania, United Republic of",TZA,31024010-mixtures-of-ammonium-nitrate-with-calciu,1.47,0.09,1.55,
"Tanzania, United Republic of",TZA,31024090-mixtures-of-ammonium-nitrate-with-calciu,1.47,0.09,1.55,
"Tanzania, United Republic of",TZA,31025000-sodium-nitrate-excl-that-in-tablets-or-s,2.56,0.07,2.63,
"Tanzania, United Republic of",TZA,31026000-double-salts-and-mixtures-of-calcium-nit,1.43,0.08,1.51,
"Tanzania, United Republic of",TZA,31028000-mixtures-of-urea-and-ammonium-nitrate-in,1.18,0.08,1.26,
"Tanzania, United Republic of",TZA,31029000-mineral-or-chemical-nitrogen-fertilisers,1.3,0.09,1.39,
"Tanzania, United Republic of",TZA,3105-mineral-or-chemical-fertilisers-containi,,,,
"Tanzania, United Republic of",TZA,31051000-mineral-or-chemical-fertilisers-of-anima,0.62,0.07,0.68,
"Tanzania, United Republic of",TZA,31052010-mineral-or-chemical-fertilisers-containi,0.74,0.08,0.82,
"Tanzania, United Republic of",TZA,31052090-mineral-or-chemical-fertilisers-containi,0.5,0.06,0.56,
"Tanzania, United Republic of",TZA,31053000-diammonium-hydrogenorthophosphate-diammo,0.47,0.05,0.52,
"Tanzania, United Republic of",TZA,31054000-ammonium-dihydrogenorthophosphate-monoam,0.3,0.04,0.34,
"Tanzania, United Republic of",TZA,31055100-other-mineral-or-chemical-fertilisers-co,1.01,0.1,1.1,
"Tanzania, United Republic of",TZA,31055900-other-mineral-or-chemical-fertilisers-co,0.54,0.09,0.63,
"Tanzania, United Republic of",TZA,31059020-mineral-or-chemical-fertilisers-containi,0.98,0.06,1.04,
"Tanzania, United Republic of",TZA,31059080-mineral-or-chemical-fertilisers-containi,0.51,0.04,0.55,
"Tanzania, United Republic of",TZA,7601-unwrought-aluminium,0.36,,0.36,L
"Tanzania, United Republic of",TZA,7603-aluminium-powders-and-flakes,0.6,,0.6,L
"Tanzania, United Republic of",TZA,76041010-bars-and-rods,0.83,,0.83,L
"Tanzania, United Republic of",TZA,76041090-profiles,0.84,,0.84,L
"Tanzania, United Republic of",TZA,76042100-hollow-profiles,0.84,,0.84,L
"Tanzania, United Republic of",TZA,76042910-bars-and-rods,0.83,,0.83,L
"Tanzania, United Republic of",TZA,76042990-profiles,0.84,,0.84,L
"Tanzania, United Republic of",TZA,7605-aluminium-wire,0.83,,0.83,L
"Tanzania, United Republic of",TZA,7606-aluminium-plates-sheets-and-strip-of-a-t,1.28,,1.28,L
"Tanzania, United Republic of",TZA,7607-aluminium-foil-whether-or-not-printed-or,1.28,,1.28,L
"Tanzania, United Republic of",TZA,7608-aluminium-tubes-and-pipes,0.84,,0.84,L
"Tanzania, United Republic of",TZA,76090000-aluminium-tube-or-pipe-fittings-for-exam,0.84,,0.84,L
"Tanzania, United Republic of",TZA,76101000-doors-windows-and-their-frames-and-thres,0.84,,0.84,L
"Tanzania, United Republic of",TZA,761090-other,0.84,,0.84,L
"Tanzania, United Republic of",TZA,76109010-bridges-and-bridge-sections-towers-and-l,0.84,,0.84,L
"Tanzania, United Republic of",TZA,76109090-other,0.84,,0.84,L
"Tanzania, United Republic of",TZA,76110000-aluminium-reservoirs-tanks-vats-and-simi,1.28,,1.28,L
"Tanzania, United Republic of",TZA,7612-aluminium-casks-drums-cans-boxes-and-sim,1.28,,1.28,L
"Tanzania, United Republic of",TZA,76130000-aluminium-containers-for-compressed-or-l,1.28,,1.28,L
"Tanzania, United Republic of",TZA,7614-stranded-wire-cables-plaited-bands-and-t,0.83,,0.83,L
"Tanzania, United Republic of",TZA,76161000-nails-tacks-staples-other-than-those-of,1.28,,1.28,L
"Tanzania, United Republic of",TZA,76169100-cloth-grill-netting-and-fencing-of-alumi,1.28,,1.28,L
"Tanzania, United Republic of",TZA,76169910-cast,0.6,,0.6,L
"Tanzania, United Republic of",TZA,76169990-other,1.28,,1.28,L
Thailand,THA,28080000-nitric-acid-sulphonitric-acids,2.08,0.06,2.13,
Thailand,THA,28141000-anhydrous-ammonia,2.06,0.18,2.24,
Thailand,THA,28142000-ammonia-in-aqueous-solution,0.62,0.05,0.67,
Thailand,THA,28342100-nitrate-of-potassium,1.76,0.08,1.84,
Thailand,THA,3102-mineral-or-chemical-fertilizers-nitrogen,,,,
Thailand,THA,31021012-urea-in-aqueous-solution-containing-45-n,0.46,0.05,0.51,
Thailand,THA,31021015-urea-in-aqueous-solution-containing-45-n,0.77,0.05,0.82,
Thailand,THA,31021019-urea-whether-or-not-in-aqueous-solution,1.4,0.14,1.54,
Thailand,THA,31021090-urea-whether-or-not-in-aqueous-solution,1.37,0.14,1.51,
Thailand,THA,31022100-ammonium-sulphate-excl-that-in-tablets-o,0.61,0.1,0.71,
Thailand,THA,31022900-double-salts-and-mixtures-of-ammonium-su,1.19,0.12,1.31,
Thailand,THA,31023010-ammonium-nitrate-in-aqueous-solution-exc,1.33,0.09,1.42,
Thailand,THA,31023090-ammonium-nitrate-excl-that-in-aqueous-so,2.05,0.14,2.19,
Thailand,THA,31024010-mixtures-of-ammonium-nitrate-with-calciu,1.77,0.13,1.89,
Thailand,THA,31024090-mixtures-of-ammonium-nitrate-with-calciu,1.77,0.13,1.89,
Thailand,THA,31025000-sodium-nitrate-excl-that-in-tablets-or-s,3.24,0.09,3.33,
Thailand,THA,31026000-double-salts-and-mixtures-of-calcium-nit,1.72,0.12,1.84,
Thailand,THA,31028000-mixtures-of-urea-and-ammonium-nitrate-in,1.36,0.11,1.47,
Thailand,THA,31029000-mineral-or-chemical-nitrogen-fertilisers,1.45,0.13,1.58,
Thailand,THA,3105-mineral-or-chemical-fertilisers-containi,,,,
Thailand,THA,31051000-mineral-or-chemical-fertilisers-of-anima,0.7,0.11,0.8,
Thailand,THA,31052010-mineral-or-chemical-fertilisers-containi,0.88,0.13,1.01,
Thailand,THA,31052090-mineral-or-chemical-fertilisers-containi,0.6,0.1,0.7,
Thailand,THA,31053000-diammonium-hydrogenorthophosphate-diammo,0.48,0.08,0.56,
Thailand,THA,31054000-ammonium-dihydrogenorthophosphate-monoam,0.31,0.06,0.37,
Thailand,THA,31055100-other-mineral-or-chemical-fertilisers-co,1.2,0.16,1.36,
Thailand,THA,31055900-other-mineral-or-chemical-fertilisers-co,0.56,0.12,0.68,
Thailand,THA,31059020-mineral-or-chemical-fertilisers-containi,1.17,0.1,1.26,
Thailand,THA,31059080-mineral-or-chemical-fertilisers-containi,0.6,0.07,0.67,
Thailand,THA,7601-unwrought-aluminium,0.36,,0.36,L
Thailand,THA,7603-aluminium-powders-and-flakes,1.05,,1.05,L
Thailand,THA,76041010-bars-and-rods,1.27,,1.27,L
Thailand,THA,76041090-profiles,1.29,,1.29,L
Thailand,THA,76042100-hollow-profiles,1.29,,1.29,L
Thailand,THA,76042910-bars-and-rods,1.27,,1.27,L
Thailand,THA,76042990-profiles,1.29,,1.29,L
Thailand,THA,7605-aluminium-wire,1.27,,1.27,L
Thailand,THA,7606-aluminium-plates-sheets-and-strip-of-a-t,1.73,,1.73,L
Thailand,THA,7607-aluminium-foil-whether-or-not-printed-or,1.73,,1.73,L
Thailand,THA,7608-aluminium-tubes-and-pipes,1.29,,1.29,L
Thailand,THA,76090000-aluminium-tube-or-pipe-fittings-for-exam,1.29,,1.29,L
Thailand,THA,76101000-doors-windows-and-their-frames-and-thres,1.29,,1.29,L
Thailand,THA,761090-other,1.29,,1.29,L
Thailand,THA,76109010-bridges-and-bridge-sections-towers-and-l,1.29,,1.29,L
Thailand,THA,76109090-other,1.29,,1.29,L
Thailand,THA,76110000-aluminium-reservoirs-tanks-vats-and-simi,1.73,,1.73,L
Thailand,THA,7612-aluminium-casks-drums-cans-boxes-and-sim,1.73,,1.73,L
Thailand,THA,76130000-aluminium-containers-for-compressed-or-l,1.73,,1.73,L
Thailand,THA,7614-stranded-wire-cables-plaited-bands-and-t,1.27,,1.27,L
Thailand,THA,76161000-nails-tacks-staples-other-than-those-of,1.73,,1.73,L
Thailand,THA,76169100-cloth-grill-netting-and-fencing-of-alumi,1.73,,1.73,L
Thailand,THA,76169910-cast,1.05,,1.05,L
Thailand,THA,76169990-other,1.73,,1.73,L
Thailand,THA,28041000-hydrogen,10.82,,10.82,
Thailand,THA,26011200-agglomerated-iron-ores-and-concentrates,1.13,0.07,1.19,
Thailand,THA,7201-pig-iron-and-spiegeleisen-in-pigs-blocks,,,,
Thailand,THA,720211-ferro-manganese-containing-by-weight-2-o,1.69,,1.69,
Thailand,THA,720219-ferro-manganese-containing-by-weight-2-c,,,,
Thailand,THA,720241-ferro-chromium-containing-by-weight-4-of,2.35,,2.35,
Thailand,THA,720249-ferro-chromium-containing-by-weight-4-of,,,,
Thailand,THA,72026000-ferro-nickel,3.48,,3.48,
Thailand,THA,7203-ferrous-products-obtained-by-direct-redu,,,,
Thailand,THA,7205-granules-and-powders-of-pig-iron-spiegel,1.43,,1.43,E/H
Thailand,THA,7206-iron-and-non-alloy-steel-in-ingots-or-ot,,,,
Thailand,THA,72061000-ingots-of-iron-and-non-alloy-steel-excl,0.21,,0.21,E
Thailand,THA,72069000-iron-and-non-alloy-steel-in-puddled-bars,0.21,,0.21,E
Thailand,THA,7207-semi-finished-products-of-iron-or-non-al,,,,
Thailand,THA,72071111-semi-finished-products-of-non-alloy-free,1.92,,1.92,E
Thailand,THA,72071114-semi-finished-products-of-iron-or-non-al,1.92,,1.92,E
Thailand,THA,72071116-semi-finished-products-of-iron-or-non-al,1.92,,1.92,E
Thailand,THA,72071190-semi-finished-products-of-iron-or-non-al,1.44,,1.44,E
Thailand,THA,72071210-semi-finished-products-of-iron-or-non-al,1.92,,1.92,E
Thailand,THA,72071290-semi-finished-products-of-iron-or-non-al,1.44,,1.44,E
Thailand,THA,72071912-semi-finished-products-of-iron-or-non-al,1.92,,1.92,E
Thailand,THA,72071919-semi-finished-products-of-iron-or-non-al,1.44,,1.44,E
Thailand,THA,72071980-semi-finished-products-of-iron-or-non-al,1.92,,1.92,E
Thailand,THA,72072011-semi-finished-products-of-non-alloy-free,1.92,,1.92,E
Thailand,THA,72072015-semi-finished-products-of-iron-or-non-al,1.92,,1.92,E
Thailand,THA,72072017-semi-finished-products-of-iron-or-non-al,1.92,,1.92,E
Thailand,THA,72072019-semi-finished-products-of-iron-or-non-al,1.44,,1.44,E
Thailand,THA,72072032-semi-finished-products-of-iron-or-non-al,1.92,,1.92,E
Thailand,THA,72072039-semi-finished-products-of-iron-or-non-al,1.44,,1.44,E
Thailand,THA,72072052-semi-finished-products-of-iron-or-non-al,1.92,,1.92,E
Thailand,THA,72072059-semi-finished-products-of-iron-or-non-al,1.44,,1.44,E
Thailand,THA,72072080-semi-finished-products-of-iron-or-non-al,1.92,,1.92,E
Thailand,THA,7208-flat-rolled-products-of-iron-or-non-allo,1.92,,1.92,E
Thailand,THA,7209-flat-rolled-products-of-iron-or-non-allo,2.331,,2.331,E
Thailand,THA,7210-flat-rolled-products-of-iron-or-non-allo,2.331,,2.331,E
Thailand,THA,7211-flat-rolled-products-of-iron-or-non-allo,,,,
Thailand,THA,72111300-flat-rolled-products-of-iron-or-non-allo,1.92,,1.92,E
Thailand,THA,72111400-flat-rolled-products-of-iron-or-non-allo,1.92,,1.92,E
Thailand,THA,72111900-flat-rolled-products-of-iron-or-non-allo,1.92,,1.92,E
Thailand,THA,721123-flat-rolled-products-of-iron-or-non-allo,2.331,,2.331,E
Thailand,THA,72112900-flat-rolled-products-of-iron-or-non-allo,2.331,,2.331,E
Thailand,THA,721190-flat-rolled-products-of-iron-or-non-allo,2.331,,2.331,E
Thailand,THA,7212-flat-rolled-products-of-iron-or-non-allo,2.331,,2.331,E
Thailand,THA,7213-bars-and-rods-of-iron-or-non-alloy-steel,1.92,,1.92,E
Thailand,THA,7214-bars-and-rods-of-iron-or-non-alloy-steel,,,,
Thailand,THA,72141000-bars-and-rods-of-iron-or-non-alloy-steel,1.44,,1.44,E
Thailand,THA,72142000-bars-and-rods-of-iron-or-non-alloy-steel,1.92,,1.92,E
Thailand,THA,72143000-bars-and-rods-of-non-alloy-free-cutting,1.92,,1.92,E
Thailand,THA,721491-bars-and-rods-of-iron-or-non-alloy-steel,1.92,,1.92,E
Thailand,THA,721499-bars-and-rods-of-iron-or-non-alloy-steel,1.92,,1.92,E
Thailand,THA,7215-bars-and-rods-of-iron-or-non-alloy-steel,1.92,,1.92,E
Thailand,THA,7216-angles-shapes-and-sections-of-iron-or-no,1.92,,1.92,E
Thailand,THA,7217-wire-of-iron-or-non-alloy-steel-in-coils,,,,
Thailand,THA,721710-wire-of-iron-or-non-alloy-steel-in-coils,1.92,,1.92,E
Thailand,THA,721720-wire-of-iron-or-non-alloy-steel-in-coils,1.92,,1.92,E
Thailand,THA,721730-wire-of-iron-or-non-alloy-steel-in-coils,1.92,,1.92,E
Thailand,THA,721790-wire-of-iron-or-non-alloy-steel-in-coils,1.92,,1.92,E
Thailand,THA,7218-stainless-steel-in-ingots-or-other-prima,,,,
Thailand,THA,72181000-steel-stainless-in-ingots-and-other-prim,,,,
Thailand,THA,721891-semi-finished-products-of-stainless-stee,,,,
Thailand,THA,72189911-semi-finished-products-of-stainless-stee,,,,
Thailand,THA,72189919-semi-finished-products-of-stainless-stee,,,,
Thailand,THA,72189920-semi-finished-products-of-stainless-stee,,,,
Thailand,THA,72189980-semi-finished-products-of-stainless-stee,,,,
Thailand,THA,7219-flat-rolled-products-of-stainless-steel,,,,
Thailand,THA,72191100-flat-rolled-products-of-stainless-steel,,,,
Thailand,THA,721912-flat-rolled-products-of-stainless-steel,,,,
Thailand,THA,721913-flat-rolled-products-of-stainless-steel,,,,
Thailand,THA,721914-flat-rolled-products-of-stainless-steel,,,,
Thailand,THA,721921-flat-rolled-products-of-stainless-steel,,,,
Thailand,THA,721922-flat-rolled-products-of-stainless-steel,,,,
Thailand,THA,72192300-flat-rolled-products-of-stainless-steel,,,,
Thailand,THA,72192400-flat-rolled-products-of-stainless-steel,,,,
Thailand,THA,72193100-flat-rolled-products-of-stainless-steel,,,,
Thailand,THA,721932-flat-rolled-products-of-stainless-steel,,,,
Thailand,THA,721933-flat-rolled-products-of-stainless-steel,,,,
Thailand,THA,721934-flat-rolled-products-of-stainless-steel,,,,
Thailand,THA,721935-flat-rolled-products-of-stainless-steel,,,,
Thailand,THA,721990-flat-rolled-products-of-stainless-steel,,,,
Thailand,THA,7220-flat-rolled-products-of-stainless-steel,,,,
Thailand,THA,72201100-flat-rolled-products-of-stainless-steel,,,,
Thailand,THA,72201200-flat-rolled-products-of-stainless-steel,,,,
Thailand,THA,722020-flat-rolled-products-of-stainless-steel,,,,
Thailand,THA,722090-flat-rolled-products-of-stainless-steel,,,,
Thailand,THA,7221-bars-and-rods-of-stainless-steel-hot-rol,,,,
Thailand,THA,7222-other-bars-and-rods-of-stainless-steel-a,,,,
Thailand,THA,722211-bars-and-rods-of-stainless-steel-only-ho,,,,
Thailand,THA,722219-bars-and-rods-of-stainless-steel-only-ho,,,,
Thailand,THA,722220-other-bars-and-rods-of-stainless-steel-n,,,,
Thailand,THA,722230-other-bars-and-rods-of-stainless-steel-c,,,,
Thailand,THA,722240-angles-shapes-and-sections-of-stainless,,,,
Thailand,THA,7223-wire-of-stainless-steel-in-coils-excl-ba,,,,
Thailand,THA,722300-wire-of-stainless-steel-in-coils-excl-ba,,,,
Thailand,THA,7224-steel-alloy-other-than-stainless-in-ingo,,,,
Thailand,THA,722410-steel-alloy-other-than-stainless-in-ingo,3.39,,3.39,H
Thailand,THA,72249002-semi-finished-products-of-tool-steel,3.52,,3.52,H
Thailand,THA,72249003-semi-finished-products-of-high-speed-ste,3.52,,3.52,H
Thailand,THA,72249005-semi-finished-products-of-steel-containi,3.52,,3.52,H
Thailand,THA,72249007-semi-finished-products-of-alloy-steel-ot,3.52,,3.52,H
Thailand,THA,72249014-semi-finished-products-of-alloy-steel-ot,3.52,,3.52,H
Thailand,THA,72249018-semi-finished-products-of-alloy-steel-ot,3.39,,3.39,H
Thailand,THA,72249031-semi-finished-products-of-steel-containi,3.52,,3.52,H
Thailand,THA,72249038-semi-finished-products-of-alloy-steel-ot,3.52,,3.52,H
Thailand,THA,72249090-semi-finished-products-of-alloy-steel-ot,3.39,,3.39,H
Thailand,THA,7225-flat-rolled-products-of-alloy-steel-othe,,,,
Thailand,THA,72251100-flat-rolled-products-of-silicon-electric,4.66,,4.66,E
Thailand,THA,72251910-flat-rolled-products-of-silicon-electric,3.52,,3.52,E
Thailand,THA,72251990-flat-rolled-products-of-silicon-electric,3.57,,3.57,E
Thailand,THA,722530-flat-rolled-products-of-alloy-steel-othe,3.52,,3.52,H
Thailand,THA,722540-flat-rolled-products-of-alloy-steel-othe,3.52,,3.52,H
Thailand,THA,722550-flat-rolled-products-of-alloy-steel-othe,3.57,,3.57,H
Thailand,THA,72259100-flat-rolled-products-of-alloy-steel-othe,3.57,,3.57,H
Thailand,THA,72259200-flat-rolled-products-of-alloy-steel-othe,3.57,,3.57,H
Thailand,THA,72259900-flat-rolled-products-of-alloy-steel-othe,3.57,,3.57,H
Thailand,THA,7226-flat-rolled-products-of-alloy-steel-othe,,,,
Thailand,THA,72261100-flat-rolled-products-of-silicon-electric,4.66,,4.66,E
Thailand,THA,72261910-flat-rolled-products-of-silicon-electric,3.52,,3.52,E
Thailand,THA,72261980-flat-rolled-products-of-silicon-electric,3.57,,3.57,E
Thailand,THA,72262000-flat-rolled-products-of-high-speed-steel,3.52,,3.52,H
Thailand,THA,722691-flat-rolled-products-of-alloy-steel-othe,3.52,,3.52,H
Thailand,THA,72269200-flat-rolled-products-of-alloy-steel-othe,3.57,,3.57,H
Thailand,THA,722699-flat-rolled-products-of-alloy-steel-othe,3.57,,3.57,H
Thailand,THA,7227-bars-and-rods-of-alloy-steel-other-than,3.58,,3.58,E/H
Thailand,THA,7228-other-bars-and-rods-of-alloy-steel-other,,,,
Thailand,THA,72281020-bars-and-rods-of-high-speed-steel-not-fu,3.58,,3.58,H
Thailand,THA,72281050-bars-and-rods-of-high-speed-steel-forged,3.39,,3.39,H
Thailand,THA,72281090-bars-and-rods-of-high-speed-steel-not-fu,3.58,,3.58,H
Thailand,THA,722820-bars-and-rods-of-silico-manganese-steel,3.58,,3.58,H
Thailand,THA,722830-bars-and-rods-of-alloy-steel-other-than,3.58,,3.58,E/H
Thailand,THA,722840-bars-and-rods-of-alloy-steel-other-than,3.39,,3.39,H
Thailand,THA,722850-bars-and-rods-of-alloy-steel-other-than,3.58,,3.58,E/H
Thailand,THA,722860-bars-and-rods-of-alloy-steel-other-than,3.58,,3.58,H
Thailand,THA,722870-angles-shapes-and-sections-of-alloy-stee,3.58,,3.58,H
Thailand,THA,72288000-hollow-drill-bars-and-rods-of-alloy-or-n,3.58,,3.58,H
Thailand,THA,7229-wire-of-alloy-steel-other-than-stainless,3.58,,3.58,E/H
Thailand,THA,7301-sheet-piling-of-iron-or-steel-whether-or,2.039,,2.039,E
Thailand,THA,7302-railway-or-tramway-track-construction-ma,3.95,,3.95,E
Thailand,THA,7303-tubes-pipes-and-hollow-profiles-of-cast,,,,
Thailand,THA,730300-tubes-pipes-and-hollow-profiles-of-cast,3.07,,3.07,
Thailand,THA,7304-tubes-pipes-and-hollow-profiles-seamless,,,,
Thailand,THA,73041100-line-pipe-of-a-kind-used-for-oil-or-gas,4.63,,4.63,
Thailand,THA,730419-line-pipe-of-a-kind-used-for-oil-or-gas,1.96,,1.96,E
Thailand,THA,73042200-drill-pipe-seamless-of-stainless-steel-o,4.63,,4.63,
Thailand,THA,73042300-drill-pipe-seamless-of-a-kind-used-in-dr,1.96,,1.96,E
Thailand,THA,73042400-casing-and-tubing-seamless-of-a-kind-use,4.63,,4.63,
Thailand,THA,730429-casing-and-tubing-seamless-of-iron-or-st,1.96,,1.96,E
Thailand,THA,730431-tubes-pipes-and-hollow-profiles-seamless,1.96,,1.96,E
Thailand,THA,730439-tubes-pipes-and-hollow-profiles-seamless,1.96,,1.96,E
Thailand,THA,73044100-tubes-pipes-and-hollow-profiles-seamless,4.63,,4.63,
Thailand,THA,730449-tubes-pipes-and-hollow-profiles-seamless,4.63,,4.63,
Thailand,THA,730451-tubes-pipes-and-hollow-profiles-seamless,1.95,,1.95,H
Thailand,THA,730459-tubes-pipes-and-hollow-profiles-seamless,1.95,,1.95,E/H
Thailand,THA,73049000-tubes-pipes-and-hollow-profiles-seamless,1.96,,1.96,E
Thailand,THA,7305-tubes-and-pipes-having-circular-cross-se,2.079,,2.079,E
Thailand,THA,7306-tubes-pipes-and-hollow-profiles-e-g-open,,,,
Thailand,THA,73061100-line-pipe-of-a-kind-used-for-oil-or-gas,4.81,,4.81,
Thailand,THA,73061900-line-pipe-of-a-kind-used-for-oil-or-gas,2.079,,2.079,E
Thailand,THA,73062100-casing-and-tubing-of-a-kind-used-in-dril,4.81,,4.81,
Thailand,THA,73062900-casing-and-tubing-of-a-kind-used-in-dril,2.079,,2.079,E
Thailand,THA,73063012-precision-tubes-welded-of-circular-cross,2.079,,2.079,E
Thailand,THA,73063018-precision-tubes-welded-of-circular-cross,2.03,,2.03,E
Thailand,THA,73063041-threaded-or-threadable-tubes-gas-pipe-we,2.079,,2.079,E
Thailand,THA,73063049-threaded-or-threadable-tubes-gas-pipe-we,2.079,,2.079,E
Thailand,THA,73063072-other-tubes-pipes-and-hollow-profiles-we,2.079,,2.079,E
Thailand,THA,73063077-other-tubes-pipes-and-hollow-profiles-we,2.079,,2.079,E
Thailand,THA,73063080-tubes-pipes-and-hollow-profiles-welded-h,2.079,,2.079,E
Thailand,THA,73064020-tubes-pipes-and-hollow-profiles-welded-o,4.81,,4.81,
Thailand,THA,73064080-tubes-pipes-and-hollow-profiles-welded-o,4.75,,4.75,
Thailand,THA,73065021-precision-steel-tubes-welded-of-circular,2.13,,2.13,H
Thailand,THA,73065029-precision-steel-tubes-welded-of-circular,2.079,,2.079,H
Thailand,THA,73065080-tubes-pipes-and-hollow-profiles-welded-o,2.13,,2.13,H
Thailand,THA,73066110-tubes-and-pipes-and-hollow-profiles-weld,4.81,,4.81,
Thailand,THA,73066192-tubes-and-pipes-and-hollow-profiles-weld,2.079,,2.079,E
Thailand,THA,73066199-tubes-and-pipes-and-hollow-profiles-weld,2.079,,2.079,E
Thailand,THA,73066910-tubes-pipes-and-hollow-profiles-welded-o,4.81,,4.81,
Thailand,THA,73066990-tubes-pipes-and-hollow-profiles-welded-o,2.079,,2.079,E
Thailand,THA,73069000-tubes-pipes-and-hollow-profiles-e-g-open,2.079,,2.079,E
Thailand,THA,7307-tube-or-pipe-fittings-e-g-couplings-elbo,,,,
Thailand,THA,730711-tube-or-pipe-fittings-of-non-malleable-c,3.07,,3.07,
Thailand,THA,73071910-tube-or-pipe-fittings-of-cast-iron-excl,3.07,,3.07,
Thailand,THA,73071990-cast-tube-or-pipe-fittings-of-steel,1.849,,1.849,E
Thailand,THA,73072100-flanges-of-stainless-steel-excl-cast-pro,4.109,,4.109,
Thailand,THA,730722-threaded-elbows-bends-and-sleeves-of-sta,4.109,,4.109,
Thailand,THA,730723-butt-welding-tube-or-pipe-fittings-of-st,4.109,,4.109,
Thailand,THA,730729-tube-or-pipe-fittings-of-stainless-steel,4.109,,4.109,
Thailand,THA,73079100-flanges-of-iron-or-steel-excl-cast-or-st,1.849,,1.849,E
Thailand,THA,730792-threaded-elbows-bends-and-sleeves-of-sta,1.849,,1.849,E
Thailand,THA,730793-butt-welding-fittings-of-iron-or-steel-e,1.849,,1.849,E
Thailand,THA,730799-tube-or-pipe-fittings-of-iron-or-steel-e,1.849,,1.849,E
Thailand,THA,7308-structures-and-parts-of-structures-e-g-b,4.29,,4.29,E
Thailand,THA,7309-reservoirs-tanks-vats-and-similar-contai,4.64,,4.64,E
Thailand,THA,7310-tanks-casks-drums-cans-boxes-and-similar,2.09,,2.09,E
Thailand,THA,7311-containers-of-iron-or-steel-for-compress,,,,
Thailand,THA,731100-containers-of-iron-or-steel-for-compress,4.569,,4.569,E
Thailand,THA,7318-screws-bolts-nuts-coach-screws-screw-hoo,,,,
Thailand,THA,73181100-coach-screws-of-iron-or-steel,2.408,,2.408,E
Thailand,THA,73181210-wood-screws-of-stainless-steel-excl-coac,4.689,,4.689,
Thailand,THA,73181290-wood-screws-of-iron-or-steel-other-than,2.408,,2.408,E
Thailand,THA,73181300-screw-hooks-and-screw-rings-of-iron-or-s,2.408,,2.408,E
Thailand,THA,73181410-self-tapping-screws-of-stainless-steel-e,4.689,,4.689,
Thailand,THA,73181491-spaced-thread-screws-of-iron-or-steel-ot,2.408,,2.408,E
Thailand,THA,73181499-self-tapping-screws-of-iron-or-steel-oth,2.408,,2.408,E
Thailand,THA,731815-threaded-screws-and-bolts-of-iron-or-ste,2.408,,2.408,E
Thailand,THA,731816-nuts-of-iron-or-steel,4.449,,4.449,E
Thailand,THA,73181900-threaded-articles-of-iron-or-steel-n-e-s,2.408,,2.408,E
Thailand,THA,73182100-spring-washers-and-other-lock-washers-of,2.408,,2.408,E
Thailand,THA,73182200-washers-of-iron-or-steel-excl-spring-was,2.408,,2.408,E
Thailand,THA,73182300-rivets-of-iron-or-steel-excl-tubular-and,2.408,,2.408,E
Thailand,THA,73182400-cotters-and-cotter-pins-of-iron-or-steel,2.408,,2.408,E
Thailand,THA,73182900-non-threaded-articles-of-iron-or-steel,2.408,,2.408,E
Thailand,THA,7326-articles-of-iron-or-steel-n-e-s-excl-cas,,,,
Thailand,THA,73261100-grinding-balls-and-similar-articles-for,1.849,,1.849,E
Thailand,THA,732619-articles-of-iron-or-steel-forged-or-stam,1.849,,1.849,E
Thailand,THA,73262000-articles-of-iron-or-steel-wire-n-e-s,1.92,,1.92,E
Thailand,THA,73269030-ladders-and-steps-of-iron-or-steel,1.92,,1.92,E
Thailand,THA,73269040-pallets-and-similar-platforms-for-handli,1.92,,1.92,E
Thailand,THA,73269050-reels-for-cables-piping-and-the-like-of,1.92,,1.92,E
Thailand,THA,73269060-ventilators-non-mechanical-guttering-hoo,1.92,,1.92,E
Thailand,THA,73269092-articles-of-iron-or-steel-open-die-forge,1.849,,1.849,E
Thailand,THA,73269094-articles-of-iron-or-steel-closed-die-for,1.849,,1.849,E
Thailand,THA,73269096-sintered-articles-of-iron-or-steel-n-e-s,1.849,,1.849,E
Thailand,THA,73269098-articles-of-iron-or-steel-n-e-s,1.98,,1.98,E
Togo,TGO,2507008080-calcined-clay,,,,
Togo,TGO,2523100010-white-clinker,,,,
Togo,TGO,2523100090-other-clinker-including-grey-clinker,0.85,0.03,0.88,A
Togo,TGO,25232100-white-portland-cement,,,,
Togo,TGO,25232900-grey-portland-cement,0.95,0.06,1.0,
Togo,TGO,25233000-aluminous-cement,,,,
Togo,TGO,2523900010-white-hydraulic-cement,,,,
Togo,TGO,2523900090-other-hydraulic-cements-including-grey-h,0.9,0.06,0.96,A
Trinidad and Tobago,TTO,2507008080-calcined-clay,,,,
Trinidad and Tobago,TTO,2523100010-white-clinker,,,,
Trinidad and Tobago,TTO,2523100090-other-clinker-including-grey-clinker,0.87,0.04,0.91,A
Trinidad and Tobago,TTO,25232100-white-portland-cement,,,,
Trinidad and Tobago,TTO,25232900-grey-portland-cement,0.87,0.07,0.95,
Trinidad and Tobago,TTO,25233000-aluminous-cement,,,,
Trinidad and Tobago,TTO,2523900010-white-hydraulic-cement,,,,
Trinidad and Tobago,TTO,2523900090-other-hydraulic-cements-including-grey-h,0.84,0.08,0.91,A
Trinidad and Tobago,TTO,28080000-nitric-acid-sulphonitric-acids,1.87,0.05,1.92,
Trinidad and Tobago,TTO,28141000-anhydrous-ammonia,2.26,0.15,2.42,
Trinidad and Tobago,TTO,28142000-ammonia-in-aqueous-solution,0.68,0.05,0.73,
Trinidad and Tobago,TTO,28342100-nitrate-of-potassium,1.64,0.07,1.71,
Trinidad and Tobago,TTO,3102-mineral-or-chemical-fertilizers-nitrogen,,,,
Trinidad and Tobago,TTO,31021012-urea-in-aqueous-solution-containing-45-n,0.5,0.04,0.53,
Trinidad and Tobago,TTO,31021015-urea-in-aqueous-solution-containing-45-n,0.82,0.04,0.86,
Trinidad and Tobago,TTO,31021019-urea-whether-or-not-in-aqueous-solution,1.49,0.12,1.61,
Trinidad and Tobago,TTO,31021090-urea-whether-or-not-in-aqueous-solution,1.46,0.11,1.57,
Trinidad and Tobago,TTO,31022100-ammonium-sulphate-excl-that-in-tablets-o,0.62,0.08,0.71,
Trinidad and Tobago,TTO,31022900-double-salts-and-mixtures-of-ammonium-su,1.14,0.1,1.24,
Trinidad and Tobago,TTO,31023010-ammonium-nitrate-in-aqueous-solution-exc,1.24,0.07,1.31,
Trinidad and Tobago,TTO,31023090-ammonium-nitrate-excl-that-in-aqueous-so,1.91,0.11,2.02,
Trinidad and Tobago,TTO,31024010-mixtures-of-ammonium-nitrate-with-calciu,1.61,0.1,1.72,
Trinidad and Tobago,TTO,31024090-mixtures-of-ammonium-nitrate-with-calciu,1.61,0.1,1.72,
Trinidad and Tobago,TTO,31025000-sodium-nitrate-excl-that-in-tablets-or-s,2.92,0.08,3.0,
Trinidad and Tobago,TTO,31026000-double-salts-and-mixtures-of-calcium-nit,1.6,0.1,1.7,
Trinidad and Tobago,TTO,31028000-mixtures-of-urea-and-ammonium-nitrate-in,1.33,0.09,1.42,
Trinidad and Tobago,TTO,31029000-mineral-or-chemical-nitrogen-fertilisers,1.44,0.11,1.55,
Trinidad and Tobago,TTO,3105-mineral-or-chemical-fertilisers-containi,,,,
Trinidad and Tobago,TTO,31051000-mineral-or-chemical-fertilisers-of-anima,0.67,0.09,0.76,
Trinidad and Tobago,TTO,31052010-mineral-or-chemical-fertilisers-containi,0.81,0.1,0.91,
Trinidad and Tobago,TTO,31052090-mineral-or-chemical-fertilisers-containi,0.55,0.08,0.63,
Trinidad and Tobago,TTO,31053000-diammonium-hydrogenorthophosphate-diammo,0.52,0.06,0.58,
Trinidad and Tobago,TTO,31054000-ammonium-dihydrogenorthophosphate-monoam,0.33,0.05,0.38,
Trinidad and Tobago,TTO,31055100-other-mineral-or-chemical-fertilisers-co,1.1,0.13,1.23,
Trinidad and Tobago,TTO,31055900-other-mineral-or-chemical-fertilisers-co,0.58,0.1,0.67,
Trinidad and Tobago,TTO,31059020-mineral-or-chemical-fertilisers-containi,1.09,0.08,1.17,
Trinidad and Tobago,TTO,31059080-mineral-or-chemical-fertilisers-containi,0.56,0.05,0.61,
Trinidad and Tobago,TTO,28041000-hydrogen,10.82,,10.82,
Tunisia,TUN,2507008080-calcined-clay,,,,
Tunisia,TUN,2523100010-white-clinker,1.29,0.05,1.33,B
Tunisia,TUN,2523100090-other-clinker-including-grey-clinker,0.85,0.03,0.88,A
Tunisia,TUN,25232100-white-portland-cement,1.26,0.14,1.39,
Tunisia,TUN,25232900-grey-portland-cement,0.86,0.06,0.91,
Tunisia,TUN,25233000-aluminous-cement,,,,
Tunisia,TUN,2523900010-white-hydraulic-cement,1.3,0.16,1.46,B
Tunisia,TUN,2523900090-other-hydraulic-cements-including-grey-h,0.82,0.06,0.88,A
Tunisia,TUN,28080000-nitric-acid-sulphonitric-acids,2.57,0.03,2.6,
Tunisia,TUN,28141000-anhydrous-ammonia,2.0,0.1,2.1,
Tunisia,TUN,28142000-ammonia-in-aqueous-solution,0.6,0.03,0.63,
Tunisia,TUN,28342100-nitrate-of-potassium,2.07,0.05,2.12,
Tunisia,TUN,3102-mineral-or-chemical-fertilizers-nitrogen,,,,
Tunisia,TUN,31021012-urea-in-aqueous-solution-containing-45-n,0.46,0.03,0.48,
Tunisia,TUN,31021015-urea-in-aqueous-solution-containing-45-n,0.76,0.03,0.78,
Tunisia,TUN,31021019-urea-whether-or-not-in-aqueous-solution,1.38,0.08,1.46,
Tunisia,TUN,31021090-urea-whether-or-not-in-aqueous-solution,1.34,0.08,1.43,
Tunisia,TUN,31022100-ammonium-sulphate-excl-that-in-tablets-o,0.59,0.06,0.66,
Tunisia,TUN,31022900-double-salts-and-mixtures-of-ammonium-su,1.33,0.07,1.4,
Tunisia,TUN,31023010-ammonium-nitrate-in-aqueous-solution-exc,1.57,0.05,1.62,
Tunisia,TUN,31023090-ammonium-nitrate-excl-that-in-aqueous-so,2.41,0.08,2.49,
Tunisia,TUN,31024010-mixtures-of-ammonium-nitrate-with-calciu,2.07,0.08,2.15,
Tunisia,TUN,31024090-mixtures-of-ammonium-nitrate-with-calciu,2.07,0.08,2.15,
Tunisia,TUN,31025000-sodium-nitrate-excl-that-in-tablets-or-s,4.01,0.05,4.06,
Tunisia,TUN,31026000-double-salts-and-mixtures-of-calcium-nit,2.02,0.07,2.09,
Tunisia,TUN,31028000-mixtures-of-urea-and-ammonium-nitrate-in,1.51,0.06,1.58,
Tunisia,TUN,31029000-mineral-or-chemical-nitrogen-fertilisers,1.55,0.08,1.63,
Tunisia,TUN,3105-mineral-or-chemical-fertilisers-containi,,,,
Tunisia,TUN,31051000-mineral-or-chemical-fertilisers-of-anima,0.76,0.06,0.83,
Tunisia,TUN,31052010-mineral-or-chemical-fertilisers-containi,1.01,0.08,1.09,
Tunisia,TUN,31052090-mineral-or-chemical-fertilisers-containi,0.69,0.06,0.75,
Tunisia,TUN,31053000-diammonium-hydrogenorthophosphate-diammo,0.47,0.05,0.52,
Tunisia,TUN,31054000-ammonium-dihydrogenorthophosphate-monoam,0.3,0.04,0.34,
Tunisia,TUN,31055100-other-mineral-or-chemical-fertilisers-co,1.4,0.1,1.49,
Tunisia,TUN,31055900-other-mineral-or-chemical-fertilisers-co,0.55,0.09,0.64,
Tunisia,TUN,31059020-mineral-or-chemical-fertilisers-containi,1.36,0.06,1.42,
Tunisia,TUN,31059080-mineral-or-chemical-fertilisers-containi,0.7,0.04,0.74,
Tunisia,TUN,7601-unwrought-aluminium,0.36,,0.36,L
Tunisia,TUN,7603-aluminium-powders-and-flakes,0.76,,0.76,L
Tunisia,TUN,76041010-bars-and-rods,0.98,,0.98,L
Tunisia,TUN,76041090-profiles,1.0,,1.0,L
Tunisia,TUN,76042100-hollow-profiles,1.0,,1.0,L
Tunisia,TUN,76042910-bars-and-rods,0.98,,0.98,L
Tunisia,TUN,76042990-profiles,1.0,,1.0,L
Tunisia,TUN,7605-aluminium-wire,0.98,,0.98,L
Tunisia,TUN,7606-aluminium-plates-sheets-and-strip-of-a-t,1.44,,1.44,L
Tunisia,TUN,7607-aluminium-foil-whether-or-not-printed-or,1.44,,1.44,L
Tunisia,TUN,7608-aluminium-tubes-and-pipes,1.0,,1.0,L
Tunisia,TUN,76090000-aluminium-tube-or-pipe-fittings-for-exam,1.0,,1.0,L
Tunisia,TUN,76101000-doors-windows-and-their-frames-and-thres,1.0,,1.0,L
Tunisia,TUN,761090-other,1.0,,1.0,L
Tunisia,TUN,76109010-bridges-and-bridge-sections-towers-and-l,1.0,,1.0,L
Tunisia,TUN,76109090-other,1.0,,1.0,L
Tunisia,TUN,76110000-aluminium-reservoirs-tanks-vats-and-simi,1.44,,1.44,L
Tunisia,TUN,7612-aluminium-casks-drums-cans-boxes-and-sim,1.44,,1.44,L
Tunisia,TUN,76130000-aluminium-containers-for-compressed-or-l,1.44,,1.44,L
Tunisia,TUN,7614-stranded-wire-cables-plaited-bands-and-t,0.98,,0.98,L
Tunisia,TUN,76161000-nails-tacks-staples-other-than-those-of,1.44,,1.44,L
Tunisia,TUN,76169100-cloth-grill-netting-and-fencing-of-alumi,1.44,,1.44,L
Tunisia,TUN,76169910-cast,0.76,,0.76,L
Tunisia,TUN,76169990-other,1.44,,1.44,L
Tunisia,TUN,28041000-hydrogen,10.82,,10.82,
Türkiye,TUR,2507008080-calcined-clay,,,,
Türkiye,TUR,2523100010-white-clinker,,,,
Türkiye,TUR,2523100090-other-clinker-including-grey-clinker,,,,
Türkiye,TUR,25232100-white-portland-cement,,,,
Türkiye,TUR,25232900-grey-portland-cement,,,,
Türkiye,TUR,25233000-aluminous-cement,1.82,0.14,1.95,
Türkiye,TUR,2523900010-white-hydraulic-cement,,,,
Türkiye,TUR,2523900090-other-hydraulic-cements-including-grey-h,,,,
Türkiye,TUR,28080000-nitric-acid-sulphonitric-acids,2.68,0.03,2.72,
Türkiye,TUR,28141000-anhydrous-ammonia,2.17,0.1,2.27,
Türkiye,TUR,28142000-ammonia-in-aqueous-solution,0.65,0.03,0.68,
Türkiye,TUR,28342100-nitrate-of-potassium,2.17,0.05,2.22,
Türkiye,TUR,3102-mineral-or-chemical-fertilizers-nitrogen,,,,
Türkiye,TUR,31021012-urea-in-aqueous-solution-containing-45-n,0.48,0.02,0.5,
Türkiye,TUR,31021015-urea-in-aqueous-solution-containing-45-n,0.79,0.02,0.82,
Türkiye,TUR,31021019-urea-whether-or-not-in-aqueous-solution,1.44,0.08,1.51,
Türkiye,TUR,31021090-urea-whether-or-not-in-aqueous-solution,1.4,0.08,1.48,
Türkiye,TUR,31022100-ammonium-sulphate-excl-that-in-tablets-o,0.63,0.06,0.68,
Türkiye,TUR,31022900-double-salts-and-mixtures-of-ammonium-su,1.4,0.06,1.46,
Türkiye,TUR,31023010-ammonium-nitrate-in-aqueous-solution-exc,1.64,0.05,1.69,
Türkiye,TUR,31023090-ammonium-nitrate-excl-that-in-aqueous-so,2.53,0.07,2.6,
Türkiye,TUR,31024010-mixtures-of-ammonium-nitrate-with-calciu,2.16,0.07,2.23,
Türkiye,TUR,31024090-mixtures-of-ammonium-nitrate-with-calciu,2.16,0.07,2.23,
Türkiye,TUR,31025000-sodium-nitrate-excl-that-in-tablets-or-s,4.19,0.05,4.24,
Türkiye,TUR,31026000-double-salts-and-mixtures-of-calcium-nit,2.12,0.06,2.18,
Türkiye,TUR,31028000-mixtures-of-urea-and-ammonium-nitrate-in,1.58,0.06,1.64,
Türkiye,TUR,31029000-mineral-or-chemical-nitrogen-fertilisers,1.62,0.07,1.69,
Türkiye,TUR,3105-mineral-or-chemical-fertilisers-containi,,,,
Türkiye,TUR,31051000-mineral-or-chemical-fertilisers-of-anima,0.8,0.06,0.86,
Türkiye,TUR,31052010-mineral-or-chemical-fertilisers-containi,1.06,0.06,1.12,
Türkiye,TUR,31052090-mineral-or-chemical-fertilisers-containi,0.72,0.05,0.77,
Türkiye,TUR,31053000-diammonium-hydrogenorthophosphate-diammo,0.51,0.04,0.55,
Türkiye,TUR,31054000-ammonium-dihydrogenorthophosphate-monoam,0.32,0.03,0.36,
Türkiye,TUR,31055100-other-mineral-or-chemical-fertilisers-co,1.46,0.08,1.54,
Türkiye,TUR,31055900-other-mineral-or-chemical-fertilisers-co,0.58,0.08,0.66,
Türkiye,TUR,31059020-mineral-or-chemical-fertilisers-containi,1.43,0.05,1.48,
Türkiye,TUR,31059080-mineral-or-chemical-fertilisers-containi,0.73,0.04,0.76,
Türkiye,TUR,7601-unwrought-aluminium,1.7,,1.7,K
Türkiye,TUR,7603-aluminium-powders-and-flakes,3.369,,3.369,K
Türkiye,TUR,76041010-bars-and-rods,3.741,,3.741,K
Türkiye,TUR,76041090-profiles,3.741,,3.741,K
Türkiye,TUR,76042100-hollow-profiles,3.741,,3.741,K
Türkiye,TUR,76042910-bars-and-rods,3.741,,3.741,K
Türkiye,TUR,76042990-profiles,3.741,,3.741,K
Türkiye,TUR,7605-aluminium-wire,3.424,,3.424,K
Türkiye,TUR,7606-aluminium-plates-sheets-and-strip-of-a-t,2.714,,2.714,K
Türkiye,TUR,7607-aluminium-foil-whether-or-not-printed-or,3.071,,3.071,K
Türkiye,TUR,7608-aluminium-tubes-and-pipes,2.754,,2.754,K
Türkiye,TUR,76090000-aluminium-tube-or-pipe-fittings-for-exam,3.775,,3.775,K
Türkiye,TUR,76101000-doors-windows-and-their-frames-and-thres,2.674,,2.674,K
Türkiye,TUR,761090-other,2.674,,2.674,K
Türkiye,TUR,76109010-bridges-and-bridge-sections-towers-and-l,2.674,,2.674,K
Türkiye,TUR,76109090-other,2.674,,2.674,K
Türkiye,TUR,76110000-aluminium-reservoirs-tanks-vats-and-simi,4.52,,4.52,K
Türkiye,TUR,7612-aluminium-casks-drums-cans-boxes-and-sim,4.52,,4.52,K
Türkiye,TUR,76130000-aluminium-containers-for-compressed-or-l,4.52,,4.52,K
Türkiye,TUR,7614-stranded-wire-cables-plaited-bands-and-t,3.741,,3.741,K
Türkiye,TUR,76161000-nails-tacks-staples-other-than-those-of,3.06,,3.06,K
Türkiye,TUR,76169100-cloth-grill-netting-and-fencing-of-alumi,3.06,,3.06,K
Türkiye,TUR,76169910-cast,3.06,,3.06,K
Türkiye,TUR,76169990-other,3.06,,3.06,K
Türkiye,TUR,28041000-hydrogen,10.82,,10.82,
Türkiye,TUR,26011200-agglomerated-iron-ores-and-concentrates,0.18,0.03,0.21,
Türkiye,TUR,7201-pig-iron-and-spiegeleisen-in-pigs-blocks,1.85,,1.85,
Türkiye,TUR,720211-ferro-manganese-containing-by-weight-2-o,1.69,,1.69,
Türkiye,TUR,720219-ferro-manganese-containing-by-weight-2-c,,,,
Türkiye,TUR,720241-ferro-chromium-containing-by-weight-4-of,2.35,,2.35,
Türkiye,TUR,720249-ferro-chromium-containing-by-weight-4-of,,,,
Türkiye,TUR,72026000-ferro-nickel,3.48,,3.48,
Türkiye,TUR,7203-ferrous-products-obtained-by-direct-redu,,,,
Türkiye,TUR,7205-granules-and-powders-of-pig-iron-spiegel,1.89,,1.89,C/F
Türkiye,TUR,7206-iron-and-non-alloy-steel-in-ingots-or-ot,,,,
Türkiye,TUR,72061000-ingots-of-iron-and-non-alloy-steel-excl,1.96,,1.96,C
Türkiye,TUR,72069000-iron-and-non-alloy-steel-in-puddled-bars,1.96,,1.96,C
Türkiye,TUR,7207-semi-finished-products-of-iron-or-non-al,,,,
Türkiye,TUR,72071111-semi-finished-products-of-non-alloy-free,2.31,,2.31,C
Türkiye,TUR,72071114-semi-finished-products-of-iron-or-non-al,2.31,,2.31,C
Türkiye,TUR,72071116-semi-finished-products-of-iron-or-non-al,2.31,,2.31,C
Türkiye,TUR,72071190-semi-finished-products-of-iron-or-non-al,3.087,,3.087,C
Türkiye,TUR,72071210-semi-finished-products-of-iron-or-non-al,2.31,,2.31,C
Türkiye,TUR,72071290-semi-finished-products-of-iron-or-non-al,3.087,,3.087,C
Türkiye,TUR,72071912-semi-finished-products-of-iron-or-non-al,2.31,,2.31,C
Türkiye,TUR,72071919-semi-finished-products-of-iron-or-non-al,3.087,,3.087,C
Türkiye,TUR,72071980-semi-finished-products-of-iron-or-non-al,2.31,,2.31,C
Türkiye,TUR,72072011-semi-finished-products-of-non-alloy-free,2.31,,2.31,C
Türkiye,TUR,72072015-semi-finished-products-of-iron-or-non-al,2.31,,2.31,C
Türkiye,TUR,72072017-semi-finished-products-of-iron-or-non-al,2.31,,2.31,C
Türkiye,TUR,72072019-semi-finished-products-of-iron-or-non-al,3.087,,3.087,C
Türkiye,TUR,72072032-semi-finished-products-of-iron-or-non-al,2.31,,2.31,C
Türkiye,TUR,72072039-semi-finished-products-of-iron-or-non-al,3.087,,3.087,C
Türkiye,TUR,72072052-semi-finished-products-of-iron-or-non-al,2.31,,2.31,C
Türkiye,TUR,72072059-semi-finished-products-of-iron-or-non-al,3.087,,3.087,C
Türkiye,TUR,72072080-semi-finished-products-of-iron-or-non-al,2.31,,2.31,C
Türkiye,TUR,7208-flat-rolled-products-of-iron-or-non-allo,2.428,,2.428,C
Türkiye,TUR,7209-flat-rolled-products-of-iron-or-non-allo,2.51,,2.51,C
Türkiye,TUR,7210-flat-rolled-products-of-iron-or-non-allo,2.51,,2.51,C
Türkiye,TUR,7211-flat-rolled-products-of-iron-or-non-allo,,,,
Türkiye,TUR,72111300-flat-rolled-products-of-iron-or-non-allo,2.428,,2.428,C
Türkiye,TUR,72111400-flat-rolled-products-of-iron-or-non-allo,2.428,,2.428,C
Türkiye,TUR,72111900-flat-rolled-products-of-iron-or-non-allo,2.428,,2.428,C
Türkiye,TUR,721123-flat-rolled-products-of-iron-or-non-allo,2.51,,2.51,C
Türkiye,TUR,72112900-flat-rolled-products-of-iron-or-non-allo,2.51,,2.51,C
Türkiye,TUR,721190-flat-rolled-products-of-iron-or-non-allo,2.51,,2.51,C
Türkiye,TUR,7212-flat-rolled-products-of-iron-or-non-allo,2.51,,2.51,C
Türkiye,TUR,7213-bars-and-rods-of-iron-or-non-alloy-steel,2.31,,2.31,C
Türkiye,TUR,7214-bars-and-rods-of-iron-or-non-alloy-steel,,,,
Türkiye,TUR,72141000-bars-and-rods-of-iron-or-non-alloy-steel,3.087,,3.087,C
Türkiye,TUR,72142000-bars-and-rods-of-iron-or-non-alloy-steel,2.31,,2.31,C
Türkiye,TUR,72143000-bars-and-rods-of-non-alloy-free-cutting,2.31,,2.31,C
Türkiye,TUR,721491-bars-and-rods-of-iron-or-non-alloy-steel,2.31,,2.31,C
Türkiye,TUR,721499-bars-and-rods-of-iron-or-non-alloy-steel,2.31,,2.31,C
Türkiye,TUR,7215-bars-and-rods-of-iron-or-non-alloy-steel,2.31,,2.31,C
Türkiye,TUR,7216-angles-shapes-and-sections-of-iron-or-no,2.31,,2.31,C
Türkiye,TUR,7217-wire-of-iron-or-non-alloy-steel-in-coils,,,,
Türkiye,TUR,721710-wire-of-iron-or-non-alloy-steel-in-coils,2.31,,2.31,C
Türkiye,TUR,721720-wire-of-iron-or-non-alloy-steel-in-coils,2.31,,2.31,C
Türkiye,TUR,721730-wire-of-iron-or-non-alloy-steel-in-coils,2.31,,2.31,C
Türkiye,TUR,721790-wire-of-iron-or-non-alloy-steel-in-coils,2.31,,2.31,C
Türkiye,TUR,7218-stainless-steel-in-ingots-or-other-prima,,,,
Türkiye,TUR,72181000-steel-stainless-in-ingots-and-other-prim,5.97,,5.97,
Türkiye,TUR,721891-semi-finished-products-of-stainless-stee,5.47,,5.47,
Türkiye,TUR,72189911-semi-finished-products-of-stainless-stee,5.47,,5.47,
Türkiye,TUR,72189919-semi-finished-products-of-stainless-stee,5.97,,5.97,
Türkiye,TUR,72189920-semi-finished-products-of-stainless-stee,5.47,,5.47,
Türkiye,TUR,72189980-semi-finished-products-of-stainless-stee,5.97,,5.97,
Türkiye,TUR,7219-flat-rolled-products-of-stainless-steel,,,,
Türkiye,TUR,72191100-flat-rolled-products-of-stainless-steel,5.47,,5.47,
Türkiye,TUR,721912-flat-rolled-products-of-stainless-steel,5.47,,5.47,
Türkiye,TUR,721913-flat-rolled-products-of-stainless-steel,5.47,,5.47,
Türkiye,TUR,721914-flat-rolled-products-of-stainless-steel,5.47,,5.47,
Türkiye,TUR,721921-flat-rolled-products-of-stainless-steel,5.47,,5.47,
Türkiye,TUR,721922-flat-rolled-products-of-stainless-steel,5.47,,5.47,
Türkiye,TUR,72192300-flat-rolled-products-of-stainless-steel,5.47,,5.47,
Türkiye,TUR,72192400-flat-rolled-products-of-stainless-steel,5.47,,5.47,
Türkiye,TUR,72193100-flat-rolled-products-of-stainless-steel,5.54,,5.54,
Türkiye,TUR,721932-flat-rolled-products-of-stainless-steel,5.54,,5.54,
Türkiye,TUR,721933-flat-rolled-products-of-stainless-steel,5.54,,5.54,
Türkiye,TUR,721934-flat-rolled-products-of-stainless-steel,5.54,,5.54,
Türkiye,TUR,721935-flat-rolled-products-of-stainless-steel,5.54,,5.54,
Türkiye,TUR,721990-flat-rolled-products-of-stainless-steel,5.54,,5.54,
Türkiye,TUR,7220-flat-rolled-products-of-stainless-steel,,,,
Türkiye,TUR,72201100-flat-rolled-products-of-stainless-steel,5.47,,5.47,
Türkiye,TUR,72201200-flat-rolled-products-of-stainless-steel,5.47,,5.47,
Türkiye,TUR,722020-flat-rolled-products-of-stainless-steel,5.54,,5.54,
Türkiye,TUR,722090-flat-rolled-products-of-stainless-steel,5.54,,5.54,
Türkiye,TUR,7221-bars-and-rods-of-stainless-steel-hot-rol,5.31,,5.31,
Türkiye,TUR,7222-other-bars-and-rods-of-stainless-steel-a,,,,
Türkiye,TUR,722211-bars-and-rods-of-stainless-steel-only-ho,5.31,,5.31,
Türkiye,TUR,722219-bars-and-rods-of-stainless-steel-only-ho,5.31,,5.31,
Türkiye,TUR,722220-other-bars-and-rods-of-stainless-steel-n,5.31,,5.31,
Türkiye,TUR,722230-other-bars-and-rods-of-stainless-steel-c,5.97,,5.97,
Türkiye,TUR,722240-angles-shapes-and-sections-of-stainless,5.31,,5.31,
Türkiye,TUR,7223-wire-of-stainless-steel-in-coils-excl-ba,,,,
Türkiye,TUR,722300-wire-of-stainless-steel-in-coils-excl-ba,5.31,,5.31,
Türkiye,TUR,7224-steel-alloy-other-than-stainless-in-ingo,,,,
Türkiye,TUR,722410-steel-alloy-other-than-stainless-in-ingo,6.95,,6.95,F
Türkiye,TUR,72249002-semi-finished-products-of-tool-steel,6.45,,6.45,F
Türkiye,TUR,72249003-semi-finished-products-of-high-speed-ste,6.45,,6.45,F
Türkiye,TUR,72249005-semi-finished-products-of-steel-containi,6.45,,6.45,F
Türkiye,TUR,72249007-semi-finished-products-of-alloy-steel-ot,6.45,,6.45,F
Türkiye,TUR,72249014-semi-finished-products-of-alloy-steel-ot,6.45,,6.45,F
Türkiye,TUR,72249018-semi-finished-products-of-alloy-steel-ot,6.95,,6.95,F
Türkiye,TUR,72249031-semi-finished-products-of-steel-containi,6.45,,6.45,F
Türkiye,TUR,72249038-semi-finished-products-of-alloy-steel-ot,6.45,,6.45,F
Türkiye,TUR,72249090-semi-finished-products-of-alloy-steel-ot,6.95,,6.95,F
Türkiye,TUR,7225-flat-rolled-products-of-alloy-steel-othe,,,,
Türkiye,TUR,72251100-flat-rolled-products-of-silicon-electric,8.5,,8.5,C
Türkiye,TUR,72251910-flat-rolled-products-of-silicon-electric,6.45,,6.45,C
Türkiye,TUR,72251990-flat-rolled-products-of-silicon-electric,6.52,,6.52,C
Türkiye,TUR,722530-flat-rolled-products-of-alloy-steel-othe,6.45,,6.45,F
Türkiye,TUR,722540-flat-rolled-products-of-alloy-steel-othe,6.45,,6.45,F
Türkiye,TUR,722550-flat-rolled-products-of-alloy-steel-othe,6.52,,6.52,F
Türkiye,TUR,72259100-flat-rolled-products-of-alloy-steel-othe,6.52,,6.52,F
Türkiye,TUR,72259200-flat-rolled-products-of-alloy-steel-othe,6.52,,6.52,F
Türkiye,TUR,72259900-flat-rolled-products-of-alloy-steel-othe,6.52,,6.52,F
Türkiye,TUR,7226-flat-rolled-products-of-alloy-steel-othe,,,,
Türkiye,TUR,72261100-flat-rolled-products-of-silicon-electric,8.5,,8.5,C
Türkiye,TUR,72261910-flat-rolled-products-of-silicon-electric,6.45,,6.45,C
Türkiye,TUR,72261980-flat-rolled-products-of-silicon-electric,6.52,,6.52,C
Türkiye,TUR,72262000-flat-rolled-products-of-high-speed-steel,6.45,,6.45,F
Türkiye,TUR,722691-flat-rolled-products-of-alloy-steel-othe,6.45,,6.45,F
Türkiye,TUR,72269200-flat-rolled-products-of-alloy-steel-othe,6.52,,6.52,F
Türkiye,TUR,722699-flat-rolled-products-of-alloy-steel-othe,6.52,,6.52,F
Türkiye,TUR,7227-bars-and-rods-of-alloy-steel-other-than,6.29,,6.29,C/F
Türkiye,TUR,7228-other-bars-and-rods-of-alloy-steel-other,,,,
Türkiye,TUR,72281020-bars-and-rods-of-high-speed-steel-not-fu,6.29,,6.29,F
Türkiye,TUR,72281050-bars-and-rods-of-high-speed-steel-forged,6.95,,6.95,F
Türkiye,TUR,72281090-bars-and-rods-of-high-speed-steel-not-fu,6.29,,6.29,F
Türkiye,TUR,722820-bars-and-rods-of-silico-manganese-steel,6.29,,6.29,F
Türkiye,TUR,722830-bars-and-rods-of-alloy-steel-other-than,6.29,,6.29,C/F
Türkiye,TUR,722840-bars-and-rods-of-alloy-steel-other-than,6.95,,6.95,F
Türkiye,TUR,722850-bars-and-rods-of-alloy-steel-other-than,6.29,,6.29,C/F
Türkiye,TUR,722860-bars-and-rods-of-alloy-steel-other-than,6.29,,6.29,F
Türkiye,TUR,722870-angles-shapes-and-sections-of-alloy-stee,6.29,,6.29,F
Türkiye,TUR,72288000-hollow-drill-bars-and-rods-of-alloy-or-n,6.29,,6.29,F
Türkiye,TUR,7229-wire-of-alloy-steel-other-than-stainless,6.29,,6.29,C/F
Türkiye,TUR,7301-sheet-piling-of-iron-or-steel-whether-or,2.51,,2.51,C
Türkiye,TUR,7302-railway-or-tramway-track-construction-ma,5.36,,5.36,C
Türkiye,TUR,7303-tubes-pipes-and-hollow-profiles-of-cast,,,,
Türkiye,TUR,730300-tubes-pipes-and-hollow-profiles-of-cast,2.48,,2.48,
Türkiye,TUR,7304-tubes-pipes-and-hollow-profiles-seamless,,,,
Türkiye,TUR,73041100-line-pipe-of-a-kind-used-for-oil-or-gas,5.69,,5.69,
Türkiye,TUR,730419-line-pipe-of-a-kind-used-for-oil-or-gas,2.34,,2.34,C
Türkiye,TUR,73042200-drill-pipe-seamless-of-stainless-steel-o,5.69,,5.69,
Türkiye,TUR,73042300-drill-pipe-seamless-of-a-kind-used-in-dr,2.34,,2.34,C
Türkiye,TUR,73042400-casing-and-tubing-seamless-of-a-kind-use,5.69,,5.69,
Türkiye,TUR,730429-casing-and-tubing-seamless-of-iron-or-st,2.34,,2.34,C
Türkiye,TUR,730431-tubes-pipes-and-hollow-profiles-seamless,2.34,,2.34,C
Türkiye,TUR,730439-tubes-pipes-and-hollow-profiles-seamless,2.34,,2.34,C
Türkiye,TUR,73044100-tubes-pipes-and-hollow-profiles-seamless,5.69,,5.69,
Türkiye,TUR,730449-tubes-pipes-and-hollow-profiles-seamless,5.69,,5.69,
Türkiye,TUR,730451-tubes-pipes-and-hollow-profiles-seamless,2.36,,2.36,F
Türkiye,TUR,730459-tubes-pipes-and-hollow-profiles-seamless,2.36,,2.36,C/F
Türkiye,TUR,73049000-tubes-pipes-and-hollow-profiles-seamless,2.34,,2.34,C
Türkiye,TUR,7305-tubes-and-pipes-having-circular-cross-se,2.182,,2.182,C
Türkiye,TUR,7306-tubes-pipes-and-hollow-profiles-e-g-open,,,,
Türkiye,TUR,73061100-line-pipe-of-a-kind-used-for-oil-or-gas,5.92,,5.92,
Türkiye,TUR,73061900-line-pipe-of-a-kind-used-for-oil-or-gas,2.244,,2.244,C
Türkiye,TUR,73062100-casing-and-tubing-of-a-kind-used-in-dril,5.92,,5.92,
Türkiye,TUR,73062900-casing-and-tubing-of-a-kind-used-in-dril,2.244,,2.244,C
Türkiye,TUR,73063012-precision-tubes-welded-of-circular-cross,2.244,,2.244,C
Türkiye,TUR,73063018-precision-tubes-welded-of-circular-cross,2.244,,2.244,C
Türkiye,TUR,73063041-threaded-or-threadable-tubes-gas-pipe-we,2.244,,2.244,C
Türkiye,TUR,73063049-threaded-or-threadable-tubes-gas-pipe-we,2.244,,2.244,C
Türkiye,TUR,73063072-other-tubes-pipes-and-hollow-profiles-we,2.244,,2.244,C
Türkiye,TUR,73063077-other-tubes-pipes-and-hollow-profiles-we,2.244,,2.244,C
Türkiye,TUR,73063080-tubes-pipes-and-hollow-profiles-welded-h,2.244,,2.244,C
Türkiye,TUR,73064020-tubes-pipes-and-hollow-profiles-welded-o,5.92,,5.92,
Türkiye,TUR,73064080-tubes-pipes-and-hollow-profiles-welded-o,5.85,,5.85,
Türkiye,TUR,73065021-precision-steel-tubes-welded-of-circular,2.244,,2.244,F
Türkiye,TUR,73065029-precision-steel-tubes-welded-of-circular,2.244,,2.244,F
Türkiye,TUR,73065080-tubes-pipes-and-hollow-profiles-welded-o,2.244,,2.244,F
Türkiye,TUR,73066110-tubes-and-pipes-and-hollow-profiles-weld,5.92,,5.92,
Türkiye,TUR,73066192-tubes-and-pipes-and-hollow-profiles-weld,2.244,,2.244,C
Türkiye,TUR,73066199-tubes-and-pipes-and-hollow-profiles-weld,2.244,,2.244,C
Türkiye,TUR,73066910-tubes-pipes-and-hollow-profiles-welded-o,5.92,,5.92,
Türkiye,TUR,73066990-tubes-pipes-and-hollow-profiles-welded-o,2.244,,2.244,C
Türkiye,TUR,73069000-tubes-pipes-and-hollow-profiles-e-g-open,2.244,,2.244,C
Türkiye,TUR,7307-tube-or-pipe-fittings-e-g-couplings-elbo,,,,
Türkiye,TUR,730711-tube-or-pipe-fittings-of-non-malleable-c,3.151,,3.151,
Türkiye,TUR,73071910-tube-or-pipe-fittings-of-cast-iron-excl,3.151,,3.151,
Türkiye,TUR,73071990-cast-tube-or-pipe-fittings-of-steel,3.151,,3.151,C
Türkiye,TUR,73072100-flanges-of-stainless-steel-excl-cast-pro,3.71,,3.71,
Türkiye,TUR,730722-threaded-elbows-bends-and-sleeves-of-sta,3.71,,3.71,
Türkiye,TUR,730723-butt-welding-tube-or-pipe-fittings-of-st,3.71,,3.71,
Türkiye,TUR,730729-tube-or-pipe-fittings-of-stainless-steel,3.71,,3.71,
Türkiye,TUR,73079100-flanges-of-iron-or-steel-excl-cast-or-st,3.151,,3.151,C
Türkiye,TUR,730792-threaded-elbows-bends-and-sleeves-of-sta,3.151,,3.151,C
Türkiye,TUR,730793-butt-welding-fittings-of-iron-or-steel-e,3.151,,3.151,C
Türkiye,TUR,730799-tube-or-pipe-fittings-of-iron-or-steel-e,3.151,,3.151,C
Türkiye,TUR,7308-structures-and-parts-of-structures-e-g-b,5.52,,5.52,C
Türkiye,TUR,7309-reservoirs-tanks-vats-and-similar-contai,5.6,,5.6,C
Türkiye,TUR,7310-tanks-casks-drums-cans-boxes-and-similar,3.03,,3.03,C
Türkiye,TUR,7311-containers-of-iron-or-steel-for-compress,,,,
Türkiye,TUR,731100-containers-of-iron-or-steel-for-compress,5.43,,5.43,C
Türkiye,TUR,7318-screws-bolts-nuts-coach-screws-screw-hoo,,,,
Türkiye,TUR,73181100-coach-screws-of-iron-or-steel,2.832,,2.832,C
Türkiye,TUR,73181210-wood-screws-of-stainless-steel-excl-coac,5.69,,5.69,
Türkiye,TUR,73181290-wood-screws-of-iron-or-steel-other-than,2.832,,2.832,C
Türkiye,TUR,73181300-screw-hooks-and-screw-rings-of-iron-or-s,2.832,,2.832,C
Türkiye,TUR,73181410-self-tapping-screws-of-stainless-steel-e,5.69,,5.69,
Türkiye,TUR,73181491-spaced-thread-screws-of-iron-or-steel-ot,2.832,,2.832,C
Türkiye,TUR,73181499-self-tapping-screws-of-iron-or-steel-oth,2.832,,2.832,C
Türkiye,TUR,731815-threaded-screws-and-bolts-of-iron-or-ste,5.43,,5.43,C
Türkiye,TUR,731816-nuts-of-iron-or-steel,3.79,,3.79,C
Türkiye,TUR,73181900-threaded-articles-of-iron-or-steel-n-e-s,2.832,,2.832,C
Türkiye,TUR,73182100-spring-washers-and-other-lock-washers-of,2.832,,2.832,C
Türkiye,TUR,73182200-washers-of-iron-or-steel-excl-spring-was,3.43,,3.43,C
Türkiye,TUR,73182300-rivets-of-iron-or-steel-excl-tubular-and,2.832,,2.832,C
Türkiye,TUR,73182400-cotters-and-cotter-pins-of-iron-or-steel,2.832,,2.832,C
Türkiye,TUR,73182900-non-threaded-articles-of-iron-or-steel,2.832,,2.832,C
Türkiye,TUR,7326-articles-of-iron-or-steel-n-e-s-excl-cas,,,,
Türkiye,TUR,73261100-grinding-balls-and-similar-articles-for,3.0,,3.0,C
Türkiye,TUR,732619-articles-of-iron-or-steel-forged-or-stam,3.0,,3.0,C
Türkiye,TUR,73262000-articles-of-iron-or-steel-wire-n-e-s,2.583,,2.583,C
Türkiye,TUR,73269030-ladders-and-steps-of-iron-or-steel,2.583,,2.583,C
Türkiye,TUR,73269040-pallets-and-similar-platforms-for-handli,2.583,,2.583,C
Türkiye,TUR,73269050-reels-for-cables-piping-and-the-like-of,2.583,,2.583,C
Türkiye,TUR,73269060-ventilators-non-mechanical-guttering-hoo,2.583,,2.583,C
Türkiye,TUR,73269092-articles-of-iron-or-steel-open-die-forge,3.0,,3.0,C
Türkiye,TUR,73269094-articles-of-iron-or-steel-closed-die-for,3.0,,3.0,C
Türkiye,TUR,73269096-sintered-articles-of-iron-or-steel-n-e-s,3.0,,3.0,C
Türkiye,TUR,73269098-articles-of-iron-or-steel-n-e-s,2.583,,2.583,C
Turkmenistan,TKM,2507008080-calcined-clay,,,,
Turkmenistan,TKM,2523100010-white-clinker,,,,
Turkmenistan,TKM,2523100090-other-clinker-including-grey-clinker,1.36,0.05,1.4,A
Turkmenistan,TKM,25232100-white-portland-cement,,,,
Turkmenistan,TKM,25232900-grey-portland-cement,1.36,0.09,1.44,
Turkmenistan,TKM,25233000-aluminous-cement,,,,
Turkmenistan,TKM,2523900010-white-hydraulic-cement,,,,
Turkmenistan,TKM,2523900090-other-hydraulic-cements-including-grey-h,1.29,0.09,1.38,A
Turkmenistan,TKM,28080000-nitric-acid-sulphonitric-acids,2.69,0.07,2.76,
Turkmenistan,TKM,28141000-anhydrous-ammonia,2.16,0.21,2.37,
Turkmenistan,TKM,28142000-ammonia-in-aqueous-solution,0.65,0.06,0.71,
Turkmenistan,TKM,28342100-nitrate-of-potassium,2.17,0.1,2.27,
Turkmenistan,TKM,3102-mineral-or-chemical-fertilizers-nitrogen,,,,
Turkmenistan,TKM,31021012-urea-in-aqueous-solution-containing-45-n,0.47,0.05,0.52,
Turkmenistan,TKM,31021015-urea-in-aqueous-solution-containing-45-n,0.77,0.05,0.83,
Turkmenistan,TKM,31021019-urea-whether-or-not-in-aqueous-solution,1.41,0.16,1.57,
Turkmenistan,TKM,31021090-urea-whether-or-not-in-aqueous-solution,1.38,0.16,1.53,
Turkmenistan,TKM,31022100-ammonium-sulphate-excl-that-in-tablets-o,0.62,0.12,0.74,
Turkmenistan,TKM,31022900-double-salts-and-mixtures-of-ammonium-su,1.39,0.13,1.52,
Turkmenistan,TKM,31023010-ammonium-nitrate-in-aqueous-solution-exc,1.64,0.1,1.75,
Turkmenistan,TKM,31023090-ammonium-nitrate-excl-that-in-aqueous-so,2.53,0.16,2.69,
Turkmenistan,TKM,31024010-mixtures-of-ammonium-nitrate-with-calciu,2.15,0.14,2.3,
Turkmenistan,TKM,31024090-mixtures-of-ammonium-nitrate-with-calciu,2.15,0.14,2.3,
Turkmenistan,TKM,31025000-sodium-nitrate-excl-that-in-tablets-or-s,4.2,0.1,4.31,
Turkmenistan,TKM,31026000-double-salts-and-mixtures-of-calcium-nit,2.12,0.14,2.26,
Turkmenistan,TKM,31028000-mixtures-of-urea-and-ammonium-nitrate-in,1.58,0.12,1.7,
Turkmenistan,TKM,31029000-mineral-or-chemical-nitrogen-fertilisers,1.6,0.15,1.75,
Turkmenistan,TKM,3105-mineral-or-chemical-fertilisers-containi,,,,
Turkmenistan,TKM,31051000-mineral-or-chemical-fertilisers-of-anima,0.8,0.12,0.92,
Turkmenistan,TKM,31052010-mineral-or-chemical-fertilisers-containi,1.05,0.14,1.2,
Turkmenistan,TKM,31052090-mineral-or-chemical-fertilisers-containi,0.71,0.11,0.82,
Turkmenistan,TKM,31053000-diammonium-hydrogenorthophosphate-diammo,0.5,0.09,0.59,
Turkmenistan,TKM,31054000-ammonium-dihydrogenorthophosphate-monoam,0.32,0.07,0.39,
Turkmenistan,TKM,31055100-other-mineral-or-chemical-fertilisers-co,1.45,0.18,1.63,
Turkmenistan,TKM,31055900-other-mineral-or-chemical-fertilisers-co,0.57,0.13,0.71,
Turkmenistan,TKM,31059020-mineral-or-chemical-fertilisers-containi,1.43,0.11,1.54,
Turkmenistan,TKM,31059080-mineral-or-chemical-fertilisers-containi,0.73,0.08,0.81,
Turkmenistan,TKM,28041000-hydrogen,10.82,,10.82,
Uganda,UGA,2507008080-calcined-clay,,,,
Uganda,UGA,2523100010-white-clinker,,,,
Uganda,UGA,2523100090-other-clinker-including-grey-clinker,0.95,0.01,0.95,A
Uganda,UGA,25232100-white-portland-cement,,,,
Uganda,UGA,25232900-grey-portland-cement,0.99,0.02,1.01,
Uganda,UGA,25233000-aluminous-cement,,,,
Uganda,UGA,2523900010-white-hydraulic-cement,,,,
Uganda,UGA,2523900090-other-hydraulic-cements-including-grey-h,0.94,0.03,0.97,A
Uganda,UGA,7601-unwrought-aluminium,0.36,,0.36,L
Uganda,UGA,7603-aluminium-powders-and-flakes,0.51,,0.51,L
Uganda,UGA,76041010-bars-and-rods,0.73,,0.73,L
Uganda,UGA,76041090-profiles,0.75,,0.75,L
Uganda,UGA,76042100-hollow-profiles,0.75,,0.75,L
Uganda,UGA,76042910-bars-and-rods,0.73,,0.73,L
Uganda,UGA,76042990-profiles,0.75,,0.75,L
Uganda,UGA,7605-aluminium-wire,0.73,,0.73,L
Uganda,UGA,7606-aluminium-plates-sheets-and-strip-of-a-t,1.19,,1.19,L
Uganda,UGA,7607-aluminium-foil-whether-or-not-printed-or,1.19,,1.19,L
Uganda,UGA,7608-aluminium-tubes-and-pipes,0.75,,0.75,L
Uganda,UGA,76090000-aluminium-tube-or-pipe-fittings-for-exam,0.75,,0.75,L
Uganda,UGA,76101000-doors-windows-and-their-frames-and-thres,0.75,,0.75,L
Uganda,UGA,761090-other,0.75,,0.75,L
Uganda,UGA,76109010-bridges-and-bridge-sections-towers-and-l,0.75,,0.75,L
Uganda,UGA,76109090-other,0.75,,0.75,L
Uganda,UGA,76110000-aluminium-reservoirs-tanks-vats-and-simi,1.19,,1.19,L
Uganda,UGA,7612-aluminium-casks-drums-cans-boxes-and-sim,1.19,,1.19,L
Uganda,UGA,76130000-aluminium-containers-for-compressed-or-l,1.19,,1.19,L
Uganda,UGA,7614-stranded-wire-cables-plaited-bands-and-t,0.73,,0.73,L
Uganda,UGA,76161000-nails-tacks-staples-other-than-those-of,1.19,,1.19,L
Uganda,UGA,76169100-cloth-grill-netting-and-fencing-of-alumi,1.19,,1.19,L
Uganda,UGA,76169910-cast,0.51,,0.51,L
Uganda,UGA,76169990-other,1.19,,1.19,L
Ukraine,UKR,2507008080-calcined-clay,,,,
Ukraine,UKR,2523100010-white-clinker,,,,
Ukraine,UKR,2523100090-other-clinker-including-grey-clinker,1.34,0.03,1.37,A
Ukraine,UKR,25232100-white-portland-cement,,,,
Ukraine,UKR,25232900-grey-portland-cement,1.34,0.05,1.38,
Ukraine,UKR,25233000-aluminous-cement,,,,
Ukraine,UKR,2523900010-white-hydraulic-cement,,,,
Ukraine,UKR,2523900090-other-hydraulic-cements-including-grey-h,1.27,0.05,1.32,A
Ukraine,UKR,28080000-nitric-acid-sulphonitric-acids,2.7,0.03,2.73,
Ukraine,UKR,28141000-anhydrous-ammonia,2.16,0.09,2.25,
Ukraine,UKR,28142000-ammonia-in-aqueous-solution,0.65,0.03,0.68,
Ukraine,UKR,28342100-nitrate-of-potassium,2.18,0.04,2.22,
Ukraine,UKR,3102-mineral-or-chemical-fertilizers-nitrogen,,,,
Ukraine,UKR,31021012-urea-in-aqueous-solution-containing-45-n,0.46,0.02,0.48,
Ukraine,UKR,31021015-urea-in-aqueous-solution-containing-45-n,0.76,0.02,0.78,
Ukraine,UKR,31021019-urea-whether-or-not-in-aqueous-solution,1.38,0.07,1.45,
Ukraine,UKR,31021090-urea-whether-or-not-in-aqueous-solution,1.35,0.07,1.42,
Ukraine,UKR,31022100-ammonium-sulphate-excl-that-in-tablets-o,0.62,0.05,0.67,
Ukraine,UKR,31022900-double-salts-and-mixtures-of-ammonium-su,1.39,0.06,1.45,
Ukraine,UKR,31023010-ammonium-nitrate-in-aqueous-solution-exc,1.64,0.04,1.69,
Ukraine,UKR,31023090-ammonium-nitrate-excl-that-in-aqueous-so,2.53,0.07,2.6,
Ukraine,UKR,31024010-mixtures-of-ammonium-nitrate-with-calciu,2.15,0.06,2.22,
Ukraine,UKR,31024090-mixtures-of-ammonium-nitrate-with-calciu,2.15,0.06,2.22,
Ukraine,UKR,31025000-sodium-nitrate-excl-that-in-tablets-or-s,4.22,0.05,4.27,
Ukraine,UKR,31026000-double-salts-and-mixtures-of-calcium-nit,2.12,0.06,2.18,
Ukraine,UKR,31028000-mixtures-of-urea-and-ammonium-nitrate-in,1.57,0.06,1.63,
Ukraine,UKR,31029000-mineral-or-chemical-nitrogen-fertilisers,1.59,0.06,1.66,
Ukraine,UKR,3105-mineral-or-chemical-fertilisers-containi,,,,
Ukraine,UKR,31051000-mineral-or-chemical-fertilisers-of-anima,0.8,0.05,0.85,
Ukraine,UKR,31052010-mineral-or-chemical-fertilisers-containi,1.05,0.06,1.12,
Ukraine,UKR,31052090-mineral-or-chemical-fertilisers-containi,0.71,0.05,0.76,
Ukraine,UKR,31053000-diammonium-hydrogenorthophosphate-diammo,0.5,0.04,0.54,
Ukraine,UKR,31054000-ammonium-dihydrogenorthophosphate-monoam,0.32,0.03,0.35,
Ukraine,UKR,31055100-other-mineral-or-chemical-fertilisers-co,1.45,0.08,1.53,
Ukraine,UKR,31055900-other-mineral-or-chemical-fertilisers-co,0.57,0.08,0.64,
Ukraine,UKR,31059020-mineral-or-chemical-fertilisers-containi,1.43,0.05,1.48,
Ukraine,UKR,31059080-mineral-or-chemical-fertilisers-containi,0.73,0.03,0.76,
Ukraine,UKR,7601-unwrought-aluminium,0.36,,0.36,L
Ukraine,UKR,7603-aluminium-powders-and-flakes,0.49,,0.49,L
Ukraine,UKR,76041010-bars-and-rods,0.72,,0.72,L
Ukraine,UKR,76041090-profiles,0.73,,0.73,L
Ukraine,UKR,76042100-hollow-profiles,0.73,,0.73,L
Ukraine,UKR,76042910-bars-and-rods,0.72,,0.72,L
Ukraine,UKR,76042990-profiles,0.73,,0.73,L
Ukraine,UKR,7605-aluminium-wire,0.72,,0.72,L
Ukraine,UKR,7606-aluminium-plates-sheets-and-strip-of-a-t,1.18,,1.18,L
Ukraine,UKR,7607-aluminium-foil-whether-or-not-printed-or,1.18,,1.18,L
Ukraine,UKR,7608-aluminium-tubes-and-pipes,0.73,,0.73,L
Ukraine,UKR,76090000-aluminium-tube-or-pipe-fittings-for-exam,0.73,,0.73,L
Ukraine,UKR,76101000-doors-windows-and-their-frames-and-thres,0.73,,0.73,L
Ukraine,UKR,761090-other,0.73,,0.73,L
Ukraine,UKR,76109010-bridges-and-bridge-sections-towers-and-l,0.73,,0.73,L
Ukraine,UKR,76109090-other,0.73,,0.73,L
Ukraine,UKR,76110000-aluminium-reservoirs-tanks-vats-and-simi,1.18,,1.18,L
Ukraine,UKR,7612-aluminium-casks-drums-cans-boxes-and-sim,1.18,,1.18,L
Ukraine,UKR,76130000-aluminium-containers-for-compressed-or-l,1.18,,1.18,L
Ukraine,UKR,7614-stranded-wire-cables-plaited-bands-and-t,0.72,,0.72,L
Ukraine,UKR,76161000-nails-tacks-staples-other-than-those-of,1.18,,1.18,L
Ukraine,UKR,76169100-cloth-grill-netting-and-fencing-of-alumi,1.18,,1.18,L
Ukraine,UKR,76169910-cast,0.49,,0.49,L
Ukraine,UKR,76169990-other,1.18,,1.18,L
Ukraine,UKR,28041000-hydrogen,10.82,,10.82,
Ukraine,UKR,26011200-agglomerated-iron-ores-and-concentrates,0.08,0.05,0.12,
Ukraine,UKR,7201-pig-iron-and-spiegeleisen-in-pigs-blocks,2.173,,2.173,
Ukraine,UKR,720211-ferro-manganese-containing-by-weight-2-o,1.69,,1.69,
Ukraine,UKR,720219-ferro-manganese-containing-by-weight-2-c,,,,
Ukraine,UKR,720241-ferro-chromium-containing-by-weight-4-of,2.35,,2.35,
Ukraine,UKR,720249-ferro-chromium-containing-by-weight-4-of,,,,
Ukraine,UKR,72026000-ferro-nickel,3.48,,3.48,
Ukraine,UKR,7203-ferrous-products-obtained-by-direct-redu,,,,
Ukraine,UKR,7205-granules-and-powders-of-pig-iron-spiegel,1.91,,1.91,C/F
Ukraine,UKR,7206-iron-and-non-alloy-steel-in-ingots-or-ot,,,,
Ukraine,UKR,72061000-ingots-of-iron-and-non-alloy-steel-excl,1.97,,1.97,C
Ukraine,UKR,72069000-iron-and-non-alloy-steel-in-puddled-bars,1.97,,1.97,C
Ukraine,UKR,7207-semi-finished-products-of-iron-or-non-al,,,,
Ukraine,UKR,72071111-semi-finished-products-of-non-alloy-free,2.397,,2.397,C
Ukraine,UKR,72071114-semi-finished-products-of-iron-or-non-al,2.397,,2.397,C
Ukraine,UKR,72071116-semi-finished-products-of-iron-or-non-al,2.397,,2.397,C
Ukraine,UKR,72071190-semi-finished-products-of-iron-or-non-al,2.397,,2.397,C
Ukraine,UKR,72071210-semi-finished-products-of-iron-or-non-al,2.397,,2.397,C
Ukraine,UKR,72071290-semi-finished-products-of-iron-or-non-al,2.397,,2.397,C
Ukraine,UKR,72071912-semi-finished-products-of-iron-or-non-al,2.397,,2.397,C
Ukraine,UKR,72071919-semi-finished-products-of-iron-or-non-al,2.397,,2.397,C
Ukraine,UKR,72071980-semi-finished-products-of-iron-or-non-al,2.397,,2.397,C
Ukraine,UKR,72072011-semi-finished-products-of-non-alloy-free,2.397,,2.397,C
Ukraine,UKR,72072015-semi-finished-products-of-iron-or-non-al,2.397,,2.397,C
Ukraine,UKR,72072017-semi-finished-products-of-iron-or-non-al,2.397,,2.397,C
Ukraine,UKR,72072019-semi-finished-products-of-iron-or-non-al,2.397,,2.397,C
Ukraine,UKR,72072032-semi-finished-products-of-iron-or-non-al,2.397,,2.397,C
Ukraine,UKR,72072039-semi-finished-products-of-iron-or-non-al,2.397,,2.397,C
Ukraine,UKR,72072052-semi-finished-products-of-iron-or-non-al,2.397,,2.397,C
Ukraine,UKR,72072059-semi-finished-products-of-iron-or-non-al,2.397,,2.397,C
Ukraine,UKR,72072080-semi-finished-products-of-iron-or-non-al,2.397,,2.397,C
Ukraine,UKR,7208-flat-rolled-products-of-iron-or-non-allo,2.483,,2.483,C
Ukraine,UKR,7209-flat-rolled-products-of-iron-or-non-allo,2.544,,2.544,C
Ukraine,UKR,7210-flat-rolled-products-of-iron-or-non-allo,2.544,,2.544,C
Ukraine,UKR,7211-flat-rolled-products-of-iron-or-non-allo,,,,
Ukraine,UKR,72111300-flat-rolled-products-of-iron-or-non-allo,2.483,,2.483,C
Ukraine,UKR,72111400-flat-rolled-products-of-iron-or-non-allo,2.483,,2.483,C
Ukraine,UKR,72111900-flat-rolled-products-of-iron-or-non-allo,2.483,,2.483,C
Ukraine,UKR,721123-flat-rolled-products-of-iron-or-non-allo,2.544,,2.544,C
Ukraine,UKR,72112900-flat-rolled-products-of-iron-or-non-allo,2.544,,2.544,C
Ukraine,UKR,721190-flat-rolled-products-of-iron-or-non-allo,2.544,,2.544,C
Ukraine,UKR,7212-flat-rolled-products-of-iron-or-non-allo,2.544,,2.544,C
Ukraine,UKR,7213-bars-and-rods-of-iron-or-non-alloy-steel,2.397,,2.397,C
Ukraine,UKR,7214-bars-and-rods-of-iron-or-non-alloy-steel,,,,
Ukraine,UKR,72141000-bars-and-rods-of-iron-or-non-alloy-steel,2.397,,2.397,C
Ukraine,UKR,72142000-bars-and-rods-of-iron-or-non-alloy-steel,2.397,,2.397,C
Ukraine,UKR,72143000-bars-and-rods-of-non-alloy-free-cutting,2.397,,2.397,C
Ukraine,UKR,721491-bars-and-rods-of-iron-or-non-alloy-steel,2.397,,2.397,C
Ukraine,UKR,721499-bars-and-rods-of-iron-or-non-alloy-steel,2.397,,2.397,C
Ukraine,UKR,7215-bars-and-rods-of-iron-or-non-alloy-steel,2.397,,2.397,C
Ukraine,UKR,7216-angles-shapes-and-sections-of-iron-or-no,2.397,,2.397,C
Ukraine,UKR,7217-wire-of-iron-or-non-alloy-steel-in-coils,,,,
Ukraine,UKR,721710-wire-of-iron-or-non-alloy-steel-in-coils,2.397,,2.397,C
Ukraine,UKR,721720-wire-of-iron-or-non-alloy-steel-in-coils,2.397,,2.397,C
Ukraine,UKR,721730-wire-of-iron-or-non-alloy-steel-in-coils,2.397,,2.397,C
Ukraine,UKR,721790-wire-of-iron-or-non-alloy-steel-in-coils,2.397,,2.397,C
Ukraine,UKR,7218-stainless-steel-in-ingots-or-other-prima,,,,
Ukraine,UKR,72181000-steel-stainless-in-ingots-and-other-prim,3.11,,3.11,
Ukraine,UKR,721891-semi-finished-products-of-stainless-stee,3.23,,3.23,
Ukraine,UKR,72189911-semi-finished-products-of-stainless-stee,3.23,,3.23,
Ukraine,UKR,72189919-semi-finished-products-of-stainless-stee,3.11,,3.11,
Ukraine,UKR,72189920-semi-finished-products-of-stainless-stee,3.23,,3.23,
Ukraine,UKR,72189980-semi-finished-products-of-stainless-stee,3.11,,3.11,
Ukraine,UKR,7219-flat-rolled-products-of-stainless-steel,,,,
Ukraine,UKR,72191100-flat-rolled-products-of-stainless-steel,3.23,,3.23,
Ukraine,UKR,721912-flat-rolled-products-of-stainless-steel,3.23,,3.23,
Ukraine,UKR,721913-flat-rolled-products-of-stainless-steel,3.23,,3.23,
Ukraine,UKR,721914-flat-rolled-products-of-stainless-steel,3.23,,3.23,
Ukraine,UKR,721921-flat-rolled-products-of-stainless-steel,3.23,,3.23,
Ukraine,UKR,721922-flat-rolled-products-of-stainless-steel,3.23,,3.23,
Ukraine,UKR,72192300-flat-rolled-products-of-stainless-steel,3.23,,3.23,
Ukraine,UKR,72192400-flat-rolled-products-of-stainless-steel,3.23,,3.23,
Ukraine,UKR,72193100-flat-rolled-products-of-stainless-steel,3.28,,3.28,
Ukraine,UKR,721932-flat-rolled-products-of-stainless-steel,3.28,,3.28,
Ukraine,UKR,721933-flat-rolled-products-of-stainless-steel,3.28,,3.28,
Ukraine,UKR,721934-flat-rolled-products-of-stainless-steel,3.28,,3.28,
Ukraine,UKR,721935-flat-rolled-products-of-stainless-steel,3.28,,3.28,
Ukraine,UKR,721990-flat-rolled-products-of-stainless-steel,3.28,,3.28,
Ukraine,UKR,7220-flat-rolled-products-of-stainless-steel,,,,
Ukraine,UKR,72201100-flat-rolled-products-of-stainless-steel,3.23,,3.23,
Ukraine,UKR,72201200-flat-rolled-products-of-stainless-steel,3.23,,3.23,
Ukraine,UKR,722020-flat-rolled-products-of-stainless-steel,3.28,,3.28,
Ukraine,UKR,722090-flat-rolled-products-of-stainless-steel,3.28,,3.28,
Ukraine,UKR,7221-bars-and-rods-of-stainless-steel-hot-rol,3.11,,3.11,
Ukraine,UKR,7222-other-bars-and-rods-of-stainless-steel-a,,,,
Ukraine,UKR,722211-bars-and-rods-of-stainless-steel-only-ho,3.11,,3.11,
Ukraine,UKR,722219-bars-and-rods-of-stainless-steel-only-ho,3.11,,3.11,
Ukraine,UKR,722220-other-bars-and-rods-of-stainless-steel-n,3.11,,3.11,
Ukraine,UKR,722230-other-bars-and-rods-of-stainless-steel-c,3.11,,3.11,
Ukraine,UKR,722240-angles-shapes-and-sections-of-stainless,3.11,,3.11,
Ukraine,UKR,7223-wire-of-stainless-steel-in-coils-excl-ba,,,,
Ukraine,UKR,722300-wire-of-stainless-steel-in-coils-excl-ba,3.11,,3.11,
Ukraine,UKR,7224-steel-alloy-other-than-stainless-in-ingo,,,,
Ukraine,UKR,722410-steel-alloy-other-than-stainless-in-ingo,3.42,,3.42,F
Ukraine,UKR,72249002-semi-finished-products-of-tool-steel,3.54,,3.54,F
Ukraine,UKR,72249003-semi-finished-products-of-high-speed-ste,3.54,,3.54,F
Ukraine,UKR,72249005-semi-finished-products-of-steel-containi,3.54,,3.54,F
Ukraine,UKR,72249007-semi-finished-products-of-alloy-steel-ot,3.54,,3.54,F
Ukraine,UKR,72249014-semi-finished-products-of-alloy-steel-ot,3.54,,3.54,F
Ukraine,UKR,72249018-semi-finished-products-of-alloy-steel-ot,3.42,,3.42,F
Ukraine,UKR,72249031-semi-finished-products-of-steel-containi,3.54,,3.54,F
Ukraine,UKR,72249038-semi-finished-products-of-alloy-steel-ot,3.54,,3.54,F
Ukraine,UKR,72249090-semi-finished-products-of-alloy-steel-ot,3.42,,3.42,F
Ukraine,UKR,7225-flat-rolled-products-of-alloy-steel-othe,,,,
Ukraine,UKR,72251100-flat-rolled-products-of-silicon-electric,4.65,,4.65,C
Ukraine,UKR,72251910-flat-rolled-products-of-silicon-electric,3.54,,3.54,C
Ukraine,UKR,72251990-flat-rolled-products-of-silicon-electric,3.59,,3.59,C
Ukraine,UKR,722530-flat-rolled-products-of-alloy-steel-othe,3.54,,3.54,F
Ukraine,UKR,722540-flat-rolled-products-of-alloy-steel-othe,3.54,,3.54,F
Ukraine,UKR,722550-flat-rolled-products-of-alloy-steel-othe,3.59,,3.59,F
Ukraine,UKR,72259100-flat-rolled-products-of-alloy-steel-othe,3.59,,3.59,F
Ukraine,UKR,72259200-flat-rolled-products-of-alloy-steel-othe,3.59,,3.59,F
Ukraine,UKR,72259900-flat-rolled-products-of-alloy-steel-othe,3.59,,3.59,F
Ukraine,UKR,7226-flat-rolled-products-of-alloy-steel-othe,,,,
Ukraine,UKR,72261100-flat-rolled-products-of-silicon-electric,4.65,,4.65,C
Ukraine,UKR,72261910-flat-rolled-products-of-silicon-electric,3.54,,3.54,C
Ukraine,UKR,72261980-flat-rolled-products-of-silicon-electric,3.59,,3.59,C
Ukraine,UKR,72262000-flat-rolled-products-of-high-speed-steel,3.54,,3.54,F
Ukraine,UKR,722691-flat-rolled-products-of-alloy-steel-othe,3.54,,3.54,F
Ukraine,UKR,72269200-flat-rolled-products-of-alloy-steel-othe,3.59,,3.59,F
Ukraine,UKR,722699-flat-rolled-products-of-alloy-steel-othe,3.59,,3.59,F
Ukraine,UKR,7227-bars-and-rods-of-alloy-steel-other-than,3.42,,3.42,C/F
Ukraine,UKR,7228-other-bars-and-rods-of-alloy-steel-other,,,,
Ukraine,UKR,72281020-bars-and-rods-of-high-speed-steel-not-fu,3.42,,3.42,F
Ukraine,UKR,72281050-bars-and-rods-of-high-speed-steel-forged,3.42,,3.42,F
Ukraine,UKR,72281090-bars-and-rods-of-high-speed-steel-not-fu,3.42,,3.42,F
Ukraine,UKR,722820-bars-and-rods-of-silico-manganese-steel,3.42,,3.42,F
Ukraine,UKR,722830-bars-and-rods-of-alloy-steel-other-than,3.42,,3.42,C/F
Ukraine,UKR,722840-bars-and-rods-of-alloy-steel-other-than,3.42,,3.42,F
Ukraine,UKR,722850-bars-and-rods-of-alloy-steel-other-than,3.42,,3.42,C/F
Ukraine,UKR,722860-bars-and-rods-of-alloy-steel-other-than,3.42,,3.42,F
Ukraine,UKR,722870-angles-shapes-and-sections-of-alloy-stee,3.42,,3.42,F
Ukraine,UKR,72288000-hollow-drill-bars-and-rods-of-alloy-or-n,3.42,,3.42,F
Ukraine,UKR,7229-wire-of-alloy-steel-other-than-stainless,3.42,,3.42,C/F
Ukraine,UKR,7301-sheet-piling-of-iron-or-steel-whether-or,2.543,,2.543,C
Ukraine,UKR,7302-railway-or-tramway-track-construction-ma,3.213,,3.213,C
Ukraine,UKR,7303-tubes-pipes-and-hollow-profiles-of-cast,,,,
Ukraine,UKR,730300-tubes-pipes-and-hollow-profiles-of-cast,2.183,,2.183,
Ukraine,UKR,7304-tubes-pipes-and-hollow-profiles-seamless,,,,
Ukraine,UKR,73041100-line-pipe-of-a-kind-used-for-oil-or-gas,3.563,,3.563,
Ukraine,UKR,730419-line-pipe-of-a-kind-used-for-oil-or-gas,2.596,,2.596,C
Ukraine,UKR,73042200-drill-pipe-seamless-of-stainless-steel-o,3.563,,3.563,
Ukraine,UKR,73042300-drill-pipe-seamless-of-a-kind-used-in-dr,2.596,,2.596,C
Ukraine,UKR,73042400-casing-and-tubing-seamless-of-a-kind-use,3.563,,3.563,
Ukraine,UKR,730429-casing-and-tubing-seamless-of-iron-or-st,2.596,,2.596,C
Ukraine,UKR,730431-tubes-pipes-and-hollow-profiles-seamless,2.596,,2.596,C
Ukraine,UKR,730439-tubes-pipes-and-hollow-profiles-seamless,2.596,,2.596,C
Ukraine,UKR,73044100-tubes-pipes-and-hollow-profiles-seamless,3.563,,3.563,
Ukraine,UKR,730449-tubes-pipes-and-hollow-profiles-seamless,3.563,,3.563,
Ukraine,UKR,730451-tubes-pipes-and-hollow-profiles-seamless,2.596,,2.596,F
Ukraine,UKR,730459-tubes-pipes-and-hollow-profiles-seamless,2.596,,2.596,C/F
Ukraine,UKR,73049000-tubes-pipes-and-hollow-profiles-seamless,2.596,,2.596,C
Ukraine,UKR,7305-tubes-and-pipes-having-circular-cross-se,2.543,,2.543,C
Ukraine,UKR,7306-tubes-pipes-and-hollow-profiles-e-g-open,,,,
Ukraine,UKR,73061100-line-pipe-of-a-kind-used-for-oil-or-gas,3.733,,3.733,
Ukraine,UKR,73061900-line-pipe-of-a-kind-used-for-oil-or-gas,2.371,,2.371,C
Ukraine,UKR,73062100-casing-and-tubing-of-a-kind-used-in-dril,3.733,,3.733,
Ukraine,UKR,73062900-casing-and-tubing-of-a-kind-used-in-dril,2.371,,2.371,C
Ukraine,UKR,73063012-precision-tubes-welded-of-circular-cross,2.371,,2.371,C
Ukraine,UKR,73063018-precision-tubes-welded-of-circular-cross,2.371,,2.371,C
Ukraine,UKR,73063041-threaded-or-threadable-tubes-gas-pipe-we,2.371,,2.371,C
Ukraine,UKR,73063049-threaded-or-threadable-tubes-gas-pipe-we,2.371,,2.371,C
Ukraine,UKR,73063072-other-tubes-pipes-and-hollow-profiles-we,2.371,,2.371,C
Ukraine,UKR,73063077-other-tubes-pipes-and-hollow-profiles-we,2.371,,2.371,C
Ukraine,UKR,73063080-tubes-pipes-and-hollow-profiles-welded-h,2.371,,2.371,C
Ukraine,UKR,73064020-tubes-pipes-and-hollow-profiles-welded-o,3.733,,3.733,
Ukraine,UKR,73064080-tubes-pipes-and-hollow-profiles-welded-o,3.683,,3.683,
Ukraine,UKR,73065021-precision-steel-tubes-welded-of-circular,2.371,,2.371,F
Ukraine,UKR,73065029-precision-steel-tubes-welded-of-circular,2.371,,2.371,F
Ukraine,UKR,73065080-tubes-pipes-and-hollow-profiles-welded-o,2.371,,2.371,F
Ukraine,UKR,73066110-tubes-and-pipes-and-hollow-profiles-weld,3.733,,3.733,
Ukraine,UKR,73066192-tubes-and-pipes-and-hollow-profiles-weld,2.371,,2.371,C
Ukraine,UKR,73066199-tubes-and-pipes-and-hollow-profiles-weld,2.371,,2.371,C
Ukraine,UKR,73066910-tubes-pipes-and-hollow-profiles-welded-o,3.733,,3.733,
Ukraine,UKR,73066990-tubes-pipes-and-hollow-profiles-welded-o,2.371,,2.371,C
Ukraine,UKR,73069000-tubes-pipes-and-hollow-profiles-e-g-open,2.371,,2.371,C
Ukraine,UKR,7307-tube-or-pipe-fittings-e-g-couplings-elbo,,,,
Ukraine,UKR,730711-tube-or-pipe-fittings-of-non-malleable-c,2.173,,2.173,
Ukraine,UKR,73071910-tube-or-pipe-fittings-of-cast-iron-excl,2.173,,2.173,
Ukraine,UKR,73071990-cast-tube-or-pipe-fittings-of-steel,2.423,,2.423,C
Ukraine,UKR,73072100-flanges-of-stainless-steel-excl-cast-pro,3.223,,3.223,
Ukraine,UKR,730722-threaded-elbows-bends-and-sleeves-of-sta,3.223,,3.223,
Ukraine,UKR,730723-butt-welding-tube-or-pipe-fittings-of-st,3.223,,3.223,
Ukraine,UKR,730729-tube-or-pipe-fittings-of-stainless-steel,3.223,,3.223,
Ukraine,UKR,73079100-flanges-of-iron-or-steel-excl-cast-or-st,2.423,,2.423,C
Ukraine,UKR,730792-threaded-elbows-bends-and-sleeves-of-sta,2.423,,2.423,C
Ukraine,UKR,730793-butt-welding-fittings-of-iron-or-steel-e,2.423,,2.423,C
Ukraine,UKR,730799-tube-or-pipe-fittings-of-iron-or-steel-e,2.423,,2.423,C
Ukraine,UKR,7308-structures-and-parts-of-structures-e-g-b,3.413,,3.413,C
Ukraine,UKR,7309-reservoirs-tanks-vats-and-similar-contai,3.663,,3.663,C
Ukraine,UKR,7310-tanks-casks-drums-cans-boxes-and-similar,2.543,,2.543,C
Ukraine,UKR,7311-containers-of-iron-or-steel-for-compress,,,,
Ukraine,UKR,731100-containers-of-iron-or-steel-for-compress,3.543,,3.543,C
Ukraine,UKR,7318-screws-bolts-nuts-coach-screws-screw-hoo,,,,
Ukraine,UKR,73181100-coach-screws-of-iron-or-steel,2.423,,2.423,C
Ukraine,UKR,73181210-wood-screws-of-stainless-steel-excl-coac,3.563,,3.563,
Ukraine,UKR,73181290-wood-screws-of-iron-or-steel-other-than,2.423,,2.423,C
Ukraine,UKR,73181300-screw-hooks-and-screw-rings-of-iron-or-s,2.423,,2.423,C
Ukraine,UKR,73181410-self-tapping-screws-of-stainless-steel-e,3.563,,3.563,
Ukraine,UKR,73181491-spaced-thread-screws-of-iron-or-steel-ot,2.423,,2.423,C
Ukraine,UKR,73181499-self-tapping-screws-of-iron-or-steel-oth,2.423,,2.423,C
Ukraine,UKR,731815-threaded-screws-and-bolts-of-iron-or-ste,3.153,,3.153,C
Ukraine,UKR,731816-nuts-of-iron-or-steel,3.443,,3.443,C
Ukraine,UKR,73181900-threaded-articles-of-iron-or-steel-n-e-s,2.423,,2.423,C
Ukraine,UKR,73182100-spring-washers-and-other-lock-washers-of,2.423,,2.423,C
Ukraine,UKR,73182200-washers-of-iron-or-steel-excl-spring-was,2.633,,2.633,C
Ukraine,UKR,73182300-rivets-of-iron-or-steel-excl-tubular-and,2.563,,2.563,C
Ukraine,UKR,73182400-cotters-and-cotter-pins-of-iron-or-steel,2.423,,2.423,C
Ukraine,UKR,73182900-non-threaded-articles-of-iron-or-steel,2.423,,2.423,C
Ukraine,UKR,7326-articles-of-iron-or-steel-n-e-s-excl-cas,,,,
Ukraine,UKR,73261100-grinding-balls-and-similar-articles-for,2.423,,2.423,C
Ukraine,UKR,732619-articles-of-iron-or-steel-forged-or-stam,2.423,,2.423,C
Ukraine,UKR,73262000-articles-of-iron-or-steel-wire-n-e-s,2.423,,2.423,C
Ukraine,UKR,73269030-ladders-and-steps-of-iron-or-steel,2.423,,2.423,C
Ukraine,UKR,73269040-pallets-and-similar-platforms-for-handli,2.423,,2.423,C
Ukraine,UKR,73269050-reels-for-cables-piping-and-the-like-of,2.423,,2.423,C
Ukraine,UKR,73269060-ventilators-non-mechanical-guttering-hoo,2.423,,2.423,C
Ukraine,UKR,73269092-articles-of-iron-or-steel-open-die-forge,2.423,,2.423,C
Ukraine,UKR,73269094-articles-of-iron-or-steel-closed-die-for,2.423,,2.423,C
Ukraine,UKR,73269096-sintered-articles-of-iron-or-steel-n-e-s,2.423,,2.423,C
Ukraine,UKR,73269098-articles-of-iron-or-steel-n-e-s,2.543,,2.543,C
United Arab Emirates,ARE,2507008080-calcined-clay,,,,
United Arab Emirates,ARE,2523100010-white-clinker,1.29,0.05,1.34,B
United Arab Emirates,ARE,2523100090-other-clinker-including-grey-clinker,0.83,0.04,0.86,A
United Arab Emirates,ARE,25232100-white-portland-cement,1.3,0.14,1.44,
United Arab Emirates,ARE,25232900-grey-portland-cement,0.84,0.07,0.9,
United Arab Emirates,ARE,25233000-aluminous-cement,,,,
United Arab Emirates,ARE,2523900010-white-hydraulic-cement,1.33,0.17,1.51,B
United Arab Emirates,ARE,2523900090-other-hydraulic-cements-including-grey-h,0.8,0.07,0.87,A
United Arab Emirates,ARE,7601-unwrought-aluminium,1.87,,1.87,K
United Arab Emirates,ARE,7603-aluminium-powders-and-flakes,1.98,,1.98,K
United Arab Emirates,ARE,76041010-bars-and-rods,2.2,,2.2,K
United Arab Emirates,ARE,76041090-profiles,2.22,,2.22,K
United Arab Emirates,ARE,76042100-hollow-profiles,2.22,,2.22,K
United Arab Emirates,ARE,76042910-bars-and-rods,2.2,,2.2,K
United Arab Emirates,ARE,76042990-profiles,2.22,,2.22,K
United Arab Emirates,ARE,7605-aluminium-wire,2.2,,2.2,K
United Arab Emirates,ARE,7606-aluminium-plates-sheets-and-strip-of-a-t,2.66,,2.66,K
United Arab Emirates,ARE,7607-aluminium-foil-whether-or-not-printed-or,2.66,,2.66,K
United Arab Emirates,ARE,7608-aluminium-tubes-and-pipes,2.22,,2.22,K
United Arab Emirates,ARE,76090000-aluminium-tube-or-pipe-fittings-for-exam,2.22,,2.22,K
United Arab Emirates,ARE,76101000-doors-windows-and-their-frames-and-thres,2.22,,2.22,K
United Arab Emirates,ARE,761090-other,2.22,,2.22,K
United Arab Emirates,ARE,76109010-bridges-and-bridge-sections-towers-and-l,2.22,,2.22,K
United Arab Emirates,ARE,76109090-other,2.22,,2.22,K
United Arab Emirates,ARE,76110000-aluminium-reservoirs-tanks-vats-and-simi,2.66,,2.66,K
United Arab Emirates,ARE,7612-aluminium-casks-drums-cans-boxes-and-sim,2.66,,2.66,K
United Arab Emirates,ARE,76130000-aluminium-containers-for-compressed-or-l,2.66,,2.66,K
United Arab Emirates,ARE,7614-stranded-wire-cables-plaited-bands-and-t,2.2,,2.2,K
United Arab Emirates,ARE,76161000-nails-tacks-staples-other-than-those-of,2.66,,2.66,K
United Arab Emirates,ARE,76169100-cloth-grill-netting-and-fencing-of-alumi,2.66,,2.66,K
United Arab Emirates,ARE,76169910-cast,1.98,,1.98,K
United Arab Emirates,ARE,76169990-other,2.66,,2.66,K
United Arab Emirates,ARE,28041000-hydrogen,10.82,,10.82,
United Arab Emirates,ARE,720211-ferro-manganese-containing-by-weight-2-o,1.69,,1.69,
United Arab Emirates,ARE,720219-ferro-manganese-containing-by-weight-2-c,,,,
United Arab Emirates,ARE,720241-ferro-chromium-containing-by-weight-4-of,2.35,,2.35,
United Arab Emirates,ARE,720249-ferro-chromium-containing-by-weight-4-of,,,,
United Arab Emirates,ARE,72026000-ferro-nickel,3.48,,3.48,
United Kingdom,GBR,2507008080-calcined-clay,,,,
United Kingdom,GBR,2523100010-white-clinker,,,,
United Kingdom,GBR,2523100090-other-clinker-including-grey-clinker,0.93,0.02,0.95,A
United Kingdom,GBR,25232100-white-portland-cement,,,,
United Kingdom,GBR,25232900-grey-portland-cement,0.94,0.04,0.98,
United Kingdom,GBR,25233000-aluminous-cement,,,,
United Kingdom,GBR,2523900010-white-hydraulic-cement,,,,
United Kingdom,GBR,2523900090-other-hydraulic-cements-including-grey-h,0.9,0.05,0.94,A
United Kingdom,GBR,28080000-nitric-acid-sulphonitric-acids,0.72,0.03,0.75,
United Kingdom,GBR,28141000-anhydrous-ammonia,1.97,0.09,2.05,
United Kingdom,GBR,28142000-ammonia-in-aqueous-solution,0.59,0.03,0.62,
United Kingdom,GBR,28342100-nitrate-of-potassium,0.83,0.04,0.87,
United Kingdom,GBR,3102-mineral-or-chemical-fertilizers-nitrogen,,,,
United Kingdom,GBR,31021012-urea-in-aqueous-solution-containing-45-n,0.4,0.02,0.42,
United Kingdom,GBR,31021015-urea-in-aqueous-solution-containing-45-n,0.65,0.02,0.68,
United Kingdom,GBR,31021019-urea-whether-or-not-in-aqueous-solution,1.19,0.07,1.26,
United Kingdom,GBR,31021090-urea-whether-or-not-in-aqueous-solution,1.16,0.06,1.23,
United Kingdom,GBR,31022100-ammonium-sulphate-excl-that-in-tablets-o,0.55,0.05,0.59,
United Kingdom,GBR,31022900-double-salts-and-mixtures-of-ammonium-su,0.72,0.05,0.78,
United Kingdom,GBR,31023010-ammonium-nitrate-in-aqueous-solution-exc,0.64,0.04,0.68,
United Kingdom,GBR,31023090-ammonium-nitrate-excl-that-in-aqueous-so,0.98,0.06,1.05,
United Kingdom,GBR,31024010-mixtures-of-ammonium-nitrate-with-calciu,0.84,0.06,0.9,
United Kingdom,GBR,31024090-mixtures-of-ammonium-nitrate-with-calciu,0.84,0.06,0.9,
United Kingdom,GBR,31025000-sodium-nitrate-excl-that-in-tablets-or-s,1.13,0.04,1.17,
United Kingdom,GBR,31026000-double-salts-and-mixtures-of-calcium-nit,0.83,0.06,0.88,
United Kingdom,GBR,31028000-mixtures-of-urea-and-ammonium-nitrate-in,0.82,0.05,0.87,
United Kingdom,GBR,31029000-mineral-or-chemical-nitrogen-fertilisers,0.98,0.06,1.04,
United Kingdom,GBR,3105-mineral-or-chemical-fertilisers-containi,,,,
United Kingdom,GBR,31051000-mineral-or-chemical-fertilisers-of-anima,0.45,0.05,0.5,
United Kingdom,GBR,31052010-mineral-or-chemical-fertilisers-containi,0.45,0.06,0.51,
United Kingdom,GBR,31052090-mineral-or-chemical-fertilisers-containi,0.31,0.04,0.35,
United Kingdom,GBR,31053000-diammonium-hydrogenorthophosphate-diammo,0.46,0.04,0.49,
United Kingdom,GBR,31054000-ammonium-dihydrogenorthophosphate-monoam,0.29,0.03,0.32,
United Kingdom,GBR,31055100-other-mineral-or-chemical-fertilisers-co,0.6,0.07,0.67,
United Kingdom,GBR,31055900-other-mineral-or-chemical-fertilisers-co,0.51,0.07,0.57,
United Kingdom,GBR,31059020-mineral-or-chemical-fertilisers-containi,0.59,0.04,0.63,
United Kingdom,GBR,31059080-mineral-or-chemical-fertilisers-containi,0.31,0.03,0.34,
United Kingdom,GBR,7601-unwrought-aluminium,1.87,,1.87,K
United Kingdom,GBR,7603-aluminium-powders-and-flakes,1.93,,1.93,K
United Kingdom,GBR,76041010-bars-and-rods,2.15,,2.15,K
United Kingdom,GBR,76041090-profiles,2.17,,2.17,K
United Kingdom,GBR,76042100-hollow-profiles,2.17,,2.17,K
United Kingdom,GBR,76042910-bars-and-rods,2.15,,2.15,K
United Kingdom,GBR,76042990-profiles,2.17,,2.17,K
United Kingdom,GBR,7605-aluminium-wire,2.15,,2.15,K
United Kingdom,GBR,7606-aluminium-plates-sheets-and-strip-of-a-t,2.61,,2.61,K
United Kingdom,GBR,7607-aluminium-foil-whether-or-not-printed-or,2.61,,2.61,K
United Kingdom,GBR,7608-aluminium-tubes-and-pipes,2.17,,2.17,K
United Kingdom,GBR,76090000-aluminium-tube-or-pipe-fittings-for-exam,2.17,,2.17,K
United Kingdom,GBR,76101000-doors-windows-and-their-frames-and-thres,2.17,,2.17,K
United Kingdom,GBR,761090-other,2.17,,2.17,K
United Kingdom,GBR,76109010-bridges-and-bridge-sections-towers-and-l,2.17,,2.17,K
United Kingdom,GBR,76109090-other,2.17,,2.17,K
United Kingdom,GBR,76110000-aluminium-reservoirs-tanks-vats-and-simi,2.61,,2.61,K
United Kingdom,GBR,7612-aluminium-casks-drums-cans-boxes-and-sim,2.61,,2.61,K
United Kingdom,GBR,76130000-aluminium-containers-for-compressed-or-l,2.61,,2.61,K
United Kingdom,GBR,7614-stranded-wire-cables-plaited-bands-and-t,2.15,,2.15,K
United Kingdom,GBR,76161000-nails-tacks-staples-other-than-those-of,2.61,,2.61,K
United Kingdom,GBR,76169100-cloth-grill-netting-and-fencing-of-alumi,2.61,,2.61,K
United Kingdom,GBR,76169910-cast,1.93,,1.93,K
United Kingdom,GBR,76169990-other,2.61,,2.61,K
United Kingdom,GBR,28041000-hydrogen,10.82,,10.82,
United Kingdom,GBR,26011200-agglomerated-iron-ores-and-concentrates,0.27,0.01,0.28,
United Kingdom,GBR,7201-pig-iron-and-spiegeleisen-in-pigs-blocks,2.17,,2.17,
United Kingdom,GBR,720211-ferro-manganese-containing-by-weight-2-o,1.69,,1.69,
United Kingdom,GBR,720219-ferro-manganese-containing-by-weight-2-c,,,,
United Kingdom,GBR,720241-ferro-chromium-containing-by-weight-4-of,2.35,,2.35,
United Kingdom,GBR,720249-ferro-chromium-containing-by-weight-4-of,,,,
United Kingdom,GBR,72026000-ferro-nickel,3.48,,3.48,
United Kingdom,GBR,7203-ferrous-products-obtained-by-direct-redu,,,,
United Kingdom,GBR,7205-granules-and-powders-of-pig-iron-spiegel,2.22,,2.22,C/F
United Kingdom,GBR,7206-iron-and-non-alloy-steel-in-ingots-or-ot,,,,
United Kingdom,GBR,72061000-ingots-of-iron-and-non-alloy-steel-excl,2.31,,2.31,C
United Kingdom,GBR,72069000-iron-and-non-alloy-steel-in-puddled-bars,2.31,,2.31,C
United Kingdom,GBR,7207-semi-finished-products-of-iron-or-non-al,,,,
United Kingdom,GBR,72071111-semi-finished-products-of-non-alloy-free,2.31,,2.31,C
United Kingdom,GBR,72071114-semi-finished-products-of-iron-or-non-al,2.31,,2.31,C
United Kingdom,GBR,72071116-semi-finished-products-of-iron-or-non-al,2.31,,2.31,C
United Kingdom,GBR,72071190-semi-finished-products-of-iron-or-non-al,3.04,,3.04,C
United Kingdom,GBR,72071210-semi-finished-products-of-iron-or-non-al,2.31,,2.31,C
United Kingdom,GBR,72071290-semi-finished-products-of-iron-or-non-al,3.04,,3.04,C
United Kingdom,GBR,72071912-semi-finished-products-of-iron-or-non-al,2.31,,2.31,C
United Kingdom,GBR,72071919-semi-finished-products-of-iron-or-non-al,3.04,,3.04,C
United Kingdom,GBR,72071980-semi-finished-products-of-iron-or-non-al,2.31,,2.31,C
United Kingdom,GBR,72072011-semi-finished-products-of-non-alloy-free,2.31,,2.31,C
United Kingdom,GBR,72072015-semi-finished-products-of-iron-or-non-al,2.31,,2.31,C
United Kingdom,GBR,72072017-semi-finished-products-of-iron-or-non-al,2.31,,2.31,C
United Kingdom,GBR,72072019-semi-finished-products-of-iron-or-non-al,3.04,,3.04,C
United Kingdom,GBR,72072032-semi-finished-products-of-iron-or-non-al,2.31,,2.31,C
United Kingdom,GBR,72072039-semi-finished-products-of-iron-or-non-al,3.04,,3.04,C
United Kingdom,GBR,72072052-semi-finished-products-of-iron-or-non-al,2.31,,2.31,C
United Kingdom,GBR,72072059-semi-finished-products-of-iron-or-non-al,3.04,,3.04,C
United Kingdom,GBR,72072080-semi-finished-products-of-iron-or-non-al,2.31,,2.31,C
United Kingdom,GBR,7208-flat-rolled-products-of-iron-or-non-allo,2.42,,2.42,C
United Kingdom,GBR,7209-flat-rolled-products-of-iron-or-non-allo,2.5,,2.5,C
United Kingdom,GBR,7210-flat-rolled-products-of-iron-or-non-allo,2.5,,2.5,C
United Kingdom,GBR,7211-flat-rolled-products-of-iron-or-non-allo,,,,
United Kingdom,GBR,72111300-flat-rolled-products-of-iron-or-non-allo,2.42,,2.42,C
United Kingdom,GBR,72111400-flat-rolled-products-of-iron-or-non-allo,2.42,,2.42,C
United Kingdom,GBR,72111900-flat-rolled-products-of-iron-or-non-allo,2.42,,2.42,C
United Kingdom,GBR,721123-flat-rolled-products-of-iron-or-non-allo,2.5,,2.5,C
United Kingdom,GBR,72112900-flat-rolled-products-of-iron-or-non-allo,2.5,,2.5,C
United Kingdom,GBR,721190-flat-rolled-products-of-iron-or-non-allo,2.5,,2.5,C
United Kingdom,GBR,7212-flat-rolled-products-of-iron-or-non-allo,2.5,,2.5,C
United Kingdom,GBR,7213-bars-and-rods-of-iron-or-non-alloy-steel,2.31,,2.31,C
United Kingdom,GBR,7214-bars-and-rods-of-iron-or-non-alloy-steel,,,,
United Kingdom,GBR,72141000-bars-and-rods-of-iron-or-non-alloy-steel,3.04,,3.04,C
United Kingdom,GBR,72142000-bars-and-rods-of-iron-or-non-alloy-steel,2.31,,2.31,C
United Kingdom,GBR,72143000-bars-and-rods-of-non-alloy-free-cutting,2.31,,2.31,C
United Kingdom,GBR,721491-bars-and-rods-of-iron-or-non-alloy-steel,2.31,,2.31,C
United Kingdom,GBR,721499-bars-and-rods-of-iron-or-non-alloy-steel,2.31,,2.31,C
United Kingdom,GBR,7215-bars-and-rods-of-iron-or-non-alloy-steel,2.31,,2.31,C
United Kingdom,GBR,7216-angles-shapes-and-sections-of-iron-or-no,2.31,,2.31,C
United Kingdom,GBR,7217-wire-of-iron-or-non-alloy-steel-in-coils,,,,
United Kingdom,GBR,721710-wire-of-iron-or-non-alloy-steel-in-coils,2.31,,2.31,C
United Kingdom,GBR,721720-wire-of-iron-or-non-alloy-steel-in-coils,2.31,,2.31,C
United Kingdom,GBR,721730-wire-of-iron-or-non-alloy-steel-in-coils,2.31,,2.31,C
United Kingdom,GBR,721790-wire-of-iron-or-non-alloy-steel-in-coils,2.31,,2.31,C
United Kingdom,GBR,7218-stainless-steel-in-ingots-or-other-prima,,,,
United Kingdom,GBR,72181000-steel-stainless-in-ingots-and-other-prim,3.84,,3.84,
United Kingdom,GBR,721891-semi-finished-products-of-stainless-stee,3.29,,3.29,
United Kingdom,GBR,72189911-semi-finished-products-of-stainless-stee,3.29,,3.29,
United Kingdom,GBR,72189919-semi-finished-products-of-stainless-stee,3.84,,3.84,
United Kingdom,GBR,72189920-semi-finished-products-of-stainless-stee,3.29,,3.29,
United Kingdom,GBR,72189980-semi-finished-products-of-stainless-stee,3.84,,3.84,
United Kingdom,GBR,7219-flat-rolled-products-of-stainless-steel,,,,
United Kingdom,GBR,72191100-flat-rolled-products-of-stainless-steel,3.29,,3.29,
United Kingdom,GBR,721912-flat-rolled-products-of-stainless-steel,3.29,,3.29,
United Kingdom,GBR,721913-flat-rolled-products-of-stainless-steel,3.29,,3.29,
United Kingdom,GBR,721914-flat-rolled-products-of-stainless-steel,3.29,,3.29,
United Kingdom,GBR,721921-flat-rolled-products-of-stainless-steel,3.29,,3.29,
United Kingdom,GBR,721922-flat-rolled-products-of-stainless-steel,3.29,,3.29,
United Kingdom,GBR,72192300-flat-rolled-products-of-stainless-steel,3.29,,3.29,
United Kingdom,GBR,72192400-flat-rolled-products-of-stainless-steel,3.29,,3.29,
United Kingdom,GBR,72193100-flat-rolled-products-of-stainless-steel,3.37,,3.37,
United Kingdom,GBR,721932-flat-rolled-products-of-stainless-steel,3.37,,3.37,
United Kingdom,GBR,721933-flat-rolled-products-of-stainless-steel,3.37,,3.37,
United Kingdom,GBR,721934-flat-rolled-products-of-stainless-steel,3.37,,3.37,
United Kingdom,GBR,721935-flat-rolled-products-of-stainless-steel,3.37,,3.37,
United Kingdom,GBR,721990-flat-rolled-products-of-stainless-steel,3.37,,3.37,
United Kingdom,GBR,7220-flat-rolled-products-of-stainless-steel,,,,
United Kingdom,GBR,72201100-flat-rolled-products-of-stainless-steel,3.29,,3.29,
United Kingdom,GBR,72201200-flat-rolled-products-of-stainless-steel,3.29,,3.29,
United Kingdom,GBR,722020-flat-rolled-products-of-stainless-steel,3.37,,3.37,
United Kingdom,GBR,722090-flat-rolled-products-of-stainless-steel,3.37,,3.37,
United Kingdom,GBR,7221-bars-and-rods-of-stainless-steel-hot-rol,3.11,,3.11,
United Kingdom,GBR,7222-other-bars-and-rods-of-stainless-steel-a,,,,
United Kingdom,GBR,722211-bars-and-rods-of-stainless-steel-only-ho,3.11,,3.11,
United Kingdom,GBR,722219-bars-and-rods-of-stainless-steel-only-ho,3.11,,3.11,
United Kingdom,GBR,722220-other-bars-and-rods-of-stainless-steel-n,3.11,,3.11,
United Kingdom,GBR,722230-other-bars-and-rods-of-stainless-steel-c,3.84,,3.84,
United Kingdom,GBR,722240-angles-shapes-and-sections-of-stainless,3.11,,3.11,
United Kingdom,GBR,7223-wire-of-stainless-steel-in-coils-excl-ba,,,,
United Kingdom,GBR,722300-wire-of-stainless-steel-in-coils-excl-ba,3.11,,3.11,
United Kingdom,GBR,7224-steel-alloy-other-than-stainless-in-ingo,,,,
United Kingdom,GBR,722410-steel-alloy-other-than-stainless-in-ingo,4.17,,4.17,F
United Kingdom,GBR,72249002-semi-finished-products-of-tool-steel,3.62,,3.62,F
United Kingdom,GBR,72249003-semi-finished-products-of-high-speed-ste,3.62,,3.62,F
United Kingdom,GBR,72249005-semi-finished-products-of-steel-containi,3.62,,3.62,F
United Kingdom,GBR,72249007-semi-finished-products-of-alloy-steel-ot,3.62,,3.62,F
United Kingdom,GBR,72249014-semi-finished-products-of-alloy-steel-ot,3.62,,3.62,F
United Kingdom,GBR,72249018-semi-finished-products-of-alloy-steel-ot,4.17,,4.17,F
United Kingdom,GBR,72249031-semi-finished-products-of-steel-containi,3.62,,3.62,F
United Kingdom,GBR,72249038-semi-finished-products-of-alloy-steel-ot,3.62,,3.62,F
United Kingdom,GBR,72249090-semi-finished-products-of-alloy-steel-ot,4.17,,4.17,F
United Kingdom,GBR,7225-flat-rolled-products-of-alloy-steel-othe,,,,
United Kingdom,GBR,72251100-flat-rolled-products-of-silicon-electric,4.74,,4.74,C
United Kingdom,GBR,72251910-flat-rolled-products-of-silicon-electric,3.62,,3.62,C
United Kingdom,GBR,72251990-flat-rolled-products-of-silicon-electric,3.7,,3.7,C
United Kingdom,GBR,722530-flat-rolled-products-of-alloy-steel-othe,3.62,,3.62,F
United Kingdom,GBR,722540-flat-rolled-products-of-alloy-steel-othe,3.62,,3.62,F
United Kingdom,GBR,722550-flat-rolled-products-of-alloy-steel-othe,3.7,,3.7,F
United Kingdom,GBR,72259100-flat-rolled-products-of-alloy-steel-othe,3.7,,3.7,F
United Kingdom,GBR,72259200-flat-rolled-products-of-alloy-steel-othe,3.7,,3.7,F
United Kingdom,GBR,72259900-flat-rolled-products-of-alloy-steel-othe,3.7,,3.7,F
United Kingdom,GBR,7226-flat-rolled-products-of-alloy-steel-othe,,,,
United Kingdom,GBR,72261100-flat-rolled-products-of-silicon-electric,4.74,,4.74,C
United Kingdom,GBR,72261910-flat-rolled-products-of-silicon-electric,3.62,,3.62,C
United Kingdom,GBR,72261980-flat-rolled-products-of-silicon-electric,3.7,,3.7,C
United Kingdom,GBR,72262000-flat-rolled-products-of-high-speed-steel,3.62,,3.62,F
United Kingdom,GBR,722691-flat-rolled-products-of-alloy-steel-othe,3.62,,3.62,F
United Kingdom,GBR,72269200-flat-rolled-products-of-alloy-steel-othe,3.7,,3.7,F
United Kingdom,GBR,722699-flat-rolled-products-of-alloy-steel-othe,3.7,,3.7,F
United Kingdom,GBR,7227-bars-and-rods-of-alloy-steel-other-than,3.44,,3.44,C/F
United Kingdom,GBR,7228-other-bars-and-rods-of-alloy-steel-other,,,,
United Kingdom,GBR,72281020-bars-and-rods-of-high-speed-steel-not-fu,3.44,,3.44,F
United Kingdom,GBR,72281050-bars-and-rods-of-high-speed-steel-forged,4.17,,4.17,F
United Kingdom,GBR,72281090-bars-and-rods-of-high-speed-steel-not-fu,3.44,,3.44,F
United Kingdom,GBR,722820-bars-and-rods-of-silico-manganese-steel,3.44,,3.44,F
United Kingdom,GBR,722830-bars-and-rods-of-alloy-steel-other-than,3.44,,3.44,C/F
United Kingdom,GBR,722840-bars-and-rods-of-alloy-steel-other-than,4.17,,4.17,F
United Kingdom,GBR,722850-bars-and-rods-of-alloy-steel-other-than,3.44,,3.44,C/F
United Kingdom,GBR,722860-bars-and-rods-of-alloy-steel-other-than,3.44,,3.44,F
United Kingdom,GBR,722870-angles-shapes-and-sections-of-alloy-stee,3.44,,3.44,F
United Kingdom,GBR,72288000-hollow-drill-bars-and-rods-of-alloy-or-n,3.44,,3.44,F
United Kingdom,GBR,7229-wire-of-alloy-steel-other-than-stainless,3.44,,3.44,C/F
United Kingdom,GBR,7301-sheet-piling-of-iron-or-steel-whether-or,2.5,,2.5,C
United Kingdom,GBR,7302-railway-or-tramway-track-construction-ma,2.81,,2.81,C
United Kingdom,GBR,7303-tubes-pipes-and-hollow-profiles-of-cast,,,,
United Kingdom,GBR,730300-tubes-pipes-and-hollow-profiles-of-cast,2.73,,2.73,
United Kingdom,GBR,7304-tubes-pipes-and-hollow-profiles-seamless,,,,
United Kingdom,GBR,73041100-line-pipe-of-a-kind-used-for-oil-or-gas,3.11,,3.11,
United Kingdom,GBR,730419-line-pipe-of-a-kind-used-for-oil-or-gas,2.31,,2.31,C
United Kingdom,GBR,73042200-drill-pipe-seamless-of-stainless-steel-o,3.11,,3.11,
United Kingdom,GBR,73042300-drill-pipe-seamless-of-a-kind-used-in-dr,2.31,,2.31,C
United Kingdom,GBR,73042400-casing-and-tubing-seamless-of-a-kind-use,3.11,,3.11,
United Kingdom,GBR,730429-casing-and-tubing-seamless-of-iron-or-st,2.31,,2.31,C
United Kingdom,GBR,730431-tubes-pipes-and-hollow-profiles-seamless,2.31,,2.31,C
United Kingdom,GBR,730439-tubes-pipes-and-hollow-profiles-seamless,2.31,,2.31,C
United Kingdom,GBR,73044100-tubes-pipes-and-hollow-profiles-seamless,3.11,,3.11,
United Kingdom,GBR,730449-tubes-pipes-and-hollow-profiles-seamless,3.11,,3.11,
United Kingdom,GBR,730451-tubes-pipes-and-hollow-profiles-seamless,2.23,,2.23,F
United Kingdom,GBR,730459-tubes-pipes-and-hollow-profiles-seamless,2.23,,2.23,C/F
United Kingdom,GBR,73049000-tubes-pipes-and-hollow-profiles-seamless,2.31,,2.31,C
United Kingdom,GBR,7305-tubes-and-pipes-having-circular-cross-se,2.5,,2.5,C
United Kingdom,GBR,7306-tubes-pipes-and-hollow-profiles-e-g-open,,,,
United Kingdom,GBR,73061100-line-pipe-of-a-kind-used-for-oil-or-gas,3.37,,3.37,
United Kingdom,GBR,73061900-line-pipe-of-a-kind-used-for-oil-or-gas,2.5,,2.5,C
United Kingdom,GBR,73062100-casing-and-tubing-of-a-kind-used-in-dril,3.37,,3.37,
United Kingdom,GBR,73062900-casing-and-tubing-of-a-kind-used-in-dril,2.5,,2.5,C
United Kingdom,GBR,73063012-precision-tubes-welded-of-circular-cross,2.5,,2.5,C
United Kingdom,GBR,73063018-precision-tubes-welded-of-circular-cross,2.42,,2.42,C
United Kingdom,GBR,73063041-threaded-or-threadable-tubes-gas-pipe-we,2.5,,2.5,C
United Kingdom,GBR,73063049-threaded-or-threadable-tubes-gas-pipe-we,2.5,,2.5,C
United Kingdom,GBR,73063072-other-tubes-pipes-and-hollow-profiles-we,2.5,,2.5,C
United Kingdom,GBR,73063077-other-tubes-pipes-and-hollow-profiles-we,2.5,,2.5,C
United Kingdom,GBR,73063080-tubes-pipes-and-hollow-profiles-welded-h,2.5,,2.5,C
United Kingdom,GBR,73064020-tubes-pipes-and-hollow-profiles-welded-o,3.37,,3.37,
United Kingdom,GBR,73064080-tubes-pipes-and-hollow-profiles-welded-o,3.29,,3.29,
United Kingdom,GBR,73065021-precision-steel-tubes-welded-of-circular,2.49,,2.49,F
United Kingdom,GBR,73065029-precision-steel-tubes-welded-of-circular,2.41,,2.41,F
United Kingdom,GBR,73065080-tubes-pipes-and-hollow-profiles-welded-o,2.49,,2.49,F
United Kingdom,GBR,73066110-tubes-and-pipes-and-hollow-profiles-weld,3.37,,3.37,
United Kingdom,GBR,73066192-tubes-and-pipes-and-hollow-profiles-weld,2.5,,2.5,C
United Kingdom,GBR,73066199-tubes-and-pipes-and-hollow-profiles-weld,2.5,,2.5,C
United Kingdom,GBR,73066910-tubes-pipes-and-hollow-profiles-welded-o,3.37,,3.37,
United Kingdom,GBR,73066990-tubes-pipes-and-hollow-profiles-welded-o,2.5,,2.5,C
United Kingdom,GBR,73069000-tubes-pipes-and-hollow-profiles-e-g-open,2.5,,2.5,C
United Kingdom,GBR,7307-tube-or-pipe-fittings-e-g-couplings-elbo,,,,
United Kingdom,GBR,730711-tube-or-pipe-fittings-of-non-malleable-c,2.93,,2.93,
United Kingdom,GBR,73071910-tube-or-pipe-fittings-of-cast-iron-excl,2.93,,2.93,
United Kingdom,GBR,73071990-cast-tube-or-pipe-fittings-of-steel,3.04,,3.04,C
United Kingdom,GBR,73072100-flanges-of-stainless-steel-excl-cast-pro,2.78,,2.78,
United Kingdom,GBR,730722-threaded-elbows-bends-and-sleeves-of-sta,2.78,,2.78,
United Kingdom,GBR,730723-butt-welding-tube-or-pipe-fittings-of-st,2.78,,2.78,
United Kingdom,GBR,730729-tube-or-pipe-fittings-of-stainless-steel,2.78,,2.78,
United Kingdom,GBR,73079100-flanges-of-iron-or-steel-excl-cast-or-st,2.31,,2.31,C
United Kingdom,GBR,730792-threaded-elbows-bends-and-sleeves-of-sta,2.31,,2.31,C
United Kingdom,GBR,730793-butt-welding-fittings-of-iron-or-steel-e,2.31,,2.31,C
United Kingdom,GBR,730799-tube-or-pipe-fittings-of-iron-or-steel-e,2.31,,2.31,C
United Kingdom,GBR,7308-structures-and-parts-of-structures-e-g-b,3.04,,3.04,C
United Kingdom,GBR,7309-reservoirs-tanks-vats-and-similar-contai,3.21,,3.21,C
United Kingdom,GBR,7310-tanks-casks-drums-cans-boxes-and-similar,2.5,,2.5,C
United Kingdom,GBR,7311-containers-of-iron-or-steel-for-compress,,,,
United Kingdom,GBR,731100-containers-of-iron-or-steel-for-compress,3.03,,3.03,C
United Kingdom,GBR,7318-screws-bolts-nuts-coach-screws-screw-hoo,,,,
United Kingdom,GBR,73181100-coach-screws-of-iron-or-steel,2.31,,2.31,C
United Kingdom,GBR,73181210-wood-screws-of-stainless-steel-excl-coac,3.11,,3.11,
United Kingdom,GBR,73181290-wood-screws-of-iron-or-steel-other-than,2.31,,2.31,C
United Kingdom,GBR,73181300-screw-hooks-and-screw-rings-of-iron-or-s,2.31,,2.31,C
United Kingdom,GBR,73181410-self-tapping-screws-of-stainless-steel-e,3.11,,3.11,
United Kingdom,GBR,73181491-spaced-thread-screws-of-iron-or-steel-ot,2.31,,2.31,C
United Kingdom,GBR,73181499-self-tapping-screws-of-iron-or-steel-oth,2.31,,2.31,C
United Kingdom,GBR,731815-threaded-screws-and-bolts-of-iron-or-ste,2.77,,2.77,C
United Kingdom,GBR,731816-nuts-of-iron-or-steel,2.98,,2.98,C
United Kingdom,GBR,73181900-threaded-articles-of-iron-or-steel-n-e-s,2.31,,2.31,C
United Kingdom,GBR,73182100-spring-washers-and-other-lock-washers-of,2.31,,2.31,C
United Kingdom,GBR,73182200-washers-of-iron-or-steel-excl-spring-was,2.37,,2.37,C
United Kingdom,GBR,73182300-rivets-of-iron-or-steel-excl-tubular-and,2.32,,2.32,C
United Kingdom,GBR,73182400-cotters-and-cotter-pins-of-iron-or-steel,2.31,,2.31,C
United Kingdom,GBR,73182900-non-threaded-articles-of-iron-or-steel,2.31,,2.31,C
United Kingdom,GBR,7326-articles-of-iron-or-steel-n-e-s-excl-cas,,,,
United Kingdom,GBR,73261100-grinding-balls-and-similar-articles-for,3.04,,3.04,C
United Kingdom,GBR,732619-articles-of-iron-or-steel-forged-or-stam,3.04,,3.04,C
United Kingdom,GBR,73262000-articles-of-iron-or-steel-wire-n-e-s,2.31,,2.31,C
United Kingdom,GBR,73269030-ladders-and-steps-of-iron-or-steel,2.31,,2.31,C
United Kingdom,GBR,73269040-pallets-and-similar-platforms-for-handli,2.31,,2.31,C
United Kingdom,GBR,73269050-reels-for-cables-piping-and-the-like-of,2.31,,2.31,C
United Kingdom,GBR,73269060-ventilators-non-mechanical-guttering-hoo,2.31,,2.31,C
United Kingdom,GBR,73269092-articles-of-iron-or-steel-open-die-forge,3.04,,3.04,C
United Kingdom,GBR,73269094-articles-of-iron-or-steel-closed-die-for,3.04,,3.04,C
United Kingdom,GBR,73269096-sintered-articles-of-iron-or-steel-n-e-s,3.04,,3.04,C
United Kingdom,GBR,73269098-articles-of-iron-or-steel-n-e-s,2.5,,2.5,C
United States,USA,2507008080-calcined-clay,0.22,0.09,0.31,
United States,USA,2523100010-white-clinker,1.32,0.05,1.37,B
United States,USA,2523100090-other-clinker-including-grey-clinker,1.16,0.03,1.19,A
United States,USA,25232100-white-portland-cement,1.24,0.14,1.38,
United States,USA,25232900-grey-portland-cement,1.16,0.06,1.21,
United States,USA,25233000-aluminous-cement,1.8,0.14,1.94,
United States,USA,2523900010-white-hydraulic-cement,1.29,0.16,1.45,B
United States,USA,2523900090-other-hydraulic-cements-including-grey-h,1.1,0.06,1.16,A
United States,USA,28080000-nitric-acid-sulphonitric-acids,1.87,0.03,1.9,
United States,USA,28141000-anhydrous-ammonia,3.32,0.09,3.41,
United States,USA,28142000-ammonia-in-aqueous-solution,1.0,0.03,1.02,
United States,USA,28342100-nitrate-of-potassium,1.86,0.04,1.91,
United States,USA,3102-mineral-or-chemical-fertilizers-nitrogen,,,,
United States,USA,31021012-urea-in-aqueous-solution-containing-45-n,0.74,0.02,0.76,
United States,USA,31021015-urea-in-aqueous-solution-containing-45-n,1.22,0.02,1.24,
United States,USA,31021019-urea-whether-or-not-in-aqueous-solution,2.22,0.07,2.29,
United States,USA,31021090-urea-whether-or-not-in-aqueous-solution,2.17,0.07,2.24,
United States,USA,31022100-ammonium-sulphate-excl-that-in-tablets-o,0.97,0.06,1.03,
United States,USA,31022900-double-salts-and-mixtures-of-ammonium-su,1.46,0.06,1.53,
United States,USA,31023010-ammonium-nitrate-in-aqueous-solution-exc,1.43,0.05,1.47,
United States,USA,31023090-ammonium-nitrate-excl-that-in-aqueous-so,2.19,0.07,2.27,
United States,USA,31024010-mixtures-of-ammonium-nitrate-with-calciu,1.91,0.07,1.98,
United States,USA,31024090-mixtures-of-ammonium-nitrate-with-calciu,1.91,0.07,1.98,
United States,USA,31025000-sodium-nitrate-excl-that-in-tablets-or-s,2.92,0.05,2.97,
United States,USA,31026000-double-salts-and-mixtures-of-calcium-nit,1.84,0.06,1.91,
United States,USA,31028000-mixtures-of-urea-and-ammonium-nitrate-in,1.68,0.06,1.74,
United States,USA,31029000-mineral-or-chemical-nitrogen-fertilisers,1.95,0.07,2.02,
United States,USA,3105-mineral-or-chemical-fertilisers-containi,,,,
United States,USA,31051000-mineral-or-chemical-fertilisers-of-anima,0.9,0.06,0.96,
United States,USA,31052010-mineral-or-chemical-fertilisers-containi,1.0,0.07,1.06,
United States,USA,31052090-mineral-or-chemical-fertilisers-containi,0.68,0.05,0.74,
United States,USA,31053000-diammonium-hydrogenorthophosphate-diammo,0.78,0.04,0.82,
United States,USA,31054000-ammonium-dihydrogenorthophosphate-monoam,0.5,0.03,0.53,
United States,USA,31055100-other-mineral-or-chemical-fertilisers-co,1.34,0.09,1.42,
United States,USA,31055900-other-mineral-or-chemical-fertilisers-co,0.9,0.1,1.01,
United States,USA,31059020-mineral-or-chemical-fertilisers-containi,1.28,0.05,1.34,
United States,USA,31059080-mineral-or-chemical-fertilisers-containi,0.67,0.04,0.71,
United States,USA,7601-unwrought-aluminium,1.7,,1.7,K
United States,USA,7603-aluminium-powders-and-flakes,2.032,,2.032,K
United States,USA,76041010-bars-and-rods,2.258,,2.258,K
United States,USA,76041090-profiles,2.278,,2.278,K
United States,USA,76042100-hollow-profiles,2.278,,2.278,K
United States,USA,76042910-bars-and-rods,2.258,,2.258,K
United States,USA,76042990-profiles,2.278,,2.278,K
United States,USA,7605-aluminium-wire,2.258,,2.258,K
United States,USA,7606-aluminium-plates-sheets-and-strip-of-a-t,2.73,,2.73,K
United States,USA,7607-aluminium-foil-whether-or-not-printed-or,2.73,,2.73,K
United States,USA,7608-aluminium-tubes-and-pipes,2.278,,2.278,K
United States,USA,76090000-aluminium-tube-or-pipe-fittings-for-exam,2.278,,2.278,K
United States,USA,76101000-doors-windows-and-their-frames-and-thres,2.278,,2.278,K
United States,USA,761090-other,2.278,,2.278,K
United States,USA,76109010-bridges-and-bridge-sections-towers-and-l,2.278,,2.278,K
United States,USA,76109090-other,2.278,,2.278,K
United States,USA,76110000-aluminium-reservoirs-tanks-vats-and-simi,2.73,,2.73,K
United States,USA,7612-aluminium-casks-drums-cans-boxes-and-sim,2.73,,2.73,K
United States,USA,76130000-aluminium-containers-for-compressed-or-l,2.73,,2.73,K
United States,USA,7614-stranded-wire-cables-plaited-bands-and-t,2.258,,2.258,K
United States,USA,76161000-nails-tacks-staples-other-than-those-of,2.73,,2.73,K
United States,USA,76169100-cloth-grill-netting-and-fencing-of-alumi,2.73,,2.73,K
United States,USA,76169910-cast,2.032,,2.032,K
United States,USA,76169990-other,2.73,,2.73,K
United States,USA,28041000-hydrogen,26.64,,26.64,
United States,USA,26011200-agglomerated-iron-ores-and-concentrates,0.66,0.02,0.68,
United States,USA,7201-pig-iron-and-spiegeleisen-in-pigs-blocks,1.21,,1.21,
United States,USA,720211-ferro-manganese-containing-by-weight-2-o,1.69,,1.69,
United States,USA,720219-ferro-manganese-containing-by-weight-2-c,,,,
United States,USA,720241-ferro-chromium-containing-by-weight-4-of,2.35,,2.35,
United States,USA,720249-ferro-chromium-containing-by-weight-4-of,,,,
United States,USA,72026000-ferro-nickel,3.48,,3.48,
United States,USA,7203-ferrous-products-obtained-by-direct-redu,0.45,,0.45,
United States,USA,7205-granules-and-powders-of-pig-iron-spiegel,2.425,,2.425,C/F
United States,USA,7206-iron-and-non-alloy-steel-in-ingots-or-ot,,,,
United States,USA,72061000-ingots-of-iron-and-non-alloy-steel-excl,1.33,,1.33,C
United States,USA,72069000-iron-and-non-alloy-steel-in-puddled-bars,1.33,,1.33,C
United States,USA,7207-semi-finished-products-of-iron-or-non-al,,,,
United States,USA,72071111-semi-finished-products-of-non-alloy-free,1.39,,1.39,C
United States,USA,72071114-semi-finished-products-of-iron-or-non-al,1.39,,1.39,C
United States,USA,72071116-semi-finished-products-of-iron-or-non-al,1.39,,1.39,C
United States,USA,72071190-semi-finished-products-of-iron-or-non-al,1.33,,1.33,C
United States,USA,72071210-semi-finished-products-of-iron-or-non-al,1.39,,1.39,C
United States,USA,72071290-semi-finished-products-of-iron-or-non-al,1.33,,1.33,C
United States,USA,72071912-semi-finished-products-of-iron-or-non-al,1.39,,1.39,C
United States,USA,72071919-semi-finished-products-of-iron-or-non-al,1.33,,1.33,C
United States,USA,72071980-semi-finished-products-of-iron-or-non-al,1.39,,1.39,C
United States,USA,72072011-semi-finished-products-of-non-alloy-free,1.39,,1.39,C
United States,USA,72072015-semi-finished-products-of-iron-or-non-al,1.39,,1.39,C
United States,USA,72072017-semi-finished-products-of-iron-or-non-al,1.39,,1.39,C
United States,USA,72072019-semi-finished-products-of-iron-or-non-al,1.33,,1.33,C
United States,USA,72072032-semi-finished-products-of-iron-or-non-al,1.39,,1.39,C
United States,USA,72072039-semi-finished-products-of-iron-or-non-al,1.33,,1.33,C
United States,USA,72072052-semi-finished-products-of-iron-or-non-al,1.39,,1.39,C
United States,USA,72072059-semi-finished-products-of-iron-or-non-al,1.33,,1.33,C
United States,USA,72072080-semi-finished-products-of-iron-or-non-al,1.39,,1.39,C
United States,USA,7208-flat-rolled-products-of-iron-or-non-allo,1.4,,1.4,C
United States,USA,7209-flat-rolled-products-of-iron-or-non-allo,1.44,,1.44,C
United States,USA,7210-flat-rolled-products-of-iron-or-non-allo,1.44,,1.44,C
United States,USA,7211-flat-rolled-products-of-iron-or-non-allo,,,,
United States,USA,72111300-flat-rolled-products-of-iron-or-non-allo,1.4,,1.4,C
United States,USA,72111400-flat-rolled-products-of-iron-or-non-allo,1.4,,1.4,C
United States,USA,72111900-flat-rolled-products-of-iron-or-non-allo,1.4,,1.4,C
United States,USA,721123-flat-rolled-products-of-iron-or-non-allo,1.44,,1.44,C
United States,USA,72112900-flat-rolled-products-of-iron-or-non-allo,1.44,,1.44,C
United States,USA,721190-flat-rolled-products-of-iron-or-non-allo,1.44,,1.44,C
United States,USA,7212-flat-rolled-products-of-iron-or-non-allo,1.44,,1.44,C
United States,USA,7213-bars-and-rods-of-iron-or-non-alloy-steel,1.39,,1.39,C
United States,USA,7214-bars-and-rods-of-iron-or-non-alloy-steel,,,,
United States,USA,72141000-bars-and-rods-of-iron-or-non-alloy-steel,1.33,,1.33,C
United States,USA,72142000-bars-and-rods-of-iron-or-non-alloy-steel,1.39,,1.39,C
United States,USA,72143000-bars-and-rods-of-non-alloy-free-cutting,1.39,,1.39,C
United States,USA,721491-bars-and-rods-of-iron-or-non-alloy-steel,1.39,,1.39,C
United States,USA,721499-bars-and-rods-of-iron-or-non-alloy-steel,1.39,,1.39,C
United States,USA,7215-bars-and-rods-of-iron-or-non-alloy-steel,1.39,,1.39,C
United States,USA,7216-angles-shapes-and-sections-of-iron-or-no,1.39,,1.39,C
United States,USA,7217-wire-of-iron-or-non-alloy-steel-in-coils,,,,
United States,USA,721710-wire-of-iron-or-non-alloy-steel-in-coils,1.39,,1.39,C
United States,USA,721720-wire-of-iron-or-non-alloy-steel-in-coils,1.39,,1.39,C
United States,USA,721730-wire-of-iron-or-non-alloy-steel-in-coils,1.39,,1.39,C
United States,USA,721790-wire-of-iron-or-non-alloy-steel-in-coils,1.39,,1.39,C
United States,USA,7218-stainless-steel-in-ingots-or-other-prima,,,,
United States,USA,72181000-steel-stainless-in-ingots-and-other-prim,3.11,,3.11,
United States,USA,721891-semi-finished-products-of-stainless-stee,3.22,,3.22,
United States,USA,72189911-semi-finished-products-of-stainless-stee,3.22,,3.22,
United States,USA,72189919-semi-finished-products-of-stainless-stee,3.11,,3.11,
United States,USA,72189920-semi-finished-products-of-stainless-stee,3.22,,3.22,
United States,USA,72189980-semi-finished-products-of-stainless-stee,3.11,,3.11,
United States,USA,7219-flat-rolled-products-of-stainless-steel,,,,
United States,USA,72191100-flat-rolled-products-of-stainless-steel,3.22,,3.22,
United States,USA,721912-flat-rolled-products-of-stainless-steel,3.22,,3.22,
United States,USA,721913-flat-rolled-products-of-stainless-steel,3.22,,3.22,
United States,USA,721914-flat-rolled-products-of-stainless-steel,3.22,,3.22,
United States,USA,721921-flat-rolled-products-of-stainless-steel,3.22,,3.22,
United States,USA,721922-flat-rolled-products-of-stainless-steel,3.22,,3.22,
United States,USA,72192300-flat-rolled-products-of-stainless-steel,3.22,,3.22,
United States,USA,72192400-flat-rolled-products-of-stainless-steel,3.22,,3.22,
United States,USA,72193100-flat-rolled-products-of-stainless-steel,3.27,,3.27,
United States,USA,721932-flat-rolled-products-of-stainless-steel,3.27,,3.27,
United States,USA,721933-flat-rolled-products-of-stainless-steel,3.27,,3.27,
United States,USA,721934-flat-rolled-products-of-stainless-steel,3.27,,3.27,
United States,USA,721935-flat-rolled-products-of-stainless-steel,3.27,,3.27,
United States,USA,721990-flat-rolled-products-of-stainless-steel,3.27,,3.27,
United States,USA,7220-flat-rolled-products-of-stainless-steel,,,,
United States,USA,72201100-flat-rolled-products-of-stainless-steel,3.22,,3.22,
United States,USA,72201200-flat-rolled-products-of-stainless-steel,3.22,,3.22,
United States,USA,722020-flat-rolled-products-of-stainless-steel,3.27,,3.27,
United States,USA,722090-flat-rolled-products-of-stainless-steel,3.27,,3.27,
United States,USA,7221-bars-and-rods-of-stainless-steel-hot-rol,3.27,,3.27,
United States,USA,7222-other-bars-and-rods-of-stainless-steel-a,,,,
United States,USA,722211-bars-and-rods-of-stainless-steel-only-ho,3.27,,3.27,
United States,USA,722219-bars-and-rods-of-stainless-steel-only-ho,3.27,,3.27,
United States,USA,722220-other-bars-and-rods-of-stainless-steel-n,3.27,,3.27,
United States,USA,722230-other-bars-and-rods-of-stainless-steel-c,3.11,,3.11,
United States,USA,722240-angles-shapes-and-sections-of-stainless,3.27,,3.27,
United States,USA,7223-wire-of-stainless-steel-in-coils-excl-ba,,,,
United States,USA,722300-wire-of-stainless-steel-in-coils-excl-ba,3.27,,3.27,
United States,USA,7224-steel-alloy-other-than-stainless-in-ingo,,,,
United States,USA,722410-steel-alloy-other-than-stainless-in-ingo,3.49,,3.49,F
United States,USA,72249002-semi-finished-products-of-tool-steel,3.59,,3.59,F
United States,USA,72249003-semi-finished-products-of-high-speed-ste,3.59,,3.59,F
United States,USA,72249005-semi-finished-products-of-steel-containi,3.59,,3.59,F
United States,USA,72249007-semi-finished-products-of-alloy-steel-ot,3.59,,3.59,F
United States,USA,72249014-semi-finished-products-of-alloy-steel-ot,3.59,,3.59,F
United States,USA,72249018-semi-finished-products-of-alloy-steel-ot,3.49,,3.49,F
United States,USA,72249031-semi-finished-products-of-steel-containi,3.59,,3.59,F
United States,USA,72249038-semi-finished-products-of-alloy-steel-ot,3.59,,3.59,F
United States,USA,72249090-semi-finished-products-of-alloy-steel-ot,3.49,,3.49,F
United States,USA,7225-flat-rolled-products-of-alloy-steel-othe,,,,
United States,USA,72251100-flat-rolled-products-of-silicon-electric,4.73,,4.73,C
United States,USA,72251910-flat-rolled-products-of-silicon-electric,3.59,,3.59,C
United States,USA,72251990-flat-rolled-products-of-silicon-electric,3.64,,3.64,C
United States,USA,722530-flat-rolled-products-of-alloy-steel-othe,3.59,,3.59,F
United States,USA,722540-flat-rolled-products-of-alloy-steel-othe,3.59,,3.59,F
United States,USA,722550-flat-rolled-products-of-alloy-steel-othe,3.64,,3.64,F
United States,USA,72259100-flat-rolled-products-of-alloy-steel-othe,3.64,,3.64,F
United States,USA,72259200-flat-rolled-products-of-alloy-steel-othe,3.64,,3.64,F
United States,USA,72259900-flat-rolled-products-of-alloy-steel-othe,3.64,,3.64,F
United States,USA,7226-flat-rolled-products-of-alloy-steel-othe,,,,
United States,USA,72261100-flat-rolled-products-of-silicon-electric,4.73,,4.73,C
United States,USA,72261910-flat-rolled-products-of-silicon-electric,3.59,,3.59,C
United States,USA,72261980-flat-rolled-products-of-silicon-electric,3.64,,3.64,C
United States,USA,72262000-flat-rolled-products-of-high-speed-steel,3.59,,3.59,F
United States,USA,722691-flat-rolled-products-of-alloy-steel-othe,3.59,,3.59,F
United States,USA,72269200-flat-rolled-products-of-alloy-steel-othe,3.64,,3.64,F
United States,USA,722699-flat-rolled-products-of-alloy-steel-othe,3.64,,3.64,F
United States,USA,7227-bars-and-rods-of-alloy-steel-other-than,3.64,,3.64,C/F
United States,USA,7228-other-bars-and-rods-of-alloy-steel-other,,,,
United States,USA,72281020-bars-and-rods-of-high-speed-steel-not-fu,3.64,,3.64,F
United States,USA,72281050-bars-and-rods-of-high-speed-steel-forged,3.49,,3.49,F
United States,USA,72281090-bars-and-rods-of-high-speed-steel-not-fu,3.64,,3.64,F
United States,USA,722820-bars-and-rods-of-silico-manganese-steel,3.64,,3.64,F
United States,USA,722830-bars-and-rods-of-alloy-steel-other-than,3.64,,3.64,C/F
United States,USA,722840-bars-and-rods-of-alloy-steel-other-than,3.49,,3.49,F
United States,USA,722850-bars-and-rods-of-alloy-steel-other-than,3.64,,3.64,C/F
United States,USA,722860-bars-and-rods-of-alloy-steel-other-than,3.64,,3.64,F
United States,USA,722870-angles-shapes-and-sections-of-alloy-stee,3.64,,3.64,F
United States,USA,72288000-hollow-drill-bars-and-rods-of-alloy-or-n,3.64,,3.64,F
United States,USA,7229-wire-of-alloy-steel-other-than-stainless,3.64,,3.64,C/F
United States,USA,7301-sheet-piling-of-iron-or-steel-whether-or,1.44,,1.44,C
United States,USA,7302-railway-or-tramway-track-construction-ma,2.74,,2.74,C
United States,USA,7303-tubes-pipes-and-hollow-profiles-of-cast,,,,
United States,USA,730300-tubes-pipes-and-hollow-profiles-of-cast,1.85,,1.85,
United States,USA,7304-tubes-pipes-and-hollow-profiles-seamless,,,,
United States,USA,73041100-line-pipe-of-a-kind-used-for-oil-or-gas,3.19,,3.19,
United States,USA,730419-line-pipe-of-a-kind-used-for-oil-or-gas,1.974,,1.974,C
United States,USA,73042200-drill-pipe-seamless-of-stainless-steel-o,3.19,,3.19,
United States,USA,73042300-drill-pipe-seamless-of-a-kind-used-in-dr,1.974,,1.974,C
United States,USA,73042400-casing-and-tubing-seamless-of-a-kind-use,3.19,,3.19,
United States,USA,730429-casing-and-tubing-seamless-of-iron-or-st,1.974,,1.974,C
United States,USA,730431-tubes-pipes-and-hollow-profiles-seamless,1.974,,1.974,C
United States,USA,730439-tubes-pipes-and-hollow-profiles-seamless,1.974,,1.974,C
United States,USA,73044100-tubes-pipes-and-hollow-profiles-seamless,3.19,,3.19,
United States,USA,730449-tubes-pipes-and-hollow-profiles-seamless,3.19,,3.19,
United States,USA,730451-tubes-pipes-and-hollow-profiles-seamless,1.974,,1.974,F
United States,USA,730459-tubes-pipes-and-hollow-profiles-seamless,1.974,,1.974,C/F
United States,USA,73049000-tubes-pipes-and-hollow-profiles-seamless,1.974,,1.974,C
United States,USA,7305-tubes-and-pipes-having-circular-cross-se,1.44,,1.44,C
United States,USA,7306-tubes-pipes-and-hollow-profiles-e-g-open,,,,
United States,USA,73061100-line-pipe-of-a-kind-used-for-oil-or-gas,3.27,,3.27,
United States,USA,73061900-line-pipe-of-a-kind-used-for-oil-or-gas,1.44,,1.44,C
United States,USA,73062100-casing-and-tubing-of-a-kind-used-in-dril,3.27,,3.27,
United States,USA,73062900-casing-and-tubing-of-a-kind-used-in-dril,1.44,,1.44,C
United States,USA,73063012-precision-tubes-welded-of-circular-cross,1.44,,1.44,C
United States,USA,73063018-precision-tubes-welded-of-circular-cross,1.4,,1.4,C
United States,USA,73063041-threaded-or-threadable-tubes-gas-pipe-we,1.44,,1.44,C
United States,USA,73063049-threaded-or-threadable-tubes-gas-pipe-we,1.44,,1.44,C
United States,USA,73063072-other-tubes-pipes-and-hollow-profiles-we,1.44,,1.44,C
United States,USA,73063077-other-tubes-pipes-and-hollow-profiles-we,1.44,,1.44,C
United States,USA,73063080-tubes-pipes-and-hollow-profiles-welded-h,1.44,,1.44,C
United States,USA,73064020-tubes-pipes-and-hollow-profiles-welded-o,3.27,,3.27,
United States,USA,73064080-tubes-pipes-and-hollow-profiles-welded-o,3.22,,3.22,
United States,USA,73065021-precision-steel-tubes-welded-of-circular,1.48,,1.48,F
United States,USA,73065029-precision-steel-tubes-welded-of-circular,1.43,,1.43,F
United States,USA,73065080-tubes-pipes-and-hollow-profiles-welded-o,1.48,,1.48,F
United States,USA,73066110-tubes-and-pipes-and-hollow-profiles-weld,3.27,,3.27,
United States,USA,73066192-tubes-and-pipes-and-hollow-profiles-weld,1.44,,1.44,C
United States,USA,73066199-tubes-and-pipes-and-hollow-profiles-weld,1.44,,1.44,C
United States,USA,73066910-tubes-pipes-and-hollow-profiles-welded-o,3.27,,3.27,
United States,USA,73066990-tubes-pipes-and-hollow-profiles-welded-o,1.44,,1.44,C
United States,USA,73069000-tubes-pipes-and-hollow-profiles-e-g-open,1.44,,1.44,C
United States,USA,7307-tube-or-pipe-fittings-e-g-couplings-elbo,,,,
United States,USA,730711-tube-or-pipe-fittings-of-non-malleable-c,1.26,,1.26,
United States,USA,73071910-tube-or-pipe-fittings-of-cast-iron-excl,1.26,,1.26,
United States,USA,73071990-cast-tube-or-pipe-fittings-of-steel,1.33,,1.33,C
United States,USA,73072100-flanges-of-stainless-steel-excl-cast-pro,2.8,,2.8,
United States,USA,730722-threaded-elbows-bends-and-sleeves-of-sta,2.8,,2.8,
United States,USA,730723-butt-welding-tube-or-pipe-fittings-of-st,2.8,,2.8,
United States,USA,730729-tube-or-pipe-fittings-of-stainless-steel,2.8,,2.8,
United States,USA,73079100-flanges-of-iron-or-steel-excl-cast-or-st,1.41,,1.41,C
United States,USA,730792-threaded-elbows-bends-and-sleeves-of-sta,1.41,,1.41,C
United States,USA,730793-butt-welding-fittings-of-iron-or-steel-e,1.41,,1.41,C
United States,USA,730799-tube-or-pipe-fittings-of-iron-or-steel-e,1.41,,1.41,C
United States,USA,7308-structures-and-parts-of-structures-e-g-b,2.9,,2.9,C
United States,USA,7309-reservoirs-tanks-vats-and-similar-contai,3.19,,3.19,C
United States,USA,7310-tanks-casks-drums-cans-boxes-and-similar,1.44,,1.44,C
United States,USA,7311-containers-of-iron-or-steel-for-compress,,,,
United States,USA,731100-containers-of-iron-or-steel-for-compress,3.73,,3.73,C
United States,USA,7318-screws-bolts-nuts-coach-screws-screw-hoo,,,,
United States,USA,73181100-coach-screws-of-iron-or-steel,1.39,,1.39,C
United States,USA,73181210-wood-screws-of-stainless-steel-excl-coac,3.17,,3.17,
United States,USA,73181290-wood-screws-of-iron-or-steel-other-than,1.39,,1.39,C
United States,USA,73181300-screw-hooks-and-screw-rings-of-iron-or-s,1.39,,1.39,C
United States,USA,73181410-self-tapping-screws-of-stainless-steel-e,3.17,,3.17,
United States,USA,73181491-spaced-thread-screws-of-iron-or-steel-ot,1.39,,1.39,C
United States,USA,73181499-self-tapping-screws-of-iron-or-steel-oth,1.39,,1.39,C
United States,USA,731815-threaded-screws-and-bolts-of-iron-or-ste,2.58,,2.58,C
United States,USA,731816-nuts-of-iron-or-steel,3.03,,3.03,C
United States,USA,73181900-threaded-articles-of-iron-or-steel-n-e-s,1.39,,1.39,C
United States,USA,73182100-spring-washers-and-other-lock-washers-of,1.39,,1.39,C
United States,USA,73182200-washers-of-iron-or-steel-excl-spring-was,1.83,,1.83,C
United States,USA,73182300-rivets-of-iron-or-steel-excl-tubular-and,1.68,,1.68,C
United States,USA,73182400-cotters-and-cotter-pins-of-iron-or-steel,1.39,,1.39,C
United States,USA,73182900-non-threaded-articles-of-iron-or-steel,1.39,,1.39,C
United States,USA,7326-articles-of-iron-or-steel-n-e-s-excl-cas,,,,
United States,USA,73261100-grinding-balls-and-similar-articles-for,1.33,,1.33,C
United States,USA,732619-articles-of-iron-or-steel-forged-or-stam,1.33,,1.33,C
United States,USA,73262000-articles-of-iron-or-steel-wire-n-e-s,1.39,,1.39,C
United States,USA,73269030-ladders-and-steps-of-iron-or-steel,1.39,,1.39,C
United States,USA,73269040-pallets-and-similar-platforms-for-handli,1.39,,1.39,C
United States,USA,73269050-reels-for-cables-piping-and-the-like-of,1.39,,1.39,C
United States,USA,73269060-ventilators-non-mechanical-guttering-hoo,1.39,,1.39,C
United States,USA,73269092-articles-of-iron-or-steel-open-die-forge,1.33,,1.33,C
United States,USA,73269094-articles-of-iron-or-steel-closed-die-for,1.33,,1.33,C
United States,USA,73269096-sintered-articles-of-iron-or-steel-n-e-s,1.33,,1.33,C
United States,USA,73269098-articles-of-iron-or-steel-n-e-s,1.44,,1.44,C
Uruguay,URY,2507008080-calcined-clay,,,,
Uruguay,URY,2523100010-white-clinker,,,,
Uruguay,URY,2523100090-other-clinker-including-grey-clinker,1.09,0.01,1.1,A
Uruguay,URY,25232100-white-portland-cement,,,,
Uruguay,URY,25232900-grey-portland-cement,1.09,0.02,1.11,
Uruguay,URY,25233000-aluminous-cement,,,,
Uruguay,URY,2523900010-white-hydraulic-cement,,,,
Uruguay,URY,2523900090-other-hydraulic-cements-including-grey-h,1.04,0.03,1.06,A
Uruguay,URY,28080000-nitric-acid-sulphonitric-acids,1.8,0.02,1.82,
Uruguay,URY,28141000-anhydrous-ammonia,,,,
Uruguay,URY,28142000-ammonia-in-aqueous-solution,0.68,0.02,0.7,
Uruguay,URY,28342100-nitrate-of-potassium,1.61,0.04,1.65,
Uruguay,URY,3102-mineral-or-chemical-fertilizers-nitrogen,,,,
Uruguay,URY,31021012-urea-in-aqueous-solution-containing-45-n,0.5,0.02,0.53,
Uruguay,URY,31021015-urea-in-aqueous-solution-containing-45-n,0.83,0.02,0.86,
Uruguay,URY,31021019-urea-whether-or-not-in-aqueous-solution,1.52,0.06,1.58,
Uruguay,URY,31021090-urea-whether-or-not-in-aqueous-solution,1.48,0.06,1.55,
Uruguay,URY,31022100-ammonium-sulphate-excl-that-in-tablets-o,0.66,0.05,0.71,
Uruguay,URY,31022900-double-salts-and-mixtures-of-ammonium-su,1.15,0.06,1.21,
Uruguay,URY,31023010-ammonium-nitrate-in-aqueous-solution-exc,1.23,0.04,1.27,
Uruguay,URY,31023090-ammonium-nitrate-excl-that-in-aqueous-so,1.89,0.06,1.95,
Uruguay,URY,31024010-mixtures-of-ammonium-nitrate-with-calciu,1.63,0.06,1.69,
Uruguay,URY,31024090-mixtures-of-ammonium-nitrate-with-calciu,1.63,0.06,1.69,
Uruguay,URY,31025000-sodium-nitrate-excl-that-in-tablets-or-s,2.81,0.04,2.85,
Uruguay,URY,31026000-double-salts-and-mixtures-of-calcium-nit,1.58,0.06,1.64,
Uruguay,URY,31028000-mixtures-of-urea-and-ammonium-nitrate-in,1.32,0.05,1.38,
Uruguay,URY,31029000-mineral-or-chemical-nitrogen-fertilisers,1.46,0.06,1.52,
Uruguay,URY,3105-mineral-or-chemical-fertilisers-containi,,,,
Uruguay,URY,31051000-mineral-or-chemical-fertilisers-of-anima,0.69,0.05,0.74,
Uruguay,URY,31052010-mineral-or-chemical-fertilisers-containi,0.82,0.06,0.88,
Uruguay,URY,31052090-mineral-or-chemical-fertilisers-containi,0.56,0.05,0.61,
Uruguay,URY,31053000-diammonium-hydrogenorthophosphate-diammo,0.53,0.04,0.57,
Uruguay,URY,31054000-ammonium-dihydrogenorthophosphate-monoam,0.34,0.03,0.37,
Uruguay,URY,31055100-other-mineral-or-chemical-fertilisers-co,1.12,0.08,1.2,
Uruguay,URY,31055900-other-mineral-or-chemical-fertilisers-co,0.61,0.08,0.68,
Uruguay,URY,31059020-mineral-or-chemical-fertilisers-containi,1.08,0.05,1.13,
Uruguay,URY,31059080-mineral-or-chemical-fertilisers-containi,0.56,0.03,0.59,
Uruguay,URY,7601-unwrought-aluminium,0.36,,0.36,L
Uruguay,URY,7603-aluminium-powders-and-flakes,2.42,,2.42,L
Uruguay,URY,76041010-bars-and-rods,2.64,,2.64,L
Uruguay,URY,76041090-profiles,2.66,,2.66,L
Uruguay,URY,76042100-hollow-profiles,2.66,,2.66,L
Uruguay,URY,76042910-bars-and-rods,2.64,,2.64,L
Uruguay,URY,76042990-profiles,2.66,,2.66,L
Uruguay,URY,7605-aluminium-wire,2.64,,2.64,L
Uruguay,URY,7606-aluminium-plates-sheets-and-strip-of-a-t,3.1,,3.1,L
Uruguay,URY,7607-aluminium-foil-whether-or-not-printed-or,3.1,,3.1,L
Uruguay,URY,7608-aluminium-tubes-and-pipes,2.66,,2.66,L
Uruguay,URY,76090000-aluminium-tube-or-pipe-fittings-for-exam,2.66,,2.66,L
Uruguay,URY,76101000-doors-windows-and-their-frames-and-thres,2.66,,2.66,L
Uruguay,URY,761090-other,2.66,,2.66,L
Uruguay,URY,76109010-bridges-and-bridge-sections-towers-and-l,2.66,,2.66,L
Uruguay,URY,76109090-other,2.66,,2.66,L
Uruguay,URY,76110000-aluminium-reservoirs-tanks-vats-and-simi,3.1,,3.1,L
Uruguay,URY,7612-aluminium-casks-drums-cans-boxes-and-sim,3.1,,3.1,L
Uruguay,URY,76130000-aluminium-containers-for-compressed-or-l,3.1,,3.1,L
Uruguay,URY,7614-stranded-wire-cables-plaited-bands-and-t,2.64,,2.64,L
Uruguay,URY,76161000-nails-tacks-staples-other-than-those-of,3.1,,3.1,L
Uruguay,URY,76169100-cloth-grill-netting-and-fencing-of-alumi,3.1,,3.1,L
Uruguay,URY,76169910-cast,2.42,,2.42,L
Uruguay,URY,76169990-other,3.1,,3.1,L
Uruguay,URY,28041000-hydrogen,10.82,,10.82,
Uzbekistan,UZB,2507008080-calcined-clay,,,,
Uzbekistan,UZB,2523100010-white-clinker,,,,
Uzbekistan,UZB,2523100090-other-clinker-including-grey-clinker,1.36,0.03,1.39,A
Uzbekistan,UZB,25232100-white-portland-cement,,,,
Uzbekistan,UZB,25232900-grey-portland-cement,1.36,0.06,1.41,
Uzbekistan,UZB,25233000-aluminous-cement,,,,
Uzbekistan,UZB,2523900010-white-hydraulic-cement,,,,
Uzbekistan,UZB,2523900090-other-hydraulic-cements-including-grey-h,1.29,0.06,1.35,A
Uzbekistan,UZB,28080000-nitric-acid-sulphonitric-acids,2.73,0.04,2.77,
Uzbekistan,UZB,28141000-anhydrous-ammonia,2.16,0.14,2.3,
Uzbekistan,UZB,28142000-ammonia-in-aqueous-solution,0.65,0.04,0.69,
Uzbekistan,UZB,28342100-nitrate-of-potassium,2.21,0.06,2.27,
Uzbekistan,UZB,3102-mineral-or-chemical-fertilizers-nitrogen,,,,
Uzbekistan,UZB,31021012-urea-in-aqueous-solution-containing-45-n,0.49,0.04,0.52,
Uzbekistan,UZB,31021015-urea-in-aqueous-solution-containing-45-n,0.81,0.04,0.84,
Uzbekistan,UZB,31021019-urea-whether-or-not-in-aqueous-solution,1.47,0.1,1.57,
Uzbekistan,UZB,31021090-urea-whether-or-not-in-aqueous-solution,1.44,0.1,1.54,
Uzbekistan,UZB,31022100-ammonium-sulphate-excl-that-in-tablets-o,0.64,0.08,0.71,
Uzbekistan,UZB,31022900-double-salts-and-mixtures-of-ammonium-su,1.42,0.09,1.5,
Uzbekistan,UZB,31023010-ammonium-nitrate-in-aqueous-solution-exc,1.67,0.07,1.74,
Uzbekistan,UZB,31023090-ammonium-nitrate-excl-that-in-aqueous-so,2.57,0.1,2.67,
Uzbekistan,UZB,31024010-mixtures-of-ammonium-nitrate-with-calciu,2.2,0.09,2.3,
Uzbekistan,UZB,31024090-mixtures-of-ammonium-nitrate-with-calciu,2.2,0.09,2.3,
Uzbekistan,UZB,31025000-sodium-nitrate-excl-that-in-tablets-or-s,4.26,0.07,4.33,
Uzbekistan,UZB,31026000-double-salts-and-mixtures-of-calcium-nit,2.15,0.09,2.24,
Uzbekistan,UZB,31028000-mixtures-of-urea-and-ammonium-nitrate-in,1.61,0.08,1.7,
Uzbekistan,UZB,31029000-mineral-or-chemical-nitrogen-fertilisers,1.66,0.1,1.75,
Uzbekistan,UZB,3105-mineral-or-chemical-fertilisers-containi,,,,
Uzbekistan,UZB,31051000-mineral-or-chemical-fertilisers-of-anima,0.82,0.08,0.89,
Uzbekistan,UZB,31052010-mineral-or-chemical-fertilisers-containi,1.08,0.09,1.17,
Uzbekistan,UZB,31052090-mineral-or-chemical-fertilisers-containi,0.73,0.07,0.8,
Uzbekistan,UZB,31053000-diammonium-hydrogenorthophosphate-diammo,0.51,0.06,0.57,
Uzbekistan,UZB,31054000-ammonium-dihydrogenorthophosphate-monoam,0.32,0.05,0.37,
Uzbekistan,UZB,31055100-other-mineral-or-chemical-fertilisers-co,1.48,0.12,1.6,
Uzbekistan,UZB,31055900-other-mineral-or-chemical-fertilisers-co,0.59,0.1,0.69,
Uzbekistan,UZB,31059020-mineral-or-chemical-fertilisers-containi,1.45,0.07,1.52,
Uzbekistan,UZB,31059080-mineral-or-chemical-fertilisers-containi,0.74,0.05,0.79,
Uzbekistan,UZB,7601-unwrought-aluminium,0.36,,0.36,L
Uzbekistan,UZB,7603-aluminium-powders-and-flakes,1.06,,1.06,L
Uzbekistan,UZB,76041010-bars-and-rods,1.29,,1.29,L
Uzbekistan,UZB,76041090-profiles,1.3,,1.3,L
Uzbekistan,UZB,76042100-hollow-profiles,1.3,,1.3,L
Uzbekistan,UZB,76042910-bars-and-rods,1.29,,1.29,L
Uzbekistan,UZB,76042990-profiles,1.3,,1.3,L
Uzbekistan,UZB,7605-aluminium-wire,1.29,,1.29,L
Uzbekistan,UZB,7606-aluminium-plates-sheets-and-strip-of-a-t,1.74,,1.74,L
Uzbekistan,UZB,7607-aluminium-foil-whether-or-not-printed-or,1.74,,1.74,L
Uzbekistan,UZB,7608-aluminium-tubes-and-pipes,1.3,,1.3,L
Uzbekistan,UZB,76090000-aluminium-tube-or-pipe-fittings-for-exam,1.3,,1.3,L
Uzbekistan,UZB,76101000-doors-windows-and-their-frames-and-thres,1.3,,1.3,L
Uzbekistan,UZB,761090-other,1.3,,1.3,L
Uzbekistan,UZB,76109010-bridges-and-bridge-sections-towers-and-l,1.3,,1.3,L
Uzbekistan,UZB,76109090-other,1.3,,1.3,L
Uzbekistan,UZB,76110000-aluminium-reservoirs-tanks-vats-and-simi,1.74,,1.74,L
Uzbekistan,UZB,7612-aluminium-casks-drums-cans-boxes-and-sim,1.74,,1.74,L
Uzbekistan,UZB,76130000-aluminium-containers-for-compressed-or-l,1.74,,1.74,L
Uzbekistan,UZB,7614-stranded-wire-cables-plaited-bands-and-t,1.29,,1.29,L
Uzbekistan,UZB,76161000-nails-tacks-staples-other-than-those-of,1.74,,1.74,L
Uzbekistan,UZB,76169100-cloth-grill-netting-and-fencing-of-alumi,1.74,,1.74,L
Uzbekistan,UZB,76169910-cast,1.06,,1.06,L
Uzbekistan,UZB,76169990-other,1.74,,1.74,L
Uzbekistan,UZB,28041000-hydrogen,10.82,,10.82,
Uzbekistan,UZB,26011200-agglomerated-iron-ores-and-concentrates,0.39,0.35,0.74,
Uzbekistan,UZB,7201-pig-iron-and-spiegeleisen-in-pigs-blocks,,,,
Uzbekistan,UZB,720211-ferro-manganese-containing-by-weight-2-o,,,,
Uzbekistan,UZB,720219-ferro-manganese-containing-by-weight-2-c,,,,
Uzbekistan,UZB,720241-ferro-chromium-containing-by-weight-4-of,2.35,,2.35,
Uzbekistan,UZB,720249-ferro-chromium-containing-by-weight-4-of,,,,
Uzbekistan,UZB,72026000-ferro-nickel,,,,
Uzbekistan,UZB,7203-ferrous-products-obtained-by-direct-redu,,,,
Uzbekistan,UZB,7205-granules-and-powders-of-pig-iron-spiegel,3.67,,3.67,E/H
Uzbekistan,UZB,7206-iron-and-non-alloy-steel-in-ingots-or-ot,,,,
Uzbekistan,UZB,72061000-ingots-of-iron-and-non-alloy-steel-excl,3.15,,3.15,E
Uzbekistan,UZB,72069000-iron-and-non-alloy-steel-in-puddled-bars,3.21,,3.21,E
Uzbekistan,UZB,7207-semi-finished-products-of-iron-or-non-al,,,,
Uzbekistan,UZB,72071111-semi-finished-products-of-non-alloy-free,3.21,,3.21,E
Uzbekistan,UZB,72071114-semi-finished-products-of-iron-or-non-al,3.21,,3.21,E
Uzbekistan,UZB,72071116-semi-finished-products-of-iron-or-non-al,3.21,,3.21,E
Uzbekistan,UZB,72071190-semi-finished-products-of-iron-or-non-al,3.15,,3.15,E
Uzbekistan,UZB,72071210-semi-finished-products-of-iron-or-non-al,3.21,,3.21,E
Uzbekistan,UZB,72071290-semi-finished-products-of-iron-or-non-al,3.15,,3.15,E
Uzbekistan,UZB,72071912-semi-finished-products-of-iron-or-non-al,3.21,,3.21,E
Uzbekistan,UZB,72071919-semi-finished-products-of-iron-or-non-al,3.15,,3.15,E
Uzbekistan,UZB,72071980-semi-finished-products-of-iron-or-non-al,3.21,,3.21,E
Uzbekistan,UZB,72072011-semi-finished-products-of-non-alloy-free,3.21,,3.21,E
Uzbekistan,UZB,72072015-semi-finished-products-of-iron-or-non-al,3.21,,3.21,E
Uzbekistan,UZB,72072017-semi-finished-products-of-iron-or-non-al,3.21,,3.21,E
Uzbekistan,UZB,72072019-semi-finished-products-of-iron-or-non-al,3.15,,3.15,E
Uzbekistan,UZB,72072032-semi-finished-products-of-iron-or-non-al,3.21,,3.21,E
Uzbekistan,UZB,72072039-semi-finished-products-of-iron-or-non-al,3.15,,3.15,E
Uzbekistan,UZB,72072052-semi-finished-products-of-iron-or-non-al,3.21,,3.21,E
Uzbekistan,UZB,72072059-semi-finished-products-of-iron-or-non-al,3.15,,3.15,E
Uzbekistan,UZB,72072080-semi-finished-products-of-iron-or-non-al,3.21,,3.21,E
Uzbekistan,UZB,7208-flat-rolled-products-of-iron-or-non-allo,3.21,,3.21,E
Uzbekistan,UZB,7209-flat-rolled-products-of-iron-or-non-allo,3.21,,3.21,E
Uzbekistan,UZB,7210-flat-rolled-products-of-iron-or-non-allo,3.21,,3.21,E
Uzbekistan,UZB,7211-flat-rolled-products-of-iron-or-non-allo,,,,
Uzbekistan,UZB,72111300-flat-rolled-products-of-iron-or-non-allo,3.21,,3.21,E
Uzbekistan,UZB,72111400-flat-rolled-products-of-iron-or-non-allo,3.21,,3.21,E
Uzbekistan,UZB,72111900-flat-rolled-products-of-iron-or-non-allo,3.21,,3.21,E
Uzbekistan,UZB,721123-flat-rolled-products-of-iron-or-non-allo,3.21,,3.21,E
Uzbekistan,UZB,72112900-flat-rolled-products-of-iron-or-non-allo,3.21,,3.21,E
Uzbekistan,UZB,721190-flat-rolled-products-of-iron-or-non-allo,3.21,,3.21,E
Uzbekistan,UZB,7212-flat-rolled-products-of-iron-or-non-allo,3.21,,3.21,E
Uzbekistan,UZB,7213-bars-and-rods-of-iron-or-non-alloy-steel,3.21,,3.21,E
Uzbekistan,UZB,7214-bars-and-rods-of-iron-or-non-alloy-steel,,,,
Uzbekistan,UZB,72141000-bars-and-rods-of-iron-or-non-alloy-steel,3.15,,3.15,E
Uzbekistan,UZB,72142000-bars-and-rods-of-iron-or-non-alloy-steel,3.21,,3.21,E
Uzbekistan,UZB,72143000-bars-and-rods-of-non-alloy-free-cutting,3.21,,3.21,E
Uzbekistan,UZB,721491-bars-and-rods-of-iron-or-non-alloy-steel,3.21,,3.21,E
Uzbekistan,UZB,721499-bars-and-rods-of-iron-or-non-alloy-steel,3.21,,3.21,E
Uzbekistan,UZB,7215-bars-and-rods-of-iron-or-non-alloy-steel,3.21,,3.21,E
Uzbekistan,UZB,7216-angles-shapes-and-sections-of-iron-or-no,3.21,,3.21,E
Uzbekistan,UZB,7217-wire-of-iron-or-non-alloy-steel-in-coils,,,,
Uzbekistan,UZB,721710-wire-of-iron-or-non-alloy-steel-in-coils,3.21,,3.21,E
Uzbekistan,UZB,721720-wire-of-iron-or-non-alloy-steel-in-coils,3.21,,3.21,E
Uzbekistan,UZB,721730-wire-of-iron-or-non-alloy-steel-in-coils,3.21,,3.21,E
Uzbekistan,UZB,721790-wire-of-iron-or-non-alloy-steel-in-coils,3.21,,3.21,E
Uzbekistan,UZB,7218-stainless-steel-in-ingots-or-other-prima,,,,
Uzbekistan,UZB,72181000-steel-stainless-in-ingots-and-other-prim,3.05,,3.05,
Uzbekistan,UZB,721891-semi-finished-products-of-stainless-stee,3.12,,3.12,
Uzbekistan,UZB,72189911-semi-finished-products-of-stainless-stee,3.12,,3.12,
Uzbekistan,UZB,72189919-semi-finished-products-of-stainless-stee,3.05,,3.05,
Uzbekistan,UZB,72189920-semi-finished-products-of-stainless-stee,3.12,,3.12,
Uzbekistan,UZB,72189980-semi-finished-products-of-stainless-stee,3.05,,3.05,
Uzbekistan,UZB,7219-flat-rolled-products-of-stainless-steel,,,,
Uzbekistan,UZB,72191100-flat-rolled-products-of-stainless-steel,3.12,,3.12,
Uzbekistan,UZB,721912-flat-rolled-products-of-stainless-steel,3.12,,3.12,
Uzbekistan,UZB,721913-flat-rolled-products-of-stainless-steel,3.12,,3.12,
Uzbekistan,UZB,721914-flat-rolled-products-of-stainless-steel,3.12,,3.12,
Uzbekistan,UZB,721921-flat-rolled-products-of-stainless-steel,3.12,,3.12,
Uzbekistan,UZB,721922-flat-rolled-products-of-stainless-steel,3.12,,3.12,
Uzbekistan,UZB,72192300-flat-rolled-products-of-stainless-steel,3.12,,3.12,
Uzbekistan,UZB,72192400-flat-rolled-products-of-stainless-steel,3.12,,3.12,
Uzbekistan,UZB,72193100-flat-rolled-products-of-stainless-steel,3.12,,3.12,
Uzbekistan,UZB,721932-flat-rolled-products-of-stainless-steel,3.12,,3.12,
Uzbekistan,UZB,721933-flat-rolled-products-of-stainless-steel,3.12,,3.12,
Uzbekistan,UZB,721934-flat-rolled-products-of-stainless-steel,3.12,,3.12,
Uzbekistan,UZB,721935-flat-rolled-products-of-stainless-steel,3.12,,3.12,
Uzbekistan,UZB,721990-flat-rolled-products-of-stainless-steel,3.12,,3.12,
Uzbekistan,UZB,7220-flat-rolled-products-of-stainless-steel,,,,
Uzbekistan,UZB,72201100-flat-rolled-products-of-stainless-steel,3.12,,3.12,
Uzbekistan,UZB,72201200-flat-rolled-products-of-stainless-steel,3.12,,3.12,
Uzbekistan,UZB,722020-flat-rolled-products-of-stainless-steel,3.12,,3.12,
Uzbekistan,UZB,722090-flat-rolled-products-of-stainless-steel,3.12,,3.12,
Uzbekistan,UZB,7221-bars-and-rods-of-stainless-steel-hot-rol,3.12,,3.12,
Uzbekistan,UZB,7222-other-bars-and-rods-of-stainless-steel-a,,,,
Uzbekistan,UZB,722211-bars-and-rods-of-stainless-steel-only-ho,3.12,,3.12,
Uzbekistan,UZB,722219-bars-and-rods-of-stainless-steel-only-ho,3.12,,3.12,
Uzbekistan,UZB,722220-other-bars-and-rods-of-stainless-steel-n,3.12,,3.12,
Uzbekistan,UZB,722230-other-bars-and-rods-of-stainless-steel-c,3.05,,3.05,
Uzbekistan,UZB,722240-angles-shapes-and-sections-of-stainless,3.12,,3.12,
Uzbekistan,UZB,7223-wire-of-stainless-steel-in-coils-excl-ba,,,,
Uzbekistan,UZB,722300-wire-of-stainless-steel-in-coils-excl-ba,3.12,,3.12,
Uzbekistan,UZB,7224-steel-alloy-other-than-stainless-in-ingo,,,,
Uzbekistan,UZB,722410-steel-alloy-other-than-stainless-in-ingo,3.19,,3.19,H
Uzbekistan,UZB,72249002-semi-finished-products-of-tool-steel,3.26,,3.26,H
Uzbekistan,UZB,72249003-semi-finished-products-of-high-speed-ste,3.26,,3.26,H
Uzbekistan,UZB,72249005-semi-finished-products-of-steel-containi,3.26,,3.26,H
Uzbekistan,UZB,72249007-semi-finished-products-of-alloy-steel-ot,3.26,,3.26,H
Uzbekistan,UZB,72249014-semi-finished-products-of-alloy-steel-ot,3.26,,3.26,H
Uzbekistan,UZB,72249018-semi-finished-products-of-alloy-steel-ot,3.19,,3.19,H
Uzbekistan,UZB,72249031-semi-finished-products-of-steel-containi,3.26,,3.26,H
Uzbekistan,UZB,72249038-semi-finished-products-of-alloy-steel-ot,3.26,,3.26,H
Uzbekistan,UZB,72249090-semi-finished-products-of-alloy-steel-ot,3.19,,3.19,H
Uzbekistan,UZB,7225-flat-rolled-products-of-alloy-steel-othe,,,,
Uzbekistan,UZB,72251100-flat-rolled-products-of-silicon-electric,4.93,,4.93,E
Uzbekistan,UZB,72251910-flat-rolled-products-of-silicon-electric,3.26,,3.26,E
Uzbekistan,UZB,72251990-flat-rolled-products-of-silicon-electric,3.26,,3.26,E
Uzbekistan,UZB,722530-flat-rolled-products-of-alloy-steel-othe,3.26,,3.26,H
Uzbekistan,UZB,722540-flat-rolled-products-of-alloy-steel-othe,3.26,,3.26,H
Uzbekistan,UZB,722550-flat-rolled-products-of-alloy-steel-othe,3.26,,3.26,H
Uzbekistan,UZB,72259100-flat-rolled-products-of-alloy-steel-othe,3.26,,3.26,H
Uzbekistan,UZB,72259200-flat-rolled-products-of-alloy-steel-othe,3.26,,3.26,H
Uzbekistan,UZB,72259900-flat-rolled-products-of-alloy-steel-othe,3.26,,3.26,H
Uzbekistan,UZB,7226-flat-rolled-products-of-alloy-steel-othe,,,,
Uzbekistan,UZB,72261100-flat-rolled-products-of-silicon-electric,4.93,,4.93,E
Uzbekistan,UZB,72261910-flat-rolled-products-of-silicon-electric,3.26,,3.26,E
Uzbekistan,UZB,72261980-flat-rolled-products-of-silicon-electric,3.26,,3.26,E
Uzbekistan,UZB,72262000-flat-rolled-products-of-high-speed-steel,3.26,,3.26,H
Uzbekistan,UZB,722691-flat-rolled-products-of-alloy-steel-othe,3.26,,3.26,H
Uzbekistan,UZB,72269200-flat-rolled-products-of-alloy-steel-othe,3.26,,3.26,H
Uzbekistan,UZB,722699-flat-rolled-products-of-alloy-steel-othe,3.26,,3.26,H
Uzbekistan,UZB,7227-bars-and-rods-of-alloy-steel-other-than,3.26,,3.26,E/H
Uzbekistan,UZB,7228-other-bars-and-rods-of-alloy-steel-other,,,,
Uzbekistan,UZB,72281020-bars-and-rods-of-high-speed-steel-not-fu,3.26,,3.26,H
Uzbekistan,UZB,72281050-bars-and-rods-of-high-speed-steel-forged,3.19,,3.19,H
Uzbekistan,UZB,72281090-bars-and-rods-of-high-speed-steel-not-fu,3.26,,3.26,H
Uzbekistan,UZB,722820-bars-and-rods-of-silico-manganese-steel,3.26,,3.26,H
Uzbekistan,UZB,722830-bars-and-rods-of-alloy-steel-other-than,3.26,,3.26,E/H
Uzbekistan,UZB,722840-bars-and-rods-of-alloy-steel-other-than,3.19,,3.19,H
Uzbekistan,UZB,722850-bars-and-rods-of-alloy-steel-other-than,3.26,,3.26,E/H
Uzbekistan,UZB,722860-bars-and-rods-of-alloy-steel-other-than,3.26,,3.26,H
Uzbekistan,UZB,722870-angles-shapes-and-sections-of-alloy-stee,3.26,,3.26,H
Uzbekistan,UZB,72288000-hollow-drill-bars-and-rods-of-alloy-or-n,3.26,,3.26,H
Uzbekistan,UZB,7229-wire-of-alloy-steel-other-than-stainless,3.26,,3.26,E/H
Uzbekistan,UZB,7301-sheet-piling-of-iron-or-steel-whether-or,3.21,,3.21,E
Uzbekistan,UZB,7302-railway-or-tramway-track-construction-ma,3.21,,3.21,E
Uzbekistan,UZB,7303-tubes-pipes-and-hollow-profiles-of-cast,,,,
Uzbekistan,UZB,730300-tubes-pipes-and-hollow-profiles-of-cast,3.73,,3.73,
Uzbekistan,UZB,7304-tubes-pipes-and-hollow-profiles-seamless,,,,
Uzbekistan,UZB,73041100-line-pipe-of-a-kind-used-for-oil-or-gas,3.12,,3.12,
Uzbekistan,UZB,730419-line-pipe-of-a-kind-used-for-oil-or-gas,3.21,,3.21,E
Uzbekistan,UZB,73042200-drill-pipe-seamless-of-stainless-steel-o,3.12,,3.12,
Uzbekistan,UZB,73042300-drill-pipe-seamless-of-a-kind-used-in-dr,3.21,,3.21,E
Uzbekistan,UZB,73042400-casing-and-tubing-seamless-of-a-kind-use,3.12,,3.12,
Uzbekistan,UZB,730429-casing-and-tubing-seamless-of-iron-or-st,3.21,,3.21,E
Uzbekistan,UZB,730431-tubes-pipes-and-hollow-profiles-seamless,3.21,,3.21,E
Uzbekistan,UZB,730439-tubes-pipes-and-hollow-profiles-seamless,3.21,,3.21,E
Uzbekistan,UZB,73044100-tubes-pipes-and-hollow-profiles-seamless,3.12,,3.12,
Uzbekistan,UZB,730449-tubes-pipes-and-hollow-profiles-seamless,3.12,,3.12,
Uzbekistan,UZB,730451-tubes-pipes-and-hollow-profiles-seamless,3.2,,3.2,H
Uzbekistan,UZB,730459-tubes-pipes-and-hollow-profiles-seamless,3.2,,3.2,E/H
Uzbekistan,UZB,73049000-tubes-pipes-and-hollow-profiles-seamless,3.21,,3.21,E
Uzbekistan,UZB,7305-tubes-and-pipes-having-circular-cross-se,3.2,,3.2,E
Uzbekistan,UZB,7306-tubes-pipes-and-hollow-profiles-e-g-open,,,,
Uzbekistan,UZB,73061100-line-pipe-of-a-kind-used-for-oil-or-gas,3.12,,3.12,
Uzbekistan,UZB,73061900-line-pipe-of-a-kind-used-for-oil-or-gas,3.21,,3.21,E
Uzbekistan,UZB,73062100-casing-and-tubing-of-a-kind-used-in-dril,3.12,,3.12,
Uzbekistan,UZB,73062900-casing-and-tubing-of-a-kind-used-in-dril,3.21,,3.21,E
Uzbekistan,UZB,73063012-precision-tubes-welded-of-circular-cross,3.21,,3.21,E
Uzbekistan,UZB,73063018-precision-tubes-welded-of-circular-cross,3.21,,3.21,E
Uzbekistan,UZB,73063041-threaded-or-threadable-tubes-gas-pipe-we,3.21,,3.21,E
Uzbekistan,UZB,73063049-threaded-or-threadable-tubes-gas-pipe-we,3.21,,3.21,E
Uzbekistan,UZB,73063072-other-tubes-pipes-and-hollow-profiles-we,3.21,,3.21,E
Uzbekistan,UZB,73063077-other-tubes-pipes-and-hollow-profiles-we,3.21,,3.21,E
Uzbekistan,UZB,73063080-tubes-pipes-and-hollow-profiles-welded-h,3.21,,3.21,E
Uzbekistan,UZB,73064020-tubes-pipes-and-hollow-profiles-welded-o,3.12,,3.12,
Uzbekistan,UZB,73064080-tubes-pipes-and-hollow-profiles-welded-o,3.12,,3.12,
Uzbekistan,UZB,73065021-precision-steel-tubes-welded-of-circular,3.21,,3.21,H
Uzbekistan,UZB,73065029-precision-steel-tubes-welded-of-circular,3.21,,3.21,H
Uzbekistan,UZB,73065080-tubes-pipes-and-hollow-profiles-welded-o,3.21,,3.21,H
Uzbekistan,UZB,73066110-tubes-and-pipes-and-hollow-profiles-weld,3.12,,3.12,
Uzbekistan,UZB,73066192-tubes-and-pipes-and-hollow-profiles-weld,3.21,,3.21,E
Uzbekistan,UZB,73066199-tubes-and-pipes-and-hollow-profiles-weld,3.21,,3.21,E
Uzbekistan,UZB,73066910-tubes-pipes-and-hollow-profiles-welded-o,3.12,,3.12,
Uzbekistan,UZB,73066990-tubes-pipes-and-hollow-profiles-welded-o,3.21,,3.21,E
Uzbekistan,UZB,73069000-tubes-pipes-and-hollow-profiles-e-g-open,3.21,,3.21,E
Uzbekistan,UZB,7307-tube-or-pipe-fittings-e-g-couplings-elbo,,,,
Uzbekistan,UZB,730711-tube-or-pipe-fittings-of-non-malleable-c,3.67,,3.67,
Uzbekistan,UZB,73071910-tube-or-pipe-fittings-of-cast-iron-excl,3.67,,3.67,
Uzbekistan,UZB,73071990-cast-tube-or-pipe-fittings-of-steel,3.15,,3.15,E
Uzbekistan,UZB,73072100-flanges-of-stainless-steel-excl-cast-pro,3.21,,3.21,
Uzbekistan,UZB,730722-threaded-elbows-bends-and-sleeves-of-sta,3.21,,3.21,
Uzbekistan,UZB,730723-butt-welding-tube-or-pipe-fittings-of-st,3.21,,3.21,
Uzbekistan,UZB,730729-tube-or-pipe-fittings-of-stainless-steel,3.21,,3.21,
Uzbekistan,UZB,73079100-flanges-of-iron-or-steel-excl-cast-or-st,3.21,,3.21,E
Uzbekistan,UZB,730792-threaded-elbows-bends-and-sleeves-of-sta,3.21,,3.21,E
Uzbekistan,UZB,730793-butt-welding-fittings-of-iron-or-steel-e,3.21,,3.21,E
Uzbekistan,UZB,730799-tube-or-pipe-fittings-of-iron-or-steel-e,3.21,,3.21,E
Uzbekistan,UZB,7308-structures-and-parts-of-structures-e-g-b,3.01,,3.01,E
Uzbekistan,UZB,7309-reservoirs-tanks-vats-and-similar-contai,3.21,,3.21,E
Uzbekistan,UZB,7310-tanks-casks-drums-cans-boxes-and-similar,3.21,,3.21,E
Uzbekistan,UZB,7311-containers-of-iron-or-steel-for-compress,,,,
Uzbekistan,UZB,731100-containers-of-iron-or-steel-for-compress,3.21,,3.21,E
Uzbekistan,UZB,7318-screws-bolts-nuts-coach-screws-screw-hoo,,,,
Uzbekistan,UZB,73181100-coach-screws-of-iron-or-steel,3.21,,3.21,E
Uzbekistan,UZB,73181210-wood-screws-of-stainless-steel-excl-coac,3.12,,3.12,
Uzbekistan,UZB,73181290-wood-screws-of-iron-or-steel-other-than,3.21,,3.21,E
Uzbekistan,UZB,73181300-screw-hooks-and-screw-rings-of-iron-or-s,3.21,,3.21,E
Uzbekistan,UZB,73181410-self-tapping-screws-of-stainless-steel-e,3.12,,3.12,
Uzbekistan,UZB,73181491-spaced-thread-screws-of-iron-or-steel-ot,3.21,,3.21,E
Uzbekistan,UZB,73181499-self-tapping-screws-of-iron-or-steel-oth,3.21,,3.21,E
Uzbekistan,UZB,731815-threaded-screws-and-bolts-of-iron-or-ste,3.21,,3.21,E
Uzbekistan,UZB,731816-nuts-of-iron-or-steel,3.21,,3.21,E
Uzbekistan,UZB,73181900-threaded-articles-of-iron-or-steel-n-e-s,3.21,,3.21,E
Uzbekistan,UZB,73182100-spring-washers-and-other-lock-washers-of,3.21,,3.21,E
Uzbekistan,UZB,73182200-washers-of-iron-or-steel-excl-spring-was,3.21,,3.21,E
Uzbekistan,UZB,73182300-rivets-of-iron-or-steel-excl-tubular-and,3.21,,3.21,E
Uzbekistan,UZB,73182400-cotters-and-cotter-pins-of-iron-or-steel,3.21,,3.21,E
Uzbekistan,UZB,73182900-non-threaded-articles-of-iron-or-steel,3.21,,3.21,E
Uzbekistan,UZB,7326-articles-of-iron-or-steel-n-e-s-excl-cas,,,,
Uzbekistan,UZB,73261100-grinding-balls-and-similar-articles-for,3.15,,3.15,E
Uzbekistan,UZB,732619-articles-of-iron-or-steel-forged-or-stam,3.15,,3.15,E
Uzbekistan,UZB,73262000-articles-of-iron-or-steel-wire-n-e-s,3.21,,3.21,E
Uzbekistan,UZB,73269030-ladders-and-steps-of-iron-or-steel,3.21,,3.21,E
Uzbekistan,UZB,73269040-pallets-and-similar-platforms-for-handli,3.21,,3.21,E
Uzbekistan,UZB,73269050-reels-for-cables-piping-and-the-like-of,3.21,,3.21,E
Uzbekistan,UZB,73269060-ventilators-non-mechanical-guttering-hoo,3.21,,3.21,E
Uzbekistan,UZB,73269092-articles-of-iron-or-steel-open-die-forge,3.15,,3.15,E
Uzbekistan,UZB,73269094-articles-of-iron-or-steel-closed-die-for,3.15,,3.15,E
Uzbekistan,UZB,73269096-sintered-articles-of-iron-or-steel-n-e-s,3.15,,3.15,E
Uzbekistan,UZB,73269098-articles-of-iron-or-steel-n-e-s,3.21,,3.21,E
Venezuela,VEN,2507008080-calcined-clay,,,,
Venezuela,VEN,2523100010-white-clinker,1.32,0.03,1.34,B
Venezuela,VEN,2523100090-other-clinker-including-grey-clinker,1.08,0.02,1.1,A
Venezuela,VEN,25232100-white-portland-cement,1.24,0.12,1.36,
Venezuela,VEN,25232900-grey-portland-cement,1.08,0.03,1.11,
Venezuela,VEN,25233000-aluminous-cement,,,,
Venezuela,VEN,2523900010-white-hydraulic-cement,1.28,0.14,1.42,B
Venezuela,VEN,2523900090-other-hydraulic-cements-including-grey-h,1.03,0.04,1.06,A
Venezuela,VEN,28080000-nitric-acid-sulphonitric-acids,1.8,0.02,1.83,
Venezuela,VEN,28141000-anhydrous-ammonia,2.26,0.07,2.33,
Venezuela,VEN,28142000-ammonia-in-aqueous-solution,0.68,0.02,0.7,
Venezuela,VEN,28342100-nitrate-of-potassium,1.62,0.04,1.65,
Venezuela,VEN,3102-mineral-or-chemical-fertilizers-nitrogen,,,,
Venezuela,VEN,31021012-urea-in-aqueous-solution-containing-45-n,0.5,0.02,0.52,
Venezuela,VEN,31021015-urea-in-aqueous-solution-containing-45-n,0.84,0.02,0.86,
Venezuela,VEN,31021019-urea-whether-or-not-in-aqueous-solution,1.52,0.06,1.58,
Venezuela,VEN,31021090-urea-whether-or-not-in-aqueous-solution,1.49,0.06,1.54,
Venezuela,VEN,31022100-ammonium-sulphate-excl-that-in-tablets-o,0.66,0.05,0.71,
Venezuela,VEN,31022900-double-salts-and-mixtures-of-ammonium-su,1.16,0.05,1.21,
Venezuela,VEN,31023010-ammonium-nitrate-in-aqueous-solution-exc,1.23,0.04,1.27,
Venezuela,VEN,31023090-ammonium-nitrate-excl-that-in-aqueous-so,1.89,0.06,1.95,
Venezuela,VEN,31024010-mixtures-of-ammonium-nitrate-with-calciu,1.63,0.06,1.69,
Venezuela,VEN,31024090-mixtures-of-ammonium-nitrate-with-calciu,1.63,0.06,1.69,
Venezuela,VEN,31025000-sodium-nitrate-excl-that-in-tablets-or-s,2.82,0.04,2.85,
Venezuela,VEN,31026000-double-salts-and-mixtures-of-calcium-nit,1.58,0.05,1.64,
Venezuela,VEN,31028000-mixtures-of-urea-and-ammonium-nitrate-in,1.33,0.05,1.37,
Venezuela,VEN,31029000-mineral-or-chemical-nitrogen-fertilisers,1.46,0.06,1.52,
Venezuela,VEN,3105-mineral-or-chemical-fertilisers-containi,,,,
Venezuela,VEN,31051000-mineral-or-chemical-fertilisers-of-anima,0.69,0.05,0.74,
Venezuela,VEN,31052010-mineral-or-chemical-fertilisers-containi,0.82,0.06,0.88,
Venezuela,VEN,31052090-mineral-or-chemical-fertilisers-containi,0.56,0.05,0.61,
Venezuela,VEN,31053000-diammonium-hydrogenorthophosphate-diammo,0.53,0.04,0.57,
Venezuela,VEN,31054000-ammonium-dihydrogenorthophosphate-monoam,0.34,0.03,0.37,
Venezuela,VEN,31055100-other-mineral-or-chemical-fertilisers-co,1.12,0.07,1.2,
Venezuela,VEN,31055900-other-mineral-or-chemical-fertilisers-co,0.61,0.07,0.68,
Venezuela,VEN,31059020-mineral-or-chemical-fertilisers-containi,1.09,0.04,1.13,
Venezuela,VEN,31059080-mineral-or-chemical-fertilisers-containi,0.56,0.03,0.59,
Venezuela,VEN,7601-unwrought-aluminium,1.7,,1.7,K
Venezuela,VEN,7603-aluminium-powders-and-flakes,1.81,,1.81,K
Venezuela,VEN,76041010-bars-and-rods,2.04,,2.04,K
Venezuela,VEN,76041090-profiles,2.05,,2.05,K
Venezuela,VEN,76042100-hollow-profiles,2.05,,2.05,K
Venezuela,VEN,76042910-bars-and-rods,2.04,,2.04,K
Venezuela,VEN,76042990-profiles,2.05,,2.05,K
Venezuela,VEN,7605-aluminium-wire,2.04,,2.04,K
Venezuela,VEN,7606-aluminium-plates-sheets-and-strip-of-a-t,2.49,,2.49,K
Venezuela,VEN,7607-aluminium-foil-whether-or-not-printed-or,2.49,,2.49,K
Venezuela,VEN,7608-aluminium-tubes-and-pipes,2.05,,2.05,K
Venezuela,VEN,76090000-aluminium-tube-or-pipe-fittings-for-exam,2.05,,2.05,K
Venezuela,VEN,76101000-doors-windows-and-their-frames-and-thres,2.05,,2.05,K
Venezuela,VEN,761090-other,2.05,,2.05,K
Venezuela,VEN,76109010-bridges-and-bridge-sections-towers-and-l,2.05,,2.05,K
Venezuela,VEN,76109090-other,2.05,,2.05,K
Venezuela,VEN,76110000-aluminium-reservoirs-tanks-vats-and-simi,2.49,,2.49,K
Venezuela,VEN,7612-aluminium-casks-drums-cans-boxes-and-sim,2.49,,2.49,K
Venezuela,VEN,76130000-aluminium-containers-for-compressed-or-l,2.49,,2.49,K
Venezuela,VEN,7614-stranded-wire-cables-plaited-bands-and-t,2.04,,2.04,K
Venezuela,VEN,76161000-nails-tacks-staples-other-than-those-of,2.49,,2.49,K
Venezuela,VEN,76169100-cloth-grill-netting-and-fencing-of-alumi,2.49,,2.49,K
Venezuela,VEN,76169910-cast,1.81,,1.81,K
Venezuela,VEN,76169990-other,2.49,,2.49,K
Venezuela,VEN,28041000-hydrogen,10.82,,10.82,
Venezuela,VEN,720211-ferro-manganese-containing-by-weight-2-o,1.69,,1.69,
Venezuela,VEN,720219-ferro-manganese-containing-by-weight-2-c,,,,
Venezuela,VEN,720241-ferro-chromium-containing-by-weight-4-of,,,,
Venezuela,VEN,720249-ferro-chromium-containing-by-weight-4-of,,,,
Venezuela,VEN,72026000-ferro-nickel,3.48,,3.48,
Viet Nam,VNM,28080000-nitric-acid-sulphonitric-acids,2.41,0.05,2.46,
Viet Nam,VNM,28141000-anhydrous-ammonia,3.46,0.15,3.61,
Viet Nam,VNM,28142000-ammonia-in-aqueous-solution,1.04,0.05,1.08,
Viet Nam,VNM,28342100-nitrate-of-potassium,2.24,0.07,2.31,
Viet Nam,VNM,3102-mineral-or-chemical-fertilizers-nitrogen,,,,
Viet Nam,VNM,31021012-urea-in-aqueous-solution-containing-45-n,0.77,0.04,0.81,
Viet Nam,VNM,31021015-urea-in-aqueous-solution-containing-45-n,1.27,0.04,1.31,
Viet Nam,VNM,31021019-urea-whether-or-not-in-aqueous-solution,2.31,0.12,2.43,
Viet Nam,VNM,31021090-urea-whether-or-not-in-aqueous-solution,2.26,0.12,2.38,
Viet Nam,VNM,31022100-ammonium-sulphate-excl-that-in-tablets-o,1.01,0.09,1.1,
Viet Nam,VNM,31022900-double-salts-and-mixtures-of-ammonium-su,1.66,0.1,1.76,
Viet Nam,VNM,31023010-ammonium-nitrate-in-aqueous-solution-exc,1.71,0.08,1.78,
Viet Nam,VNM,31023090-ammonium-nitrate-excl-that-in-aqueous-so,2.63,0.12,2.75,
Viet Nam,VNM,31024010-mixtures-of-ammonium-nitrate-with-calciu,2.28,0.11,2.38,
Viet Nam,VNM,31024090-mixtures-of-ammonium-nitrate-with-calciu,2.28,0.11,2.38,
Viet Nam,VNM,31025000-sodium-nitrate-excl-that-in-tablets-or-s,3.76,0.08,3.84,
Viet Nam,VNM,31026000-double-salts-and-mixtures-of-calcium-nit,2.21,0.1,2.31,
Viet Nam,VNM,31028000-mixtures-of-urea-and-ammonium-nitrate-in,1.9,0.09,2.0,
Viet Nam,VNM,31029000-mineral-or-chemical-nitrogen-fertilisers,2.14,0.11,2.26,
Viet Nam,VNM,3105-mineral-or-chemical-fertilisers-containi,,,,
Viet Nam,VNM,31051000-mineral-or-chemical-fertilisers-of-anima,1.0,0.09,1.09,
Viet Nam,VNM,31052010-mineral-or-chemical-fertilisers-containi,1.16,0.11,1.27,
Viet Nam,VNM,31052090-mineral-or-chemical-fertilisers-containi,0.79,0.08,0.88,
Viet Nam,VNM,31053000-diammonium-hydrogenorthophosphate-diammo,0.81,0.07,0.88,
Viet Nam,VNM,31054000-ammonium-dihydrogenorthophosphate-monoam,0.52,0.05,0.57,
Viet Nam,VNM,31055100-other-mineral-or-chemical-fertilisers-co,1.57,0.14,1.71,
Viet Nam,VNM,31055900-other-mineral-or-chemical-fertilisers-co,0.93,0.13,1.06,
Viet Nam,VNM,31059020-mineral-or-chemical-fertilisers-containi,1.52,0.08,1.6,
Viet Nam,VNM,31059080-mineral-or-chemical-fertilisers-containi,0.79,0.06,0.85,
Viet Nam,VNM,7601-unwrought-aluminium,0.36,,0.36,L
Viet Nam,VNM,7603-aluminium-powders-and-flakes,1.8,,1.8,L
Viet Nam,VNM,76041010-bars-and-rods,2.02,,2.02,L
Viet Nam,VNM,76041090-profiles,2.04,,2.04,L
Viet Nam,VNM,76042100-hollow-profiles,2.04,,2.04,L
Viet Nam,VNM,76042910-bars-and-rods,2.02,,2.02,L
Viet Nam,VNM,76042990-profiles,2.04,,2.04,L
Viet Nam,VNM,7605-aluminium-wire,2.02,,2.02,L
Viet Nam,VNM,7606-aluminium-plates-sheets-and-strip-of-a-t,2.48,,2.48,L
Viet Nam,VNM,7607-aluminium-foil-whether-or-not-printed-or,2.48,,2.48,L
Viet Nam,VNM,7608-aluminium-tubes-and-pipes,2.04,,2.04,L
Viet Nam,VNM,76090000-aluminium-tube-or-pipe-fittings-for-exam,2.04,,2.04,L
Viet Nam,VNM,76101000-doors-windows-and-their-frames-and-thres,2.04,,2.04,L
Viet Nam,VNM,761090-other,2.04,,2.04,L
Viet Nam,VNM,76109010-bridges-and-bridge-sections-towers-and-l,2.04,,2.04,L
Viet Nam,VNM,76109090-other,2.04,,2.04,L
Viet Nam,VNM,76110000-aluminium-reservoirs-tanks-vats-and-simi,2.48,,2.48,L
Viet Nam,VNM,7612-aluminium-casks-drums-cans-boxes-and-sim,2.48,,2.48,L
Viet Nam,VNM,76130000-aluminium-containers-for-compressed-or-l,2.48,,2.48,L
Viet Nam,VNM,7614-stranded-wire-cables-plaited-bands-and-t,2.02,,2.02,L
Viet Nam,VNM,76161000-nails-tacks-staples-other-than-those-of,2.48,,2.48,L
Viet Nam,VNM,76169100-cloth-grill-netting-and-fencing-of-alumi,2.48,,2.48,L
Viet Nam,VNM,76169910-cast,1.8,,1.8,L
Viet Nam,VNM,76169990-other,2.48,,2.48,L
Viet Nam,VNM,28041000-hydrogen,10.82,,10.82,
Viet Nam,VNM,26011200-agglomerated-iron-ores-and-concentrates,1.04,0.07,1.11,
Viet Nam,VNM,7201-pig-iron-and-spiegeleisen-in-pigs-blocks,2.19,,2.19,
Viet Nam,VNM,720211-ferro-manganese-containing-by-weight-2-o,1.69,,1.69,
Viet Nam,VNM,720219-ferro-manganese-containing-by-weight-2-c,,,,
Viet Nam,VNM,720241-ferro-chromium-containing-by-weight-4-of,,,,
Viet Nam,VNM,720249-ferro-chromium-containing-by-weight-4-of,,,,
Viet Nam,VNM,72026000-ferro-nickel,3.48,,3.48,
Viet Nam,VNM,7203-ferrous-products-obtained-by-direct-redu,,,,
Viet Nam,VNM,7205-granules-and-powders-of-pig-iron-spiegel,2.24,,2.24,C/F
Viet Nam,VNM,7206-iron-and-non-alloy-steel-in-ingots-or-ot,,,,
Viet Nam,VNM,72061000-ingots-of-iron-and-non-alloy-steel-excl,2.33,,2.33,C
Viet Nam,VNM,72069000-iron-and-non-alloy-steel-in-puddled-bars,2.33,,2.33,C
Viet Nam,VNM,7207-semi-finished-products-of-iron-or-non-al,,,,
Viet Nam,VNM,72071111-semi-finished-products-of-non-alloy-free,2.35,,2.35,C
Viet Nam,VNM,72071114-semi-finished-products-of-iron-or-non-al,2.35,,2.35,C
Viet Nam,VNM,72071116-semi-finished-products-of-iron-or-non-al,2.35,,2.35,C
Viet Nam,VNM,72071190-semi-finished-products-of-iron-or-non-al,2.33,,2.33,C
Viet Nam,VNM,72071210-semi-finished-products-of-iron-or-non-al,2.35,,2.35,C
Viet Nam,VNM,72071290-semi-finished-products-of-iron-or-non-al,2.33,,2.33,C
Viet Nam,VNM,72071912-semi-finished-products-of-iron-or-non-al,2.35,,2.35,C
Viet Nam,VNM,72071919-semi-finished-products-of-iron-or-non-al,2.33,,2.33,C
Viet Nam,VNM,72071980-semi-finished-products-of-iron-or-non-al,2.35,,2.35,C
Viet Nam,VNM,72072011-semi-finished-products-of-non-alloy-free,2.35,,2.35,C
Viet Nam,VNM,72072015-semi-finished-products-of-iron-or-non-al,2.35,,2.35,C
Viet Nam,VNM,72072017-semi-finished-products-of-iron-or-non-al,2.35,,2.35,C
Viet Nam,VNM,72072019-semi-finished-products-of-iron-or-non-al,2.33,,2.33,C
Viet Nam,VNM,72072032-semi-finished-products-of-iron-or-non-al,2.35,,2.35,C
Viet Nam,VNM,72072039-semi-finished-products-of-iron-or-non-al,2.33,,2.33,C
Viet Nam,VNM,72072052-semi-finished-products-of-iron-or-non-al,2.35,,2.35,C
Viet Nam,VNM,72072059-semi-finished-products-of-iron-or-non-al,2.33,,2.33,C
Viet Nam,VNM,72072080-semi-finished-products-of-iron-or-non-al,2.35,,2.35,C
Viet Nam,VNM,7208-flat-rolled-products-of-iron-or-non-allo,2.35,,2.35,C
Viet Nam,VNM,7209-flat-rolled-products-of-iron-or-non-allo,2.37,,2.37,C
Viet Nam,VNM,7210-flat-rolled-products-of-iron-or-non-allo,2.37,,2.37,C
Viet Nam,VNM,7211-flat-rolled-products-of-iron-or-non-allo,,,,
Viet Nam,VNM,72111300-flat-rolled-products-of-iron-or-non-allo,2.35,,2.35,C
Viet Nam,VNM,72111400-flat-rolled-products-of-iron-or-non-allo,2.35,,2.35,C
Viet Nam,VNM,72111900-flat-rolled-products-of-iron-or-non-allo,2.35,,2.35,C
Viet Nam,VNM,721123-flat-rolled-products-of-iron-or-non-allo,2.37,,2.37,C
Viet Nam,VNM,72112900-flat-rolled-products-of-iron-or-non-allo,2.37,,2.37,C
Viet Nam,VNM,721190-flat-rolled-products-of-iron-or-non-allo,2.37,,2.37,C
Viet Nam,VNM,7212-flat-rolled-products-of-iron-or-non-allo,2.37,,2.37,C
Viet Nam,VNM,7213-bars-and-rods-of-iron-or-non-alloy-steel,2.35,,2.35,C
Viet Nam,VNM,7214-bars-and-rods-of-iron-or-non-alloy-steel,,,,
Viet Nam,VNM,72141000-bars-and-rods-of-iron-or-non-alloy-steel,2.33,,2.33,C
Viet Nam,VNM,72142000-bars-and-rods-of-iron-or-non-alloy-steel,2.35,,2.35,C
Viet Nam,VNM,72143000-bars-and-rods-of-non-alloy-free-cutting,2.35,,2.35,C
Viet Nam,VNM,721491-bars-and-rods-of-iron-or-non-alloy-steel,2.35,,2.35,C
Viet Nam,VNM,721499-bars-and-rods-of-iron-or-non-alloy-steel,2.35,,2.35,C
Viet Nam,VNM,7215-bars-and-rods-of-iron-or-non-alloy-steel,2.35,,2.35,C
Viet Nam,VNM,7216-angles-shapes-and-sections-of-iron-or-no,2.35,,2.35,C
Viet Nam,VNM,7217-wire-of-iron-or-non-alloy-steel-in-coils,,,,
Viet Nam,VNM,721710-wire-of-iron-or-non-alloy-steel-in-coils,2.35,,2.35,C
Viet Nam,VNM,721720-wire-of-iron-or-non-alloy-steel-in-coils,2.35,,2.35,C
Viet Nam,VNM,721730-wire-of-iron-or-non-alloy-steel-in-coils,2.35,,2.35,C
Viet Nam,VNM,721790-wire-of-iron-or-non-alloy-steel-in-coils,2.35,,2.35,C
Viet Nam,VNM,7218-stainless-steel-in-ingots-or-other-prima,,,,
Viet Nam,VNM,72181000-steel-stainless-in-ingots-and-other-prim,,,,
Viet Nam,VNM,721891-semi-finished-products-of-stainless-stee,,,,
Viet Nam,VNM,72189911-semi-finished-products-of-stainless-stee,,,,
Viet Nam,VNM,72189919-semi-finished-products-of-stainless-stee,,,,
Viet Nam,VNM,72189920-semi-finished-products-of-stainless-stee,,,,
Viet Nam,VNM,72189980-semi-finished-products-of-stainless-stee,,,,
Viet Nam,VNM,7219-flat-rolled-products-of-stainless-steel,,,,
Viet Nam,VNM,72191100-flat-rolled-products-of-stainless-steel,,,,
Viet Nam,VNM,721912-flat-rolled-products-of-stainless-steel,,,,
Viet Nam,VNM,721913-flat-rolled-products-of-stainless-steel,,,,
Viet Nam,VNM,721914-flat-rolled-products-of-stainless-steel,,,,
Viet Nam,VNM,721921-flat-rolled-products-of-stainless-steel,,,,
Viet Nam,VNM,721922-flat-rolled-products-of-stainless-steel,,,,
Viet Nam,VNM,72192300-flat-rolled-products-of-stainless-steel,,,,
Viet Nam,VNM,72192400-flat-rolled-products-of-stainless-steel,,,,
Viet Nam,VNM,72193100-flat-rolled-products-of-stainless-steel,,,,
Viet Nam,VNM,721932-flat-rolled-products-of-stainless-steel,,,,
Viet Nam,VNM,721933-flat-rolled-products-of-stainless-steel,,,,
Viet Nam,VNM,721934-flat-rolled-products-of-stainless-steel,,,,
Viet Nam,VNM,721935-flat-rolled-products-of-stainless-steel,,,,
Viet Nam,VNM,721990-flat-rolled-products-of-stainless-steel,,,,
Viet Nam,VNM,7220-flat-rolled-products-of-stainless-steel,,,,
Viet Nam,VNM,72201100-flat-rolled-products-of-stainless-steel,,,,
Viet Nam,VNM,72201200-flat-rolled-products-of-stainless-steel,,,,
Viet Nam,VNM,722020-flat-rolled-products-of-stainless-steel,,,,
Viet Nam,VNM,722090-flat-rolled-products-of-stainless-steel,,,,
Viet Nam,VNM,7221-bars-and-rods-of-stainless-steel-hot-rol,,,,
Viet Nam,VNM,7222-other-bars-and-rods-of-stainless-steel-a,,,,
Viet Nam,VNM,722211-bars-and-rods-of-stainless-steel-only-ho,,,,
Viet Nam,VNM,722219-bars-and-rods-of-stainless-steel-only-ho,,,,
Viet Nam,VNM,722220-other-bars-and-rods-of-stainless-steel-n,,,,
Viet Nam,VNM,722230-other-bars-and-rods-of-stainless-steel-c,,,,
Viet Nam,VNM,722240-angles-shapes-and-sections-of-stainless,,,,
Viet Nam,VNM,7223-wire-of-stainless-steel-in-coils-excl-ba,,,,
Viet Nam,VNM,722300-wire-of-stainless-steel-in-coils-excl-ba,,,,
Viet Nam,VNM,7224-steel-alloy-other-than-stainless-in-ingo,,,,
Viet Nam,VNM,722410-steel-alloy-other-than-stainless-in-ingo,3.44,,3.44,F
Viet Nam,VNM,72249002-semi-finished-products-of-tool-steel,3.48,,3.48,F
Viet Nam,VNM,72249003-semi-finished-products-of-high-speed-ste,3.48,,3.48,F
Viet Nam,VNM,72249005-semi-finished-products-of-steel-containi,3.48,,3.48,F
Viet Nam,VNM,72249007-semi-finished-products-of-alloy-steel-ot,3.48,,3.48,F
Viet Nam,VNM,72249014-semi-finished-products-of-alloy-steel-ot,3.48,,3.48,F
Viet Nam,VNM,72249018-semi-finished-products-of-alloy-steel-ot,3.44,,3.44,F
Viet Nam,VNM,72249031-semi-finished-products-of-steel-containi,3.48,,3.48,F
Viet Nam,VNM,72249038-semi-finished-products-of-alloy-steel-ot,3.48,,3.48,F
Viet Nam,VNM,72249090-semi-finished-products-of-alloy-steel-ot,3.44,,3.44,F
Viet Nam,VNM,7225-flat-rolled-products-of-alloy-steel-othe,,,,
Viet Nam,VNM,72251100-flat-rolled-products-of-silicon-electric,4.6,,4.6,C
Viet Nam,VNM,72251910-flat-rolled-products-of-silicon-electric,3.48,,3.48,C
Viet Nam,VNM,72251990-flat-rolled-products-of-silicon-electric,3.5,,3.5,C
Viet Nam,VNM,722530-flat-rolled-products-of-alloy-steel-othe,3.48,,3.48,F
Viet Nam,VNM,722540-flat-rolled-products-of-alloy-steel-othe,3.48,,3.48,F
Viet Nam,VNM,722550-flat-rolled-products-of-alloy-steel-othe,3.5,,3.5,F
Viet Nam,VNM,72259100-flat-rolled-products-of-alloy-steel-othe,3.5,,3.5,F
Viet Nam,VNM,72259200-flat-rolled-products-of-alloy-steel-othe,3.5,,3.5,F
Viet Nam,VNM,72259900-flat-rolled-products-of-alloy-steel-othe,3.5,,3.5,F
Viet Nam,VNM,7226-flat-rolled-products-of-alloy-steel-othe,,,,
Viet Nam,VNM,72261100-flat-rolled-products-of-silicon-electric,4.6,,4.6,C
Viet Nam,VNM,72261910-flat-rolled-products-of-silicon-electric,3.48,,3.48,C
Viet Nam,VNM,72261980-flat-rolled-products-of-silicon-electric,3.5,,3.5,C
Viet Nam,VNM,72262000-flat-rolled-products-of-high-speed-steel,3.48,,3.48,F
Viet Nam,VNM,722691-flat-rolled-products-of-alloy-steel-othe,3.48,,3.48,F
Viet Nam,VNM,72269200-flat-rolled-products-of-alloy-steel-othe,3.5,,3.5,F
Viet Nam,VNM,722699-flat-rolled-products-of-alloy-steel-othe,3.5,,3.5,F
Viet Nam,VNM,7227-bars-and-rods-of-alloy-steel-other-than,3.5,,3.5,C/F
Viet Nam,VNM,7228-other-bars-and-rods-of-alloy-steel-other,,,,
Viet Nam,VNM,72281020-bars-and-rods-of-high-speed-steel-not-fu,3.5,,3.5,F
Viet Nam,VNM,72281050-bars-and-rods-of-high-speed-steel-forged,3.44,,3.44,F
Viet Nam,VNM,72281090-bars-and-rods-of-high-speed-steel-not-fu,3.5,,3.5,F
Viet Nam,VNM,722820-bars-and-rods-of-silico-manganese-steel,3.5,,3.5,F
Viet Nam,VNM,722830-bars-and-rods-of-alloy-steel-other-than,3.5,,3.5,C/F
Viet Nam,VNM,722840-bars-and-rods-of-alloy-steel-other-than,3.44,,3.44,F
Viet Nam,VNM,722850-bars-and-rods-of-alloy-steel-other-than,3.5,,3.5,C/F
Viet Nam,VNM,722860-bars-and-rods-of-alloy-steel-other-than,3.5,,3.5,F
Viet Nam,VNM,722870-angles-shapes-and-sections-of-alloy-stee,3.5,,3.5,F
Viet Nam,VNM,72288000-hollow-drill-bars-and-rods-of-alloy-or-n,3.5,,3.5,F
Viet Nam,VNM,7229-wire-of-alloy-steel-other-than-stainless,3.5,,3.5,C/F
Viet Nam,VNM,7301-sheet-piling-of-iron-or-steel-whether-or,2.37,,2.37,C
Viet Nam,VNM,7302-railway-or-tramway-track-construction-ma,2.77,,2.77,C
Viet Nam,VNM,7303-tubes-pipes-and-hollow-profiles-of-cast,,,,
Viet Nam,VNM,730300-tubes-pipes-and-hollow-profiles-of-cast,2.23,,2.23,
Viet Nam,VNM,7304-tubes-pipes-and-hollow-profiles-seamless,,,,
Viet Nam,VNM,73041100-line-pipe-of-a-kind-used-for-oil-or-gas,3.07,,3.07,
Viet Nam,VNM,730419-line-pipe-of-a-kind-used-for-oil-or-gas,2.33,,2.33,C
Viet Nam,VNM,73042200-drill-pipe-seamless-of-stainless-steel-o,3.07,,3.07,
Viet Nam,VNM,73042300-drill-pipe-seamless-of-a-kind-used-in-dr,2.33,,2.33,C
Viet Nam,VNM,73042400-casing-and-tubing-seamless-of-a-kind-use,3.07,,3.07,
Viet Nam,VNM,730429-casing-and-tubing-seamless-of-iron-or-st,2.33,,2.33,C
Viet Nam,VNM,730431-tubes-pipes-and-hollow-profiles-seamless,2.33,,2.33,C
Viet Nam,VNM,730439-tubes-pipes-and-hollow-profiles-seamless,2.33,,2.33,C
Viet Nam,VNM,73044100-tubes-pipes-and-hollow-profiles-seamless,3.07,,3.07,
Viet Nam,VNM,730449-tubes-pipes-and-hollow-profiles-seamless,3.07,,3.07,
Viet Nam,VNM,730451-tubes-pipes-and-hollow-profiles-seamless,2.26,,2.26,F
Viet Nam,VNM,730459-tubes-pipes-and-hollow-profiles-seamless,2.26,,2.26,C/F
Viet Nam,VNM,73049000-tubes-pipes-and-hollow-profiles-seamless,2.33,,2.33,C
Viet Nam,VNM,7305-tubes-and-pipes-having-circular-cross-se,2.37,,2.37,C
Viet Nam,VNM,7306-tubes-pipes-and-hollow-profiles-e-g-open,,,,
Viet Nam,VNM,73061100-line-pipe-of-a-kind-used-for-oil-or-gas,3.12,,3.12,
Viet Nam,VNM,73061900-line-pipe-of-a-kind-used-for-oil-or-gas,2.37,,2.37,C
Viet Nam,VNM,73062100-casing-and-tubing-of-a-kind-used-in-dril,3.12,,3.12,
Viet Nam,VNM,73062900-casing-and-tubing-of-a-kind-used-in-dril,2.37,,2.37,C
Viet Nam,VNM,73063012-precision-tubes-welded-of-circular-cross,2.37,,2.37,C
Viet Nam,VNM,73063018-precision-tubes-welded-of-circular-cross,2.35,,2.35,C
Viet Nam,VNM,73063041-threaded-or-threadable-tubes-gas-pipe-we,2.37,,2.37,C
Viet Nam,VNM,73063049-threaded-or-threadable-tubes-gas-pipe-we,2.37,,2.37,C
Viet Nam,VNM,73063072-other-tubes-pipes-and-hollow-profiles-we,2.37,,2.37,C
Viet Nam,VNM,73063077-other-tubes-pipes-and-hollow-profiles-we,2.37,,2.37,C
Viet Nam,VNM,73063080-tubes-pipes-and-hollow-profiles-welded-h,2.37,,2.37,C
Viet Nam,VNM,73064020-tubes-pipes-and-hollow-profiles-welded-o,3.12,,3.12,
Viet Nam,VNM,73064080-tubes-pipes-and-hollow-profiles-welded-o,3.11,,3.11,
Viet Nam,VNM,73065021-precision-steel-tubes-welded-of-circular,2.32,,2.32,F
Viet Nam,VNM,73065029-precision-steel-tubes-welded-of-circular,2.31,,2.31,F
Viet Nam,VNM,73065080-tubes-pipes-and-hollow-profiles-welded-o,2.32,,2.32,F
Viet Nam,VNM,73066110-tubes-and-pipes-and-hollow-profiles-weld,3.12,,3.12,
Viet Nam,VNM,73066192-tubes-and-pipes-and-hollow-profiles-weld,2.37,,2.37,C
Viet Nam,VNM,73066199-tubes-and-pipes-and-hollow-profiles-weld,2.37,,2.37,C
Viet Nam,VNM,73066910-tubes-pipes-and-hollow-profiles-welded-o,3.12,,3.12,
Viet Nam,VNM,73066990-tubes-pipes-and-hollow-profiles-welded-o,2.37,,2.37,C
Viet Nam,VNM,73069000-tubes-pipes-and-hollow-profiles-e-g-open,2.37,,2.37,C
Viet Nam,VNM,7307-tube-or-pipe-fittings-e-g-couplings-elbo,,,,
Viet Nam,VNM,730711-tube-or-pipe-fittings-of-non-malleable-c,2.23,,2.23,
Viet Nam,VNM,73071910-tube-or-pipe-fittings-of-cast-iron-excl,2.23,,2.23,
Viet Nam,VNM,73071990-cast-tube-or-pipe-fittings-of-steel,2.33,,2.33,C
Viet Nam,VNM,73072100-flanges-of-stainless-steel-excl-cast-pro,2.74,,2.74,
Viet Nam,VNM,730722-threaded-elbows-bends-and-sleeves-of-sta,2.74,,2.74,
Viet Nam,VNM,730723-butt-welding-tube-or-pipe-fittings-of-st,2.74,,2.74,
Viet Nam,VNM,730729-tube-or-pipe-fittings-of-stainless-steel,2.74,,2.74,
Viet Nam,VNM,73079100-flanges-of-iron-or-steel-excl-cast-or-st,2.33,,2.33,C
Viet Nam,VNM,730792-threaded-elbows-bends-and-sleeves-of-sta,2.33,,2.33,C
Viet Nam,VNM,730793-butt-welding-fittings-of-iron-or-steel-e,2.33,,2.33,C
Viet Nam,VNM,730799-tube-or-pipe-fittings-of-iron-or-steel-e,2.33,,2.33,C
Viet Nam,VNM,7308-structures-and-parts-of-structures-e-g-b,2.84,,2.84,C
Viet Nam,VNM,7309-reservoirs-tanks-vats-and-similar-contai,2.99,,2.99,C
Viet Nam,VNM,7310-tanks-casks-drums-cans-boxes-and-similar,2.37,,2.37,C
Viet Nam,VNM,7311-containers-of-iron-or-steel-for-compress,,,,
Viet Nam,VNM,731100-containers-of-iron-or-steel-for-compress,2.96,,2.96,C
Viet Nam,VNM,7318-screws-bolts-nuts-coach-screws-screw-hoo,,,,
Viet Nam,VNM,73181100-coach-screws-of-iron-or-steel,2.35,,2.35,C
Viet Nam,VNM,73181210-wood-screws-of-stainless-steel-excl-coac,3.09,,3.09,
Viet Nam,VNM,73181290-wood-screws-of-iron-or-steel-other-than,2.35,,2.35,C
Viet Nam,VNM,73181300-screw-hooks-and-screw-rings-of-iron-or-s,2.35,,2.35,C
Viet Nam,VNM,73181410-self-tapping-screws-of-stainless-steel-e,3.09,,3.09,
Viet Nam,VNM,73181491-spaced-thread-screws-of-iron-or-steel-ot,2.35,,2.35,C
Viet Nam,VNM,73181499-self-tapping-screws-of-iron-or-steel-oth,2.35,,2.35,C
Viet Nam,VNM,731815-threaded-screws-and-bolts-of-iron-or-ste,2.75,,2.75,C
Viet Nam,VNM,731816-nuts-of-iron-or-steel,2.96,,2.96,C
Viet Nam,VNM,73181900-threaded-articles-of-iron-or-steel-n-e-s,2.35,,2.35,C
Viet Nam,VNM,73182100-spring-washers-and-other-lock-washers-of,2.35,,2.35,C
Viet Nam,VNM,73182200-washers-of-iron-or-steel-excl-spring-was,2.41,,2.41,C
Viet Nam,VNM,73182300-rivets-of-iron-or-steel-excl-tubular-and,2.35,,2.35,C
Viet Nam,VNM,73182400-cotters-and-cotter-pins-of-iron-or-steel,2.35,,2.35,C
Viet Nam,VNM,73182900-non-threaded-articles-of-iron-or-steel,2.35,,2.35,C
Viet Nam,VNM,7326-articles-of-iron-or-steel-n-e-s-excl-cas,,,,
Viet Nam,VNM,73261100-grinding-balls-and-similar-articles-for,2.33,,2.33,C
Viet Nam,VNM,732619-articles-of-iron-or-steel-forged-or-stam,2.33,,2.33,C
Viet Nam,VNM,73262000-articles-of-iron-or-steel-wire-n-e-s,2.35,,2.35,C
Viet Nam,VNM,73269030-ladders-and-steps-of-iron-or-steel,2.35,,2.35,C
Viet Nam,VNM,73269040-pallets-and-similar-platforms-for-handli,2.35,,2.35,C
Viet Nam,VNM,73269050-reels-for-cables-piping-and-the-like-of,2.35,,2.35,C
Viet Nam,VNM,73269060-ventilators-non-mechanical-guttering-hoo,2.35,,2.35,C
Viet Nam,VNM,73269092-articles-of-iron-or-steel-open-die-forge,2.33,,2.33,C
Viet Nam,VNM,73269094-articles-of-iron-or-steel-closed-die-for,2.33,,2.33,C
Viet Nam,VNM,73269096-sintered-articles-of-iron-or-steel-n-e-s,2.33,,2.33,C
Viet Nam,VNM,73269098-articles-of-iron-or-steel-n-e-s,2.37,,2.37,C
Yemen,YEM,2507008080-calcined-clay,,,,
Yemen,YEM,2523100010-white-clinker,,,,
Yemen,YEM,2523100090-other-clinker-including-grey-clinker,1.28,0.05,1.33,A
Yemen,YEM,25232100-white-portland-cement,,,,
Yemen,YEM,25232900-grey-portland-cement,1.24,0.09,1.33,
Yemen,YEM,25233000-aluminous-cement,,,,
Yemen,YEM,2523900010-white-hydraulic-cement,,,,
Yemen,YEM,2523900090-other-hydraulic-cements-including-grey-h,1.18,0.09,1.27,A
Yemen,YEM,28080000-nitric-acid-sulphonitric-acids,2.67,0.05,2.72,
Yemen,YEM,28141000-anhydrous-ammonia,,,,
Yemen,YEM,28142000-ammonia-in-aqueous-solution,0.71,0.05,0.76,
Yemen,YEM,28342100-nitrate-of-potassium,2.17,0.06,2.24,
Yemen,YEM,3102-mineral-or-chemical-fertilizers-nitrogen,,,,
Yemen,YEM,31021012-urea-in-aqueous-solution-containing-45-n,0.45,0.03,0.48,
Yemen,YEM,31021015-urea-in-aqueous-solution-containing-45-n,0.74,0.03,0.77,
Yemen,YEM,31021019-urea-whether-or-not-in-aqueous-solution,1.35,0.09,1.44,
Yemen,YEM,31021090-urea-whether-or-not-in-aqueous-solution,1.32,0.09,1.41,
Yemen,YEM,31022100-ammonium-sulphate-excl-that-in-tablets-o,0.61,0.04,0.66,
Yemen,YEM,31022900-double-salts-and-mixtures-of-ammonium-su,1.37,0.05,1.43,
Yemen,YEM,31023010-ammonium-nitrate-in-aqueous-solution-exc,1.62,0.05,1.67,
Yemen,YEM,31023090-ammonium-nitrate-excl-that-in-aqueous-so,2.5,0.07,2.57,
Yemen,YEM,31024010-mixtures-of-ammonium-nitrate-with-calciu,2.09,0.06,2.15,
Yemen,YEM,31024090-mixtures-of-ammonium-nitrate-with-calciu,2.09,0.06,2.15,
Yemen,YEM,31025000-sodium-nitrate-excl-that-in-tablets-or-s,4.17,0.08,4.25,
Yemen,YEM,31026000-double-salts-and-mixtures-of-calcium-nit,2.09,0.06,2.15,
Yemen,YEM,31028000-mixtures-of-urea-and-ammonium-nitrate-in,1.56,0.06,1.62,
Yemen,YEM,31029000-mineral-or-chemical-nitrogen-fertilisers,1.56,0.08,1.63,
Yemen,YEM,3105-mineral-or-chemical-fertilisers-containi,,,,
Yemen,YEM,31051000-mineral-or-chemical-fertilisers-of-anima,0.78,0.03,0.81,
Yemen,YEM,31052010-mineral-or-chemical-fertilisers-containi,1.01,0.03,1.04,
Yemen,YEM,31052090-mineral-or-chemical-fertilisers-containi,0.67,0.02,0.69,
Yemen,YEM,31053000-diammonium-hydrogenorthophosphate-diammo,0.52,0.04,0.56,
Yemen,YEM,31054000-ammonium-dihydrogenorthophosphate-monoam,0.32,0.02,0.34,
Yemen,YEM,31055100-other-mineral-or-chemical-fertilisers-co,1.4,0.04,1.44,
Yemen,YEM,31055900-other-mineral-or-chemical-fertilisers-co,0.54,0.04,0.58,
Yemen,YEM,31059020-mineral-or-chemical-fertilisers-containi,1.4,0.04,1.44,
Yemen,YEM,31059080-mineral-or-chemical-fertilisers-containi,0.7,0.02,0.72,
Yemen,YEM,28041000-hydrogen,10.82,,10.82,
Zambia,ZMB,28080000-nitric-acid-sulphonitric-acids,1.64,0.07,1.71,
Zambia,ZMB,28141000-anhydrous-ammonia,,,,
Zambia,ZMB,28142000-ammonia-in-aqueous-solution,0.61,0.07,0.68,
Zambia,ZMB,28342100-nitrate-of-potassium,1.46,0.09,1.56,
Zambia,ZMB,3102-mineral-or-chemical-fertilizers-nitrogen,,,,
Zambia,ZMB,31021012-urea-in-aqueous-solution-containing-45-n,0.45,0.05,0.5,
Zambia,ZMB,31021015-urea-in-aqueous-solution-containing-45-n,0.75,0.05,0.8,
Zambia,ZMB,31021019-urea-whether-or-not-in-aqueous-solution,1.36,0.15,1.51,
Zambia,ZMB,31021090-urea-whether-or-not-in-aqueous-solution,1.33,0.15,1.48,
Zambia,ZMB,31022100-ammonium-sulphate-excl-that-in-tablets-o,0.59,0.09,0.68,
Zambia,ZMB,31022900-double-salts-and-mixtures-of-ammonium-su,1.04,0.1,1.15,
Zambia,ZMB,31023010-ammonium-nitrate-in-aqueous-solution-exc,1.11,0.08,1.2,
Zambia,ZMB,31023090-ammonium-nitrate-excl-that-in-aqueous-so,1.71,0.13,1.84,
Zambia,ZMB,31024010-mixtures-of-ammonium-nitrate-with-calciu,1.48,0.11,1.59,
Zambia,ZMB,31024090-mixtures-of-ammonium-nitrate-with-calciu,1.48,0.11,1.59,
Zambia,ZMB,31025000-sodium-nitrate-excl-that-in-tablets-or-s,2.56,0.11,2.66,
Zambia,ZMB,31026000-double-salts-and-mixtures-of-calcium-nit,1.44,0.11,1.55,
Zambia,ZMB,31028000-mixtures-of-urea-and-ammonium-nitrate-in,1.2,0.11,1.3,
Zambia,ZMB,31029000-mineral-or-chemical-nitrogen-fertilisers,1.32,0.13,1.44,
Zambia,ZMB,3105-mineral-or-chemical-fertilisers-containi,,,,
Zambia,ZMB,31051000-mineral-or-chemical-fertilisers-of-anima,0.62,0.08,0.7,
Zambia,ZMB,31052010-mineral-or-chemical-fertilisers-containi,0.75,0.09,0.84,
Zambia,ZMB,31052090-mineral-or-chemical-fertilisers-containi,0.51,0.07,0.58,
Zambia,ZMB,31053000-diammonium-hydrogenorthophosphate-diammo,0.48,0.07,0.55,
Zambia,ZMB,31054000-ammonium-dihydrogenorthophosphate-monoam,0.3,0.05,0.36,
Zambia,ZMB,31055100-other-mineral-or-chemical-fertilisers-co,1.01,0.12,1.13,
Zambia,ZMB,31055900-other-mineral-or-chemical-fertilisers-co,0.55,0.11,0.66,
Zambia,ZMB,31059020-mineral-or-chemical-fertilisers-containi,0.98,0.08,1.07,
Zambia,ZMB,31059080-mineral-or-chemical-fertilisers-containi,0.51,0.05,0.56,
Zambia,ZMB,7601-unwrought-aluminium,0.36,,0.36,L
Zambia,ZMB,7603-aluminium-powders-and-flakes,0.59,,0.59,L
Zambia,ZMB,76041010-bars-and-rods,0.81,,0.81,L
Zambia,ZMB,76041090-profiles,0.83,,0.83,L
Zambia,ZMB,76042100-hollow-profiles,0.83,,0.83,L
Zambia,ZMB,76042910-bars-and-rods,0.81,,0.81,L
Zambia,ZMB,76042990-profiles,0.83,,0.83,L
Zambia,ZMB,7605-aluminium-wire,0.81,,0.81,L
Zambia,ZMB,7606-aluminium-plates-sheets-and-strip-of-a-t,1.27,,1.27,L
Zambia,ZMB,7607-aluminium-foil-whether-or-not-printed-or,1.27,,1.27,L
Zambia,ZMB,7608-aluminium-tubes-and-pipes,0.83,,0.83,L
Zambia,ZMB,76090000-aluminium-tube-or-pipe-fittings-for-exam,0.83,,0.83,L
Zambia,ZMB,76101000-doors-windows-and-their-frames-and-thres,0.83,,0.83,L
Zambia,ZMB,761090-other,0.83,,0.83,L
Zambia,ZMB,76109010-bridges-and-bridge-sections-towers-and-l,0.83,,0.83,L
Zambia,ZMB,76109090-other,0.83,,0.83,L
Zambia,ZMB,76110000-aluminium-reservoirs-tanks-vats-and-simi,1.27,,1.27,L
Zambia,ZMB,7612-aluminium-casks-drums-cans-boxes-and-sim,1.27,,1.27,L
Zambia,ZMB,76130000-aluminium-containers-for-compressed-or-l,1.27,,1.27,L
Zambia,ZMB,7614-stranded-wire-cables-plaited-bands-and-t,0.81,,0.81,L
Zambia,ZMB,76161000-nails-tacks-staples-other-than-those-of,1.27,,1.27,L
Zambia,ZMB,76169100-cloth-grill-netting-and-fencing-of-alumi,1.27,,1.27,L
Zambia,ZMB,76169910-cast,0.59,,0.59,L
Zambia,ZMB,76169990-other,1.27,,1.27,L
Zambia,ZMB,28041000-hydrogen,10.82,,10.82,
Zambia,ZMB,720211-ferro-manganese-containing-by-weight-2-o,1.69,,1.69,
Zimbabwe,ZWE,2507008080-calcined-clay,,,,
Zimbabwe,ZWE,2523100010-white-clinker,,,,
Zimbabwe,ZWE,2523100090-other-clinker-including-grey-clinker,1.24,0.04,1.29,A
Zimbabwe,ZWE,25232100-white-portland-cement,,,,
Zimbabwe,ZWE,25232900-grey-portland-cement,1.24,0.07,1.31,
Zimbabwe,ZWE,25233000-aluminous-cement,,,,
Zimbabwe,ZWE,2523900010-white-hydraulic-cement,,,,
Zimbabwe,ZWE,2523900090-other-hydraulic-cements-including-grey-h,1.18,0.08,1.25,A
Zimbabwe,ZWE,28080000-nitric-acid-sulphonitric-acids,1.65,0.05,1.71,
Zimbabwe,ZWE,28141000-anhydrous-ammonia,2.02,0.16,2.18,
Zimbabwe,ZWE,28142000-ammonia-in-aqueous-solution,0.6,0.05,0.66,
Zimbabwe,ZWE,28342100-nitrate-of-potassium,1.47,0.08,1.55,
Zimbabwe,ZWE,3102-mineral-or-chemical-fertilizers-nitrogen,,,,
Zimbabwe,ZWE,31021012-urea-in-aqueous-solution-containing-45-n,0.46,0.04,0.5,
Zimbabwe,ZWE,31021015-urea-in-aqueous-solution-containing-45-n,0.76,0.04,0.8,
Zimbabwe,ZWE,31021019-urea-whether-or-not-in-aqueous-solution,1.39,0.12,1.51,
Zimbabwe,ZWE,31021090-urea-whether-or-not-in-aqueous-solution,1.36,0.12,1.48,
Zimbabwe,ZWE,31022100-ammonium-sulphate-excl-that-in-tablets-o,0.6,0.09,0.69,
Zimbabwe,ZWE,31022900-double-salts-and-mixtures-of-ammonium-su,1.05,0.1,1.15,
Zimbabwe,ZWE,31023010-ammonium-nitrate-in-aqueous-solution-exc,1.12,0.08,1.2,
Zimbabwe,ZWE,31023090-ammonium-nitrate-excl-that-in-aqueous-so,1.73,0.12,1.85,
Zimbabwe,ZWE,31024010-mixtures-of-ammonium-nitrate-with-calciu,1.5,0.11,1.61,
Zimbabwe,ZWE,31024090-mixtures-of-ammonium-nitrate-with-calciu,1.5,0.11,1.61,
Zimbabwe,ZWE,31025000-sodium-nitrate-excl-that-in-tablets-or-s,2.58,0.08,2.66,
Zimbabwe,ZWE,31026000-double-salts-and-mixtures-of-calcium-nit,1.45,0.1,1.55,
Zimbabwe,ZWE,31028000-mixtures-of-urea-and-ammonium-nitrate-in,1.21,0.1,1.31,
Zimbabwe,ZWE,31029000-mineral-or-chemical-nitrogen-fertilisers,1.34,0.11,1.45,
Zimbabwe,ZWE,3105-mineral-or-chemical-fertilisers-containi,,,,
Zimbabwe,ZWE,31051000-mineral-or-chemical-fertilisers-of-anima,0.63,0.09,0.72,
Zimbabwe,ZWE,31052010-mineral-or-chemical-fertilisers-containi,0.76,0.11,0.86,
Zimbabwe,ZWE,31052090-mineral-or-chemical-fertilisers-containi,0.52,0.08,0.6,
Zimbabwe,ZWE,31053000-diammonium-hydrogenorthophosphate-diammo,0.48,0.07,0.54,
Zimbabwe,ZWE,31054000-ammonium-dihydrogenorthophosphate-monoam,0.3,0.05,0.36,
Zimbabwe,ZWE,31055100-other-mineral-or-chemical-fertilisers-co,1.03,0.13,1.16,
Zimbabwe,ZWE,31055900-other-mineral-or-chemical-fertilisers-co,0.55,0.11,0.66,
Zimbabwe,ZWE,31059020-mineral-or-chemical-fertilisers-containi,0.99,0.08,1.08,
Zimbabwe,ZWE,31059080-mineral-or-chemical-fertilisers-containi,0.51,0.06,0.57,
Zimbabwe,ZWE,7601-unwrought-aluminium,0.36,,0.36,L
Zimbabwe,ZWE,7603-aluminium-powders-and-flakes,0.48,,0.48,L
Zimbabwe,ZWE,76041010-bars-and-rods,0.7,,0.7,L
Zimbabwe,ZWE,76041090-profiles,0.72,,0.72,L
Zimbabwe,ZWE,76042100-hollow-profiles,0.72,,0.72,L
Zimbabwe,ZWE,76042910-bars-and-rods,0.7,,0.7,L
Zimbabwe,ZWE,76042990-profiles,0.72,,0.72,L
Zimbabwe,ZWE,7605-aluminium-wire,0.7,,0.7,L
Zimbabwe,ZWE,7606-aluminium-plates-sheets-and-strip-of-a-t,1.16,,1.16,L
Zimbabwe,ZWE,7607-aluminium-foil-whether-or-not-printed-or,1.16,,1.16,L
Zimbabwe,ZWE,7608-aluminium-tubes-and-pipes,0.72,,0.72,L
Zimbabwe,ZWE,76090000-aluminium-tube-or-pipe-fittings-for-exam,0.72,,0.72,L
Zimbabwe,ZWE,76101000-doors-windows-and-their-frames-and-thres,0.72,,0.72,L
Zimbabwe,ZWE,761090-other,0.72,,0.72,L
Zimbabwe,ZWE,76109010-bridges-and-bridge-sections-towers-and-l,0.72,,0.72,L
Zimbabwe,ZWE,76109090-other,0.72,,0.72,L
Zimbabwe,ZWE,76110000-aluminium-reservoirs-tanks-vats-and-simi,1.16,,1.16,L
Zimbabwe,ZWE,7612-aluminium-casks-drums-cans-boxes-and-sim,1.16,,1.16,L
Zimbabwe,ZWE,76130000-aluminium-containers-for-compressed-or-l,1.16,,1.16,L
Zimbabwe,ZWE,7614-stranded-wire-cables-plaited-bands-and-t,0.7,,0.7,L
Zimbabwe,ZWE,76161000-nails-tacks-staples-other-than-those-of,1.16,,1.16,L
Zimbabwe,ZWE,76169100-cloth-grill-netting-and-fencing-of-alumi,1.16,,1.16,L
Zimbabwe,ZWE,76169910-cast,0.48,,0.48,L
Zimbabwe,ZWE,76169990-other,1.16,,1.16,L
Zimbabwe,ZWE,720211-ferro-manganese-containing-by-weight-2-o,1.69,,1.69,
Zimbabwe,ZWE,720241-ferro-chromium-containing-by-weight-4-of,2.35,,2.35,
Other countries and territories,,2507008080-calcined-clay,0.21,0.07,0.28,
Other countries and territories,,2523100010-white-clinker,1.32,0.06,1.37,B
Other countries and territories,,2523100090-other-clinker-including-grey-clinker,1.37,0.05,1.41,A
Other countries and territories,,25232100-white-portland-cement,1.3,0.14,1.45,
Other countries and territories,,25232900-grey-portland-cement,1.36,0.08,1.44,
Other countries and territories,,25233000-aluminous-cement,1.89,0.14,2.03,
Other countries and territories,,2523900010-white-hydraulic-cement,1.31,0.18,1.49,B
Other countries and territories,,2523900090-other-hydraulic-cements-including-grey-h,1.28,0.09,1.37,A
Other countries and territories,,28080000-nitric-acid-sulphonitric-acids,2.77,0.04,2.81,
Other countries and territories,,28141000-anhydrous-ammonia,2.97,0.15,3.13,
Other countries and territories,,28142000-ammonia-in-aqueous-solution,0.91,0.05,0.96,
Other countries and territories,,28342100-nitrate-of-potassium,2.26,0.07,2.33,
Other countries and territories,,3102-mineral-or-chemical-fertilizers-nitrogen,,,,
Other countries and territories,,31021012-urea-in-aqueous-solution-containing-45-n,0.86,0.04,0.9,
Other countries and territories,,31021015-urea-in-aqueous-solution-containing-45-n,1.43,0.04,1.47,
Other countries and territories,,31021019-urea-whether-or-not-in-aqueous-solution,2.6,0.12,2.72,
Other countries and territories,,31021090-urea-whether-or-not-in-aqueous-solution,2.54,0.12,2.66,
Other countries and territories,,31022100-ammonium-sulphate-excl-that-in-tablets-o,0.87,0.1,0.97,
Other countries and territories,,31022900-double-salts-and-mixtures-of-ammonium-su,1.51,0.11,1.62,
Other countries and territories,,31023010-ammonium-nitrate-in-aqueous-solution-exc,1.71,0.08,1.79,
Other countries and territories,,31023090-ammonium-nitrate-excl-that-in-aqueous-so,2.64,0.11,2.75,
Other countries and territories,,31024010-mixtures-of-ammonium-nitrate-with-calciu,2.26,0.1,2.36,
Other countries and territories,,31024090-mixtures-of-ammonium-nitrate-with-calciu,2.26,0.1,2.36,
Other countries and territories,,31025000-sodium-nitrate-excl-that-in-tablets-or-s,4.32,0.07,4.39,
Other countries and territories,,31026000-double-salts-and-mixtures-of-calcium-nit,2.21,0.1,2.31,
Other countries and territories,,31028000-mixtures-of-urea-and-ammonium-nitrate-in,1.85,0.1,1.96,
Other countries and territories,,31029000-mineral-or-chemical-nitrogen-fertilisers,2.16,0.11,2.28,
Other countries and territories,,3105-mineral-or-chemical-fertilisers-containi,,,,
Other countries and territories,,31051000-mineral-or-chemical-fertilisers-of-anima,0.9,0.1,1.0,
Other countries and territories,,31052010-mineral-or-chemical-fertilisers-containi,1.1,0.12,1.23,
Other countries and territories,,31052090-mineral-or-chemical-fertilisers-containi,0.75,0.09,0.84,
Other countries and territories,,31053000-diammonium-hydrogenorthophosphate-diammo,0.71,0.08,0.78,
Other countries and territories,,31054000-ammonium-dihydrogenorthophosphate-monoam,0.45,0.06,0.51,
Other countries and territories,,31055100-other-mineral-or-chemical-fertilisers-co,1.52,0.15,1.66,
Other countries and territories,,31055900-other-mineral-or-chemical-fertilisers-co,0.8,0.13,0.93,
Other countries and territories,,31059020-mineral-or-chemical-fertilisers-containi,1.5,0.08,1.57,
Other countries and territories,,31059080-mineral-or-chemical-fertilisers-containi,0.76,0.06,0.82,
Other countries and territories,,7601-unwrought-aluminium,2.203,,2.203,K
Other countries and territories,,7603-aluminium-powders-and-flakes,2.945,,2.945,K
Other countries and territories,,76041010-bars-and-rods,3.233,,3.233,K
Other countries and territories,,76041090-profiles,3.251,,3.251,K
Other countries and territories,,76042100-hollow-profiles,3.251,,3.251,K
Other countries and territories,,76042910-bars-and-rods,3.233,,3.233,K
Other countries and territories,,76042990-profiles,3.251,,3.251,K
Other countries and territories,,7605-aluminium-wire,3.184,,3.184,K
Other countries and territories,,7606-aluminium-plates-sheets-and-strip-of-a-t,3.717,,3.717,K
Other countries and territories,,7607-aluminium-foil-whether-or-not-printed-or,3.893,,3.893,K
Other countries and territories,,7608-aluminium-tubes-and-pipes,3.22,,3.22,K
Other countries and territories,,76090000-aluminium-tube-or-pipe-fittings-for-exam,3.322,,3.322,K
Other countries and territories,,76101000-doors-windows-and-their-frames-and-thres,3.212,,3.212,K
Other countries and territories,,761090-other,3.212,,3.212,K
Other countries and territories,,76109010-bridges-and-bridge-sections-towers-and-l,3.212,,3.212,K
Other countries and territories,,76109090-other,3.212,,3.212,K
Other countries and territories,,76110000-aluminium-reservoirs-tanks-vats-and-simi,4.037,,4.037,K
Other countries and territories,,7612-aluminium-casks-drums-cans-boxes-and-sim,3.944,,3.944,K
Other countries and territories,,76130000-aluminium-containers-for-compressed-or-l,4.037,,4.037,K
Other countries and territories,,7614-stranded-wire-cables-plaited-bands-and-t,3.297,,3.297,K
Other countries and territories,,76161000-nails-tacks-staples-other-than-those-of,3.891,,3.891,K
Other countries and territories,,76169100-cloth-grill-netting-and-fencing-of-alumi,3.891,,3.891,K
Other countries and territories,,76169910-cast,2.953,,2.953,K
Other countries and territories,,76169990-other,3.891,,3.891,K
Other countries and territories,,28041000-hydrogen,17.74,,17.74,
Other countries and territories,,26011200-agglomerated-iron-ores-and-concentrates,0.617,0.07,0.686,
Other countries and territories,,7201-pig-iron-and-spiegeleisen-in-pigs-blocks,3.48,,3.48,
Other countries and territories,,720211-ferro-manganese-containing-by-weight-2-o,1.69,,1.69,
Other countries and territories,,720219-ferro-manganese-containing-by-weight-2-c,5.59,,5.59,
Other countries and territories,,720241-ferro-chromium-containing-by-weight-4-of,2.35,,2.35,
Other countries and territories,,720249-ferro-chromium-containing-by-weight-4-of,2.87,,2.87,
Other countries and territories,,72026000-ferro-nickel,4.014,,4.014,
Other countries and territories,,7203-ferrous-products-obtained-by-direct-redu,1.325,,1.325,
Other countries and territories,,7205-granules-and-powders-of-pig-iron-spiegel,3.715,,3.715,C/F
Other countries and territories,,7206-iron-and-non-alloy-steel-in-ingots-or-ot,,,,
Other countries and territories,,72061000-ingots-of-iron-and-non-alloy-steel-excl,3.75,,3.75,C
Other countries and territories,,72069000-iron-and-non-alloy-steel-in-puddled-bars,3.75,,3.75,C
Other countries and territories,,7207-semi-finished-products-of-iron-or-non-al,,,,
Other countries and territories,,72071111-semi-finished-products-of-non-alloy-free,3.996,,3.996,C
Other countries and territories,,72071114-semi-finished-products-of-iron-or-non-al,3.996,,3.996,C
Other countries and territories,,72071116-semi-finished-products-of-iron-or-non-al,3.996,,3.996,C
Other countries and territories,,72071190-semi-finished-products-of-iron-or-non-al,4.053,,4.053,C
Other countries and territories,,72071210-semi-finished-products-of-iron-or-non-al,3.996,,3.996,C
Other countries and territories,,72071290-semi-finished-products-of-iron-or-non-al,4.053,,4.053,C
Other countries and territories,,72071912-semi-finished-products-of-iron-or-non-al,3.996,,3.996,C
Other countries and territories,,72071919-semi-finished-products-of-iron-or-non-al,4.053,,4.053,C
Other countries and territories,,72071980-semi-finished-products-of-iron-or-non-al,3.996,,3.996,C
Other countries and territories,,72072011-semi-finished-products-of-non-alloy-free,3.996,,3.996,C
Other countries and territories,,72072015-semi-finished-products-of-iron-or-non-al,3.996,,3.996,C
Other countries and territories,,72072017-semi-finished-products-of-iron-or-non-al,3.996,,3.996,C
Other countries and territories,,72072019-semi-finished-products-of-iron-or-non-al,4.053,,4.053,C
Other countries and territories,,72072032-semi-finished-products-of-iron-or-non-al,3.996,,3.996,C
Other countries and territories,,72072039-semi-finished-products-of-iron-or-non-al,4.053,,4.053,C
Other countries and territories,,72072052-semi-finished-products-of-iron-or-non-al,3.996,,3.996,C
Other countries and territories,,72072059-semi-finished-products-of-iron-or-non-al,4.053,,4.053,C
Other countries and territories,,72072080-semi-finished-products-of-iron-or-non-al,3.996,,3.996,C
Other countries and territories,,7208-flat-rolled-products-of-iron-or-non-allo,4.049,,4.049,C
Other countries and territories,,7209-flat-rolled-products-of-iron-or-non-allo,4.101,,4.101,C
Other countries and territories,,7210-flat-rolled-products-of-iron-or-non-allo,4.101,,4.101,C
Other countries and territories,,7211-flat-rolled-products-of-iron-or-non-allo,,,,
Other countries and territories,,72111300-flat-rolled-products-of-iron-or-non-allo,4.049,,4.049,C
Other countries and territories,,72111400-flat-rolled-products-of-iron-or-non-allo,4.049,,4.049,C
Other countries and territories,,72111900-flat-rolled-products-of-iron-or-non-allo,4.049,,4.049,C
Other countries and territories,,721123-flat-rolled-products-of-iron-or-non-allo,4.101,,4.101,C
Other countries and territories,,72112900-flat-rolled-products-of-iron-or-non-allo,4.101,,4.101,C
Other countries and territories,,721190-flat-rolled-products-of-iron-or-non-allo,4.101,,4.101,C
Other countries and territories,,7212-flat-rolled-products-of-iron-or-non-allo,4.101,,4.101,C
Other countries and territories,,7213-bars-and-rods-of-iron-or-non-alloy-steel,3.996,,3.996,C
Other countries and territories,,7214-bars-and-rods-of-iron-or-non-alloy-steel,,,,
Other countries and territories,,72141000-bars-and-rods-of-iron-or-non-alloy-steel,4.053,,4.053,C
Other countries and territories,,72142000-bars-and-rods-of-iron-or-non-alloy-steel,3.996,,3.996,C
Other countries and territories,,72143000-bars-and-rods-of-non-alloy-free-cutting,3.996,,3.996,C
Other countries and territories,,721491-bars-and-rods-of-iron-or-non-alloy-steel,3.996,,3.996,C
Other countries and territories,,721499-bars-and-rods-of-iron-or-non-alloy-steel,3.996,,3.996,C
Other countries and territories,,7215-bars-and-rods-of-iron-or-non-alloy-steel,3.996,,3.996,C
Other countries and territories,,7216-angles-shapes-and-sections-of-iron-or-no,3.996,,3.996,C
Other countries and territories,,7217-wire-of-iron-or-non-alloy-steel-in-coils,,,,
Other countries and territories,,721710-wire-of-iron-or-non-alloy-steel-in-coils,3.996,,3.996,C
Other countries and territories,,721720-wire-of-iron-or-non-alloy-steel-in-coils,3.996,,3.996,C
Other countries and territories,,721730-wire-of-iron-or-non-alloy-steel-in-coils,3.996,,3.996,C
Other countries and territories,,721790-wire-of-iron-or-non-alloy-steel-in-coils,3.996,,3.996,C
Other countries and territories,,7218-stainless-steel-in-ingots-or-other-prima,,,,
Other countries and territories,,72181000-steel-stainless-in-ingots-and-other-prim,5.006,,5.006,
Other countries and territories,,721891-semi-finished-products-of-stainless-stee,4.94,,4.94,
Other countries and territories,,72189911-semi-finished-products-of-stainless-stee,4.94,,4.94,
Other countries and territories,,72189919-semi-finished-products-of-stainless-stee,5.006,,5.006,
Other countries and territories,,72189920-semi-finished-products-of-stainless-stee,4.94,,4.94,
Other countries and territories,,72189980-semi-finished-products-of-stainless-stee,5.006,,5.006,
Other countries and territories,,7219-flat-rolled-products-of-stainless-steel,,,,
Other countries and territories,,72191100-flat-rolled-products-of-stainless-steel,4.94,,4.94,
Other countries and territories,,721912-flat-rolled-products-of-stainless-steel,4.94,,4.94,
Other countries and territories,,721913-flat-rolled-products-of-stainless-steel,4.94,,4.94,
Other countries and territories,,721914-flat-rolled-products-of-stainless-steel,4.94,,4.94,
Other countries and territories,,721921-flat-rolled-products-of-stainless-steel,4.94,,4.94,
Other countries and territories,,721922-flat-rolled-products-of-stainless-steel,4.94,,4.94,
Other countries and territories,,72192300-flat-rolled-products-of-stainless-steel,4.94,,4.94,
Other countries and territories,,72192400-flat-rolled-products-of-stainless-steel,4.94,,4.94,
Other countries and territories,,72193100-flat-rolled-products-of-stainless-steel,5.02,,5.02,
Other countries and territories,,721932-flat-rolled-products-of-stainless-steel,5.02,,5.02,
Other countries and territories,,721933-flat-rolled-products-of-stainless-steel,5.02,,5.02,
Other countries and territories,,721934-flat-rolled-products-of-stainless-steel,5.02,,5.02,
Other countries and territories,,721935-flat-rolled-products-of-stainless-steel,5.02,,5.02,
Other countries and territories,,721990-flat-rolled-products-of-stainless-steel,5.02,,5.02,
Other countries and territories,,7220-flat-rolled-products-of-stainless-steel,,,,
Other countries and territories,,72201100-flat-rolled-products-of-stainless-steel,4.94,,4.94,
Other countries and territories,,72201200-flat-rolled-products-of-stainless-steel,4.94,,4.94,
Other countries and territories,,722020-flat-rolled-products-of-stainless-steel,5.02,,5.02,
Other countries and territories,,722090-flat-rolled-products-of-stainless-steel,5.02,,5.02,
Other countries and territories,,7221-bars-and-rods-of-stainless-steel-hot-rol,4.82,,4.82,
Other countries and territories,,7222-other-bars-and-rods-of-stainless-steel-a,,,,
Other countries and territories,,722211-bars-and-rods-of-stainless-steel-only-ho,4.82,,4.82,
Other countries and territories,,722219-bars-and-rods-of-stainless-steel-only-ho,4.82,,4.82,
Other countries and territories,,722220-other-bars-and-rods-of-stainless-steel-n,4.82,,4.82,
Other countries and territories,,722230-other-bars-and-rods-of-stainless-steel-c,5.006,,5.006,
Other countries and territories,,722240-angles-shapes-and-sections-of-stainless,4.82,,4.82,
Other countries and territories,,7223-wire-of-stainless-steel-in-coils-excl-ba,,,,
Other countries and territories,,722300-wire-of-stainless-steel-in-coils-excl-ba,4.82,,4.82,
Other countries and territories,,7224-steel-alloy-other-than-stainless-in-ingo,,,,
Other countries and territories,,722410-steel-alloy-other-than-stainless-in-ingo,5.589,,5.589,F
Other countries and territories,,72249002-semi-finished-products-of-tool-steel,5.5,,5.5,F
Other countries and territories,,72249003-semi-finished-products-of-high-speed-ste,5.5,,5.5,F
Other countries and territories,,72249005-semi-finished-products-of-steel-containi,5.5,,5.5,F
Other countries and territories,,72249007-semi-finished-products-of-alloy-steel-ot,5.5,,5.5,F
Other countries and territories,,72249014-semi-finished-products-of-alloy-steel-ot,5.5,,5.5,F
Other countries and territories,,72249018-semi-finished-products-of-alloy-steel-ot,5.589,,5.589,F
Other countries and territories,,72249031-semi-finished-products-of-steel-containi,5.5,,5.5,F
Other countries and territories,,72249038-semi-finished-products-of-alloy-steel-ot,5.5,,5.5,F
Other countries and territories,,72249090-semi-finished-products-of-alloy-steel-ot,5.589,,5.589,F
Other countries and territories,,7225-flat-rolled-products-of-alloy-steel-othe,,,,
Other countries and territories,,72251100-flat-rolled-products-of-silicon-electric,7.1,,7.1,C
Other countries and territories,,72251910-flat-rolled-products-of-silicon-electric,5.5,,5.5,C
Other countries and territories,,72251990-flat-rolled-products-of-silicon-electric,5.588,,5.588,C
Other countries and territories,,722530-flat-rolled-products-of-alloy-steel-othe,5.5,,5.5,F
Other countries and territories,,722540-flat-rolled-products-of-alloy-steel-othe,5.5,,5.5,F
Other countries and territories,,722550-flat-rolled-products-of-alloy-steel-othe,5.588,,5.588,F
Other countries and territories,,72259100-flat-rolled-products-of-alloy-steel-othe,5.588,,5.588,F
Other countries and territories,,72259200-flat-rolled-products-of-alloy-steel-othe,5.588,,5.588,F
Other countries and territories,,72259900-flat-rolled-products-of-alloy-steel-othe,5.588,,5.588,F
Other countries and territories,,7226-flat-rolled-products-of-alloy-steel-othe,,,,
Other countries and territories,,72261100-flat-rolled-products-of-silicon-electric,7.1,,7.1,C
Other countries and territories,,72261910-flat-rolled-products-of-silicon-electric,5.5,,5.5,C
Other countries and territories,,72261980-flat-rolled-products-of-silicon-electric,5.588,,5.588,C
Other countries and territories,,72262000-flat-rolled-products-of-high-speed-steel,5.5,,5.5,F
Other countries and territories,,722691-flat-rolled-products-of-alloy-steel-othe,5.5,,5.5,F
Other countries and territories,,72269200-flat-rolled-products-of-alloy-steel-othe,5.59,,5.59,F
Other countries and territories,,722699-flat-rolled-products-of-alloy-steel-othe,5.588,,5.588,F
Other countries and territories,,7227-bars-and-rods-of-alloy-steel-other-than,5.4,,5.4,C/F
Other countries and territories,,7228-other-bars-and-rods-of-alloy-steel-other,,,,
Other countries and territories,,72281020-bars-and-rods-of-high-speed-steel-not-fu,5.4,,5.4,F
Other countries and territories,,72281050-bars-and-rods-of-high-speed-steel-forged,5.589,,5.589,F
Other countries and territories,,72281090-bars-and-rods-of-high-speed-steel-not-fu,5.4,,5.4,F
Other countries and territories,,722820-bars-and-rods-of-silico-manganese-steel,5.4,,5.4,F
Other countries and territories,,722830-bars-and-rods-of-alloy-steel-other-than,5.4,,5.4,C/F
Other countries and territories,,722840-bars-and-rods-of-alloy-steel-other-than,5.589,,5.589,F
Other countries and territories,,722850-bars-and-rods-of-alloy-steel-other-than,5.4,,5.4,C/F
Other countries and territories,,722860-bars-and-rods-of-alloy-steel-other-than,5.4,,5.4,F
Other countries and territories,,722870-angles-shapes-and-sections-of-alloy-stee,5.4,,5.4,F
Other countries and territories,,72288000-hollow-drill-bars-and-rods-of-alloy-or-n,5.4,,5.4,F
Other countries and territories,,7229-wire-of-alloy-steel-other-than-stainless,5.4,,5.4,C/F
Other countries and territories,,7301-sheet-piling-of-iron-or-steel-whether-or,4.063,,4.063,C
Other countries and territories,,7302-railway-or-tramway-track-construction-ma,4.887,,4.887,C
Other countries and territories,,7303-tubes-pipes-and-hollow-profiles-of-cast,,,,
Other countries and territories,,730300-tubes-pipes-and-hollow-profiles-of-cast,4.15,,4.15,
Other countries and territories,,7304-tubes-pipes-and-hollow-profiles-seamless,,,,
Other countries and territories,,73041100-line-pipe-of-a-kind-used-for-oil-or-gas,5.184,,5.184,
Other countries and territories,,730419-line-pipe-of-a-kind-used-for-oil-or-gas,3.981,,3.981,C
Other countries and territories,,73042200-drill-pipe-seamless-of-stainless-steel-o,5.184,,5.184,
Other countries and territories,,73042300-drill-pipe-seamless-of-a-kind-used-in-dr,3.981,,3.981,C
Other countries and territories,,73042400-casing-and-tubing-seamless-of-a-kind-use,5.184,,5.184,
Other countries and territories,,730429-casing-and-tubing-seamless-of-iron-or-st,3.981,,3.981,C
Other countries and territories,,730431-tubes-pipes-and-hollow-profiles-seamless,3.981,,3.981,C
Other countries and territories,,730439-tubes-pipes-and-hollow-profiles-seamless,3.981,,3.981,C
Other countries and territories,,73044100-tubes-pipes-and-hollow-profiles-seamless,5.184,,5.184,
Other countries and territories,,730449-tubes-pipes-and-hollow-profiles-seamless,5.184,,5.184,
Other countries and territories,,730451-tubes-pipes-and-hollow-profiles-seamless,3.878,,3.878,F
Other countries and territories,,730459-tubes-pipes-and-hollow-profiles-seamless,3.878,,3.878,C/F
Other countries and territories,,73049000-tubes-pipes-and-hollow-profiles-seamless,3.981,,3.981,C
Other countries and territories,,7305-tubes-and-pipes-having-circular-cross-se,4.06,,4.06,C
Other countries and territories,,7306-tubes-pipes-and-hollow-profiles-e-g-open,,,,
Other countries and territories,,73061100-line-pipe-of-a-kind-used-for-oil-or-gas,5.369,,5.369,
Other countries and territories,,73061900-line-pipe-of-a-kind-used-for-oil-or-gas,4.141,,4.141,C
Other countries and territories,,73062100-casing-and-tubing-of-a-kind-used-in-dril,5.369,,5.369,
Other countries and territories,,73062900-casing-and-tubing-of-a-kind-used-in-dril,4.141,,4.141,C
Other countries and territories,,73063012-precision-tubes-welded-of-circular-cross,4.141,,4.141,C
Other countries and territories,,73063018-precision-tubes-welded-of-circular-cross,4.09,,4.09,C
Other countries and territories,,73063041-threaded-or-threadable-tubes-gas-pipe-we,4.141,,4.141,C
Other countries and territories,,73063049-threaded-or-threadable-tubes-gas-pipe-we,4.141,,4.141,C
Other countries and territories,,73063072-other-tubes-pipes-and-hollow-profiles-we,4.141,,4.141,C
Other countries and territories,,73063077-other-tubes-pipes-and-hollow-profiles-we,4.141,,4.141,C
Other countries and territories,,73063080-tubes-pipes-and-hollow-profiles-welded-h,4.141,,4.141,C
Other countries and territories,,73064020-tubes-pipes-and-hollow-profiles-welded-o,5.369,,5.369,
Other countries and territories,,73064080-tubes-pipes-and-hollow-profiles-welded-o,5.296,,5.296,
Other countries and territories,,73065021-precision-steel-tubes-welded-of-circular,4.128,,4.128,F
Other countries and territories,,73065029-precision-steel-tubes-welded-of-circular,4.056,,4.056,F
Other countries and territories,,73065080-tubes-pipes-and-hollow-profiles-welded-o,4.128,,4.128,F
Other countries and territories,,73066110-tubes-and-pipes-and-hollow-profiles-weld,5.369,,5.369,
Other countries and territories,,73066192-tubes-and-pipes-and-hollow-profiles-weld,4.141,,4.141,C
Other countries and territories,,73066199-tubes-and-pipes-and-hollow-profiles-weld,4.141,,4.141,C
Other countries and territories,,73066910-tubes-pipes-and-hollow-profiles-welded-o,5.369,,5.369,
Other countries and territories,,73066990-tubes-pipes-and-hollow-profiles-welded-o,4.141,,4.141,C
Other countries and territories,,73069000-tubes-pipes-and-hollow-profiles-e-g-open,4.141,,4.141,C
Other countries and territories,,7307-tube-or-pipe-fittings-e-g-couplings-elbo,,,,
Other countries and territories,,730711-tube-or-pipe-fittings-of-non-malleable-c,3.929,,3.929,
Other countries and territories,,73071910-tube-or-pipe-fittings-of-cast-iron-excl,3.929,,3.929,
Other countries and territories,,73071990-cast-tube-or-pipe-fittings-of-steel,4.053,,4.053,C
Other countries and territories,,73072100-flanges-of-stainless-steel-excl-cast-pro,4.498,,4.498,
Other countries and territories,,730722-threaded-elbows-bends-and-sleeves-of-sta,4.498,,4.498,
Other countries and territories,,730723-butt-welding-tube-or-pipe-fittings-of-st,4.498,,4.498,
Other countries and territories,,730729-tube-or-pipe-fittings-of-stainless-steel,4.498,,4.498,
Other countries and territories,,73079100-flanges-of-iron-or-steel-excl-cast-or-st,4.072,,4.072,C
Other countries and territories,,730792-threaded-elbows-bends-and-sleeves-of-sta,4.072,,4.072,C
Other countries and territories,,730793-butt-welding-fittings-of-iron-or-steel-e,4.072,,4.072,C
Other countries and territories,,730799-tube-or-pipe-fittings-of-iron-or-steel-e,4.072,,4.072,C
Other countries and territories,,7308-structures-and-parts-of-structures-e-g-b,5.064,,5.064,C
Other countries and territories,,7309-reservoirs-tanks-vats-and-similar-contai,5.468,,5.468,C
Other countries and territories,,7310-tanks-casks-drums-cans-boxes-and-similar,4.228,,4.228,C
Other countries and territories,,7311-containers-of-iron-or-steel-for-compress,,,,
Other countries and territories,,731100-containers-of-iron-or-steel-for-compress,5.385,,5.385,C
Other countries and territories,,7318-screws-bolts-nuts-coach-screws-screw-hoo,,,,
Other countries and territories,,73181100-coach-screws-of-iron-or-steel,3.962,,3.962,C
Other countries and territories,,73181210-wood-screws-of-stainless-steel-excl-coac,5.119,,5.119,
Other countries and territories,,73181290-wood-screws-of-iron-or-steel-other-than,3.962,,3.962,C
Other countries and territories,,73181300-screw-hooks-and-screw-rings-of-iron-or-s,3.962,,3.962,C
Other countries and territories,,73181410-self-tapping-screws-of-stainless-steel-e,5.119,,5.119,
Other countries and territories,,73181491-spaced-thread-screws-of-iron-or-steel-ot,3.962,,3.962,C
Other countries and territories,,73181499-self-tapping-screws-of-iron-or-steel-oth,3.962,,3.962,C
Other countries and territories,,731815-threaded-screws-and-bolts-of-iron-or-ste,4.801,,4.801,C
Other countries and territories,,731816-nuts-of-iron-or-steel,4.693,,4.693,C
Other countries and territories,,73181900-threaded-articles-of-iron-or-steel-n-e-s,3.962,,3.962,C
Other countries and territories,,73182100-spring-washers-and-other-lock-washers-of,3.962,,3.962,C
Other countries and territories,,73182200-washers-of-iron-or-steel-excl-spring-was,4.322,,4.322,C
Other countries and territories,,73182300-rivets-of-iron-or-steel-excl-tubular-and,3.963,,3.963,C
Other countries and territories,,73182400-cotters-and-cotter-pins-of-iron-or-steel,3.962,,3.962,C
Other countries and territories,,73182900-non-threaded-articles-of-iron-or-steel,3.962,,3.962,C
Other countries and territories,,7326-articles-of-iron-or-steel-n-e-s-excl-cas,,,,
Other countries and territories,,73261100-grinding-balls-and-similar-articles-for,4.08,,4.08,C
Other countries and territories,,732619-articles-of-iron-or-steel-forged-or-stam,4.08,,4.08,C
Other countries and territories,,73262000-articles-of-iron-or-steel-wire-n-e-s,4.051,,4.051,C
Other countries and territories,,73269030-ladders-and-steps-of-iron-or-steel,4.051,,4.051,C
Other countries and territories,,73269040-pallets-and-similar-platforms-for-handli,4.051,,4.051,C
Other countries and territories,,73269050-reels-for-cables-piping-and-the-like-of,4.051,,4.051,C
Other countries and territories,,73269060-ventilators-non-mechanical-guttering-hoo,4.051,,4.051,C
Other countries and territories,,73269092-articles-of-iron-or-steel-open-die-forge,4.08,,4.08,C
Other countries and territories,,73269094-articles-of-iron-or-steel-closed-die-for,4.08,,4.08,C
Other countries and territories,,73269096-sintered-articles-of-iron-or-steel-n-e-s,4.08,,4.08,C
Other countries and territories,,73269098-articles-of-iron-or-steel-n-e-s,4.151,,4.151,C
