country_iso3,data_year,fiscal_year,income_group_code,income_group
ABW,1987,FY89,H,High income
ABW,1988,FY90,H,High income
ABW,1989,FY91,H,High income
ABW,1990,FY92,H,High income
ABW,1991,FY93,UM,Upper middle income
ABW,1992,FY94,UM,Upper middle income
ABW,1993,FY95,UM,Upper middle income
ABW,1994,FY96,H,High income
ABW,1995,FY97,H,High income
ABW,1996,FY98,H,High income
ABW,1997,FY99,H,High income
ABW,1998,FY00,H,High income
ABW,1999,FY01,H,High income
ABW,2000,FY02,H,High income
ABW,2001,FY03,H,High income
ABW,2002,FY04,H,High income
ABW,2003,FY05,H,High income
ABW,2004,FY06,H,High income
ABW,2005,FY07,H,High income
ABW,2006,FY08,H,High income
ABW,2007,FY09,H,High income
ABW,2008,FY10,H,High income
ABW,2009,FY11,H,High income
ABW,2010,FY12,H,High income
ABW,2011,FY13,H,High income
ABW,2012,FY14,H,High income
ABW,2013,FY15,H,High income
ABW,2014,FY16,H,High income
ABW,2015,FY17,H,High income
ABW,2016,FY18,H,High income
ABW,2017,FY19,H,High income
ABW,2018,FY20,H,High income
ABW,2019,FY21,H,High income
ABW,2020,FY22,H,High income
ABW,2021,FY23,H,High income
ABW,2022,FY24,H,High income
ABW,2023,FY25,H,High income
ABW,2024,FY26,H,High income
ABW,2025,FY27,H,High income
AGO,1988,FY90,LM,Lower middle income
AGO,1989,FY91,LM,Lower middle income
AGO,1990,FY92,LM,Lower middle income
AGO,1991,FY93,LM,Lower middle income
AGO,1992,FY94,LM,Lower middle income
AGO,1993,FY95,LM,Lower middle income
AGO,1994,FY96,LM,Lower middle income
AGO,1995,FY97,L,Low income
AGO,1996,FY98,L,Low income
AGO,1997,FY99,L,Low income
AGO,1998,FY00,L,Low income
AGO,1999,FY01,L,Low income
AGO,2000,FY02,L,Low income
AGO,2001,FY03,L,Low income
AGO,2002,FY04,L,Low income
AGO,2003,FY05,L,Low income
AGO,2004,FY06,LM,Lower middle income
AGO,2005,FY07,LM,Lower middle income
AGO,2006,FY08,LM,Lower middle income
AGO,2007,FY09,LM,Lower middle income
AGO,2008,FY10,LM,Lower middle income
AGO,2009,FY11,LM,Lower middle income
AGO,2010,FY12,LM,Lower middle income
AGO,2011,FY13,UM,Upper middle income
AGO,2012,FY14,UM,Upper middle income
AGO,2013,FY15,UM,Upper middle income
AGO,2014,FY16,UM,Upper middle income
AGO,2015,FY17,UM,Upper middle income
AGO,2016,FY18,LM,Lower middle income
AGO,2017,FY19,LM,Lower middle income
AGO,2018,FY20,LM,Lower middle income
AGO,2019,FY21,LM,Lower middle income
AGO,2020,FY22,LM,Lower middle income
AGO,2021,FY23,LM,Lower middle income
AGO,2022,FY24,LM,Lower middle income
AGO,2023,FY25,LM,Lower middle income
AGO,2024,FY26,LM,Lower middle income
AGO,2025,FY27,LM,Lower middle income
ANT,1987,FY89,UM,Upper middle income
ANT,1988,FY90,UM,Upper middle income
ANT,1989,FY91,UM,Upper middle income
ANT,1990,FY92,UM,Upper middle income
ANT,1991,FY93,UM,Upper middle income
ANT,1992,FY94,UM,Upper middle income
ANT,1993,FY95,UM,Upper middle income
ANT,1994,FY96,H,High income
ANT,1995,FY97,H,High income
ANT,1996,FY98,H,High income
ANT,1997,FY99,H,High income
ANT,1998,FY00,H,High income
ANT,1999,FY01,H,High income
ANT,2000,FY02,H,High income
ANT,2001,FY03,H,High income
ANT,2002,FY04,H,High income
ANT,2003,FY05,H,High income
ANT,2004,FY06,H,High income
ANT,2005,FY07,H,High income
ANT,2006,FY08,H,High income
ANT,2007,FY09,H,High income
ANT,2008,FY10,H,High income
ANT,2009,FY11,H,High income
ARE,1987,FY89,H,High income
ARE,1988,FY90,H,High income
ARE,1989,FY91,H,High income
ARE,1990,FY92,H,High income
ARE,1991,FY93,H,High income
ARE,1992,FY94,H,High income
ARE,1993,FY95,H,High income
ARE,1994,FY96,H,High income
ARE,1995,FY97,H,High income
ARE,1996,FY98,H,High income
ARE,1997,FY99,H,High income
ARE,1998,FY00,H,High income
ARE,1999,FY01,H,High income
ARE,2000,FY02,H,High income
ARE,2001,FY03,H,High income
ARE,2002,FY04,H,High income
ARE,2003,FY05,H,High income
ARE,2004,FY06,H,High income
ARE,2005,FY07,H,High income
ARE,2006,FY08,H,High income
ARE,2007,FY09,H,High income
ARE,2008,FY10,H,High income
ARE,2009,FY11,H,High income
ARE,2010,FY12,H,High income
ARE,2011,FY13,H,High income
ARE,2012,FY14,H,High income
ARE,2013,FY15,H,High income
ARE,2014,FY16,H,High income
ARE,2015,FY17,H,High income
ARE,2016,FY18,H,High income
ARE,2017,FY19,H,High income
ARE,2018,FY20,H,High income
ARE,2019,FY21,H,High income
ARE,2020,FY22,H,High income
ARE,2021,FY23,H,High income
ARE,2022,FY24,H,High income
ARE,2023,FY25,H,High income
ARE,2024,FY26,H,High income
ARE,2025,FY27,H,High income
ARG,1987,FY89,UM,Upper middle income
ARG,1988,FY90,UM,Upper middle income
ARG,1989,FY91,LM,Lower middle income
ARG,1990,FY92,LM,Lower middle income
ARG,1991,FY93,UM,Upper middle income
ARG,1992,FY94,UM,Upper middle income
ARG,1993,FY95,UM,Upper middle income
ARG,1994,FY96,UM,Upper middle income
ARG,1995,FY97,UM,Upper middle income
ARG,1996,FY98,UM,Upper middle income
ARG,1997,FY99,UM,Upper middle income
ARG,1998,FY00,UM,Upper middle income
ARG,1999,FY01,UM,Upper middle income
ARG,2000,FY02,UM,Upper middle income
ARG,2001,FY03,UM,Upper middle income
ARG,2002,FY04,UM,Upper middle income
ARG,2003,FY05,UM,Upper middle income
ARG,2004,FY06,UM,Upper middle income
ARG,2005,FY07,UM,Upper middle income
ARG,2006,FY08,UM,Upper middle income
ARG,2007,FY09,UM,Upper middle income
ARG,2008,FY10,UM,Upper middle income
ARG,2009,FY11,UM,Upper middle income
ARG,2010,FY12,UM,Upper middle income
ARG,2011,FY13,UM,Upper middle income
ARG,2012,FY14,UM,Upper middle income
ARG,2013,FY15,UM,Upper middle income
ARG,2014,FY16,H,High income
ARG,2015,FY17,UM,Upper middle income
ARG,2016,FY18,UM,Upper middle income
ARG,2017,FY19,H,High income
ARG,2018,FY20,UM,Upper middle income
ARG,2019,FY21,UM,Upper middle income
ARG,2020,FY22,UM,Upper middle income
ARG,2021,FY23,UM,Upper middle income
ARG,2022,FY24,UM,Upper middle income
ARG,2023,FY25,UM,Upper middle income
ARG,2024,FY26,UM,Upper middle income
ARG,2025,FY27,UM,Upper middle income
ARM,1991,FY93,LM,Lower middle income
ARM,1992,FY94,LM,Lower middle income
ARM,1993,FY95,L,Low income
ARM,1994,FY96,L,Low income
ARM,1995,FY97,L,Low income
ARM,1996,FY98,L,Low income
ARM,1997,FY99,L,Low income
ARM,1998,FY00,L,Low income
ARM,1999,FY01,L,Low income
ARM,2000,FY02,L,Low income
ARM,2001,FY03,L,Low income
ARM,2002,FY04,LM,Lower middle income
ARM,2003,FY05,LM,Lower middle income
ARM,2004,FY06,LM,Lower middle income
ARM,2005,FY07,LM,Lower middle income
ARM,2006,FY08,LM,Lower middle income
ARM,2007,FY09,LM,Lower middle income
ARM,2008,FY10,LM,Lower middle income
ARM,2009,FY11,LM,Lower middle income
ARM,2010,FY12,LM,Lower middle income
ARM,2011,FY13,LM,Lower middle income
ARM,2012,FY14,LM,Lower middle income
ARM,2013,FY15,LM,Lower middle income
ARM,2014,FY16,LM,Lower middle income
ARM,2015,FY17,LM,Lower middle income
ARM,2016,FY18,LM,Lower middle income
ARM,2017,FY19,UM,Upper middle income
ARM,2018,FY20,UM,Upper middle income
ARM,2019,FY21,UM,Upper middle income
ARM,2020,FY22,UM,Upper middle income
ARM,2021,FY23,UM,Upper middle income
ARM,2022,FY24,UM,Upper middle income
ARM,2023,FY25,UM,Upper middle income
ARM,2024,FY26,UM,Upper middle income
ARM,2025,FY27,UM,Upper middle income
ATG,1987,FY89,UM,Upper middle income
ATG,1988,FY90,UM,Upper middle income
ATG,1989,FY91,UM,Upper middle income
ATG,1990,FY92,UM,Upper middle income
ATG,1991,FY93,UM,Upper middle income
ATG,1992,FY94,UM,Upper middle income
ATG,1993,FY95,UM,Upper middle income
ATG,1994,FY96,UM,Upper middle income
ATG,1995,FY97,UM,Upper middle income
ATG,1996,FY98,UM,Upper middle income
ATG,1997,FY99,UM,Upper middle income
ATG,1998,FY00,UM,Upper middle income
ATG,1999,FY01,UM,Upper middle income
ATG,2000,FY02,UM,Upper middle income
ATG,2001,FY03,UM,Upper middle income
ATG,2002,FY04,H,High income
ATG,2003,FY05,UM,Upper middle income
ATG,2004,FY06,UM,Upper middle income
ATG,2005,FY07,H,High income
ATG,2006,FY08,H,High income
ATG,2007,FY09,H,High income
ATG,2008,FY10,H,High income
ATG,2009,FY11,UM,Upper middle income
ATG,2010,FY12,UM,Upper middle income
ATG,2011,FY13,UM,Upper middle income
ATG,2012,FY14,H,High income
ATG,2013,FY15,H,High income
ATG,2014,FY16,H,High income
ATG,2015,FY17,H,High income
ATG,2016,FY18,H,High income
ATG,2017,FY19,H,High income
ATG,2018,FY20,H,High income
ATG,2019,FY21,H,High income
ATG,2020,FY22,H,High income
ATG,2021,FY23,H,High income
ATG,2022,FY24,H,High income
ATG,2023,FY25,H,High income
ATG,2024,FY26,H,High income
ATG,2025,FY27,H,High income
AUS,1987,FY89,H,High income
AUS,1988,FY90,H,High income
AUS,1989,FY91,H,High income
AUS,1990,FY92,H,High income
AUS,1991,FY93,H,High income
AUS,1992,FY94,H,High income
AUS,1993,FY95,H,High income
AUS,1994,FY96,H,High income
AUS,1995,FY97,H,High income
AUS,1996,FY98,H,High income
AUS,1997,FY99,H,High income
AUS,1998,FY00,H,High income
AUS,1999,FY01,H,High income
AUS,2000,FY02,H,High income
AUS,2001,FY03,H,High income
AUS,2002,FY04,H,High income
AUS,2003,FY05,H,High income
AUS,2004,FY06,H,High income
AUS,2005,FY07,H,High income
AUS,2006,FY08,H,High income
AUS,2007,FY09,H,High income
AUS,2008,FY10,H,High income
AUS,2009,FY11,H,High income
AUS,2010,FY12,H,High income
AUS,2011,FY13,H,High income
AUS,2012,FY14,H,High income
AUS,2013,FY15,H,High income
AUS,2014,FY16,H,High income
AUS,2015,FY17,H,High income
AUS,2016,FY18,H,High income
AUS,2017,FY19,H,High income
AUS,2018,FY20,H,High income
AUS,2019,FY21,H,High income
AUS,2020,FY22,H,High income
AUS,2021,FY23,H,High income
AUS,2022,FY24,H,High income
AUS,2023,FY25,H,High income
AUS,2024,FY26,H,High income
AUS,2025,FY27,H,High income
AUT,1987,FY89,H,High income
AUT,1988,FY90,H,High income
AUT,1989,FY91,H,High income
AUT,1990,FY92,H,High income
AUT,1991,FY93,H,High income
AUT,1992,FY94,H,High income
AUT,1993,FY95,H,High income
AUT,1994,FY96,H,High income
AUT,1995,FY97,H,High income
AUT,1996,FY98,H,High income
AUT,1997,FY99,H,High income
AUT,1998,FY00,H,High income
AUT,1999,FY01,H,High income
AUT,2000,FY02,H,High income
AUT,2001,FY03,H,High income
AUT,2002,FY04,H,High income
AUT,2003,FY05,H,High income
AUT,2004,FY06,H,High income
AUT,2005,FY07,H,High income
AUT,2006,FY08,H,High income
AUT,2007,FY09,H,High income
AUT,2008,FY10,H,High income
AUT,2009,FY11,H,High income
AUT,2010,FY12,H,High income
AUT,2011,FY13,H,High income
AUT,2012,FY14,H,High income
AUT,2013,FY15,H,High income
AUT,2014,FY16,H,High income
AUT,2015,FY17,H,High income
AUT,2016,FY18,H,High income
AUT,2017,FY19,H,High income
AUT,2018,FY20,H,High income
AUT,2019,FY21,H,High income
AUT,2020,FY22,H,High income
AUT,2021,FY23,H,High income
AUT,2022,FY24,H,High income
AUT,2023,FY25,H,High income
AUT,2024,FY26,H,High income
AUT,2025,FY27,H,High income
AZE,1991,FY93,LM,Lower middle income
AZE,1992,FY94,LM,Lower middle income
AZE,1993,FY95,LM,Lower middle income
AZE,1994,FY96,L,Low income
AZE,1995,FY97,L,Low income
AZE,1996,FY98,L,Low income
AZE,1997,FY99,L,Low income
AZE,1998,FY00,L,Low income
AZE,1999,FY01,L,Low income
AZE,2000,FY02,L,Low income
AZE,2001,FY03,L,Low income
AZE,2002,FY04,L,Low income
AZE,2003,FY05,LM,Lower middle income
AZE,2004,FY06,LM,Lower middle income
AZE,2005,FY07,LM,Lower middle income
AZE,2006,FY08,LM,Lower middle income
AZE,2007,FY09,LM,Lower middle income
AZE,2008,FY10,LM,Lower middle income
AZE,2009,FY11,UM,Upper middle income
AZE,2010,FY12,UM,Upper middle income
AZE,2011,FY13,UM,Upper middle income
AZE,2012,FY14,UM,Upper middle income
AZE,2013,FY15,UM,Upper middle income
AZE,2014,FY16,UM,Upper middle income
AZE,2015,FY17,UM,Upper middle income
AZE,2016,FY18,UM,Upper middle income
AZE,2017,FY19,UM,Upper middle income
AZE,2018,FY20,UM,Upper middle income
AZE,2019,FY21,UM,Upper middle income
AZE,2020,FY22,UM,Upper middle income
AZE,2021,FY23,UM,Upper middle income
AZE,2022,FY24,UM,Upper middle income
AZE,2023,FY25,UM,Upper middle income
AZE,2024,FY26,UM,Upper middle income
AZE,2025,FY27,UM,Upper middle income
BDI,1987,FY89,L,Low income
BDI,1988,FY90,L,Low income
BDI,1989,FY91,L,Low income
BDI,1990,FY92,L,Low income
BDI,1991,FY93,L,Low income
BDI,1992,FY94,L,Low income
BDI,1993,FY95,L,Low income
BDI,1994,FY96,L,Low income
BDI,1995,FY97,L,Low income
BDI,1996,FY98,L,Low income
BDI,1997,FY99,L,Low income
BDI,1998,FY00,L,Low income
BDI,1999,FY01,L,Low income
BDI,2000,FY02,L,Low income
BDI,2001,FY03,L,Low income
BDI,2002,FY04,L,Low income
BDI,2003,FY05,L,Low income
BDI,2004,FY06,L,Low income
BDI,2005,FY07,L,Low income
BDI,2006,FY08,L,Low income
BDI,2007,FY09,L,Low income
BDI,2008,FY10,L,Low income
BDI,2009,FY11,L,Low income
BDI,2010,FY12,L,Low income
BDI,2011,FY13,L,Low income
BDI,2012,FY14,L,Low income
BDI,2013,FY15,L,Low income
BDI,2014,FY16,L,Low income
BDI,2015,FY17,L,Low income
BDI,2016,FY18,L,Low income
BDI,2017,FY19,L,Low income
BDI,2018,FY20,L,Low income
BDI,2019,FY21,L,Low income
BDI,2020,FY22,L,Low income
BDI,2021,FY23,L,Low income
BDI,2022,FY24,L,Low income
BDI,2023,FY25,L,Low income
BDI,2024,FY26,L,Low income
BDI,2025,FY27,L,Low income
BEL,1987,FY89,H,High income
BEL,1988,FY90,H,High income
BEL,1989,FY91,H,High income
BEL,1990,FY92,H,High income
BEL,1991,FY93,H,High income
BEL,1992,FY94,H,High income
BEL,1993,FY95,H,High income
BEL,1994,FY96,H,High income
BEL,1995,FY97,H,High income
BEL,1996,FY98,H,High income
BEL,1997,FY99,H,High income
BEL,1998,FY00,H,High income
BEL,1999,FY01,H,High income
BEL,2000,FY02,H,High income
BEL,2001,FY03,H,High income
BEL,2002,FY04,H,High income
BEL,2003,FY05,H,High income
BEL,2004,FY06,H,High income
BEL,2005,FY07,H,High income
BEL,2006,FY08,H,High income
BEL,2007,FY09,H,High income
BEL,2008,FY10,H,High income
BEL,2009,FY11,H,High income
BEL,2010,FY12,H,High income
BEL,2011,FY13,H,High income
BEL,2012,FY14,H,High income
BEL,2013,FY15,H,High income
BEL,2014,FY16,H,High income
BEL,2015,FY17,H,High income
BEL,2016,FY18,H,High income
BEL,2017,FY19,H,High income
BEL,2018,FY20,H,High income
BEL,2019,FY21,H,High income
BEL,2020,FY22,H,High income
BEL,2021,FY23,H,High income
BEL,2022,FY24,H,High income
BEL,2023,FY25,H,High income
BEL,2024,FY26,H,High income
BEL,2025,FY27,H,High income
BEN,1987,FY89,L,Low income
BEN,1988,FY90,L,Low income
BEN,1989,FY91,L,Low income
BEN,1990,FY92,L,Low income
BEN,1991,FY93,L,Low income
BEN,1992,FY94,L,Low income
BEN,1993,FY95,L,Low income
BEN,1994,FY96,L,Low income
BEN,1995,FY97,L,Low income
BEN,1996,FY98,L,Low income
BEN,1997,FY99,L,Low income
BEN,1998,FY00,L,Low income
BEN,1999,FY01,L,Low income
BEN,2000,FY02,L,Low income
BEN,2001,FY03,L,Low income
BEN,2002,FY04,L,Low income
BEN,2003,FY05,L,Low income
BEN,2004,FY06,L,Low income
BEN,2005,FY07,L,Low income
BEN,2006,FY08,L,Low income
BEN,2007,FY09,L,Low income
BEN,2008,FY10,L,Low income
BEN,2009,FY11,L,Low income
BEN,2010,FY12,L,Low income
BEN,2011,FY13,L,Low income
BEN,2012,FY14,L,Low income
BEN,2013,FY15,L,Low income
BEN,2014,FY16,L,Low income
BEN,2015,FY17,L,Low income
BEN,2016,FY18,L,Low income
BEN,2017,FY19,L,Low income
BEN,2018,FY20,L,Low income
BEN,2019,FY21,LM,Lower middle income
BEN,2020,FY22,LM,Lower middle income
BEN,2021,FY23,LM,Lower middle income
BEN,2022,FY24,LM,Lower middle income
BEN,2023,FY25,LM,Lower middle income
BEN,2024,FY26,LM,Lower middle income
BEN,2025,FY27,LM,Lower middle income
BFA,1987,FY89,L,Low income
BFA,1988,FY90,L,Low income
BFA,1989,FY91,L,Low income
BFA,1990,FY92,L,Low income
BFA,1991,FY93,L,Low income
BFA,1992,FY94,L,Low income
BFA,1993,FY95,L,Low income
BFA,1994,FY96,L,Low income
BFA,1995,FY97,L,Low income
BFA,1996,FY98,L,Low income
BFA,1997,FY99,L,Low income
BFA,1998,FY00,L,Low income
BFA,1999,FY01,L,Low income
BFA,2000,FY02,L,Low income
BFA,2001,FY03,L,Low income
BFA,2002,FY04,L,Low income
BFA,2003,FY05,L,Low income
BFA,2004,FY06,L,Low income
BFA,2005,FY07,L,Low income
BFA,2006,FY08,L,Low income
BFA,2007,FY09,L,Low income
BFA,2008,FY10,L,Low income
BFA,2009,FY11,L,Low income
BFA,2010,FY12,L,Low income
BFA,2011,FY13,L,Low income
BFA,2012,FY14,L,Low income
BFA,2013,FY15,L,Low income
BFA,2014,FY16,L,Low income
BFA,2015,FY17,L,Low income
BFA,2016,FY18,L,Low income
BFA,2017,FY19,L,Low income
BFA,2018,FY20,L,Low income
BFA,2019,FY21,L,Low income
BFA,2020,FY22,L,Low income
BFA,2021,FY23,L,Low income
BFA,2022,FY24,L,Low income
BFA,2023,FY25,L,Low income
BFA,2024,FY26,L,Low income
BFA,2025,FY27,L,Low income
BGD,1987,FY89,L,Low income
BGD,1988,FY90,L,Low income
BGD,1989,FY91,L,Low income
BGD,1990,FY92,L,Low income
BGD,1991,FY93,L,Low income
BGD,1992,FY94,L,Low income
BGD,1993,FY95,L,Low income
BGD,1994,FY96,L,Low income
BGD,1995,FY97,L,Low income
BGD,1996,FY98,L,Low income
BGD,1997,FY99,L,Low income
BGD,1998,FY00,L,Low income
BGD,1999,FY01,L,Low income
BGD,2000,FY02,L,Low income
BGD,2001,FY03,L,Low income
BGD,2002,FY04,L,Low income
BGD,2003,FY05,L,Low income
BGD,2004,FY06,L,Low income
BGD,2005,FY07,L,Low income
BGD,2006,FY08,L,Low income
BGD,2007,FY09,L,Low income
BGD,2008,FY10,L,Low income
BGD,2009,FY11,L,Low income
BGD,2010,FY12,L,Low income
BGD,2011,FY13,L,Low income
BGD,2012,FY14,L,Low income
BGD,2013,FY15,L,Low income
BGD,2014,FY16,LM,Lower middle income
BGD,2015,FY17,LM,Lower middle income
BGD,2016,FY18,LM,Lower middle income
BGD,2017,FY19,LM,Lower middle income
BGD,2018,FY20,LM,Lower middle income
BGD,2019,FY21,LM,Lower middle income
BGD,2020,FY22,LM,Lower middle income
BGD,2021,FY23,LM,Lower middle income
BGD,2022,FY24,LM,Lower middle income
BGD,2023,FY25,LM,Lower middle income
BGD,2024,FY26,LM,Lower middle income
BGD,2025,FY27,LM,Lower middle income
BGR,1989,FY91,LM,Lower middle income
BGR,1990,FY92,LM,Lower middle income
BGR,1991,FY93,LM,Lower middle income
BGR,1992,FY94,LM,Lower middle income
BGR,1993,FY95,LM,Lower middle income
BGR,1994,FY96,LM,Lower middle income
BGR,1995,FY97,LM,Lower middle income
BGR,1996,FY98,LM,Lower middle income
BGR,1997,FY99,LM,Lower middle income
BGR,1998,FY00,LM,Lower middle income
BGR,1999,FY01,LM,Lower middle income
BGR,2000,FY02,LM,Lower middle income
BGR,2001,FY03,LM,Lower middle income
BGR,2002,FY04,LM,Lower middle income
BGR,2003,FY05,LM,Lower middle income
BGR,2004,FY06,LM,Lower middle income
BGR,2005,FY07,LM,Lower middle income
BGR,2006,FY08,UM,Upper middle income
BGR,2007,FY09,UM,Upper middle income
BGR,2008,FY10,UM,Upper middle income
BGR,2009,FY11,UM,Upper middle income
BGR,2010,FY12,UM,Upper middle income
BGR,2011,FY13,UM,Upper middle income
BGR,2012,FY14,UM,Upper middle income
BGR,2013,FY15,UM,Upper middle income
BGR,2014,FY16,UM,Upper middle income
BGR,2015,FY17,UM,Upper middle income
BGR,2016,FY18,UM,Upper middle income
BGR,2017,FY19,UM,Upper middle income
BGR,2018,FY20,UM,Upper middle income
BGR,2019,FY21,UM,Upper middle income
BGR,2020,FY22,UM,Upper middle income
BGR,2021,FY23,UM,Upper middle income
BGR,2022,FY24,UM,Upper middle income
BGR,2023,FY25,H,High income
BGR,2024,FY26,H,High income
BGR,2025,FY27,H,High income
BHR,1987,FY89,H,High income
BHR,1988,FY90,H,High income
BHR,1989,FY91,H,High income
BHR,1990,FY92,UM,Upper middle income
BHR,1991,FY93,UM,Upper middle income
BHR,1992,FY94,UM,Upper middle income
BHR,1993,FY95,UM,Upper middle income
BHR,1994,FY96,UM,Upper middle income
BHR,1995,FY97,UM,Upper middle income
BHR,1996,FY98,UM,Upper middle income
BHR,1997,FY99,UM,Upper middle income
BHR,1998,FY00,UM,Upper middle income
BHR,1999,FY01,UM,Upper middle income
BHR,2000,FY02,UM,Upper middle income
BHR,2001,FY03,H,High income
BHR,2002,FY04,H,High income
BHR,2003,FY05,H,High income
BHR,2004,FY06,H,High income
BHR,2005,FY07,H,High income
BHR,2006,FY08,H,High income
BHR,2007,FY09,H,High income
BHR,2008,FY10,H,High income
BHR,2009,FY11,H,High income
BHR,2010,FY12,H,High income
BHR,2011,FY13,H,High income
BHR,2012,FY14,H,High income
BHR,2013,FY15,H,High income
BHR,2014,FY16,H,High income
BHR,2015,FY17,H,High income
BHR,2016,FY18,H,High income
BHR,2017,FY19,H,High income
BHR,2018,FY20,H,High income
BHR,2019,FY21,H,High income
BHR,2020,FY22,H,High income
BHR,2021,FY23,H,High income
BHR,2022,FY24,H,High income
BHR,2023,FY25,H,High income
BHR,2024,FY26,H,High income
BHR,2025,FY27,H,High income
BHS,1987,FY89,H,High income
BHS,1988,FY90,H,High income
BHS,1989,FY91,H,High income
BHS,1990,FY92,H,High income
BHS,1991,FY93,H,High income
BHS,1992,FY94,H,High income
BHS,1993,FY95,H,High income
BHS,1994,FY96,H,High income
BHS,1995,FY97,H,High income
BHS,1996,FY98,H,High income
BHS,1997,FY99,H,High income
BHS,1998,FY00,H,High income
BHS,1999,FY01,H,High income
BHS,2000,FY02,H,High income
BHS,2001,FY03,H,High income
BHS,2002,FY04,H,High income
BHS,2003,FY05,H,High income
BHS,2004,FY06,H,High income
BHS,2005,FY07,H,High income
BHS,2006,FY08,H,High income
BHS,2007,FY09,H,High income
BHS,2008,FY10,H,High income
BHS,2009,FY11,H,High income
BHS,2010,FY12,H,High income
BHS,2011,FY13,H,High income
BHS,2012,FY14,H,High income
BHS,2013,FY15,H,High income
BHS,2014,FY16,H,High income
BHS,2015,FY17,H,High income
BHS,2016,FY18,H,High income
BHS,2017,FY19,H,High income
BHS,2018,FY20,H,High income
BHS,2019,FY21,H,High income
BHS,2020,FY22,H,High income
BHS,2021,FY23,H,High income
BHS,2022,FY24,H,High income
BHS,2023,FY25,H,High income
BHS,2024,FY26,H,High income
BHS,2025,FY27,H,High income
BIH,1992,FY94,LM,Lower middle income
BIH,1993,FY95,L,Low income
BIH,1994,FY96,L,Low income
BIH,1995,FY97,L,Low income
BIH,1996,FY98,L,Low income
BIH,1997,FY99,L,Low income
BIH,1998,FY00,LM,Lower middle income
BIH,1999,FY01,LM,Lower middle income
BIH,2000,FY02,LM,Lower middle income
BIH,2001,FY03,LM,Lower middle income
BIH,2002,FY04,LM,Lower middle income
BIH,2003,FY05,LM,Lower middle income
BIH,2004,FY06,LM,Lower middle income
BIH,2005,FY07,LM,Lower middle income
BIH,2006,FY08,LM,Lower middle income
BIH,2007,FY09,LM,Lower middle income
BIH,2008,FY10,UM,Upper middle income
BIH,2009,FY11,UM,Upper middle income
BIH,2010,FY12,UM,Upper middle income
BIH,2011,FY13,UM,Upper middle income
BIH,2012,FY14,UM,Upper middle income
BIH,2013,FY15,UM,Upper middle income
BIH,2014,FY16,UM,Upper middle income
BIH,2015,FY17,UM,Upper middle income
BIH,2016,FY18,UM,Upper middle income
BIH,2017,FY19,UM,Upper middle income
BIH,2018,FY20,UM,Upper middle income
BIH,2019,FY21,UM,Upper middle income
BIH,2020,FY22,UM,Upper middle income
BIH,2021,FY23,UM,Upper middle income
BIH,2022,FY24,UM,Upper middle income
BIH,2023,FY25,UM,Upper middle income
BIH,2024,FY26,UM,Upper middle income
BIH,2025,FY27,UM,Upper middle income
BLR,1991,FY93,UM,Upper middle income
BLR,1992,FY94,UM,Upper middle income
BLR,1993,FY95,UM,Upper middle income
BLR,1994,FY96,LM,Lower middle income
BLR,1995,FY97,LM,Lower middle income
BLR,1996,FY98,LM,Lower middle income
BLR,1997,FY99,LM,Lower middle income
BLR,1998,FY00,LM,Lower middle income
BLR,1999,FY01,LM,Lower middle income
BLR,2000,FY02,LM,Lower middle income
BLR,2001,FY03,LM,Lower middle income
BLR,2002,FY04,LM,Lower middle income
BLR,2003,FY05,LM,Lower middle income
BLR,2004,FY06,LM,Lower middle income
BLR,2005,FY07,LM,Lower middle income
BLR,2006,FY08,LM,Lower middle income
BLR,2007,FY09,UM,Upper middle income
BLR,2008,FY10,UM,Upper middle income
BLR,2009,FY11,UM,Upper middle income
BLR,2010,FY12,UM,Upper middle income
BLR,2011,FY13,UM,Upper middle income
BLR,2012,FY14,UM,Upper middle income
BLR,2013,FY15,UM,Upper middle income
BLR,2014,FY16,UM,Upper middle income
BLR,2015,FY17,UM,Upper middle income
BLR,2016,FY18,UM,Upper middle income
BLR,2017,FY19,UM,Upper middle income
BLR,2018,FY20,UM,Upper middle income
BLR,2019,FY21,UM,Upper middle income
BLR,2020,FY22,UM,Upper middle income
BLR,2021,FY23,UM,Upper middle income
BLR,2022,FY24,UM,Upper middle income
BLR,2023,FY25,UM,Upper middle income
BLR,2024,FY26,UM,Upper middle income
BLR,2025,FY27,UM,Upper middle income
BLZ,1987,FY89,LM,Lower middle income
BLZ,1988,FY90,LM,Lower middle income
BLZ,1989,FY91,LM,Lower middle income
BLZ,1990,FY92,LM,Lower middle income
BLZ,1991,FY93,LM,Lower middle income
BLZ,1992,FY94,LM,Lower middle income
BLZ,1993,FY95,LM,Lower middle income
BLZ,1994,FY96,LM,Lower middle income
BLZ,1995,FY97,LM,Lower middle income
BLZ,1996,FY98,LM,Lower middle income
BLZ,1997,FY99,LM,Lower middle income
BLZ,1998,FY00,LM,Lower middle income
BLZ,1999,FY01,LM,Lower middle income
BLZ,2000,FY02,LM,Lower middle income
BLZ,2001,FY03,LM,Lower middle income
BLZ,2002,FY04,UM,Upper middle income
BLZ,2003,FY05,UM,Upper middle income
BLZ,2004,FY06,UM,Upper middle income
BLZ,2005,FY07,UM,Upper middle income
BLZ,2006,FY08,UM,Upper middle income
BLZ,2007,FY09,UM,Upper middle income
BLZ,2008,FY10,LM,Lower middle income
BLZ,2009,FY11,LM,Lower middle income
BLZ,2010,FY12,LM,Lower middle income
BLZ,2011,FY13,LM,Lower middle income
BLZ,2012,FY14,UM,Upper middle income
BLZ,2013,FY15,UM,Upper middle income
BLZ,2014,FY16,UM,Upper middle income
BLZ,2015,FY17,UM,Upper middle income
BLZ,2016,FY18,UM,Upper middle income
BLZ,2017,FY19,UM,Upper middle income
BLZ,2018,FY20,UM,Upper middle income
BLZ,2019,FY21,UM,Upper middle income
BLZ,2020,FY22,LM,Lower middle income
BLZ,2021,FY23,UM,Upper middle income
BLZ,2022,FY24,UM,Upper middle income
BLZ,2023,FY25,UM,Upper middle income
BLZ,2024,FY26,UM,Upper middle income
BLZ,2025,FY27,UM,Upper middle income
BMU,1987,FY89,H,High income
BMU,1988,FY90,H,High income
BMU,1989,FY91,H,High income
BMU,1990,FY92,H,High income
BMU,1991,FY93,H,High income
BMU,1992,FY94,H,High income
BMU,1993,FY95,H,High income
BMU,1994,FY96,H,High income
BMU,1995,FY97,H,High income
BMU,1996,FY98,H,High income
BMU,1997,FY99,H,High income
BMU,1998,FY00,H,High income
BMU,1999,FY01,H,High income
BMU,2000,FY02,H,High income
BMU,2001,FY03,H,High income
BMU,2002,FY04,H,High income
BMU,2003,FY05,H,High income
BMU,2004,FY06,H,High income
BMU,2005,FY07,H,High income
BMU,2006,FY08,H,High income
BMU,2007,FY09,H,High income
BMU,2008,FY10,H,High income
BMU,2009,FY11,H,High income
BMU,2010,FY12,H,High income
BMU,2011,FY13,H,High income
BMU,2012,FY14,H,High income
BMU,2013,FY15,H,High income
BMU,2014,FY16,H,High income
BMU,2015,FY17,H,High income
BMU,2016,FY18,H,High income
BMU,2017,FY19,H,High income
BMU,2018,FY20,H,High income
BMU,2019,FY21,H,High income
BMU,2020,FY22,H,High income
BMU,2021,FY23,H,High income
BMU,2022,FY24,H,High income
BMU,2023,FY25,H,High income
BMU,2024,FY26,H,High income
BMU,2025,FY27,H,High income
BOL,1987,FY89,LM,Lower middle income
BOL,1988,FY90,LM,Lower middle income
BOL,1989,FY91,LM,Lower middle income
BOL,1990,FY92,LM,Lower middle income
BOL,1991,FY93,LM,Lower middle income
BOL,1992,FY94,LM,Lower middle income
BOL,1993,FY95,LM,Lower middle income
BOL,1994,FY96,LM,Lower middle income
BOL,1995,FY97,LM,Lower middle income
BOL,1996,FY98,LM,Lower middle income
BOL,1997,FY99,LM,Lower middle income
BOL,1998,FY00,LM,Lower middle income
BOL,1999,FY01,LM,Lower middle income
BOL,2000,FY02,LM,Lower middle income
BOL,2001,FY03,LM,Lower middle income
BOL,2002,FY04,LM,Lower middle income
BOL,2003,FY05,LM,Lower middle income
BOL,2004,FY06,LM,Lower middle income
BOL,2005,FY07,LM,Lower middle income
BOL,2006,FY08,LM,Lower middle income
BOL,2007,FY09,LM,Lower middle income
BOL,2008,FY10,LM,Lower middle income
BOL,2009,FY11,LM,Lower middle income
BOL,2010,FY12,LM,Lower middle income
BOL,2011,FY13,LM,Lower middle income
BOL,2012,FY14,LM,Lower middle income
BOL,2013,FY15,LM,Lower middle income
BOL,2014,FY16,LM,Lower middle income
BOL,2015,FY17,LM,Lower middle income
BOL,2016,FY18,LM,Lower middle income
BOL,2017,FY19,LM,Lower middle income
BOL,2018,FY20,LM,Lower middle income
BOL,2019,FY21,LM,Lower middle income
BOL,2020,FY22,LM,Lower middle income
BOL,2021,FY23,LM,Lower middle income
BOL,2022,FY24,LM,Lower middle income
BOL,2023,FY25,LM,Lower middle income
BOL,2024,FY26,LM,Lower middle income
BOL,2025,FY27,LM,Lower middle income
BRA,1987,FY89,UM,Upper middle income
BRA,1988,FY90,LM,Lower middle income
BRA,1989,FY91,UM,Upper middle income
BRA,1990,FY92,UM,Upper middle income
BRA,1991,FY93,UM,Upper middle income
BRA,1992,FY94,UM,Upper middle income
BRA,1993,FY95,UM,Upper middle income
BRA,1994,FY96,UM,Upper middle income
BRA,1995,FY97,UM,Upper middle income
BRA,1996,FY98,UM,Upper middle income
BRA,1997,FY99,UM,Upper middle income
BRA,1998,FY00,UM,Upper middle income
BRA,1999,FY01,UM,Upper middle income
BRA,2000,FY02,UM,Upper middle income
BRA,2001,FY03,UM,Upper middle income
BRA,2002,FY04,LM,Lower middle income
BRA,2003,FY05,LM,Lower middle income
BRA,2004,FY06,LM,Lower middle income
BRA,2005,FY07,LM,Lower middle income
BRA,2006,FY08,UM,Upper middle income
BRA,2007,FY09,UM,Upper middle income
BRA,2008,FY10,UM,Upper middle income
BRA,2009,FY11,UM,Upper middle income
BRA,2010,FY12,UM,Upper middle income
BRA,2011,FY13,UM,Upper middle income
BRA,2012,FY14,UM,Upper middle income
BRA,2013,FY15,UM,Upper middle income
BRA,2014,FY16,UM,Upper middle income
BRA,2015,FY17,UM,Upper middle income
BRA,2016,FY18,UM,Upper middle income
BRA,2017,FY19,UM,Upper middle income
BRA,2018,FY20,UM,Upper middle income
BRA,2019,FY21,UM,Upper middle income
BRA,2020,FY22,UM,Upper middle income
BRA,2021,FY23,UM,Upper middle income
BRA,2022,FY24,UM,Upper middle income
BRA,2023,FY25,UM,Upper middle income
BRA,2024,FY26,UM,Upper middle income
BRA,2025,FY27,UM,Upper middle income
BRB,1987,FY89,UM,Upper middle income
BRB,1988,FY90,UM,Upper middle income
BRB,1989,FY91,H,High income
BRB,1990,FY92,UM,Upper middle income
BRB,1991,FY93,UM,Upper middle income
BRB,1992,FY94,UM,Upper middle income
BRB,1993,FY95,UM,Upper middle income
BRB,1994,FY96,UM,Upper middle income
BRB,1995,FY97,UM,Upper middle income
BRB,1996,FY98,UM,Upper middle income
BRB,1997,FY99,UM,Upper middle income
BRB,1998,FY00,UM,Upper middle income
BRB,1999,FY01,UM,Upper middle income
BRB,2000,FY02,H,High income
BRB,2001,FY03,UM,Upper middle income
BRB,2002,FY04,H,High income
BRB,2003,FY05,UM,Upper middle income
BRB,2004,FY06,UM,Upper middle income
BRB,2005,FY07,UM,Upper middle income
BRB,2006,FY08,H,High income
BRB,2007,FY09,H,High income
BRB,2008,FY10,H,High income
BRB,2009,FY11,H,High income
BRB,2010,FY12,H,High income
BRB,2011,FY13,H,High income
BRB,2012,FY14,H,High income
BRB,2013,FY15,H,High income
BRB,2014,FY16,H,High income
BRB,2015,FY17,H,High income
BRB,2016,FY18,H,High income
BRB,2017,FY19,H,High income
BRB,2018,FY20,H,High income
BRB,2019,FY21,H,High income
BRB,2020,FY22,H,High income
BRB,2021,FY23,H,High income
BRB,2022,FY24,H,High income
BRB,2023,FY25,H,High income
BRB,2024,FY26,H,High income
BRB,2025,FY27,H,High income
BRN,1987,FY89,H,High income
BRN,1990,FY92,H,High income
BRN,1991,FY93,H,High income
BRN,1992,FY94,H,High income
BRN,1993,FY95,H,High income
BRN,1994,FY96,H,High income
BRN,1995,FY97,H,High income
BRN,1996,FY98,H,High income
BRN,1997,FY99,H,High income
BRN,1998,FY00,H,High income
BRN,1999,FY01,H,High income
BRN,2000,FY02,H,High income
BRN,2001,FY03,H,High income
BRN,2002,FY04,H,High income
BRN,2003,FY05,H,High income
BRN,2004,FY06,H,High income
BRN,2005,FY07,H,High income
BRN,2006,FY08,H,High income
BRN,2007,FY09,H,High income
BRN,2008,FY10,H,High income
BRN,2009,FY11,H,High income
BRN,2010,FY12,H,High income
BRN,2011,FY13,H,High income
BRN,2012,FY14,H,High income
BRN,2013,FY15,H,High income
BRN,2014,FY16,H,High income
BRN,2015,FY17,H,High income
BRN,2016,FY18,H,High income
BRN,2017,FY19,H,High income
BRN,2018,FY20,H,High income
BRN,2019,FY21,H,High income
BRN,2020,FY22,H,High income
BRN,2021,FY23,H,High income
BRN,2022,FY24,H,High income
BRN,2023,FY25,H,High income
BRN,2024,FY26,H,High income
BRN,2025,FY27,H,High income
BTN,1987,FY89,L,Low income
BTN,1988,FY90,L,Low income
BTN,1989,FY91,L,Low income
BTN,1990,FY92,L,Low income
BTN,1991,FY93,L,Low income
BTN,1992,FY94,L,Low income
BTN,1993,FY95,L,Low income
BTN,1994,FY96,L,Low income
BTN,1995,FY97,L,Low income
BTN,1996,FY98,L,Low income
BTN,1997,FY99,L,Low income
BTN,1998,FY00,L,Low income
BTN,1999,FY01,L,Low income
BTN,2000,FY02,L,Low income
BTN,2001,FY03,L,Low income
BTN,2002,FY04,L,Low income
BTN,2003,FY05,L,Low income
BTN,2004,FY06,L,Low income
BTN,2005,FY07,L,Low income
BTN,2006,FY08,LM,Lower middle income
BTN,2007,FY09,LM,Lower middle income
BTN,2008,FY10,LM,Lower middle income
BTN,2009,FY11,LM,Lower middle income
BTN,2010,FY12,LM,Lower middle income
BTN,2011,FY13,LM,Lower middle income
BTN,2012,FY14,LM,Lower middle income
BTN,2013,FY15,LM,Lower middle income
BTN,2014,FY16,LM,Lower middle income
BTN,2015,FY17,LM,Lower middle income
BTN,2016,FY18,LM,Lower middle income
BTN,2017,FY19,LM,Lower middle income
BTN,2018,FY20,LM,Lower middle income
BTN,2019,FY21,LM,Lower middle income
BTN,2020,FY22,LM,Lower middle income
BTN,2021,FY23,LM,Lower middle income
BTN,2022,FY24,LM,Lower middle income
BTN,2023,FY25,LM,Lower middle income
BTN,2024,FY26,LM,Lower middle income
BTN,2025,FY27,LM,Lower middle income
BWA,1987,FY89,LM,Lower middle income
BWA,1988,FY90,LM,Lower middle income
BWA,1989,FY91,LM,Lower middle income
BWA,1990,FY92,LM,Lower middle income
BWA,1991,FY93,UM,Upper middle income
BWA,1992,FY94,UM,Upper middle income
BWA,1993,FY95,LM,Lower middle income
BWA,1994,FY96,LM,Lower middle income
BWA,1995,FY97,LM,Lower middle income
BWA,1996,FY98,LM,Lower middle income
BWA,1997,FY99,UM,Upper middle income
BWA,1998,FY00,UM,Upper middle income
BWA,1999,FY01,UM,Upper middle income
BWA,2000,FY02,UM,Upper middle income
BWA,2001,FY03,UM,Upper middle income
BWA,2002,FY04,UM,Upper middle income
BWA,2003,FY05,UM,Upper middle income
BWA,2004,FY06,UM,Upper middle income
BWA,2005,FY07,UM,Upper middle income
BWA,2006,FY08,UM,Upper middle income
BWA,2007,FY09,UM,Upper middle income
BWA,2008,FY10,UM,Upper middle income
BWA,2009,FY11,UM,Upper middle income
BWA,2010,FY12,UM,Upper middle income
BWA,2011,FY13,UM,Upper middle income
BWA,2012,FY14,UM,Upper middle income
BWA,2013,FY15,UM,Upper middle income
BWA,2014,FY16,UM,Upper middle income
BWA,2015,FY17,UM,Upper middle income
BWA,2016,FY18,UM,Upper middle income
BWA,2017,FY19,UM,Upper middle income
BWA,2018,FY20,UM,Upper middle income
BWA,2019,FY21,UM,Upper middle income
BWA,2020,FY22,UM,Upper middle income
BWA,2021,FY23,UM,Upper middle income
BWA,2022,FY24,UM,Upper middle income
BWA,2023,FY25,UM,Upper middle income
BWA,2024,FY26,UM,Upper middle income
BWA,2025,FY27,UM,Upper middle income
CAF,1987,FY89,L,Low income
CAF,1988,FY90,L,Low income
CAF,1989,FY91,L,Low income
CAF,1990,FY92,L,Low income
CAF,1991,FY93,L,Low income
CAF,1992,FY94,L,Low income
CAF,1993,FY95,L,Low income
CAF,1994,FY96,L,Low income
CAF,1995,FY97,L,Low income
CAF,1996,FY98,L,Low income
CAF,1997,FY99,L,Low income
CAF,1998,FY00,L,Low income
CAF,1999,FY01,L,Low income
CAF,2000,FY02,L,Low income
CAF,2001,FY03,L,Low income
CAF,2002,FY04,L,Low income
CAF,2003,FY05,L,Low income
CAF,2004,FY06,L,Low income
CAF,2005,FY07,L,Low income
CAF,2006,FY08,L,Low income
CAF,2007,FY09,L,Low income
CAF,2008,FY10,L,Low income
CAF,2009,FY11,L,Low income
CAF,2010,FY12,L,Low income
CAF,2011,FY13,L,Low income
CAF,2012,FY14,L,Low income
CAF,2013,FY15,L,Low income
CAF,2014,FY16,L,Low income
CAF,2015,FY17,L,Low income
CAF,2016,FY18,L,Low income
CAF,2017,FY19,L,Low income
CAF,2018,FY20,L,Low income
CAF,2019,FY21,L,Low income
CAF,2020,FY22,L,Low income
CAF,2021,FY23,L,Low income
CAF,2022,FY24,L,Low income
CAF,2023,FY25,L,Low income
CAF,2024,FY26,L,Low income
CAF,2025,FY27,L,Low income
CAN,1987,FY89,H,High income
CAN,1988,FY90,H,High income
CAN,1989,FY91,H,High income
CAN,1990,FY92,H,High income
CAN,1991,FY93,H,High income
CAN,1992,FY94,H,High income
CAN,1993,FY95,H,High income
CAN,1994,FY96,H,High income
CAN,1995,FY97,H,High income
CAN,1996,FY98,H,High income
CAN,1997,FY99,H,High income
CAN,1998,FY00,H,High income
CAN,1999,FY01,H,High income
CAN,2000,FY02,H,High income
CAN,2001,FY03,H,High income
CAN,2002,FY04,H,High income
CAN,2003,FY05,H,High income
CAN,2004,FY06,H,High income
CAN,2005,FY07,H,High income
CAN,2006,FY08,H,High income
CAN,2007,FY09,H,High income
CAN,2008,FY10,H,High income
CAN,2009,FY11,H,High income
CAN,2010,FY12,H,High income
CAN,2011,FY13,H,High income
CAN,2012,FY14,H,High income
CAN,2013,FY15,H,High income
CAN,2014,FY16,H,High income
CAN,2015,FY17,H,High income
CAN,2016,FY18,H,High income
CAN,2017,FY19,H,High income
CAN,2018,FY20,H,High income
CAN,2019,FY21,H,High income
CAN,2020,FY22,H,High income
CAN,2021,FY23,H,High income
CAN,2022,FY24,H,High income
CAN,2023,FY25,H,High income
CAN,2024,FY26,H,High income
CAN,2025,FY27,H,High income
CHE,1987,FY89,H,High income
CHE,1988,FY90,H,High income
CHE,1989,FY91,H,High income
CHE,1990,FY92,H,High income
CHE,1991,FY93,H,High income
CHE,1992,FY94,H,High income
CHE,1993,FY95,H,High income
CHE,1994,FY96,H,High income
CHE,1995,FY97,H,High income
CHE,1996,FY98,H,High income
CHE,1997,FY99,H,High income
CHE,1998,FY00,H,High income
CHE,1999,FY01,H,High income
CHE,2000,FY02,H,High income
CHE,2001,FY03,H,High income
CHE,2002,FY04,H,High income
CHE,2003,FY05,H,High income
CHE,2004,FY06,H,High income
CHE,2005,FY07,H,High income
CHE,2006,FY08,H,High income
CHE,2007,FY09,H,High income
CHE,2008,FY10,H,High income
CHE,2009,FY11,H,High income
CHE,2010,FY12,H,High income
CHE,2011,FY13,H,High income
CHE,2012,FY14,H,High income
CHE,2013,FY15,H,High income
CHE,2014,FY16,H,High income
CHE,2015,FY17,H,High income
CHE,2016,FY18,H,High income
CHE,2017,FY19,H,High income
CHE,2018,FY20,H,High income
CHE,2019,FY21,H,High income
CHE,2020,FY22,H,High income
CHE,2021,FY23,H,High income
CHE,2022,FY24,H,High income
CHE,2023,FY25,H,High income
CHE,2024,FY26,H,High income
CHE,2025,FY27,H,High income
CHI,1987,FY89,H,High income
CHI,1988,FY90,H,High income
CHI,1989,FY91,H,High income
CHI,1990,FY92,H,High income
CHI,1991,FY93,H,High income
CHI,1992,FY94,H,High income
CHI,1993,FY95,H,High income
CHI,1994,FY96,H,High income
CHI,1995,FY97,H,High income
CHI,1996,FY98,H,High income
CHI,1997,FY99,H,High income
CHI,1998,FY00,H,High income
CHI,1999,FY01,H,High income
CHI,2000,FY02,H,High income
CHI,2001,FY03,H,High income
CHI,2002,FY04,H,High income
CHI,2003,FY05,H,High income
CHI,2004,FY06,H,High income
CHI,2005,FY07,H,High income
CHI,2006,FY08,H,High income
CHI,2007,FY09,H,High income
CHI,2008,FY10,H,High income
CHI,2009,FY11,H,High income
CHI,2010,FY12,H,High income
CHI,2011,FY13,H,High income
CHI,2012,FY14,H,High income
CHI,2013,FY15,H,High income
CHI,2014,FY16,H,High income
CHI,2015,FY17,H,High income
CHI,2016,FY18,H,High income
CHI,2017,FY19,H,High income
CHI,2018,FY20,H,High income
CHI,2019,FY21,H,High income
CHI,2020,FY22,H,High income
CHI,2021,FY23,H,High income
CHI,2022,FY24,H,High income
CHI,2023,FY25,H,High income
CHI,2024,FY26,H,High income
CHI,2025,FY27,H,High income
CHL,1987,FY89,LM,Lower middle income
CHL,1988,FY90,LM,Lower middle income
CHL,1989,FY91,LM,Lower middle income
CHL,1990,FY92,LM,Lower middle income
CHL,1991,FY93,LM,Lower middle income
CHL,1992,FY94,LM,Lower middle income
CHL,1993,FY95,UM,Upper middle income
CHL,1994,FY96,UM,Upper middle income
CHL,1995,FY97,UM,Upper middle income
CHL,1996,FY98,UM,Upper middle income
CHL,1997,FY99,UM,Upper middle income
CHL,1998,FY00,UM,Upper middle income
CHL,1999,FY01,UM,Upper middle income
CHL,2000,FY02,UM,Upper middle income
CHL,2001,FY03,UM,Upper middle income
CHL,2002,FY04,UM,Upper middle income
CHL,2003,FY05,UM,Upper middle income
CHL,2004,FY06,UM,Upper middle income
CHL,2005,FY07,UM,Upper middle income
CHL,2006,FY08,UM,Upper middle income
CHL,2007,FY09,UM,Upper middle income
CHL,2008,FY10,UM,Upper middle income
CHL,2009,FY11,UM,Upper middle income
CHL,2010,FY12,UM,Upper middle income
CHL,2011,FY13,UM,Upper middle income
CHL,2012,FY14,H,High income
CHL,2013,FY15,H,High income
CHL,2014,FY16,H,High income
CHL,2015,FY17,H,High income
CHL,2016,FY18,H,High income
CHL,2017,FY19,H,High income
CHL,2018,FY20,H,High income
CHL,2019,FY21,H,High income
CHL,2020,FY22,H,High income
CHL,2021,FY23,H,High income
CHL,2022,FY24,H,High income
CHL,2023,FY25,H,High income
CHL,2024,FY26,H,High income
CHL,2025,FY27,H,High income
CHN,1987,FY89,L,Low income
CHN,1988,FY90,L,Low income
CHN,1989,FY91,L,Low income
CHN,1990,FY92,L,Low income
CHN,1991,FY93,L,Low income
CHN,1992,FY94,L,Low income
CHN,1993,FY95,L,Low income
CHN,1994,FY96,L,Low income
CHN,1995,FY97,L,Low income
CHN,1996,FY98,L,Low income
CHN,1997,FY99,LM,Lower middle income
CHN,1998,FY00,L,Low income
CHN,1999,FY01,LM,Lower middle income
CHN,2000,FY02,LM,Lower middle income
CHN,2001,FY03,LM,Lower middle income
CHN,2002,FY04,LM,Lower middle income
CHN,2003,FY05,LM,Lower middle income
CHN,2004,FY06,LM,Lower middle income
CHN,2005,FY07,LM,Lower middle income
CHN,2006,FY08,LM,Lower middle income
CHN,2007,FY09,LM,Lower middle income
CHN,2008,FY10,LM,Lower middle income
CHN,2009,FY11,LM,Lower middle income
CHN,2010,FY12,UM,Upper middle income
CHN,2011,FY13,UM,Upper middle income
CHN,2012,FY14,UM,Upper middle income
CHN,2013,FY15,UM,Upper middle income
CHN,2014,FY16,UM,Upper middle income
CHN,2015,FY17,UM,Upper middle income
CHN,2016,FY18,UM,Upper middle income
CHN,2017,FY19,UM,Upper middle income
CHN,2018,FY20,UM,Upper middle income
CHN,2019,FY21,UM,Upper middle income
CHN,2020,FY22,UM,Upper middle income
CHN,2021,FY23,UM,Upper middle income
CHN,2022,FY24,UM,Upper middle income
CHN,2023,FY25,UM,Upper middle income
CHN,2024,FY26,UM,Upper middle income
CHN,2025,FY27,UM,Upper middle income
CIV,1987,FY89,LM,Lower middle income
CIV,1988,FY90,LM,Lower middle income
CIV,1989,FY91,LM,Lower middle income
CIV,1990,FY92,LM,Lower middle income
CIV,1991,FY93,LM,Lower middle income
CIV,1992,FY94,LM,Lower middle income
CIV,1993,FY95,L,Low income
CIV,1994,FY96,L,Low income
CIV,1995,FY97,L,Low income
CIV,1996,FY98,L,Low income
CIV,1997,FY99,L,Low income
CIV,1998,FY00,L,Low income
CIV,1999,FY01,L,Low income
CIV,2000,FY02,L,Low income
CIV,2001,FY03,L,Low income
CIV,2002,FY04,L,Low income
CIV,2003,FY05,L,Low income
CIV,2004,FY06,L,Low income
CIV,2005,FY07,L,Low income
CIV,2006,FY08,L,Low income
CIV,2007,FY09,L,Low income
CIV,2008,FY10,LM,Lower middle income
CIV,2009,FY11,LM,Lower middle income
CIV,2010,FY12,LM,Lower middle income
CIV,2011,FY13,LM,Lower middle income
CIV,2012,FY14,LM,Lower middle income
CIV,2013,FY15,LM,Lower middle income
CIV,2014,FY16,LM,Lower middle income
CIV,2015,FY17,LM,Lower middle income
CIV,2016,FY18,LM,Lower middle income
CIV,2017,FY19,LM,Lower middle income
CIV,2018,FY20,LM,Lower middle income
CIV,2019,FY21,LM,Lower middle income
CIV,2020,FY22,LM,Lower middle income
CIV,2021,FY23,LM,Lower middle income
CIV,2022,FY24,LM,Lower middle income
CIV,2023,FY25,LM,Lower middle income
CIV,2024,FY26,LM,Lower middle income
CIV,2025,FY27,LM,Lower middle income
CMR,1987,FY89,LM,Lower middle income
CMR,1988,FY90,LM,Lower middle income
CMR,1989,FY91,LM,Lower middle income
CMR,1990,FY92,LM,Lower middle income
CMR,1991,FY93,LM,Lower middle income
CMR,1992,FY94,LM,Lower middle income
CMR,1993,FY95,LM,Lower middle income
CMR,1994,FY96,L,Low income
CMR,1995,FY97,L,Low income
CMR,1996,FY98,L,Low income
CMR,1997,FY99,L,Low income
CMR,1998,FY00,L,Low income
CMR,1999,FY01,L,Low income
CMR,2000,FY02,L,Low income
CMR,2001,FY03,L,Low income
CMR,2002,FY04,L,Low income
CMR,2003,FY05,L,Low income
CMR,2004,FY06,L,Low income
CMR,2005,FY07,LM,Lower middle income
CMR,2006,FY08,LM,Lower middle income
CMR,2007,FY09,LM,Lower middle income
CMR,2008,FY10,LM,Lower middle income
CMR,2009,FY11,LM,Lower middle income
CMR,2010,FY12,LM,Lower middle income
CMR,2011,FY13,LM,Lower middle income
CMR,2012,FY14,LM,Lower middle income
CMR,2013,FY15,LM,Lower middle income
CMR,2014,FY16,LM,Lower middle income
CMR,2015,FY17,LM,Lower middle income
CMR,2016,FY18,LM,Lower middle income
CMR,2017,FY19,LM,Lower middle income
CMR,2018,FY20,LM,Lower middle income
CMR,2019,FY21,LM,Lower middle income
CMR,2020,FY22,LM,Lower middle income
CMR,2021,FY23,LM,Lower middle income
CMR,2022,FY24,LM,Lower middle income
CMR,2023,FY25,LM,Lower middle income
CMR,2024,FY26,LM,Lower middle income
CMR,2025,FY27,LM,Lower middle income
COD,1987,FY89,L,Low income
COD,1988,FY90,L,Low income
COD,1989,FY91,L,Low income
COD,1990,FY92,L,Low income
COD,1991,FY93,L,Low income
COD,1992,FY94,L,Low income
COD,1993,FY95,L,Low income
COD,1994,FY96,L,Low income
COD,1995,FY97,L,Low income
COD,1996,FY98,L,Low income
COD,1997,FY99,L,Low income
COD,1998,FY00,L,Low income
COD,1999,FY01,L,Low income
COD,2000,FY02,L,Low income
COD,2001,FY03,L,Low income
COD,2002,FY04,L,Low income
COD,2003,FY05,L,Low income
COD,2004,FY06,L,Low income
COD,2005,FY07,L,Low income
COD,2006,FY08,L,Low income
COD,2007,FY09,L,Low income
COD,2008,FY10,L,Low income
COD,2009,FY11,L,Low income
COD,2010,FY12,L,Low income
COD,2011,FY13,L,Low income
COD,2012,FY14,L,Low income
COD,2013,FY15,L,Low income
COD,2014,FY16,L,Low income
COD,2015,FY17,L,Low income
COD,2016,FY18,L,Low income
COD,2017,FY19,L,Low income
COD,2018,FY20,L,Low income
COD,2019,FY21,L,Low income
COD,2020,FY22,L,Low income
COD,2021,FY23,L,Low income
COD,2022,FY24,L,Low income
COD,2023,FY25,L,Low income
COD,2024,FY26,L,Low income
COD,2025,FY27,L,Low income
COG,1987,FY89,LM,Lower middle income
COG,1988,FY90,LM,Lower middle income
COG,1989,FY91,LM,Lower middle income
COG,1990,FY92,LM,Lower middle income
COG,1991,FY93,LM,Lower middle income
COG,1992,FY94,LM,Lower middle income
COG,1993,FY95,LM,Lower middle income
COG,1994,FY96,L,Low income
COG,1995,FY97,L,Low income
COG,1996,FY98,L,Low income
COG,1997,FY99,L,Low income
COG,1998,FY00,L,Low income
COG,1999,FY01,L,Low income
COG,2000,FY02,L,Low income
COG,2001,FY03,L,Low income
COG,2002,FY04,L,Low income
COG,2003,FY05,L,Low income
COG,2004,FY06,L,Low income
COG,2005,FY07,LM,Lower middle income
COG,2006,FY08,LM,Lower middle income
COG,2007,FY09,LM,Lower middle income
COG,2008,FY10,LM,Lower middle income
COG,2009,FY11,LM,Lower middle income
COG,2010,FY12,LM,Lower middle income
COG,2011,FY13,LM,Lower middle income
COG,2012,FY14,LM,Lower middle income
COG,2013,FY15,LM,Lower middle income
COG,2014,FY16,LM,Lower middle income
COG,2015,FY17,LM,Lower middle income
COG,2016,FY18,LM,Lower middle income
COG,2017,FY19,LM,Lower middle income
COG,2018,FY20,LM,Lower middle income
COG,2019,FY21,LM,Lower middle income
COG,2020,FY22,LM,Lower middle income
COG,2021,FY23,LM,Lower middle income
COG,2022,FY24,LM,Lower middle income
COG,2023,FY25,LM,Lower middle income
COG,2024,FY26,LM,Lower middle income
COG,2025,FY27,LM,Lower middle income
COL,1987,FY89,LM,Lower middle income
COL,1988,FY90,LM,Lower middle income
COL,1989,FY91,LM,Lower middle income
COL,1990,FY92,LM,Lower middle income
COL,1991,FY93,LM,Lower middle income
COL,1992,FY94,LM,Lower middle income
COL,1993,FY95,LM,Lower middle income
COL,1994,FY96,LM,Lower middle income
COL,1995,FY97,LM,Lower middle income
COL,1996,FY98,LM,Lower middle income
COL,1997,FY99,LM,Lower middle income
COL,1998,FY00,LM,Lower middle income
COL,1999,FY01,LM,Lower middle income
COL,2000,FY02,LM,Lower middle income
COL,2001,FY03,LM,Lower middle income
COL,2002,FY04,LM,Lower middle income
COL,2003,FY05,LM,Lower middle income
COL,2004,FY06,LM,Lower middle income
COL,2005,FY07,LM,Lower middle income
COL,2006,FY08,LM,Lower middle income
COL,2007,FY09,LM,Lower middle income
COL,2008,FY10,UM,Upper middle income
COL,2009,FY11,UM,Upper middle income
COL,2010,FY12,UM,Upper middle income
COL,2011,FY13,UM,Upper middle income
COL,2012,FY14,UM,Upper middle income
COL,2013,FY15,UM,Upper middle income
COL,2014,FY16,UM,Upper middle income
COL,2015,FY17,UM,Upper middle income
COL,2016,FY18,UM,Upper middle income
COL,2017,FY19,UM,Upper middle income
COL,2018,FY20,UM,Upper middle income
COL,2019,FY21,UM,Upper middle income
COL,2020,FY22,UM,Upper middle income
COL,2021,FY23,UM,Upper middle income
COL,2022,FY24,UM,Upper middle income
COL,2023,FY25,UM,Upper middle income
COL,2024,FY26,UM,Upper middle income
COL,2025,FY27,UM,Upper middle income
COM,1987,FY89,L,Low income
COM,1988,FY90,L,Low income
COM,1989,FY91,L,Low income
COM,1990,FY92,L,Low income
COM,1991,FY93,L,Low income
COM,1992,FY94,L,Low income
COM,1993,FY95,L,Low income
COM,1994,FY96,L,Low income
COM,1995,FY97,L,Low income
COM,1996,FY98,L,Low income
COM,1997,FY99,L,Low income
COM,1998,FY00,L,Low income
COM,1999,FY01,L,Low income
COM,2000,FY02,L,Low income
COM,2001,FY03,L,Low income
COM,2002,FY04,L,Low income
COM,2003,FY05,L,Low income
COM,2004,FY06,L,Low income
COM,2005,FY07,L,Low income
COM,2006,FY08,L,Low income
COM,2007,FY09,L,Low income
COM,2008,FY10,L,Low income
COM,2009,FY11,L,Low income
COM,2010,FY12,L,Low income
COM,2011,FY13,L,Low income
COM,2012,FY14,L,Low income
COM,2013,FY15,L,Low income
COM,2014,FY16,L,Low income
COM,2015,FY17,L,Low income
COM,2016,FY18,L,Low income
COM,2017,FY19,L,Low income
COM,2018,FY20,LM,Lower middle income
COM,2019,FY21,LM,Lower middle income
COM,2020,FY22,LM,Lower middle income
COM,2021,FY23,LM,Lower middle income
COM,2022,FY24,LM,Lower middle income
COM,2023,FY25,LM,Lower middle income
COM,2024,FY26,LM,Lower middle income
COM,2025,FY27,LM,Lower middle income
CPV,1988,FY90,LM,Lower middle income
CPV,1989,FY91,LM,Lower middle income
CPV,1990,FY92,LM,Lower middle income
CPV,1991,FY93,LM,Lower middle income
CPV,1992,FY94,LM,Lower middle income
CPV,1993,FY95,LM,Lower middle income
CPV,1994,FY96,LM,Lower middle income
CPV,1995,FY97,LM,Lower middle income
CPV,1996,FY98,LM,Lower middle income
CPV,1997,FY99,LM,Lower middle income
CPV,1998,FY00,LM,Lower middle income
CPV,1999,FY01,LM,Lower middle income
CPV,2000,FY02,LM,Lower middle income
CPV,2001,FY03,LM,Lower middle income
CPV,2002,FY04,LM,Lower middle income
CPV,2003,FY05,LM,Lower middle income
CPV,2004,FY06,LM,Lower middle income
CPV,2005,FY07,LM,Lower middle income
CPV,2006,FY08,LM,Lower middle income
CPV,2007,FY09,LM,Lower middle income
CPV,2008,FY10,LM,Lower middle income
CPV,2009,FY11,LM,Lower middle income
CPV,2010,FY12,LM,Lower middle income
CPV,2011,FY13,LM,Lower middle income
CPV,2012,FY14,LM,Lower middle income
CPV,2013,FY15,LM,Lower middle income
CPV,2014,FY16,LM,Lower middle income
CPV,2015,FY17,LM,Lower middle income
CPV,2016,FY18,LM,Lower middle income
CPV,2017,FY19,LM,Lower middle income
CPV,2018,FY20,LM,Lower middle income
CPV,2019,FY21,LM,Lower middle income
CPV,2020,FY22,LM,Lower middle income
CPV,2021,FY23,LM,Lower middle income
CPV,2022,FY24,LM,Lower middle income
CPV,2023,FY25,LM,Lower middle income
CPV,2024,FY26,UM,Upper middle income
CPV,2025,FY27,UM,Upper middle income
CRI,1987,FY89,LM,Lower middle income
CRI,1988,FY90,LM,Lower middle income
CRI,1989,FY91,LM,Lower middle income
CRI,1990,FY92,LM,Lower middle income
CRI,1991,FY93,LM,Lower middle income
CRI,1992,FY94,LM,Lower middle income
CRI,1993,FY95,LM,Lower middle income
CRI,1994,FY96,LM,Lower middle income
CRI,1995,FY97,LM,Lower middle income
CRI,1996,FY98,LM,Lower middle income
CRI,1997,FY99,LM,Lower middle income
CRI,1998,FY00,LM,Lower middle income
CRI,1999,FY01,LM,Lower middle income
CRI,2000,FY02,UM,Upper middle income
CRI,2001,FY03,UM,Upper middle income
CRI,2002,FY04,UM,Upper middle income
CRI,2003,FY05,UM,Upper middle income
CRI,2004,FY06,UM,Upper middle income
CRI,2005,FY07,UM,Upper middle income
CRI,2006,FY08,UM,Upper middle income
CRI,2007,FY09,UM,Upper middle income
CRI,2008,FY10,UM,Upper middle income
CRI,2009,FY11,UM,Upper middle income
CRI,2010,FY12,UM,Upper middle income
CRI,2011,FY13,UM,Upper middle income
CRI,2012,FY14,UM,Upper middle income
CRI,2013,FY15,UM,Upper middle income
CRI,2014,FY16,UM,Upper middle income
CRI,2015,FY17,UM,Upper middle income
CRI,2016,FY18,UM,Upper middle income
CRI,2017,FY19,UM,Upper middle income
CRI,2018,FY20,UM,Upper middle income
CRI,2019,FY21,UM,Upper middle income
CRI,2020,FY22,UM,Upper middle income
CRI,2021,FY23,UM,Upper middle income
CRI,2022,FY24,UM,Upper middle income
CRI,2023,FY25,UM,Upper middle income
CRI,2024,FY26,H,High income
CRI,2025,FY27,H,High income
CSK,1990,FY92,UM,Upper middle income
CSK,1991,FY93,UM,Upper middle income
CUB,1990,FY92,LM,Lower middle income
CUB,1991,FY93,LM,Lower middle income
CUB,1992,FY94,LM,Lower middle income
CUB,1993,FY95,LM,Lower middle income
CUB,1994,FY96,LM,Lower middle income
CUB,1995,FY97,LM,Lower middle income
CUB,1996,FY98,LM,Lower middle income
CUB,1997,FY99,LM,Lower middle income
CUB,1998,FY00,LM,Lower middle income
CUB,1999,FY01,LM,Lower middle income
CUB,2000,FY02,LM,Lower middle income
CUB,2001,FY03,LM,Lower middle income
CUB,2002,FY04,LM,Lower middle income
CUB,2003,FY05,LM,Lower middle income
CUB,2004,FY06,LM,Lower middle income
CUB,2005,FY07,LM,Lower middle income
CUB,2006,FY08,LM,Lower middle income
CUB,2007,FY09,UM,Upper middle income
CUB,2008,FY10,UM,Upper middle income
CUB,2009,FY11,UM,Upper middle income
CUB,2010,FY12,UM,Upper middle income
CUB,2011,FY13,UM,Upper middle income
CUB,2012,FY14,UM,Upper middle income
CUB,2013,FY15,UM,Upper middle income
CUB,2014,FY16,UM,Upper middle income
CUB,2015,FY17,UM,Upper middle income
CUB,2016,FY18,UM,Upper middle income
CUB,2017,FY19,UM,Upper middle income
CUB,2018,FY20,UM,Upper middle income
CUB,2019,FY21,UM,Upper middle income
CUB,2020,FY22,UM,Upper middle income
CUB,2021,FY23,UM,Upper middle income
CUB,2022,FY24,UM,Upper middle income
CUB,2023,FY25,UM,Upper middle income
CUB,2024,FY26,UM,Upper middle income
CUB,2025,FY27,UM,Upper middle income
CUW,2010,FY12,H,High income
CUW,2011,FY13,H,High income
CUW,2012,FY14,H,High income
CUW,2013,FY15,H,High income
CUW,2014,FY16,H,High income
CUW,2015,FY17,H,High income
CUW,2016,FY18,H,High income
CUW,2017,FY19,H,High income
CUW,2018,FY20,H,High income
CUW,2019,FY21,H,High income
CUW,2020,FY22,H,High income
CUW,2021,FY23,H,High income
CUW,2022,FY24,H,High income
CUW,2023,FY25,H,High income
CUW,2024,FY26,H,High income
CUW,2025,FY27,H,High income
CYM,1993,FY95,H,High income
CYM,1994,FY96,H,High income
CYM,1995,FY97,H,High income
CYM,1996,FY98,H,High income
CYM,1997,FY99,H,High income
CYM,1998,FY00,H,High income
CYM,1999,FY01,H,High income
CYM,2000,FY02,H,High income
CYM,2001,FY03,H,High income
CYM,2002,FY04,H,High income
CYM,2003,FY05,H,High income
CYM,2004,FY06,H,High income
CYM,2005,FY07,H,High income
CYM,2006,FY08,H,High income
CYM,2007,FY09,H,High income
CYM,2008,FY10,H,High income
CYM,2009,FY11,H,High income
CYM,2010,FY12,H,High income
CYM,2011,FY13,H,High income
CYM,2012,FY14,H,High income
CYM,2013,FY15,H,High income
CYM,2014,FY16,H,High income
CYM,2015,FY17,H,High income
CYM,2016,FY18,H,High income
CYM,2017,FY19,H,High income
CYM,2018,FY20,H,High income
CYM,2019,FY21,H,High income
CYM,2020,FY22,H,High income
CYM,2021,FY23,H,High income
CYM,2022,FY24,H,High income
CYM,2023,FY25,H,High income
CYM,2024,FY26,H,High income
CYM,2025,FY27,H,High income
CYP,1987,FY89,UM,Upper middle income
CYP,1988,FY90,H,High income
CYP,1989,FY91,H,High income
CYP,1990,FY92,H,High income
CYP,1991,FY93,H,High income
CYP,1992,FY94,H,High income
CYP,1993,FY95,H,High income
CYP,1994,FY96,H,High income
CYP,1995,FY97,H,High income
CYP,1996,FY98,H,High income
CYP,1997,FY99,H,High income
CYP,1998,FY00,H,High income
CYP,1999,FY01,H,High income
CYP,2000,FY02,H,High income
CYP,2001,FY03,H,High income
CYP,2002,FY04,H,High income
CYP,2003,FY05,H,High income
CYP,2004,FY06,H,High income
CYP,2005,FY07,H,High income
CYP,2006,FY08,H,High income
CYP,2007,FY09,H,High income
CYP,2008,FY10,H,High income
CYP,2009,FY11,H,High income
CYP,2010,FY12,H,High income
CYP,2011,FY13,H,High income
CYP,2012,FY14,H,High income
CYP,2013,FY15,H,High income
CYP,2014,FY16,H,High income
CYP,2015,FY17,H,High income
CYP,2016,FY18,H,High income
CYP,2017,FY19,H,High income
CYP,2018,FY20,H,High income
CYP,2019,FY21,H,High income
CYP,2020,FY22,H,High income
CYP,2021,FY23,H,High income
CYP,2022,FY24,H,High income
CYP,2023,FY25,H,High income
CYP,2024,FY26,H,High income
CYP,2025,FY27,H,High income
CZE,1992,FY94,LM,Lower middle income
CZE,1993,FY95,LM,Lower middle income
CZE,1994,FY96,UM,Upper middle income
CZE,1995,FY97,UM,Upper middle income
CZE,1996,FY98,UM,Upper middle income
CZE,1997,FY99,UM,Upper middle income
CZE,1998,FY00,UM,Upper middle income
CZE,1999,FY01,UM,Upper middle income
CZE,2000,FY02,UM,Upper middle income
CZE,2001,FY03,UM,Upper middle income
CZE,2002,FY04,UM,Upper middle income
CZE,2003,FY05,UM,Upper middle income
CZE,2004,FY06,UM,Upper middle income
CZE,2005,FY07,UM,Upper middle income
CZE,2006,FY08,H,High income
CZE,2007,FY09,H,High income
CZE,2008,FY10,H,High income
CZE,2009,FY11,H,High income
CZE,2010,FY12,H,High income
CZE,2011,FY13,H,High income
CZE,2012,FY14,H,High income
CZE,2013,FY15,H,High income
CZE,2014,FY16,H,High income
CZE,2015,FY17,H,High income
CZE,2016,FY18,H,High income
CZE,2017,FY19,H,High income
CZE,2018,FY20,H,High income
CZE,2019,FY21,H,High income
CZE,2020,FY22,H,High income
CZE,2021,FY23,H,High income
CZE,2022,FY24,H,High income
CZE,2023,FY25,H,High income
CZE,2024,FY26,H,High income
CZE,2025,FY27,H,High income
DEU,1987,FY89,H,High income
DEU,1988,FY90,H,High income
DEU,1989,FY91,H,High income
DEU,1990,FY92,H,High income
DEU,1991,FY93,H,High income
DEU,1992,FY94,H,High income
DEU,1993,FY95,H,High income
DEU,1994,FY96,H,High income
DEU,1995,FY97,H,High income
DEU,1996,FY98,H,High income
DEU,1997,FY99,H,High income
DEU,1998,FY00,H,High income
DEU,1999,FY01,H,High income
DEU,2000,FY02,H,High income
DEU,2001,FY03,H,High income
DEU,2002,FY04,H,High income
DEU,2003,FY05,H,High income
DEU,2004,FY06,H,High income
DEU,2005,FY07,H,High income
DEU,2006,FY08,H,High income
DEU,2007,FY09,H,High income
DEU,2008,FY10,H,High income
DEU,2009,FY11,H,High income
DEU,2010,FY12,H,High income
DEU,2011,FY13,H,High income
DEU,2012,FY14,H,High income
DEU,2013,FY15,H,High income
DEU,2014,FY16,H,High income
DEU,2015,FY17,H,High income
DEU,2016,FY18,H,High income
DEU,2017,FY19,H,High income
DEU,2018,FY20,H,High income
DEU,2019,FY21,H,High income
DEU,2020,FY22,H,High income
DEU,2021,FY23,H,High income
DEU,2022,FY24,H,High income
DEU,2023,FY25,H,High income
DEU,2024,FY26,H,High income
DEU,2025,FY27,H,High income
DJI,1990,FY92,LM,Lower middle income
DJI,1991,FY93,LM,Lower middle income
DJI,1992,FY94,LM,Lower middle income
DJI,1993,FY95,LM,Lower middle income
DJI,1994,FY96,LM,Lower middle income
DJI,1995,FY97,LM,Lower middle income
DJI,1996,FY98,LM,Lower middle income
DJI,1997,FY99,LM,Lower middle income
DJI,1998,FY00,LM,Lower middle income
DJI,1999,FY01,LM,Lower middle income
DJI,2000,FY02,LM,Lower middle income
DJI,2001,FY03,LM,Lower middle income
DJI,2002,FY04,LM,Lower middle income
DJI,2003,FY05,LM,Lower middle income
DJI,2004,FY06,LM,Lower middle income
DJI,2005,FY07,LM,Lower middle income
DJI,2006,FY08,LM,Lower middle income
DJI,2007,FY09,LM,Lower middle income
DJI,2008,FY10,LM,Lower middle income
DJI,2009,FY11,LM,Lower middle income
DJI,2010,FY12,LM,Lower middle income
DJI,2011,FY13,LM,Lower middle income
DJI,2012,FY14,LM,Lower middle income
DJI,2013,FY15,LM,Lower middle income
DJI,2014,FY16,LM,Lower middle income
DJI,2015,FY17,LM,Lower middle income
DJI,2016,FY18,LM,Lower middle income
DJI,2017,FY19,LM,Lower middle income
DJI,2018,FY20,LM,Lower middle income
DJI,2019,FY21,LM,Lower middle income
DJI,2020,FY22,LM,Lower middle income
DJI,2021,FY23,LM,Lower middle income
DJI,2022,FY24,LM,Lower middle income
DJI,2023,FY25,LM,Lower middle income
DJI,2024,FY26,LM,Lower middle income
DJI,2025,FY27,LM,Lower middle income
DMA,1987,FY89,LM,Lower middle income
DMA,1988,FY90,LM,Lower middle income
DMA,1989,FY91,LM,Lower middle income
DMA,1990,FY92,LM,Lower middle income
DMA,1991,FY93,LM,Lower middle income
DMA,1992,FY94,LM,Lower middle income
DMA,1993,FY95,LM,Lower middle income
DMA,1994,FY96,LM,Lower middle income
DMA,1995,FY97,LM,Lower middle income
DMA,1996,FY98,LM,Lower middle income
DMA,1997,FY99,LM,Lower middle income
DMA,1998,FY00,LM,Lower middle income
DMA,1999,FY01,UM,Upper middle income
DMA,2000,FY02,UM,Upper middle income
DMA,2001,FY03,UM,Upper middle income
DMA,2002,FY04,UM,Upper middle income
DMA,2003,FY05,UM,Upper middle income
DMA,2004,FY06,UM,Upper middle income
DMA,2005,FY07,UM,Upper middle income
DMA,2006,FY08,UM,Upper middle income
DMA,2007,FY09,UM,Upper middle income
DMA,2008,FY10,UM,Upper middle income
DMA,2009,FY11,UM,Upper middle income
DMA,2010,FY12,UM,Upper middle income
DMA,2011,FY13,UM,Upper middle income
DMA,2012,FY14,UM,Upper middle income
DMA,2013,FY15,UM,Upper middle income
DMA,2014,FY16,UM,Upper middle income
DMA,2015,FY17,UM,Upper middle income
DMA,2016,FY18,UM,Upper middle income
DMA,2017,FY19,UM,Upper middle income
DMA,2018,FY20,UM,Upper middle income
DMA,2019,FY21,UM,Upper middle income
DMA,2020,FY22,UM,Upper middle income
DMA,2021,FY23,UM,Upper middle income
DMA,2022,FY24,UM,Upper middle income
DMA,2023,FY25,UM,Upper middle income
DMA,2024,FY26,UM,Upper middle income
DMA,2025,FY27,UM,Upper middle income
DNK,1987,FY89,H,High income
DNK,1988,FY90,H,High income
DNK,1989,FY91,H,High income
DNK,1990,FY92,H,High income
DNK,1991,FY93,H,High income
DNK,1992,FY94,H,High income
DNK,1993,FY95,H,High income
DNK,1994,FY96,H,High income
DNK,1995,FY97,H,High income
DNK,1996,FY98,H,High income
DNK,1997,FY99,H,High income
DNK,1998,FY00,H,High income
DNK,1999,FY01,H,High income
DNK,2000,FY02,H,High income
DNK,2001,FY03,H,High income
DNK,2002,FY04,H,High income
DNK,2003,FY05,H,High income
DNK,2004,FY06,H,High income
DNK,2005,FY07,H,High income
DNK,2006,FY08,H,High income
DNK,2007,FY09,H,High income
DNK,2008,FY10,H,High income
DNK,2009,FY11,H,High income
DNK,2010,FY12,H,High income
DNK,2011,FY13,H,High income
DNK,2012,FY14,H,High income
DNK,2013,FY15,H,High income
DNK,2014,FY16,H,High income
DNK,2015,FY17,H,High income
DNK,2016,FY18,H,High income
DNK,2017,FY19,H,High income
DNK,2018,FY20,H,High income
DNK,2019,FY21,H,High income
DNK,2020,FY22,H,High income
DNK,2021,FY23,H,High income
DNK,2022,FY24,H,High income
DNK,2023,FY25,H,High income
DNK,2024,FY26,H,High income
DNK,2025,FY27,H,High income
DOM,1987,FY89,LM,Lower middle income
DOM,1988,FY90,LM,Lower middle income
DOM,1989,FY91,LM,Lower middle income
DOM,1990,FY92,LM,Lower middle income
DOM,1991,FY93,LM,Lower middle income
DOM,1992,FY94,LM,Lower middle income
DOM,1993,FY95,LM,Lower middle income
DOM,1994,FY96,LM,Lower middle income
DOM,1995,FY97,LM,Lower middle income
DOM,1996,FY98,LM,Lower middle income
DOM,1997,FY99,LM,Lower middle income
DOM,1998,FY00,LM,Lower middle income
DOM,1999,FY01,LM,Lower middle income
DOM,2000,FY02,LM,Lower middle income
DOM,2001,FY03,LM,Lower middle income
DOM,2002,FY04,LM,Lower middle income
DOM,2003,FY05,LM,Lower middle income
DOM,2004,FY06,LM,Lower middle income
DOM,2005,FY07,LM,Lower middle income
DOM,2006,FY08,LM,Lower middle income
DOM,2007,FY09,LM,Lower middle income
DOM,2008,FY10,UM,Upper middle income
DOM,2009,FY11,UM,Upper middle income
DOM,2010,FY12,UM,Upper middle income
DOM,2011,FY13,UM,Upper middle income
DOM,2012,FY14,UM,Upper middle income
DOM,2013,FY15,UM,Upper middle income
DOM,2014,FY16,UM,Upper middle income
DOM,2015,FY17,UM,Upper middle income
DOM,2016,FY18,UM,Upper middle income
DOM,2017,FY19,UM,Upper middle income
DOM,2018,FY20,UM,Upper middle income
DOM,2019,FY21,UM,Upper middle income
DOM,2020,FY22,UM,Upper middle income
DOM,2021,FY23,UM,Upper middle income
DOM,2022,FY24,UM,Upper middle income
DOM,2023,FY25,UM,Upper middle income
DOM,2024,FY26,UM,Upper middle income
DOM,2025,FY27,UM,Upper middle income
ECU,1987,FY89,LM,Lower middle income
ECU,1988,FY90,LM,Lower middle income
ECU,1989,FY91,LM,Lower middle income
ECU,1990,FY92,LM,Lower middle income
ECU,1991,FY93,LM,Lower middle income
ECU,1992,FY94,LM,Lower middle income
ECU,1993,FY95,LM,Lower middle income
ECU,1994,FY96,LM,Lower middle income
ECU,1995,FY97,LM,Lower middle income
ECU,1996,FY98,LM,Lower middle income
ECU,1997,FY99,LM,Lower middle income
ECU,1998,FY00,LM,Lower middle income
ECU,1999,FY01,LM,Lower middle income
ECU,2000,FY02,LM,Lower middle income
ECU,2001,FY03,LM,Lower middle income
ECU,2002,FY04,LM,Lower middle income
ECU,2003,FY05,LM,Lower middle income
ECU,2004,FY06,LM,Lower middle income
ECU,2005,FY07,LM,Lower middle income
ECU,2006,FY08,LM,Lower middle income
ECU,2007,FY09,LM,Lower middle income
ECU,2008,FY10,LM,Lower middle income
ECU,2009,FY11,LM,Lower middle income
ECU,2010,FY12,UM,Upper middle income
ECU,2011,FY13,UM,Upper middle income
ECU,2012,FY14,UM,Upper middle income
ECU,2013,FY15,UM,Upper middle income
ECU,2014,FY16,UM,Upper middle income
ECU,2015,FY17,UM,Upper middle income
ECU,2016,FY18,UM,Upper middle income
ECU,2017,FY19,UM,Upper middle income
ECU,2018,FY20,UM,Upper middle income
ECU,2019,FY21,UM,Upper middle income
ECU,2020,FY22,UM,Upper middle income
ECU,2021,FY23,UM,Upper middle income
ECU,2022,FY24,UM,Upper middle income
ECU,2023,FY25,UM,Upper middle income
ECU,2024,FY26,UM,Upper middle income
ECU,2025,FY27,UM,Upper middle income
EGY,1987,FY89,LM,Lower middle income
EGY,1988,FY90,LM,Lower middle income
EGY,1989,FY91,LM,Lower middle income
EGY,1990,FY92,L,Low income
EGY,1991,FY93,L,Low income
EGY,1992,FY94,L,Low income
EGY,1993,FY95,L,Low income
EGY,1994,FY96,L,Low income
EGY,1995,FY97,LM,Lower middle income
EGY,1996,FY98,LM,Lower middle income
EGY,1997,FY99,LM,Lower middle income
EGY,1998,FY00,LM,Lower middle income
EGY,1999,FY01,LM,Lower middle income
EGY,2000,FY02,LM,Lower middle income
EGY,2001,FY03,LM,Lower middle income
EGY,2002,FY04,LM,Lower middle income
EGY,2003,FY05,LM,Lower middle income
EGY,2004,FY06,LM,Lower middle income
EGY,2005,FY07,LM,Lower middle income
EGY,2006,FY08,LM,Lower middle income
EGY,2007,FY09,LM,Lower middle income
EGY,2008,FY10,LM,Lower middle income
EGY,2009,FY11,LM,Lower middle income
EGY,2010,FY12,LM,Lower middle income
EGY,2011,FY13,LM,Lower middle income
EGY,2012,FY14,LM,Lower middle income
EGY,2013,FY15,LM,Lower middle income
EGY,2014,FY16,LM,Lower middle income
EGY,2015,FY17,LM,Lower middle income
EGY,2016,FY18,LM,Lower middle income
EGY,2017,FY19,LM,Lower middle income
EGY,2018,FY20,LM,Lower middle income
EGY,2019,FY21,LM,Lower middle income
EGY,2020,FY22,LM,Lower middle income
EGY,2021,FY23,LM,Lower middle income
EGY,2022,FY24,LM,Lower middle income
EGY,2023,FY25,LM,Lower middle income
EGY,2024,FY26,LM,Lower middle income
EGY,2025,FY27,LM,Lower middle income
ERI,1992,FY94,L,Low income
ERI,1993,FY95,L,Low income
ERI,1994,FY96,L,Low income
ERI,1995,FY97,L,Low income
ERI,1996,FY98,L,Low income
ERI,1997,FY99,L,Low income
ERI,1998,FY00,L,Low income
ERI,1999,FY01,L,Low income
ERI,2000,FY02,L,Low income
ERI,2001,FY03,L,Low income
ERI,2002,FY04,L,Low income
ERI,2003,FY05,L,Low income
ERI,2004,FY06,L,Low income
ERI,2005,FY07,L,Low income
ERI,2006,FY08,L,Low income
ERI,2007,FY09,L,Low income
ERI,2008,FY10,L,Low income
ERI,2009,FY11,L,Low income
ERI,2010,FY12,L,Low income
ERI,2011,FY13,L,Low income
ERI,2012,FY14,L,Low income
ERI,2013,FY15,L,Low income
ERI,2014,FY16,L,Low income
ERI,2015,FY17,L,Low income
ERI,2016,FY18,L,Low income
ERI,2017,FY19,L,Low income
ERI,2018,FY20,L,Low income
ERI,2019,FY21,L,Low income
ERI,2020,FY22,L,Low income
ERI,2021,FY23,L,Low income
ERI,2022,FY24,L,Low income
ERI,2023,FY25,L,Low income
ERI,2024,FY26,L,Low income
ERI,2025,FY27,L,Low income
ESP,1987,FY89,H,High income
ESP,1988,FY90,H,High income
ESP,1989,FY91,H,High income
ESP,1990,FY92,H,High income
ESP,1991,FY93,H,High income
ESP,1992,FY94,H,High income
ESP,1993,FY95,H,High income
ESP,1994,FY96,H,High income
ESP,1995,FY97,H,High income
ESP,1996,FY98,H,High income
ESP,1997,FY99,H,High income
ESP,1998,FY00,H,High income
ESP,1999,FY01,H,High income
ESP,2000,FY02,H,High income
ESP,2001,FY03,H,High income
ESP,2002,FY04,H,High income
ESP,2003,FY05,H,High income
ESP,2004,FY06,H,High income
ESP,2005,FY07,H,High income
ESP,2006,FY08,H,High income
ESP,2007,FY09,H,High income
ESP,2008,FY10,H,High income
ESP,2009,FY11,H,High income
ESP,2010,FY12,H,High income
ESP,2011,FY13,H,High income
ESP,2012,FY14,H,High income
ESP,2013,FY15,H,High income
ESP,2014,FY16,H,High income
ESP,2015,FY17,H,High income
ESP,2016,FY18,H,High income
ESP,2017,FY19,H,High income
ESP,2018,FY20,H,High income
ESP,2019,FY21,H,High income
ESP,2020,FY22,H,High income
ESP,2021,FY23,H,High income
ESP,2022,FY24,H,High income
ESP,2023,FY25,H,High income
ESP,2024,FY26,H,High income
ESP,2025,FY27,H,High income
EST,1991,FY93,UM,Upper middle income
EST,1992,FY94,UM,Upper middle income
EST,1993,FY95,UM,Upper middle income
EST,1994,FY96,LM,Lower middle income
EST,1995,FY97,LM,Lower middle income
EST,1996,FY98,LM,Lower middle income
EST,1997,FY99,UM,Upper middle income
EST,1998,FY00,UM,Upper middle income
EST,1999,FY01,UM,Upper middle income
EST,2000,FY02,UM,Upper middle income
EST,2001,FY03,UM,Upper middle income
EST,2002,FY04,UM,Upper middle income
EST,2003,FY05,UM,Upper middle income
EST,2004,FY06,UM,Upper middle income
EST,2005,FY07,UM,Upper middle income
EST,2006,FY08,H,High income
EST,2007,FY09,H,High income
EST,2008,FY10,H,High income
EST,2009,FY11,H,High income
EST,2010,FY12,H,High income
EST,2011,FY13,H,High income
EST,2012,FY14,H,High income
EST,2013,FY15,H,High income
EST,2014,FY16,H,High income
EST,2015,FY17,H,High income
EST,2016,FY18,H,High income
EST,2017,FY19,H,High income
EST,2018,FY20,H,High income
EST,2019,FY21,H,High income
EST,2020,FY22,H,High income
EST,2021,FY23,H,High income
EST,2022,FY24,H,High income
EST,2023,FY25,H,High income
EST,2024,FY26,H,High income
EST,2025,FY27,H,High income
ETH,1987,FY89,L,Low income
ETH,1988,FY90,L,Low income
ETH,1989,FY91,L,Low income
ETH,1990,FY92,L,Low income
ETH,1991,FY93,L,Low income
ETH,1992,FY94,L,Low income
ETH,1993,FY95,L,Low income
ETH,1994,FY96,L,Low income
ETH,1995,FY97,L,Low income
ETH,1996,FY98,L,Low income
ETH,1997,FY99,L,Low income
ETH,1998,FY00,L,Low income
ETH,1999,FY01,L,Low income
ETH,2000,FY02,L,Low income
ETH,2001,FY03,L,Low income
ETH,2002,FY04,L,Low income
ETH,2003,FY05,L,Low income
ETH,2004,FY06,L,Low income
ETH,2005,FY07,L,Low income
ETH,2006,FY08,L,Low income
ETH,2007,FY09,L,Low income
ETH,2008,FY10,L,Low income
ETH,2009,FY11,L,Low income
ETH,2010,FY12,L,Low income
ETH,2011,FY13,L,Low income
ETH,2012,FY14,L,Low income
ETH,2013,FY15,L,Low income
ETH,2014,FY16,L,Low income
ETH,2015,FY17,L,Low income
ETH,2016,FY18,L,Low income
ETH,2017,FY19,L,Low income
ETH,2018,FY20,L,Low income
ETH,2019,FY21,L,Low income
ETH,2020,FY22,L,Low income
ETH,2021,FY23,L,Low income
ETH,2022,FY24,L,Low income
ETH,2023,FY25,L,Low income
ETH,2025,FY27,L,Low income
FIN,1987,FY89,H,High income
FIN,1988,FY90,H,High income
FIN,1989,FY91,H,High income
FIN,1990,FY92,H,High income
FIN,1991,FY93,H,High income
FIN,1992,FY94,H,High income
FIN,1993,FY95,H,High income
FIN,1994,FY96,H,High income
FIN,1995,FY97,H,High income
FIN,1996,FY98,H,High income
FIN,1997,FY99,H,High income
FIN,1998,FY00,H,High income
FIN,1999,FY01,H,High income
FIN,2000,FY02,H,High income
FIN,2001,FY03,H,High income
FIN,2002,FY04,H,High income
FIN,2003,FY05,H,High income
FIN,2004,FY06,H,High income
FIN,2005,FY07,H,High income
FIN,2006,FY08,H,High income
FIN,2007,FY09,H,High income
FIN,2008,FY10,H,High income
FIN,2009,FY11,H,High income
FIN,2010,FY12,H,High income
FIN,2011,FY13,H,High income
FIN,2012,FY14,H,High income
FIN,2013,FY15,H,High income
FIN,2014,FY16,H,High income
FIN,2015,FY17,H,High income
FIN,2016,FY18,H,High income
FIN,2017,FY19,H,High income
FIN,2018,FY20,H,High income
FIN,2019,FY21,H,High income
FIN,2020,FY22,H,High income
FIN,2021,FY23,H,High income
FIN,2022,FY24,H,High income
FIN,2023,FY25,H,High income
FIN,2024,FY26,H,High income
FIN,2025,FY27,H,High income
FJI,1987,FY89,LM,Lower middle income
FJI,1988,FY90,LM,Lower middle income
FJI,1989,FY91,LM,Lower middle income
FJI,1990,FY92,LM,Lower middle income
FJI,1991,FY93,LM,Lower middle income
FJI,1992,FY94,LM,Lower middle income
FJI,1993,FY95,LM,Lower middle income
FJI,1994,FY96,LM,Lower middle income
FJI,1995,FY97,LM,Lower middle income
FJI,1996,FY98,LM,Lower middle income
FJI,1997,FY99,LM,Lower middle income
FJI,1998,FY00,LM,Lower middle income
FJI,1999,FY01,LM,Lower middle income
FJI,2000,FY02,LM,Lower middle income
FJI,2001,FY03,LM,Lower middle income
FJI,2002,FY04,LM,Lower middle income
FJI,2003,FY05,LM,Lower middle income
FJI,2004,FY06,LM,Lower middle income
FJI,2005,FY07,LM,Lower middle income
FJI,2006,FY08,LM,Lower middle income
FJI,2007,FY09,UM,Upper middle income
FJI,2008,FY10,UM,Upper middle income
FJI,2009,FY11,UM,Upper middle income
FJI,2010,FY12,LM,Lower middle income
FJI,2011,FY13,LM,Lower middle income
FJI,2012,FY14,UM,Upper middle income
FJI,2013,FY15,UM,Upper middle income
FJI,2014,FY16,UM,Upper middle income
FJI,2015,FY17,UM,Upper middle income
FJI,2016,FY18,UM,Upper middle income
FJI,2017,FY19,UM,Upper middle income
FJI,2018,FY20,UM,Upper middle income
FJI,2019,FY21,UM,Upper middle income
FJI,2020,FY22,UM,Upper middle income
FJI,2021,FY23,UM,Upper middle income
FJI,2022,FY24,UM,Upper middle income
FJI,2023,FY25,UM,Upper middle income
FJI,2024,FY26,UM,Upper middle income
FJI,2025,FY27,UM,Upper middle income
FRA,1987,FY89,H,High income
FRA,1988,FY90,H,High income
FRA,1989,FY91,H,High income
FRA,1990,FY92,H,High income
FRA,1991,FY93,H,High income
FRA,1992,FY94,H,High income
FRA,1993,FY95,H,High income
FRA,1994,FY96,H,High income
FRA,1995,FY97,H,High income
FRA,1996,FY98,H,High income
FRA,1997,FY99,H,High income
FRA,1998,FY00,H,High income
FRA,1999,FY01,H,High income
FRA,2000,FY02,H,High income
FRA,2001,FY03,H,High income
FRA,2002,FY04,H,High income
FRA,2003,FY05,H,High income
FRA,2004,FY06,H,High income
FRA,2005,FY07,H,High income
FRA,2006,FY08,H,High income
FRA,2007,FY09,H,High income
FRA,2008,FY10,H,High income
FRA,2009,FY11,H,High income
FRA,2010,FY12,H,High income
FRA,2011,FY13,H,High income
FRA,2012,FY14,H,High income
FRA,2013,FY15,H,High income
FRA,2014,FY16,H,High income
FRA,2015,FY17,H,High income
FRA,2016,FY18,H,High income
FRA,2017,FY19,H,High income
FRA,2018,FY20,H,High income
FRA,2019,FY21,H,High income
FRA,2020,FY22,H,High income
FRA,2021,FY23,H,High income
FRA,2022,FY24,H,High income
FRA,2023,FY25,H,High income
FRA,2024,FY26,H,High income
FRA,2025,FY27,H,High income
FRO,1987,FY89,H,High income
FRO,1988,FY90,H,High income
FRO,1989,FY91,H,High income
FRO,1990,FY92,H,High income
FRO,1991,FY93,H,High income
FRO,1992,FY94,H,High income
FRO,1993,FY95,H,High income
FRO,1994,FY96,H,High income
FRO,1995,FY97,H,High income
FRO,1996,FY98,H,High income
FRO,1997,FY99,H,High income
FRO,1998,FY00,H,High income
FRO,1999,FY01,H,High income
FRO,2000,FY02,H,High income
FRO,2001,FY03,H,High income
FRO,2002,FY04,H,High income
FRO,2003,FY05,H,High income
FRO,2004,FY06,H,High income
FRO,2005,FY07,H,High income
FRO,2006,FY08,H,High income
FRO,2007,FY09,H,High income
FRO,2008,FY10,H,High income
FRO,2009,FY11,H,High income
FRO,2010,FY12,H,High income
FRO,2011,FY13,H,High income
FRO,2012,FY14,H,High income
FRO,2013,FY15,H,High income
FRO,2014,FY16,H,High income
FRO,2015,FY17,H,High income
FRO,2016,FY18,H,High income
FRO,2017,FY19,H,High income
FRO,2018,FY20,H,High income
FRO,2019,FY21,H,High income
FRO,2020,FY22,H,High income
FRO,2021,FY23,H,High income
FRO,2022,FY24,H,High income
FRO,2023,FY25,H,High income
FRO,2024,FY26,H,High income
FRO,2025,FY27,H,High income
FSM,1991,FY93,LM,Lower middle income
FSM,1992,FY94,LM,Lower middle income
FSM,1993,FY95,LM,Lower middle income
FSM,1994,FY96,LM,Lower middle income
FSM,1995,FY97,LM,Lower middle income
FSM,1996,FY98,LM,Lower middle income
FSM,1997,FY99,LM,Lower middle income
FSM,1998,FY00,LM,Lower middle income
FSM,1999,FY01,LM,Lower middle income
FSM,2000,FY02,LM,Lower middle income
FSM,2001,FY03,LM,Lower middle income
FSM,2002,FY04,LM,Lower middle income
FSM,2003,FY05,LM,Lower middle income
FSM,2004,FY06,LM,Lower middle income
FSM,2005,FY07,LM,Lower middle income
FSM,2006,FY08,LM,Lower middle income
FSM,2007,FY09,LM,Lower middle income
FSM,2008,FY10,LM,Lower middle income
FSM,2009,FY11,LM,Lower middle income
FSM,2010,FY12,LM,Lower middle income
FSM,2011,FY13,LM,Lower middle income
FSM,2012,FY14,LM,Lower middle income
FSM,2013,FY15,LM,Lower middle income
FSM,2014,FY16,LM,Lower middle income
FSM,2015,FY17,LM,Lower middle income
FSM,2016,FY18,LM,Lower middle income
FSM,2017,FY19,LM,Lower middle income
FSM,2018,FY20,LM,Lower middle income
FSM,2019,FY21,LM,Lower middle income
FSM,2020,FY22,LM,Lower middle income
FSM,2021,FY23,LM,Lower middle income
FSM,2022,FY24,LM,Lower middle income
FSM,2023,FY25,LM,Lower middle income
FSM,2024,FY26,LM,Lower middle income
FSM,2025,FY27,UM,Upper middle income
GAB,1987,FY89,UM,Upper middle income
GAB,1988,FY90,UM,Upper middle income
GAB,1989,FY91,UM,Upper middle income
GAB,1990,FY92,UM,Upper middle income
GAB,1991,FY93,UM,Upper middle income
GAB,1992,FY94,UM,Upper middle income
GAB,1993,FY95,UM,Upper middle income
GAB,1994,FY96,UM,Upper middle income
GAB,1995,FY97,UM,Upper middle income
GAB,1996,FY98,UM,Upper middle income
GAB,1997,FY99,UM,Upper middle income
GAB,1998,FY00,UM,Upper middle income
GAB,1999,FY01,UM,Upper middle income
GAB,2000,FY02,UM,Upper middle income
GAB,2001,FY03,UM,Upper middle income
GAB,2002,FY04,UM,Upper middle income
GAB,2003,FY05,UM,Upper middle income
GAB,2004,FY06,UM,Upper middle income
GAB,2005,FY07,UM,Upper middle income
GAB,2006,FY08,UM,Upper middle income
GAB,2007,FY09,UM,Upper middle income
GAB,2008,FY10,UM,Upper middle income
GAB,2009,FY11,UM,Upper middle income
GAB,2010,FY12,UM,Upper middle income
GAB,2011,FY13,UM,Upper middle income
GAB,2012,FY14,UM,Upper middle income
GAB,2013,FY15,UM,Upper middle income
GAB,2014,FY16,UM,Upper middle income
GAB,2015,FY17,UM,Upper middle income
GAB,2016,FY18,UM,Upper middle income
GAB,2017,FY19,UM,Upper middle income
GAB,2018,FY20,UM,Upper middle income
GAB,2019,FY21,UM,Upper middle income
GAB,2020,FY22,UM,Upper middle income
GAB,2021,FY23,UM,Upper middle income
GAB,2022,FY24,UM,Upper middle income
GAB,2023,FY25,UM,Upper middle income
GAB,2024,FY26,UM,Upper middle income
GAB,2025,FY27,UM,Upper middle income
GBR,1987,FY89,H,High income
GBR,1988,FY90,H,High income
GBR,1989,FY91,H,High income
GBR,1990,FY92,H,High income
GBR,1991,FY93,H,High income
GBR,1992,FY94,H,High income
GBR,1993,FY95,H,High income
GBR,1994,FY96,H,High income
GBR,1995,FY97,H,High income
GBR,1996,FY98,H,High income
GBR,1997,FY99,H,High income
GBR,1998,FY00,H,High income
GBR,1999,FY01,H,High income
GBR,2000,FY02,H,High income
GBR,2001,FY03,H,High income
GBR,2002,FY04,H,High income
GBR,2003,FY05,H,High income
GBR,2004,FY06,H,High income
GBR,2005,FY07,H,High income
GBR,2006,FY08,H,High income
GBR,2007,FY09,H,High income
GBR,2008,FY10,H,High income
GBR,2009,FY11,H,High income
GBR,2010,FY12,H,High income
GBR,2011,FY13,H,High income
GBR,2012,FY14,H,High income
GBR,2013,FY15,H,High income
GBR,2014,FY16,H,High income
GBR,2015,FY17,H,High income
GBR,2016,FY18,H,High income
GBR,2017,FY19,H,High income
GBR,2018,FY20,H,High income
GBR,2019,FY21,H,High income
GBR,2020,FY22,H,High income
GBR,2021,FY23,H,High income
GBR,2022,FY24,H,High income
GBR,2023,FY25,H,High income
GBR,2024,FY26,H,High income
GBR,2025,FY27,H,High income
GEO,1991,FY93,LM,Lower middle income
GEO,1992,FY94,LM,Lower middle income
GEO,1993,FY95,L,Low income
GEO,1994,FY96,L,Low income
GEO,1995,FY97,L,Low income
GEO,1996,FY98,LM,Lower middle income
GEO,1997,FY99,LM,Lower middle income
GEO,1998,FY00,LM,Lower middle income
GEO,1999,FY01,L,Low income
GEO,2000,FY02,L,Low income
GEO,2001,FY03,L,Low income
GEO,2002,FY04,L,Low income
GEO,2003,FY05,LM,Lower middle income
GEO,2004,FY06,LM,Lower middle income
GEO,2005,FY07,LM,Lower middle income
GEO,2006,FY08,LM,Lower middle income
GEO,2007,FY09,LM,Lower middle income
GEO,2008,FY10,LM,Lower middle income
GEO,2009,FY11,LM,Lower middle income
GEO,2010,FY12,LM,Lower middle income
GEO,2011,FY13,LM,Lower middle income
GEO,2012,FY14,LM,Lower middle income
GEO,2013,FY15,LM,Lower middle income
GEO,2014,FY16,LM,Lower middle income
GEO,2015,FY17,UM,Upper middle income
GEO,2016,FY18,LM,Lower middle income
GEO,2017,FY19,LM,Lower middle income
GEO,2018,FY20,UM,Upper middle income
GEO,2019,FY21,UM,Upper middle income
GEO,2020,FY22,UM,Upper middle income
GEO,2021,FY23,UM,Upper middle income
GEO,2022,FY24,UM,Upper middle income
GEO,2023,FY25,UM,Upper middle income
GEO,2024,FY26,UM,Upper middle income
GEO,2025,FY27,UM,Upper middle income
GHA,1987,FY89,L,Low income
GHA,1988,FY90,L,Low income
GHA,1989,FY91,L,Low income
GHA,1990,FY92,L,Low income
GHA,1991,FY93,L,Low income
GHA,1992,FY94,L,Low income
GHA,1993,FY95,L,Low income
GHA,1994,FY96,L,Low income
GHA,1995,FY97,L,Low income
GHA,1996,FY98,L,Low income
GHA,1997,FY99,L,Low income
GHA,1998,FY00,L,Low income
GHA,1999,FY01,L,Low income
GHA,2000,FY02,L,Low income
GHA,2001,FY03,L,Low income
GHA,2002,FY04,L,Low income
GHA,2003,FY05,L,Low income
GHA,2004,FY06,L,Low income
GHA,2005,FY07,L,Low income
GHA,2006,FY08,L,Low income
GHA,2007,FY09,L,Low income
GHA,2008,FY10,L,Low income
GHA,2009,FY11,L,Low income
GHA,2010,FY12,LM,Lower middle income
GHA,2011,FY13,LM,Lower middle income
GHA,2012,FY14,LM,Lower middle income
GHA,2013,FY15,LM,Lower middle income
GHA,2014,FY16,LM,Lower middle income
GHA,2015,FY17,LM,Lower middle income
GHA,2016,FY18,LM,Lower middle income
GHA,2017,FY19,LM,Lower middle income
GHA,2018,FY20,LM,Lower middle income
GHA,2019,FY21,LM,Lower middle income
GHA,2020,FY22,LM,Lower middle income
GHA,2021,FY23,LM,Lower middle income
GHA,2022,FY24,LM,Lower middle income
GHA,2023,FY25,LM,Lower middle income
GHA,2024,FY26,LM,Lower middle income
GHA,2025,FY27,LM,Lower middle income
GIB,1987,FY89,UM,Upper middle income
GIB,1988,FY90,UM,Upper middle income
GIB,1989,FY91,UM,Upper middle income
GIB,1990,FY92,UM,Upper middle income
GIB,1991,FY93,UM,Upper middle income
GIB,1992,FY94,UM,Upper middle income
GIB,1993,FY95,UM,Upper middle income
GIB,2009,FY11,H,High income
GIB,2010,FY12,H,High income
GIB,2015,FY17,H,High income
GIB,2016,FY18,H,High income
GIB,2017,FY19,H,High income
GIB,2018,FY20,H,High income
GIB,2019,FY21,H,High income
GIB,2020,FY22,H,High income
GIB,2021,FY23,H,High income
GIB,2022,FY24,H,High income
GIB,2023,FY25,H,High income
GIB,2024,FY26,H,High income
GIB,2025,FY27,H,High income
GIN,1987,FY89,L,Low income
GIN,1988,FY90,L,Low income
GIN,1989,FY91,L,Low income
GIN,1990,FY92,L,Low income
GIN,1991,FY93,L,Low income
GIN,1992,FY94,L,Low income
GIN,1993,FY95,L,Low income
GIN,1994,FY96,L,Low income
GIN,1995,FY97,L,Low income
GIN,1996,FY98,L,Low income
GIN,1997,FY99,L,Low income
GIN,1998,FY00,L,Low income
GIN,1999,FY01,L,Low income
GIN,2000,FY02,L,Low income
GIN,2001,FY03,L,Low income
GIN,2002,FY04,L,Low income
GIN,2003,FY05,L,Low income
GIN,2004,FY06,L,Low income
GIN,2005,FY07,L,Low income
GIN,2006,FY08,L,Low income
GIN,2007,FY09,L,Low income
GIN,2008,FY10,L,Low income
GIN,2009,FY11,L,Low income
GIN,2010,FY12,L,Low income
GIN,2011,FY13,L,Low income
GIN,2012,FY14,L,Low income
GIN,2013,FY15,L,Low income
GIN,2014,FY16,L,Low income
GIN,2015,FY17,L,Low income
GIN,2016,FY18,L,Low income
GIN,2017,FY19,L,Low income
GIN,2018,FY20,L,Low income
GIN,2019,FY21,L,Low income
GIN,2020,FY22,L,Low income
GIN,2021,FY23,L,Low income
GIN,2022,FY24,LM,Lower middle income
GIN,2023,FY25,LM,Lower middle income
GIN,2024,FY26,LM,Lower middle income
GIN,2025,FY27,LM,Lower middle income
GMB,1987,FY89,L,Low income
GMB,1988,FY90,L,Low income
GMB,1989,FY91,L,Low income
GMB,1990,FY92,L,Low income
GMB,1991,FY93,L,Low income
GMB,1992,FY94,L,Low income
GMB,1993,FY95,L,Low income
GMB,1994,FY96,L,Low income
GMB,1995,FY97,L,Low income
GMB,1996,FY98,L,Low income
GMB,1997,FY99,L,Low income
GMB,1998,FY00,L,Low income
GMB,1999,FY01,L,Low income
GMB,2000,FY02,L,Low income
GMB,2001,FY03,L,Low income
GMB,2002,FY04,L,Low income
GMB,2003,FY05,L,Low income
GMB,2004,FY06,L,Low income
GMB,2005,FY07,L,Low income
GMB,2006,FY08,L,Low income
GMB,2007,FY09,L,Low income
GMB,2008,FY10,L,Low income
GMB,2009,FY11,L,Low income
GMB,2010,FY12,L,Low income
GMB,2011,FY13,L,Low income
GMB,2012,FY14,L,Low income
GMB,2013,FY15,L,Low income
GMB,2014,FY16,L,Low income
GMB,2015,FY17,L,Low income
GMB,2016,FY18,L,Low income
GMB,2017,FY19,L,Low income
GMB,2018,FY20,L,Low income
GMB,2019,FY21,L,Low income
GMB,2020,FY22,L,Low income
GMB,2021,FY23,L,Low income
GMB,2022,FY24,L,Low income
GMB,2023,FY25,L,Low income
GMB,2024,FY26,L,Low income
GMB,2025,FY27,L,Low income
GNB,1987,FY89,L,Low income
GNB,1988,FY90,L,Low income
GNB,1989,FY91,L,Low income
GNB,1990,FY92,L,Low income
GNB,1991,FY93,L,Low income
GNB,1992,FY94,L,Low income
GNB,1993,FY95,L,Low income
GNB,1994,FY96,L,Low income
GNB,1995,FY97,L,Low income
GNB,1996,FY98,L,Low income
GNB,1997,FY99,L,Low income
GNB,1998,FY00,L,Low income
GNB,1999,FY01,L,Low income
GNB,2000,FY02,L,Low income
GNB,2001,FY03,L,Low income
GNB,2002,FY04,L,Low income
GNB,2003,FY05,L,Low income
GNB,2004,FY06,L,Low income
GNB,2005,FY07,L,Low income
GNB,2006,FY08,L,Low income
GNB,2007,FY09,L,Low income
GNB,2008,FY10,L,Low income
GNB,2009,FY11,L,Low income
GNB,2010,FY12,L,Low income
GNB,2011,FY13,L,Low income
GNB,2012,FY14,L,Low income
GNB,2013,FY15,L,Low income
GNB,2014,FY16,L,Low income
GNB,2015,FY17,L,Low income
GNB,2016,FY18,L,Low income
GNB,2017,FY19,L,Low income
GNB,2018,FY20,L,Low income
GNB,2019,FY21,L,Low income
GNB,2020,FY22,L,Low income
GNB,2021,FY23,L,Low income
GNB,2022,FY24,L,Low income
GNB,2023,FY25,L,Low income
GNB,2024,FY26,L,Low income
GNB,2025,FY27,L,Low income
GNQ,1987,FY89,L,Low income
GNQ,1988,FY90,L,Low income
GNQ,1989,FY91,L,Low income
GNQ,1990,FY92,L,Low income
GNQ,1991,FY93,L,Low income
GNQ,1992,FY94,L,Low income
GNQ,1993,FY95,L,Low income
GNQ,1994,FY96,L,Low income
GNQ,1995,FY97,L,Low income
GNQ,1996,FY98,L,Low income
GNQ,1997,FY99,LM,Lower middle income
GNQ,1998,FY00,LM,Lower middle income
GNQ,1999,FY01,LM,Lower middle income
GNQ,2000,FY02,LM,Lower middle income
GNQ,2001,FY03,L,Low income
GNQ,2002,FY04,L,Low income
GNQ,2003,FY05,L,Low income
GNQ,2004,FY06,UM,Upper middle income
GNQ,2005,FY07,UM,Upper middle income
GNQ,2006,FY08,UM,Upper middle income
GNQ,2007,FY09,H,High income
GNQ,2008,FY10,H,High income
GNQ,2009,FY11,H,High income
GNQ,2010,FY12,H,High income
GNQ,2011,FY13,H,High income
GNQ,2012,FY14,H,High income
GNQ,2013,FY15,H,High income
GNQ,2014,FY16,H,High income
GNQ,2015,FY17,UM,Upper middle income
GNQ,2016,FY18,UM,Upper middle income
GNQ,2017,FY19,UM,Upper middle income
GNQ,2018,FY20,UM,Upper middle income
GNQ,2019,FY21,UM,Upper middle income
GNQ,2020,FY22,UM,Upper middle income
GNQ,2021,FY23,UM,Upper middle income
GNQ,2022,FY24,UM,Upper middle income
GNQ,2023,FY25,UM,Upper middle income
GNQ,2024,FY26,UM,Upper middle income
GNQ,2025,FY27,UM,Upper middle income
GRC,1987,FY89,UM,Upper middle income
GRC,1988,FY90,UM,Upper middle income
GRC,1989,FY91,UM,Upper middle income
GRC,1990,FY92,UM,Upper middle income
GRC,1991,FY93,UM,Upper middle income
GRC,1992,FY94,UM,Upper middle income
GRC,1993,FY95,UM,Upper middle income
GRC,1994,FY96,UM,Upper middle income
GRC,1995,FY97,UM,Upper middle income
GRC,1996,FY98,H,High income
GRC,1997,FY99,H,High income
GRC,1998,FY00,H,High income
GRC,1999,FY01,H,High income
GRC,2000,FY02,H,High income
GRC,2001,FY03,H,High income
GRC,2002,FY04,H,High income
GRC,2003,FY05,H,High income
GRC,2004,FY06,H,High income
GRC,2005,FY07,H,High income
GRC,2006,FY08,H,High income
GRC,2007,FY09,H,High income
GRC,2008,FY10,H,High income
GRC,2009,FY11,H,High income
GRC,2010,FY12,H,High income
GRC,2011,FY13,H,High income
GRC,2012,FY14,H,High income
GRC,2013,FY15,H,High income
GRC,2014,FY16,H,High income
GRC,2015,FY17,H,High income
GRC,2016,FY18,H,High income
GRC,2017,FY19,H,High income
GRC,2018,FY20,H,High income
GRC,2019,FY21,H,High income
GRC,2020,FY22,H,High income
GRC,2021,FY23,H,High income
GRC,2022,FY24,H,High income
GRC,2023,FY25,H,High income
GRC,2024,FY26,H,High income
GRC,2025,FY27,H,High income
GRD,1987,FY89,LM,Lower middle income
GRD,1988,FY90,LM,Lower middle income
GRD,1989,FY91,LM,Lower middle income
GRD,1990,FY92,LM,Lower middle income
GRD,1991,FY93,LM,Lower middle income
GRD,1992,FY94,LM,Lower middle income
GRD,1993,FY95,LM,Lower middle income
GRD,1994,FY96,LM,Lower middle income
GRD,1995,FY97,LM,Lower middle income
GRD,1996,FY98,LM,Lower middle income
GRD,1997,FY99,UM,Upper middle income
GRD,1998,FY00,UM,Upper middle income
GRD,1999,FY01,UM,Upper middle income
GRD,2000,FY02,UM,Upper middle income
GRD,2001,FY03,UM,Upper middle income
GRD,2002,FY04,UM,Upper middle income
GRD,2003,FY05,UM,Upper middle income
GRD,2004,FY06,UM,Upper middle income
GRD,2005,FY07,UM,Upper middle income
GRD,2006,FY08,UM,Upper middle income
GRD,2007,FY09,UM,Upper middle income
GRD,2008,FY10,UM,Upper middle income
GRD,2009,FY11,UM,Upper middle income
GRD,2010,FY12,UM,Upper middle income
GRD,2011,FY13,UM,Upper middle income
GRD,2012,FY14,UM,Upper middle income
GRD,2013,FY15,UM,Upper middle income
GRD,2014,FY16,UM,Upper middle income
GRD,2015,FY17,UM,Upper middle income
GRD,2016,FY18,UM,Upper middle income
GRD,2017,FY19,UM,Upper middle income
GRD,2018,FY20,UM,Upper middle income
GRD,2019,FY21,UM,Upper middle income
GRD,2020,FY22,UM,Upper middle income
GRD,2021,FY23,UM,Upper middle income
GRD,2022,FY24,UM,Upper middle income
GRD,2023,FY25,UM,Upper middle income
GRD,2024,FY26,UM,Upper middle income
GRD,2025,FY27,UM,Upper middle income
GRL,1987,FY89,H,High income
GRL,1988,FY90,H,High income
GRL,1989,FY91,H,High income
GRL,1990,FY92,H,High income
GRL,1991,FY93,H,High income
GRL,1992,FY94,H,High income
GRL,1993,FY95,H,High income
GRL,1994,FY96,H,High income
GRL,1995,FY97,H,High income
GRL,1996,FY98,H,High income
GRL,1997,FY99,H,High income
GRL,1998,FY00,H,High income
GRL,1999,FY01,H,High income
GRL,2000,FY02,H,High income
GRL,2001,FY03,H,High income
GRL,2002,FY04,H,High income
GRL,2003,FY05,H,High income
GRL,2004,FY06,H,High income
GRL,2005,FY07,H,High income
GRL,2006,FY08,H,High income
GRL,2007,FY09,H,High income
GRL,2008,FY10,H,High income
GRL,2009,FY11,H,High income
GRL,2010,FY12,H,High income
GRL,2011,FY13,H,High income
GRL,2012,FY14,H,High income
GRL,2013,FY15,H,High income
GRL,2014,FY16,H,High income
GRL,2015,FY17,H,High income
GRL,2016,FY18,H,High income
GRL,2017,FY19,H,High income
GRL,2018,FY20,H,High income
GRL,2019,FY21,H,High income
GRL,2020,FY22,H,High income
GRL,2021,FY23,H,High income
GRL,2022,FY24,H,High income
GRL,2023,FY25,H,High income
GRL,2024,FY26,H,High income
GRL,2025,FY27,H,High income
GTM,1987,FY89,LM,Lower middle income
GTM,1988,FY90,LM,Lower middle income
GTM,1989,FY91,LM,Lower middle income
GTM,1990,FY92,LM,Lower middle income
GTM,1991,FY93,LM,Lower middle income
GTM,1992,FY94,LM,Lower middle income
GTM,1993,FY95,LM,Lower middle income
GTM,1994,FY96,LM,Lower middle income
GTM,1995,FY97,LM,Lower middle income
GTM,1996,FY98,LM,Lower middle income
GTM,1997,FY99,LM,Lower middle income
GTM,1998,FY00,LM,Lower middle income
GTM,1999,FY01,LM,Lower middle income
GTM,2000,FY02,LM,Lower middle income
GTM,2001,FY03,LM,Lower middle income
GTM,2002,FY04,LM,Lower middle income
GTM,2003,FY05,LM,Lower middle income
GTM,2004,FY06,LM,Lower middle income
GTM,2005,FY07,LM,Lower middle income
GTM,2006,FY08,LM,Lower middle income
GTM,2007,FY09,LM,Lower middle income
GTM,2008,FY10,LM,Lower middle income
GTM,2009,FY11,LM,Lower middle income
GTM,2010,FY12,LM,Lower middle income
GTM,2011,FY13,LM,Lower middle income
GTM,2012,FY14,LM,Lower middle income
GTM,2013,FY15,LM,Lower middle income
GTM,2014,FY16,LM,Lower middle income
GTM,2015,FY17,LM,Lower middle income
GTM,2016,FY18,LM,Lower middle income
GTM,2017,FY19,UM,Upper middle income
GTM,2018,FY20,UM,Upper middle income
GTM,2019,FY21,UM,Upper middle income
GTM,2020,FY22,UM,Upper middle income
GTM,2021,FY23,UM,Upper middle income
GTM,2022,FY24,UM,Upper middle income
GTM,2023,FY25,UM,Upper middle income
GTM,2024,FY26,UM,Upper middle income
GTM,2025,FY27,UM,Upper middle income
GUM,1987,FY89,H,High income
GUM,1988,FY90,H,High income
GUM,1989,FY91,H,High income
GUM,1990,FY92,UM,Upper middle income
GUM,1991,FY93,UM,Upper middle income
GUM,1992,FY94,UM,Upper middle income
GUM,1993,FY95,UM,Upper middle income
GUM,1994,FY96,UM,Upper middle income
GUM,1995,FY97,H,High income
GUM,1996,FY98,H,High income
GUM,1997,FY99,H,High income
GUM,1998,FY00,H,High income
GUM,1999,FY01,H,High income
GUM,2000,FY02,H,High income
GUM,2001,FY03,H,High income
GUM,2002,FY04,H,High income
GUM,2003,FY05,H,High income
GUM,2004,FY06,H,High income
GUM,2005,FY07,H,High income
GUM,2006,FY08,H,High income
GUM,2007,FY09,H,High income
GUM,2008,FY10,H,High income
GUM,2009,FY11,H,High income
GUM,2010,FY12,H,High income
GUM,2011,FY13,H,High income
GUM,2012,FY14,H,High income
GUM,2013,FY15,H,High income
GUM,2014,FY16,H,High income
GUM,2015,FY17,H,High income
GUM,2016,FY18,H,High income
GUM,2017,FY19,H,High income
GUM,2018,FY20,H,High income
GUM,2019,FY21,H,High income
GUM,2020,FY22,H,High income
GUM,2021,FY23,H,High income
GUM,2022,FY24,H,High income
GUM,2023,FY25,H,High income
GUM,2024,FY26,H,High income
GUM,2025,FY27,H,High income
GUY,1987,FY89,L,Low income
GUY,1988,FY90,L,Low income
GUY,1989,FY91,L,Low income
GUY,1990,FY92,L,Low income
GUY,1991,FY93,L,Low income
GUY,1992,FY94,L,Low income
GUY,1993,FY95,L,Low income
GUY,1994,FY96,L,Low income
GUY,1995,FY97,L,Low income
GUY,1996,FY98,L,Low income
GUY,1997,FY99,LM,Lower middle income
GUY,1998,FY00,LM,Lower middle income
GUY,1999,FY01,LM,Lower middle income
GUY,2000,FY02,LM,Lower middle income
GUY,2001,FY03,LM,Lower middle income
GUY,2002,FY04,LM,Lower middle income
GUY,2003,FY05,LM,Lower middle income
GUY,2004,FY06,LM,Lower middle income
GUY,2005,FY07,LM,Lower middle income
GUY,2006,FY08,LM,Lower middle income
GUY,2007,FY09,LM,Lower middle income
GUY,2008,FY10,LM,Lower middle income
GUY,2009,FY11,LM,Lower middle income
GUY,2010,FY12,LM,Lower middle income
GUY,2011,FY13,LM,Lower middle income
GUY,2012,FY14,LM,Lower middle income
GUY,2013,FY15,LM,Lower middle income
GUY,2014,FY16,LM,Lower middle income
GUY,2015,FY17,UM,Upper middle income
GUY,2016,FY18,UM,Upper middle income
GUY,2017,FY19,UM,Upper middle income
GUY,2018,FY20,UM,Upper middle income
GUY,2019,FY21,UM,Upper middle income
GUY,2020,FY22,UM,Upper middle income
GUY,2021,FY23,UM,Upper middle income
GUY,2022,FY24,H,High income
GUY,2023,FY25,H,High income
GUY,2024,FY26,H,High income
GUY,2025,FY27,H,High income
HKG,1987,FY89,H,High income
HKG,1988,FY90,H,High income
HKG,1989,FY91,H,High income
HKG,1990,FY92,H,High income
HKG,1991,FY93,H,High income
HKG,1992,FY94,H,High income
HKG,1993,FY95,H,High income
HKG,1994,FY96,H,High income
HKG,1995,FY97,H,High income
HKG,1996,FY98,H,High income
HKG,1997,FY99,H,High income
HKG,1998,FY00,H,High income
HKG,1999,FY01,H,High income
HKG,2000,FY02,H,High income
HKG,2001,FY03,H,High income
HKG,2002,FY04,H,High income
HKG,2003,FY05,H,High income
HKG,2004,FY06,H,High income
HKG,2005,FY07,H,High income
HKG,2006,FY08,H,High income
HKG,2007,FY09,H,High income
HKG,2008,FY10,H,High income
HKG,2009,FY11,H,High income
HKG,2010,FY12,H,High income
HKG,2011,FY13,H,High income
HKG,2012,FY14,H,High income
HKG,2013,FY15,H,High income
HKG,2014,FY16,H,High income
HKG,2015,FY17,H,High income
HKG,2016,FY18,H,High income
HKG,2017,FY19,H,High income
HKG,2018,FY20,H,High income
HKG,2019,FY21,H,High income
HKG,2020,FY22,H,High income
HKG,2021,FY23,H,High income
HKG,2022,FY24,H,High income
HKG,2023,FY25,H,High income
HKG,2024,FY26,H,High income
HKG,2025,FY27,H,High income
HND,1987,FY89,LM,Lower middle income
HND,1988,FY90,LM,Lower middle income
HND,1989,FY91,LM,Lower middle income
HND,1990,FY92,L,Low income
HND,1991,FY93,L,Low income
HND,1992,FY94,L,Low income
HND,1993,FY95,L,Low income
HND,1994,FY96,L,Low income
HND,1995,FY97,L,Low income
HND,1996,FY98,L,Low income
HND,1997,FY99,L,Low income
HND,1998,FY00,L,Low income
HND,1999,FY01,LM,Lower middle income
HND,2000,FY02,LM,Lower middle income
HND,2001,FY03,LM,Lower middle income
HND,2002,FY04,LM,Lower middle income
HND,2003,FY05,LM,Lower middle income
HND,2004,FY06,LM,Lower middle income
HND,2005,FY07,LM,Lower middle income
HND,2006,FY08,LM,Lower middle income
HND,2007,FY09,LM,Lower middle income
HND,2008,FY10,LM,Lower middle income
HND,2009,FY11,LM,Lower middle income
HND,2010,FY12,LM,Lower middle income
HND,2011,FY13,LM,Lower middle income
HND,2012,FY14,LM,Lower middle income
HND,2013,FY15,LM,Lower middle income
HND,2014,FY16,LM,Lower middle income
HND,2015,FY17,LM,Lower middle income
HND,2016,FY18,LM,Lower middle income
HND,2017,FY19,LM,Lower middle income
HND,2018,FY20,LM,Lower middle income
HND,2019,FY21,LM,Lower middle income
HND,2020,FY22,LM,Lower middle income
HND,2021,FY23,LM,Lower middle income
HND,2022,FY24,LM,Lower middle income
HND,2023,FY25,LM,Lower middle income
HND,2024,FY26,LM,Lower middle income
HND,2025,FY27,LM,Lower middle income
HRV,1992,FY94,LM,Lower middle income
HRV,1993,FY95,LM,Lower middle income
HRV,1994,FY96,LM,Lower middle income
HRV,1995,FY97,UM,Upper middle income
HRV,1996,FY98,UM,Upper middle income
HRV,1997,FY99,UM,Upper middle income
HRV,1998,FY00,UM,Upper middle income
HRV,1999,FY01,UM,Upper middle income
HRV,2000,FY02,UM,Upper middle income
HRV,2001,FY03,UM,Upper middle income
HRV,2002,FY04,UM,Upper middle income
HRV,2003,FY05,UM,Upper middle income
HRV,2004,FY06,UM,Upper middle income
HRV,2005,FY07,UM,Upper middle income
HRV,2006,FY08,UM,Upper middle income
HRV,2007,FY09,UM,Upper middle income
HRV,2008,FY10,H,High income
HRV,2009,FY11,H,High income
HRV,2010,FY12,H,High income
HRV,2011,FY13,H,High income
HRV,2012,FY14,H,High income
HRV,2013,FY15,H,High income
HRV,2014,FY16,H,High income
HRV,2015,FY17,H,High income
HRV,2016,FY18,UM,Upper middle income
HRV,2017,FY19,H,High income
HRV,2018,FY20,H,High income
HRV,2019,FY21,H,High income
HRV,2020,FY22,H,High income
HRV,2021,FY23,H,High income
HRV,2022,FY24,H,High income
HRV,2023,FY25,H,High income
HRV,2024,FY26,H,High income
HRV,2025,FY27,H,High income
HTI,1987,FY89,L,Low income
HTI,1988,FY90,L,Low income
HTI,1989,FY91,L,Low income
HTI,1990,FY92,L,Low income
HTI,1991,FY93,L,Low income
HTI,1992,FY94,L,Low income
HTI,1993,FY95,L,Low income
HTI,1994,FY96,L,Low income
HTI,1995,FY97,L,Low income
HTI,1996,FY98,L,Low income
HTI,1997,FY99,L,Low income
HTI,1998,FY00,L,Low income
HTI,1999,FY01,L,Low income
HTI,2000,FY02,L,Low income
HTI,2001,FY03,L,Low income
HTI,2002,FY04,L,Low income
HTI,2003,FY05,L,Low income
HTI,2004,FY06,L,Low income
HTI,2005,FY07,L,Low income
HTI,2006,FY08,L,Low income
HTI,2007,FY09,L,Low income
HTI,2008,FY10,L,Low income
HTI,2009,FY11,L,Low income
HTI,2010,FY12,L,Low income
HTI,2011,FY13,L,Low income
HTI,2012,FY14,L,Low income
HTI,2013,FY15,L,Low income
HTI,2014,FY16,L,Low income
HTI,2015,FY17,L,Low income
HTI,2016,FY18,L,Low income
HTI,2017,FY19,L,Low income
HTI,2018,FY20,L,Low income
HTI,2019,FY21,L,Low income
HTI,2020,FY22,LM,Lower middle income
HTI,2021,FY23,LM,Lower middle income
HTI,2022,FY24,LM,Lower middle income
HTI,2023,FY25,LM,Lower middle income
HTI,2024,FY26,LM,Lower middle income
HTI,2025,FY27,LM,Lower middle income
HUN,1987,FY89,UM,Upper middle income
HUN,1988,FY90,UM,Upper middle income
HUN,1989,FY91,UM,Upper middle income
HUN,1990,FY92,UM,Upper middle income
HUN,1991,FY93,UM,Upper middle income
HUN,1992,FY94,UM,Upper middle income
HUN,1993,FY95,UM,Upper middle income
HUN,1994,FY96,UM,Upper middle income
HUN,1995,FY97,UM,Upper middle income
HUN,1996,FY98,UM,Upper middle income
HUN,1997,FY99,UM,Upper middle income
HUN,1998,FY00,UM,Upper middle income
HUN,1999,FY01,UM,Upper middle income
HUN,2000,FY02,UM,Upper middle income
HUN,2001,FY03,UM,Upper middle income
HUN,2002,FY04,UM,Upper middle income
HUN,2003,FY05,UM,Upper middle income
HUN,2004,FY06,UM,Upper middle income
HUN,2005,FY07,UM,Upper middle income
HUN,2006,FY08,UM,Upper middle income
HUN,2007,FY09,H,High income
HUN,2008,FY10,H,High income
HUN,2009,FY11,H,High income
HUN,2010,FY12,H,High income
HUN,2011,FY13,H,High income
HUN,2012,FY14,UM,Upper middle income
HUN,2013,FY15,UM,Upper middle income
HUN,2014,FY16,H,High income
HUN,2015,FY17,H,High income
HUN,2016,FY18,H,High income
HUN,2017,FY19,H,High income
HUN,2018,FY20,H,High income
HUN,2019,FY21,H,High income
HUN,2020,FY22,H,High income
HUN,2021,FY23,H,High income
HUN,2022,FY24,H,High income
HUN,2023,FY25,H,High income
HUN,2024,FY26,H,High income
HUN,2025,FY27,H,High income
IDN,1987,FY89,L,Low income
IDN,1988,FY90,L,Low income
IDN,1989,FY91,L,Low income
IDN,1990,FY92,L,Low income
IDN,1991,FY93,L,Low income
IDN,1992,FY94,L,Low income
IDN,1993,FY95,LM,Lower middle income
IDN,1994,FY96,LM,Lower middle income
IDN,1995,FY97,LM,Lower middle income
IDN,1996,FY98,LM,Lower middle income
IDN,1997,FY99,LM,Lower middle income
IDN,1998,FY00,L,Low income
IDN,1999,FY01,L,Low income
IDN,2000,FY02,L,Low income
IDN,2001,FY03,L,Low income
IDN,2002,FY04,L,Low income
IDN,2003,FY05,LM,Lower middle income
IDN,2004,FY06,LM,Lower middle income
IDN,2005,FY07,LM,Lower middle income
IDN,2006,FY08,LM,Lower middle income
IDN,2007,FY09,LM,Lower middle income
IDN,2008,FY10,LM,Lower middle income
IDN,2009,FY11,LM,Lower middle income
IDN,2010,FY12,LM,Lower middle income
IDN,2011,FY13,LM,Lower middle income
IDN,2012,FY14,LM,Lower middle income
IDN,2013,FY15,LM,Lower middle income
IDN,2014,FY16,LM,Lower middle income
IDN,2015,FY17,LM,Lower middle income
IDN,2016,FY18,LM,Lower middle income
IDN,2017,FY19,LM,Lower middle income
IDN,2018,FY20,LM,Lower middle income
IDN,2019,FY21,UM,Upper middle income
IDN,2020,FY22,LM,Lower middle income
IDN,2021,FY23,LM,Lower middle income
IDN,2022,FY24,UM,Upper middle income
IDN,2023,FY25,UM,Upper middle income
IDN,2024,FY26,UM,Upper middle income
IDN,2025,FY27,UM,Upper middle income
IMN,1987,FY89,H,High income
IMN,1988,FY90,H,High income
IMN,1989,FY91,H,High income
IMN,1990,FY92,UM,Upper middle income
IMN,1991,FY93,UM,Upper middle income
IMN,1992,FY94,UM,Upper middle income
IMN,1993,FY95,UM,Upper middle income
IMN,1994,FY96,UM,Upper middle income
IMN,1995,FY97,UM,Upper middle income
IMN,1996,FY98,UM,Upper middle income
IMN,1997,FY99,UM,Upper middle income
IMN,1998,FY00,UM,Upper middle income
IMN,1999,FY01,UM,Upper middle income
IMN,2000,FY02,UM,Upper middle income
IMN,2001,FY03,UM,Upper middle income
IMN,2002,FY04,H,High income
IMN,2003,FY05,H,High income
IMN,2004,FY06,H,High income
IMN,2005,FY07,H,High income
IMN,2006,FY08,H,High income
IMN,2007,FY09,H,High income
IMN,2008,FY10,H,High income
IMN,2009,FY11,H,High income
IMN,2010,FY12,H,High income
IMN,2011,FY13,H,High income
IMN,2012,FY14,H,High income
IMN,2013,FY15,H,High income
IMN,2014,FY16,H,High income
IMN,2015,FY17,H,High income
IMN,2016,FY18,H,High income
IMN,2017,FY19,H,High income
IMN,2018,FY20,H,High income
IMN,2019,FY21,H,High income
IMN,2020,FY22,H,High income
IMN,2021,FY23,H,High income
IMN,2022,FY24,H,High income
IMN,2023,FY25,H,High income
IMN,2024,FY26,H,High income
IMN,2025,FY27,H,High income
IND,1987,FY89,L,Low income
IND,1988,FY90,L,Low income
IND,1989,FY91,L,Low income
IND,1990,FY92,L,Low income
IND,1991,FY93,L,Low income
IND,1992,FY94,L,Low income
IND,1993,FY95,L,Low income
IND,1994,FY96,L,Low income
IND,1995,FY97,L,Low income
IND,1996,FY98,L,Low income
IND,1997,FY99,L,Low income
IND,1998,FY00,L,Low income
IND,1999,FY01,L,Low income
IND,2000,FY02,L,Low income
IND,2001,FY03,L,Low income
IND,2002,FY04,L,Low income
IND,2003,FY05,L,Low income
IND,2004,FY06,L,Low income
IND,2005,FY07,L,Low income
IND,2006,FY08,L,Low income
IND,2007,FY09,LM,Lower middle income
IND,2008,FY10,LM,Lower middle income
IND,2009,FY11,LM,Lower middle income
IND,2010,FY12,LM,Lower middle income
IND,2011,FY13,LM,Lower middle income
IND,2012,FY14,LM,Lower middle income
IND,2013,FY15,LM,Lower middle income
IND,2014,FY16,LM,Lower middle income
IND,2015,FY17,LM,Lower middle income
IND,2016,FY18,LM,Lower middle income
IND,2017,FY19,LM,Lower middle income
IND,2018,FY20,LM,Lower middle income
IND,2019,FY21,LM,Lower middle income
IND,2020,FY22,LM,Lower middle income
IND,2021,FY23,LM,Lower middle income
IND,2022,FY24,LM,Lower middle income
IND,2023,FY25,LM,Lower middle income
IND,2024,FY26,LM,Lower middle income
IND,2025,FY27,LM,Lower middle income
IRL,1987,FY89,H,High income
IRL,1988,FY90,H,High income
IRL,1989,FY91,H,High income
IRL,1990,FY92,H,High income
IRL,1991,FY93,H,High income
IRL,1992,FY94,H,High income
IRL,1993,FY95,H,High income
IRL,1994,FY96,H,High income
IRL,1995,FY97,H,High income
IRL,1996,FY98,H,High income
IRL,1997,FY99,H,High income
IRL,1998,FY00,H,High income
IRL,1999,FY01,H,High income
IRL,2000,FY02,H,High income
IRL,2001,FY03,H,High income
IRL,2002,FY04,H,High income
IRL,2003,FY05,H,High income
IRL,2004,FY06,H,High income
IRL,2005,FY07,H,High income
IRL,2006,FY08,H,High income
IRL,2007,FY09,H,High income
IRL,2008,FY10,H,High income
IRL,2009,FY11,H,High income
IRL,2010,FY12,H,High income
IRL,2011,FY13,H,High income
IRL,2012,FY14,H,High income
IRL,2013,FY15,H,High income
IRL,2014,FY16,H,High income
IRL,2015,FY17,H,High income
IRL,2016,FY18,H,High income
IRL,2017,FY19,H,High income
IRL,2018,FY20,H,High income
IRL,2019,FY21,H,High income
IRL,2020,FY22,H,High income
IRL,2021,FY23,H,High income
IRL,2022,FY24,H,High income
IRL,2023,FY25,H,High income
IRL,2024,FY26,H,High income
IRL,2025,FY27,H,High income
IRN,1987,FY89,UM,Upper middle income
IRN,1988,FY90,UM,Upper middle income
IRN,1989,FY91,UM,Upper middle income
IRN,1990,FY92,LM,Lower middle income
IRN,1991,FY93,LM,Lower middle income
IRN,1992,FY94,LM,Lower middle income
IRN,1993,FY95,LM,Lower middle income
IRN,1994,FY96,LM,Lower middle income
IRN,1995,FY97,LM,Lower middle income
IRN,1996,FY98,LM,Lower middle income
IRN,1997,FY99,LM,Lower middle income
IRN,1998,FY00,LM,Lower middle income
IRN,1999,FY01,LM,Lower middle income
IRN,2000,FY02,LM,Lower middle income
IRN,2001,FY03,LM,Lower middle income
IRN,2002,FY04,LM,Lower middle income
IRN,2003,FY05,LM,Lower middle income
IRN,2004,FY06,LM,Lower middle income
IRN,2005,FY07,LM,Lower middle income
IRN,2006,FY08,LM,Lower middle income
IRN,2007,FY09,LM,Lower middle income
IRN,2008,FY10,LM,Lower middle income
IRN,2009,FY11,UM,Upper middle income
IRN,2010,FY12,UM,Upper middle income
IRN,2011,FY13,UM,Upper middle income
IRN,2012,FY14,UM,Upper middle income
IRN,2013,FY15,UM,Upper middle income
IRN,2014,FY16,UM,Upper middle income
IRN,2015,FY17,UM,Upper middle income
IRN,2016,FY18,UM,Upper middle income
IRN,2017,FY19,UM,Upper middle income
IRN,2018,FY20,UM,Upper middle income
IRN,2019,FY21,UM,Upper middle income
IRN,2020,FY22,LM,Lower middle income
IRN,2021,FY23,LM,Lower middle income
IRN,2022,FY24,LM,Lower middle income
IRN,2023,FY25,UM,Upper middle income
IRN,2024,FY26,UM,Upper middle income
IRN,2025,FY27,UM,Upper middle income
IRQ,1987,FY89,UM,Upper middle income
IRQ,1988,FY90,UM,Upper middle income
IRQ,1989,FY91,UM,Upper middle income
IRQ,1990,FY92,UM,Upper middle income
IRQ,1991,FY93,LM,Lower middle income
IRQ,1992,FY94,LM,Lower middle income
IRQ,1993,FY95,LM,Lower middle income
IRQ,1994,FY96,LM,Lower middle income
IRQ,1995,FY97,LM,Lower middle income
IRQ,1996,FY98,LM,Lower middle income
IRQ,1997,FY99,LM,Lower middle income
IRQ,1998,FY00,LM,Lower middle income
IRQ,1999,FY01,LM,Lower middle income
IRQ,2000,FY02,LM,Lower middle income
IRQ,2001,FY03,LM,Lower middle income
IRQ,2002,FY04,LM,Lower middle income
IRQ,2003,FY05,LM,Lower middle income
IRQ,2004,FY06,LM,Lower middle income
IRQ,2005,FY07,LM,Lower middle income
IRQ,2006,FY08,LM,Lower middle income
IRQ,2007,FY09,LM,Lower middle income
IRQ,2008,FY10,LM,Lower middle income
IRQ,2009,FY11,LM,Lower middle income
IRQ,2010,FY12,LM,Lower middle income
IRQ,2011,FY13,LM,Lower middle income
IRQ,2012,FY14,UM,Upper middle income
IRQ,2013,FY15,UM,Upper middle income
IRQ,2014,FY16,UM,Upper middle income
IRQ,2015,FY17,UM,Upper middle income
IRQ,2016,FY18,UM,Upper middle income
IRQ,2017,FY19,UM,Upper middle income
IRQ,2018,FY20,UM,Upper middle income
IRQ,2019,FY21,UM,Upper middle income
IRQ,2020,FY22,UM,Upper middle income
IRQ,2021,FY23,UM,Upper middle income
IRQ,2022,FY24,UM,Upper middle income
IRQ,2023,FY25,UM,Upper middle income
IRQ,2024,FY26,UM,Upper middle income
IRQ,2025,FY27,UM,Upper middle income
ISL,1987,FY89,H,High income
ISL,1988,FY90,H,High income
ISL,1989,FY91,H,High income
ISL,1990,FY92,H,High income
ISL,1991,FY93,H,High income
ISL,1992,FY94,H,High income
ISL,1993,FY95,H,High income
ISL,1994,FY96,H,High income
ISL,1995,FY97,H,High income
ISL,1996,FY98,H,High income
ISL,1997,FY99,H,High income
ISL,1998,FY00,H,High income
ISL,1999,FY01,H,High income
ISL,2000,FY02,H,High income
ISL,2001,FY03,H,High income
ISL,2002,FY04,H,High income
ISL,2003,FY05,H,High income
ISL,2004,FY06,H,High income
ISL,2005,FY07,H,High income
ISL,2006,FY08,H,High income
ISL,2007,FY09,H,High income
ISL,2008,FY10,H,High income
ISL,2009,FY11,H,High income
ISL,2010,FY12,H,High income
ISL,2011,FY13,H,High income
ISL,2012,FY14,H,High income
ISL,2013,FY15,H,High income
ISL,2014,FY16,H,High income
ISL,2015,FY17,H,High income
ISL,2016,FY18,H,High income
ISL,2017,FY19,H,High income
ISL,2018,FY20,H,High income
ISL,2019,FY21,H,High income
ISL,2020,FY22,H,High income
ISL,2021,FY23,H,High income
ISL,2022,FY24,H,High income
ISL,2023,FY25,H,High income
ISL,2024,FY26,H,High income
ISL,2025,FY27,H,High income
ISR,1987,FY89,H,High income
ISR,1988,FY90,H,High income
ISR,1989,FY91,H,High income
ISR,1990,FY92,H,High income
ISR,1991,FY93,H,High income
ISR,1992,FY94,H,High income
ISR,1993,FY95,H,High income
ISR,1994,FY96,H,High income
ISR,1995,FY97,H,High income
ISR,1996,FY98,H,High income
ISR,1997,FY99,H,High income
ISR,1998,FY00,H,High income
ISR,1999,FY01,H,High income
ISR,2000,FY02,H,High income
ISR,2001,FY03,H,High income
ISR,2002,FY04,H,High income
ISR,2003,FY05,H,High income
ISR,2004,FY06,H,High income
ISR,2005,FY07,H,High income
ISR,2006,FY08,H,High income
ISR,2007,FY09,H,High income
ISR,2008,FY10,H,High income
ISR,2009,FY11,H,High income
ISR,2010,FY12,H,High income
ISR,2011,FY13,H,High income
ISR,2012,FY14,H,High income
ISR,2013,FY15,H,High income
ISR,2014,FY16,H,High income
ISR,2015,FY17,H,High income
ISR,2016,FY18,H,High income
ISR,2017,FY19,H,High income
ISR,2018,FY20,H,High income
ISR,2019,FY21,H,High income
ISR,2020,FY22,H,High income
ISR,2021,FY23,H,High income
ISR,2022,FY24,H,High income
ISR,2023,FY25,H,High income
ISR,2024,FY26,H,High income
ISR,2025,FY27,H,High income
ITA,1987,FY89,H,High income
ITA,1988,FY90,H,High income
ITA,1989,FY91,H,High income
ITA,1990,FY92,H,High income
ITA,1991,FY93,H,High income
ITA,1992,FY94,H,High income
ITA,1993,FY95,H,High income
ITA,1994,FY96,H,High income
ITA,1995,FY97,H,High income
ITA,1996,FY98,H,High income
ITA,1997,FY99,H,High income
ITA,1998,FY00,H,High income
ITA,1999,FY01,H,High income
ITA,2000,FY02,H,High income
ITA,2001,FY03,H,High income
ITA,2002,FY04,H,High income
ITA,2003,FY05,H,High income
ITA,2004,FY06,H,High income
ITA,2005,FY07,H,High income
ITA,2006,FY08,H,High income
ITA,2007,FY09,H,High income
ITA,2008,FY10,H,High income
ITA,2009,FY11,H,High income
ITA,2010,FY12,H,High income
ITA,2011,FY13,H,High income
ITA,2012,FY14,H,High income
ITA,2013,FY15,H,High income
ITA,2014,FY16,H,High income
ITA,2015,FY17,H,High income
ITA,2016,FY18,H,High income
ITA,2017,FY19,H,High income
ITA,2018,FY20,H,High income
ITA,2019,FY21,H,High income
ITA,2020,FY22,H,High income
ITA,2021,FY23,H,High income
ITA,2022,FY24,H,High income
ITA,2023,FY25,H,High income
ITA,2024,FY26,H,High income
ITA,2025,FY27,H,High income
JAM,1987,FY89,LM,Lower middle income
JAM,1988,FY90,LM,Lower middle income
JAM,1989,FY91,LM,Lower middle income
JAM,1990,FY92,LM,Lower middle income
JAM,1991,FY93,LM,Lower middle income
JAM,1992,FY94,LM,Lower middle income
JAM,1993,FY95,LM,Lower middle income
JAM,1994,FY96,LM,Lower middle income
JAM,1995,FY97,LM,Lower middle income
JAM,1996,FY98,LM,Lower middle income
JAM,1997,FY99,LM,Lower middle income
JAM,1998,FY00,LM,Lower middle income
JAM,1999,FY01,LM,Lower middle income
JAM,2000,FY02,LM,Lower middle income
JAM,2001,FY03,LM,Lower middle income
JAM,2002,FY04,LM,Lower middle income
JAM,2003,FY05,LM,Lower middle income
JAM,2004,FY06,LM,Lower middle income
JAM,2005,FY07,LM,Lower middle income
JAM,2006,FY08,LM,Lower middle income
JAM,2007,FY09,UM,Upper middle income
JAM,2008,FY10,UM,Upper middle income
JAM,2009,FY11,UM,Upper middle income
JAM,2010,FY12,UM,Upper middle income
JAM,2011,FY13,UM,Upper middle income
JAM,2012,FY14,UM,Upper middle income
JAM,2013,FY15,UM,Upper middle income
JAM,2014,FY16,UM,Upper middle income
JAM,2015,FY17,UM,Upper middle income
JAM,2016,FY18,UM,Upper middle income
JAM,2017,FY19,UM,Upper middle income
JAM,2018,FY20,UM,Upper middle income
JAM,2019,FY21,UM,Upper middle income
JAM,2020,FY22,UM,Upper middle income
JAM,2021,FY23,UM,Upper middle income
JAM,2022,FY24,UM,Upper middle income
JAM,2023,FY25,UM,Upper middle income
JAM,2024,FY26,UM,Upper middle income
JAM,2025,FY27,UM,Upper middle income
JOR,1987,FY89,LM,Lower middle income
JOR,1988,FY90,LM,Lower middle income
JOR,1989,FY91,LM,Lower middle income
JOR,1990,FY92,LM,Lower middle income
JOR,1991,FY93,LM,Lower middle income
JOR,1992,FY94,LM,Lower middle income
JOR,1993,FY95,LM,Lower middle income
JOR,1994,FY96,LM,Lower middle income
JOR,1995,FY97,LM,Lower middle income
JOR,1996,FY98,LM,Lower middle income
JOR,1997,FY99,LM,Lower middle income
JOR,1998,FY00,LM,Lower middle income
JOR,1999,FY01,LM,Lower middle income
JOR,2000,FY02,LM,Lower middle income
JOR,2001,FY03,LM,Lower middle income
JOR,2002,FY04,LM,Lower middle income
JOR,2003,FY05,LM,Lower middle income
JOR,2004,FY06,LM,Lower middle income
JOR,2005,FY07,LM,Lower middle income
JOR,2006,FY08,LM,Lower middle income
JOR,2007,FY09,LM,Lower middle income
JOR,2008,FY10,LM,Lower middle income
JOR,2009,FY11,LM,Lower middle income
JOR,2010,FY12,UM,Upper middle income
JOR,2011,FY13,UM,Upper middle income
JOR,2012,FY14,UM,Upper middle income
JOR,2013,FY15,UM,Upper middle income
JOR,2014,FY16,UM,Upper middle income
JOR,2015,FY17,UM,Upper middle income
JOR,2016,FY18,LM,Lower middle income
JOR,2017,FY19,UM,Upper middle income
JOR,2018,FY20,UM,Upper middle income
JOR,2019,FY21,UM,Upper middle income
JOR,2020,FY22,UM,Upper middle income
JOR,2021,FY23,UM,Upper middle income
JOR,2022,FY24,LM,Lower middle income
JOR,2023,FY25,LM,Lower middle income
JOR,2024,FY26,LM,Lower middle income
JOR,2025,FY27,UM,Upper middle income
JPN,1987,FY89,H,High income
JPN,1988,FY90,H,High income
JPN,1989,FY91,H,High income
JPN,1990,FY92,H,High income
JPN,1991,FY93,H,High income
JPN,1992,FY94,H,High income
JPN,1993,FY95,H,High income
JPN,1994,FY96,H,High income
JPN,1995,FY97,H,High income
JPN,1996,FY98,H,High income
JPN,1997,FY99,H,High income
JPN,1998,FY00,H,High income
JPN,1999,FY01,H,High income
JPN,2000,FY02,H,High income
JPN,2001,FY03,H,High income
JPN,2002,FY04,H,High income
JPN,2003,FY05,H,High income
JPN,2004,FY06,H,High income
JPN,2005,FY07,H,High income
JPN,2006,FY08,H,High income
JPN,2007,FY09,H,High income
JPN,2008,FY10,H,High income
JPN,2009,FY11,H,High income
JPN,2010,FY12,H,High income
JPN,2011,FY13,H,High income
JPN,2012,FY14,H,High income
JPN,2013,FY15,H,High income
JPN,2014,FY16,H,High income
JPN,2015,FY17,H,High income
JPN,2016,FY18,H,High income
JPN,2017,FY19,H,High income
JPN,2018,FY20,H,High income
JPN,2019,FY21,H,High income
JPN,2020,FY22,H,High income
JPN,2021,FY23,H,High income
JPN,2022,FY24,H,High income
JPN,2023,FY25,H,High income
JPN,2024,FY26,H,High income
JPN,2025,FY27,H,High income
KAZ,1991,FY93,LM,Lower middle income
KAZ,1992,FY94,LM,Lower middle income
KAZ,1993,FY95,LM,Lower middle income
KAZ,1994,FY96,LM,Lower middle income
KAZ,1995,FY97,LM,Lower middle income
KAZ,1996,FY98,LM,Lower middle income
KAZ,1997,FY99,LM,Lower middle income
KAZ,1998,FY00,LM,Lower middle income
KAZ,1999,FY01,LM,Lower middle income
KAZ,2000,FY02,LM,Lower middle income
KAZ,2001,FY03,LM,Lower middle income
KAZ,2002,FY04,LM,Lower middle income
KAZ,2003,FY05,LM,Lower middle income
KAZ,2004,FY06,LM,Lower middle income
KAZ,2005,FY07,LM,Lower middle income
KAZ,2006,FY08,UM,Upper middle income
KAZ,2007,FY09,UM,Upper middle income
KAZ,2008,FY10,UM,Upper middle income
KAZ,2009,FY11,UM,Upper middle income
KAZ,2010,FY12,UM,Upper middle income
KAZ,2011,FY13,UM,Upper middle income
KAZ,2012,FY14,UM,Upper middle income
KAZ,2013,FY15,UM,Upper middle income
KAZ,2014,FY16,UM,Upper middle income
KAZ,2015,FY17,UM,Upper middle income
KAZ,2016,FY18,UM,Upper middle income
KAZ,2017,FY19,UM,Upper middle income
KAZ,2018,FY20,UM,Upper middle income
KAZ,2019,FY21,UM,Upper middle income
KAZ,2020,FY22,UM,Upper middle income
KAZ,2021,FY23,UM,Upper middle income
KAZ,2022,FY24,UM,Upper middle income
KAZ,2023,FY25,UM,Upper middle income
KAZ,2024,FY26,UM,Upper middle income
KAZ,2025,FY27,UM,Upper middle income
KEN,1987,FY89,L,Low income
KEN,1988,FY90,L,Low income
KEN,1989,FY91,L,Low income
KEN,1990,FY92,L,Low income
KEN,1991,FY93,L,Low income
KEN,1992,FY94,L,Low income
KEN,1993,FY95,L,Low income
KEN,1994,FY96,L,Low income
KEN,1995,FY97,L,Low income
KEN,1996,FY98,L,Low income
KEN,1997,FY99,L,Low income
KEN,1998,FY00,L,Low income
KEN,1999,FY01,L,Low income
KEN,2000,FY02,L,Low income
KEN,2001,FY03,L,Low income
KEN,2002,FY04,L,Low income
KEN,2003,FY05,L,Low income
KEN,2004,FY06,L,Low income
KEN,2005,FY07,L,Low income
KEN,2006,FY08,L,Low income
KEN,2007,FY09,L,Low income
KEN,2008,FY10,L,Low income
KEN,2009,FY11,L,Low income
KEN,2010,FY12,L,Low income
KEN,2011,FY13,L,Low income
KEN,2012,FY14,L,Low income
KEN,2013,FY15,L,Low income
KEN,2014,FY16,LM,Lower middle income
KEN,2015,FY17,LM,Lower middle income
KEN,2016,FY18,LM,Lower middle income
KEN,2017,FY19,LM,Lower middle income
KEN,2018,FY20,LM,Lower middle income
KEN,2019,FY21,LM,Lower middle income
KEN,2020,FY22,LM,Lower middle income
KEN,2021,FY23,LM,Lower middle income
KEN,2022,FY24,LM,Lower middle income
KEN,2023,FY25,LM,Lower middle income
KEN,2024,FY26,LM,Lower middle income
KEN,2025,FY27,LM,Lower middle income
KGZ,1991,FY93,LM,Lower middle income
KGZ,1992,FY94,LM,Lower middle income
KGZ,1993,FY95,LM,Lower middle income
KGZ,1994,FY96,L,Low income
KGZ,1995,FY97,L,Low income
KGZ,1996,FY98,L,Low income
KGZ,1997,FY99,L,Low income
KGZ,1998,FY00,L,Low income
KGZ,1999,FY01,L,Low income
KGZ,2000,FY02,L,Low income
KGZ,2001,FY03,L,Low income
KGZ,2002,FY04,L,Low income
KGZ,2003,FY05,L,Low income
KGZ,2004,FY06,L,Low income
KGZ,2005,FY07,L,Low income
KGZ,2006,FY08,L,Low income
KGZ,2007,FY09,L,Low income
KGZ,2008,FY10,L,Low income
KGZ,2009,FY11,L,Low income
KGZ,2010,FY12,L,Low income
KGZ,2011,FY13,L,Low income
KGZ,2012,FY14,L,Low income
KGZ,2013,FY15,LM,Lower middle income
KGZ,2014,FY16,LM,Lower middle income
KGZ,2015,FY17,LM,Lower middle income
KGZ,2016,FY18,LM,Lower middle income
KGZ,2017,FY19,LM,Lower middle income
KGZ,2018,FY20,LM,Lower middle income
KGZ,2019,FY21,LM,Lower middle income
KGZ,2020,FY22,LM,Lower middle income
KGZ,2021,FY23,LM,Lower middle income
KGZ,2022,FY24,LM,Lower middle income
KGZ,2023,FY25,LM,Lower middle income
KGZ,2024,FY26,LM,Lower middle income
KGZ,2025,FY27,LM,Lower middle income
KHM,1987,FY89,L,Low income
KHM,1988,FY90,L,Low income
KHM,1989,FY91,L,Low income
KHM,1990,FY92,L,Low income
KHM,1991,FY93,L,Low income
KHM,1992,FY94,L,Low income
KHM,1993,FY95,L,Low income
KHM,1994,FY96,L,Low income
KHM,1995,FY97,L,Low income
KHM,1996,FY98,L,Low income
KHM,1997,FY99,L,Low income
KHM,1998,FY00,L,Low income
KHM,1999,FY01,L,Low income
KHM,2000,FY02,L,Low income
KHM,2001,FY03,L,Low income
KHM,2002,FY04,L,Low income
KHM,2003,FY05,L,Low income
KHM,2004,FY06,L,Low income
KHM,2005,FY07,L,Low income
KHM,2006,FY08,L,Low income
KHM,2007,FY09,L,Low income
KHM,2008,FY10,L,Low income
KHM,2009,FY11,L,Low income
KHM,2010,FY12,L,Low income
KHM,2011,FY13,L,Low income
KHM,2012,FY14,L,Low income
KHM,2013,FY15,L,Low income
KHM,2014,FY16,L,Low income
KHM,2015,FY17,LM,Lower middle income
KHM,2016,FY18,LM,Lower middle income
KHM,2017,FY19,LM,Lower middle income
KHM,2018,FY20,LM,Lower middle income
KHM,2019,FY21,LM,Lower middle income
KHM,2020,FY22,LM,Lower middle income
KHM,2021,FY23,LM,Lower middle income
KHM,2022,FY24,LM,Lower middle income
KHM,2023,FY25,LM,Lower middle income
KHM,2024,FY26,LM,Lower middle income
KHM,2025,FY27,LM,Lower middle income
KIR,1987,FY89,LM,Lower middle income
KIR,1988,FY90,LM,Lower middle income
KIR,1989,FY91,LM,Lower middle income
KIR,1990,FY92,LM,Lower middle income
KIR,1991,FY93,LM,Lower middle income
KIR,1992,FY94,LM,Lower middle income
KIR,1993,FY95,LM,Lower middle income
KIR,1994,FY96,LM,Lower middle income
KIR,1995,FY97,LM,Lower middle income
KIR,1996,FY98,LM,Lower middle income
KIR,1997,FY99,LM,Lower middle income
KIR,1998,FY00,LM,Lower middle income
KIR,1999,FY01,LM,Lower middle income
KIR,2000,FY02,LM,Lower middle income
KIR,2001,FY03,LM,Lower middle income
KIR,2002,FY04,LM,Lower middle income
KIR,2003,FY05,LM,Lower middle income
KIR,2004,FY06,LM,Lower middle income
KIR,2005,FY07,LM,Lower middle income
KIR,2006,FY08,LM,Lower middle income
KIR,2007,FY09,LM,Lower middle income
KIR,2008,FY10,LM,Lower middle income
KIR,2009,FY11,LM,Lower middle income
KIR,2010,FY12,LM,Lower middle income
KIR,2011,FY13,LM,Lower middle income
KIR,2012,FY14,LM,Lower middle income
KIR,2013,FY15,LM,Lower middle income
KIR,2014,FY16,LM,Lower middle income
KIR,2015,FY17,LM,Lower middle income
KIR,2016,FY18,LM,Lower middle income
KIR,2017,FY19,LM,Lower middle income
KIR,2018,FY20,LM,Lower middle income
KIR,2019,FY21,LM,Lower middle income
KIR,2020,FY22,LM,Lower middle income
KIR,2021,FY23,LM,Lower middle income
KIR,2022,FY24,LM,Lower middle income
KIR,2023,FY25,LM,Lower middle income
KIR,2024,FY26,LM,Lower middle income
KIR,2025,FY27,LM,Lower middle income
KNA,1987,FY89,UM,Upper middle income
KNA,1988,FY90,UM,Upper middle income
KNA,1989,FY91,UM,Upper middle income
KNA,1990,FY92,UM,Upper middle income
KNA,1991,FY93,UM,Upper middle income
KNA,1992,FY94,UM,Upper middle income
KNA,1993,FY95,UM,Upper middle income
KNA,1994,FY96,UM,Upper middle income
KNA,1995,FY97,UM,Upper middle income
KNA,1996,FY98,UM,Upper middle income
KNA,1997,FY99,UM,Upper middle income
KNA,1998,FY00,UM,Upper middle income
KNA,1999,FY01,UM,Upper middle income
KNA,2000,FY02,UM,Upper middle income
KNA,2001,FY03,UM,Upper middle income
KNA,2002,FY04,UM,Upper middle income
KNA,2003,FY05,UM,Upper middle income
KNA,2004,FY06,UM,Upper middle income
KNA,2005,FY07,UM,Upper middle income
KNA,2006,FY08,UM,Upper middle income
KNA,2007,FY09,UM,Upper middle income
KNA,2008,FY10,UM,Upper middle income
KNA,2009,FY11,UM,Upper middle income
KNA,2010,FY12,UM,Upper middle income
KNA,2011,FY13,H,High income
KNA,2012,FY14,H,High income
KNA,2013,FY15,H,High income
KNA,2014,FY16,H,High income
KNA,2015,FY17,H,High income
KNA,2016,FY18,H,High income
KNA,2017,FY19,H,High income
KNA,2018,FY20,H,High income
KNA,2019,FY21,H,High income
KNA,2020,FY22,H,High income
KNA,2021,FY23,H,High income
KNA,2022,FY24,H,High income
KNA,2023,FY25,H,High income
KNA,2024,FY26,H,High income
KNA,2025,FY27,H,High income
KOR,1987,FY89,UM,Upper middle income
KOR,1988,FY90,UM,Upper middle income
KOR,1989,FY91,UM,Upper middle income
KOR,1990,FY92,UM,Upper middle income
KOR,1991,FY93,UM,Upper middle income
KOR,1992,FY94,UM,Upper middle income
KOR,1993,FY95,UM,Upper middle income
KOR,1994,FY96,UM,Upper middle income
KOR,1995,FY97,H,High income
KOR,1996,FY98,H,High income
KOR,1997,FY99,H,High income
KOR,1998,FY00,UM,Upper middle income
KOR,1999,FY01,UM,Upper middle income
KOR,2000,FY02,UM,Upper middle income
KOR,2001,FY03,H,High income
KOR,2002,FY04,H,High income
KOR,2003,FY05,H,High income
KOR,2004,FY06,H,High income
KOR,2005,FY07,H,High income
KOR,2006,FY08,H,High income
KOR,2007,FY09,H,High income
KOR,2008,FY10,H,High income
KOR,2009,FY11,H,High income
KOR,2010,FY12,H,High income
KOR,2011,FY13,H,High income
KOR,2012,FY14,H,High income
KOR,2013,FY15,H,High income
KOR,2014,FY16,H,High income
KOR,2015,FY17,H,High income
KOR,2016,FY18,H,High income
KOR,2017,FY19,H,High income
KOR,2018,FY20,H,High income
KOR,2019,FY21,H,High income
KOR,2020,FY22,H,High income
KOR,2021,FY23,H,High income
KOR,2022,FY24,H,High income
KOR,2023,FY25,H,High income
KOR,2024,FY26,H,High income
KOR,2025,FY27,H,High income
KWT,1987,FY89,H,High income
KWT,1988,FY90,H,High income
KWT,1989,FY91,H,High income
KWT,1990,FY92,H,High income
KWT,1991,FY93,H,High income
KWT,1992,FY94,H,High income
KWT,1993,FY95,H,High income
KWT,1994,FY96,H,High income
KWT,1995,FY97,H,High income
KWT,1996,FY98,H,High income
KWT,1997,FY99,H,High income
KWT,1998,FY00,H,High income
KWT,1999,FY01,H,High income
KWT,2000,FY02,H,High income
KWT,2001,FY03,H,High income
KWT,2002,FY04,H,High income
KWT,2003,FY05,H,High income
KWT,2004,FY06,H,High income
KWT,2005,FY07,H,High income
KWT,2006,FY08,H,High income
KWT,2007,FY09,H,High income
KWT,2008,FY10,H,High income
KWT,2009,FY11,H,High income
KWT,2010,FY12,H,High income
KWT,2011,FY13,H,High income
KWT,2012,FY14,H,High income
KWT,2013,FY15,H,High income
KWT,2014,FY16,H,High income
KWT,2015,FY17,H,High income
KWT,2016,FY18,H,High income
KWT,2017,FY19,H,High income
KWT,2018,FY20,H,High income
KWT,2019,FY21,H,High income
KWT,2020,FY22,H,High income
KWT,2021,FY23,H,High income
KWT,2022,FY24,H,High income
KWT,2023,FY25,H,High income
KWT,2024,FY26,H,High income
KWT,2025,FY27,H,High income
LAO,1987,FY89,L,Low income
LAO,1988,FY90,L,Low income
LAO,1989,FY91,L,Low income
LAO,1990,FY92,L,Low income
LAO,1991,FY93,L,Low income
LAO,1992,FY94,L,Low income
LAO,1993,FY95,L,Low income
LAO,1994,FY96,L,Low income
LAO,1995,FY97,L,Low income
LAO,1996,FY98,L,Low income
LAO,1997,FY99,L,Low income
LAO,1998,FY00,L,Low income
LAO,1999,FY01,L,Low income
LAO,2000,FY02,L,Low income
LAO,2001,FY03,L,Low income
LAO,2002,FY04,L,Low income
LAO,2003,FY05,L,Low income
LAO,2004,FY06,L,Low income
LAO,2005,FY07,L,Low income
LAO,2006,FY08,L,Low income
LAO,2007,FY09,L,Low income
LAO,2008,FY10,L,Low income
LAO,2009,FY11,L,Low income
LAO,2010,FY12,LM,Lower middle income
LAO,2011,FY13,LM,Lower middle income
LAO,2012,FY14,LM,Lower middle income
LAO,2013,FY15,LM,Lower middle income
LAO,2014,FY16,LM,Lower middle income
LAO,2015,FY17,LM,Lower middle income
LAO,2016,FY18,LM,Lower middle income
LAO,2017,FY19,LM,Lower middle income
LAO,2018,FY20,LM,Lower middle income
LAO,2019,FY21,LM,Lower middle income
LAO,2020,FY22,LM,Lower middle income
LAO,2021,FY23,LM,Lower middle income
LAO,2022,FY24,LM,Lower middle income
LAO,2023,FY25,LM,Lower middle income
LAO,2024,FY26,LM,Lower middle income
LAO,2025,FY27,LM,Lower middle income
LBN,1987,FY89,LM,Lower middle income
LBN,1988,FY90,LM,Lower middle income
LBN,1989,FY91,LM,Lower middle income
LBN,1990,FY92,LM,Lower middle income
LBN,1991,FY93,LM,Lower middle income
LBN,1992,FY94,LM,Lower middle income
LBN,1993,FY95,LM,Lower middle income
LBN,1994,FY96,LM,Lower middle income
LBN,1995,FY97,LM,Lower middle income
LBN,1996,FY98,LM,Lower middle income
LBN,1997,FY99,UM,Upper middle income
LBN,1998,FY00,UM,Upper middle income
LBN,1999,FY01,UM,Upper middle income
LBN,2000,FY02,UM,Upper middle income
LBN,2001,FY03,UM,Upper middle income
LBN,2002,FY04,UM,Upper middle income
LBN,2003,FY05,UM,Upper middle income
LBN,2004,FY06,UM,Upper middle income
LBN,2005,FY07,UM,Upper middle income
LBN,2006,FY08,UM,Upper middle income
LBN,2007,FY09,UM,Upper middle income
LBN,2008,FY10,UM,Upper middle income
LBN,2009,FY11,UM,Upper middle income
LBN,2010,FY12,UM,Upper middle income
LBN,2011,FY13,UM,Upper middle income
LBN,2012,FY14,UM,Upper middle income
LBN,2013,FY15,UM,Upper middle income
LBN,2014,FY16,UM,Upper middle income
LBN,2015,FY17,UM,Upper middle income
LBN,2016,FY18,UM,Upper middle income
LBN,2017,FY19,UM,Upper middle income
LBN,2018,FY20,UM,Upper middle income
LBN,2019,FY21,UM,Upper middle income
LBN,2020,FY22,UM,Upper middle income
LBN,2021,FY23,LM,Lower middle income
LBN,2022,FY24,LM,Lower middle income
LBN,2023,FY25,LM,Lower middle income
LBN,2024,FY26,LM,Lower middle income
LBN,2025,FY27,LM,Lower middle income
LBR,1987,FY89,L,Low income
LBR,1988,FY90,L,Low income
LBR,1989,FY91,L,Low income
LBR,1990,FY92,L,Low income
LBR,1991,FY93,L,Low income
LBR,1992,FY94,L,Low income
LBR,1993,FY95,L,Low income
LBR,1994,FY96,L,Low income
LBR,1995,FY97,L,Low income
LBR,1996,FY98,L,Low income
LBR,1997,FY99,L,Low income
LBR,1998,FY00,L,Low income
LBR,1999,FY01,L,Low income
LBR,2000,FY02,L,Low income
LBR,2001,FY03,L,Low income
LBR,2002,FY04,L,Low income
LBR,2003,FY05,L,Low income
LBR,2004,FY06,L,Low income
LBR,2005,FY07,L,Low income
LBR,2006,FY08,L,Low income
LBR,2007,FY09,L,Low income
LBR,2008,FY10,L,Low income
LBR,2009,FY11,L,Low income
LBR,2010,FY12,L,Low income
LBR,2011,FY13,L,Low income
LBR,2012,FY14,L,Low income
LBR,2013,FY15,L,Low income
LBR,2014,FY16,L,Low income
LBR,2015,FY17,L,Low income
LBR,2016,FY18,L,Low income
LBR,2017,FY19,L,Low income
LBR,2018,FY20,L,Low income
LBR,2019,FY21,L,Low income
LBR,2020,FY22,L,Low income
LBR,2021,FY23,L,Low income
LBR,2022,FY24,L,Low income
LBR,2023,FY25,L,Low income
LBR,2024,FY26,L,Low income
LBR,2025,FY27,L,Low income
LBY,1987,FY89,UM,Upper middle income
LBY,1988,FY90,UM,Upper middle income
LBY,1989,FY91,UM,Upper middle income
LBY,1990,FY92,UM,Upper middle income
LBY,1991,FY93,UM,Upper middle income
LBY,1992,FY94,UM,Upper middle income
LBY,1993,FY95,UM,Upper middle income
LBY,1994,FY96,UM,Upper middle income
LBY,1995,FY97,UM,Upper middle income
LBY,1996,FY98,UM,Upper middle income
LBY,1997,FY99,UM,Upper middle income
LBY,1998,FY00,UM,Upper middle income
LBY,1999,FY01,UM,Upper middle income
LBY,2000,FY02,UM,Upper middle income
LBY,2001,FY03,UM,Upper middle income
LBY,2002,FY04,UM,Upper middle income
LBY,2003,FY05,UM,Upper middle income
LBY,2004,FY06,UM,Upper middle income
LBY,2005,FY07,UM,Upper middle income
LBY,2006,FY08,UM,Upper middle income
LBY,2007,FY09,UM,Upper middle income
LBY,2008,FY10,UM,Upper middle income
LBY,2009,FY11,UM,Upper middle income
LBY,2010,FY12,UM,Upper middle income
LBY,2011,FY13,UM,Upper middle income
LBY,2012,FY14,UM,Upper middle income
LBY,2013,FY15,UM,Upper middle income
LBY,2014,FY16,UM,Upper middle income
LBY,2015,FY17,UM,Upper middle income
LBY,2016,FY18,UM,Upper middle income
LBY,2017,FY19,UM,Upper middle income
LBY,2018,FY20,UM,Upper middle income
LBY,2019,FY21,UM,Upper middle income
LBY,2020,FY22,UM,Upper middle income
LBY,2021,FY23,UM,Upper middle income
LBY,2022,FY24,UM,Upper middle income
LBY,2023,FY25,UM,Upper middle income
LBY,2024,FY26,UM,Upper middle income
LBY,2025,FY27,UM,Upper middle income
LCA,1987,FY89,LM,Lower middle income
LCA,1988,FY90,LM,Lower middle income
LCA,1989,FY91,LM,Lower middle income
LCA,1990,FY92,LM,Lower middle income
LCA,1991,FY93,LM,Lower middle income
LCA,1992,FY94,UM,Upper middle income
LCA,1993,FY95,UM,Upper middle income
LCA,1994,FY96,UM,Upper middle income
LCA,1995,FY97,UM,Upper middle income
LCA,1996,FY98,UM,Upper middle income
LCA,1997,FY99,UM,Upper middle income
LCA,1998,FY00,UM,Upper middle income
LCA,1999,FY01,UM,Upper middle income
LCA,2000,FY02,UM,Upper middle income
LCA,2001,FY03,UM,Upper middle income
LCA,2002,FY04,UM,Upper middle income
LCA,2003,FY05,UM,Upper middle income
LCA,2004,FY06,UM,Upper middle income
LCA,2005,FY07,UM,Upper middle income
LCA,2006,FY08,UM,Upper middle income
LCA,2007,FY09,UM,Upper middle income
LCA,2008,FY10,UM,Upper middle income
LCA,2009,FY11,UM,Upper middle income
LCA,2010,FY12,UM,Upper middle income
LCA,2011,FY13,UM,Upper middle income
LCA,2012,FY14,UM,Upper middle income
LCA,2013,FY15,UM,Upper middle income
LCA,2014,FY16,UM,Upper middle income
LCA,2015,FY17,UM,Upper middle income
LCA,2016,FY18,UM,Upper middle income
LCA,2017,FY19,UM,Upper middle income
LCA,2018,FY20,UM,Upper middle income
LCA,2019,FY21,UM,Upper middle income
LCA,2020,FY22,UM,Upper middle income
LCA,2021,FY23,UM,Upper middle income
LCA,2022,FY24,UM,Upper middle income
LCA,2023,FY25,UM,Upper middle income
LCA,2024,FY26,UM,Upper middle income
LCA,2025,FY27,UM,Upper middle income
LIE,1994,FY96,H,High income
LIE,1995,FY97,H,High income
LIE,1996,FY98,H,High income
LIE,1997,FY99,H,High income
LIE,1998,FY00,H,High income
LIE,1999,FY01,H,High income
LIE,2000,FY02,H,High income
LIE,2001,FY03,H,High income
LIE,2002,FY04,H,High income
LIE,2003,FY05,H,High income
LIE,2004,FY06,H,High income
LIE,2005,FY07,H,High income
LIE,2006,FY08,H,High income
LIE,2007,FY09,H,High income
LIE,2008,FY10,H,High income
LIE,2009,FY11,H,High income
LIE,2010,FY12,H,High income
LIE,2011,FY13,H,High income
LIE,2012,FY14,H,High income
LIE,2013,FY15,H,High income
LIE,2014,FY16,H,High income
LIE,2015,FY17,H,High income
LIE,2016,FY18,H,High income
LIE,2017,FY19,H,High income
LIE,2018,FY20,H,High income
LIE,2019,FY21,H,High income
LIE,2020,FY22,H,High income
LIE,2021,FY23,H,High income
LIE,2022,FY24,H,High income
LIE,2023,FY25,H,High income
LIE,2024,FY26,H,High income
LIE,2025,FY27,H,High income
LKA,1987,FY89,L,Low income
LKA,1988,FY90,L,Low income
LKA,1989,FY91,L,Low income
LKA,1990,FY92,L,Low income
LKA,1991,FY93,L,Low income
LKA,1992,FY94,L,Low income
LKA,1993,FY95,L,Low income
LKA,1994,FY96,L,Low income
LKA,1995,FY97,L,Low income
LKA,1996,FY98,L,Low income
LKA,1997,FY99,LM,Lower middle income
LKA,1998,FY00,LM,Lower middle income
LKA,1999,FY01,LM,Lower middle income
LKA,2000,FY02,LM,Lower middle income
LKA,2001,FY03,LM,Lower middle income
LKA,2002,FY04,LM,Lower middle income
LKA,2003,FY05,LM,Lower middle income
LKA,2004,FY06,LM,Lower middle income
LKA,2005,FY07,LM,Lower middle income
LKA,2006,FY08,LM,Lower middle income
LKA,2007,FY09,LM,Lower middle income
LKA,2008,FY10,LM,Lower middle income
LKA,2009,FY11,LM,Lower middle income
LKA,2010,FY12,LM,Lower middle income
LKA,2011,FY13,LM,Lower middle income
LKA,2012,FY14,LM,Lower middle income
LKA,2013,FY15,LM,Lower middle income
LKA,2014,FY16,LM,Lower middle income
LKA,2015,FY17,LM,Lower middle income
LKA,2016,FY18,LM,Lower middle income
LKA,2017,FY19,LM,Lower middle income
LKA,2018,FY20,UM,Upper middle income
LKA,2019,FY21,LM,Lower middle income
LKA,2020,FY22,LM,Lower middle income
LKA,2021,FY23,LM,Lower middle income
LKA,2022,FY24,LM,Lower middle income
LKA,2023,FY25,LM,Lower middle income
LKA,2024,FY26,LM,Lower middle income
LKA,2025,FY27,UM,Upper middle income
LSO,1987,FY89,L,Low income
LSO,1988,FY90,L,Low income
LSO,1989,FY91,L,Low income
LSO,1990,FY92,L,Low income
LSO,1991,FY93,L,Low income
LSO,1992,FY94,L,Low income
LSO,1993,FY95,L,Low income
LSO,1994,FY96,L,Low income
LSO,1995,FY97,LM,Lower middle income
LSO,1996,FY98,L,Low income
LSO,1997,FY99,L,Low income
LSO,1998,FY00,L,Low income
LSO,1999,FY01,L,Low income
LSO,2000,FY02,L,Low income
LSO,2001,FY03,L,Low income
LSO,2002,FY04,L,Low income
LSO,2003,FY05,L,Low income
LSO,2004,FY06,L,Low income
LSO,2005,FY07,LM,Lower middle income
LSO,2006,FY08,LM,Lower middle income
LSO,2007,FY09,LM,Lower middle income
LSO,2008,FY10,LM,Lower middle income
LSO,2009,FY11,LM,Lower middle income
LSO,2010,FY12,LM,Lower middle income
LSO,2011,FY13,LM,Lower middle income
LSO,2012,FY14,LM,Lower middle income
LSO,2013,FY15,LM,Lower middle income
LSO,2014,FY16,LM,Lower middle income
LSO,2015,FY17,LM,Lower middle income
LSO,2016,FY18,LM,Lower middle income
LSO,2017,FY19,LM,Lower middle income
LSO,2018,FY20,LM,Lower middle income
LSO,2019,FY21,LM,Lower middle income
LSO,2020,FY22,LM,Lower middle income
LSO,2021,FY23,LM,Lower middle income
LSO,2022,FY24,LM,Lower middle income
LSO,2023,FY25,LM,Lower middle income
LSO,2024,FY26,LM,Lower middle income
LSO,2025,FY27,LM,Lower middle income
LTU,1991,FY93,UM,Upper middle income
LTU,1992,FY94,LM,Lower middle income
LTU,1993,FY95,LM,Lower middle income
LTU,1994,FY96,LM,Lower middle income
LTU,1995,FY97,LM,Lower middle income
LTU,1996,FY98,LM,Lower middle income
LTU,1997,FY99,LM,Lower middle income
LTU,1998,FY00,LM,Lower middle income
LTU,1999,FY01,LM,Lower middle income
LTU,2000,FY02,LM,Lower middle income
LTU,2001,FY03,UM,Upper middle income
LTU,2002,FY04,UM,Upper middle income
LTU,2003,FY05,UM,Upper middle income
LTU,2004,FY06,UM,Upper middle income
LTU,2005,FY07,UM,Upper middle income
LTU,2006,FY08,UM,Upper middle income
LTU,2007,FY09,UM,Upper middle income
LTU,2008,FY10,UM,Upper middle income
LTU,2009,FY11,UM,Upper middle income
LTU,2010,FY12,UM,Upper middle income
LTU,2011,FY13,UM,Upper middle income
LTU,2012,FY14,H,High income
LTU,2013,FY15,H,High income
LTU,2014,FY16,H,High income
LTU,2015,FY17,H,High income
LTU,2016,FY18,H,High income
LTU,2017,FY19,H,High income
LTU,2018,FY20,H,High income
LTU,2019,FY21,H,High income
LTU,2020,FY22,H,High income
LTU,2021,FY23,H,High income
LTU,2022,FY24,H,High income
LTU,2023,FY25,H,High income
LTU,2024,FY26,H,High income
LTU,2025,FY27,H,High income
LUX,1987,FY89,H,High income
LUX,1988,FY90,H,High income
LUX,1989,FY91,H,High income
LUX,1990,FY92,H,High income
LUX,1991,FY93,H,High income
LUX,1992,FY94,H,High income
LUX,1993,FY95,H,High income
LUX,1994,FY96,H,High income
LUX,1995,FY97,H,High income
LUX,1996,FY98,H,High income
LUX,1997,FY99,H,High income
LUX,1998,FY00,H,High income
LUX,1999,FY01,H,High income
LUX,2000,FY02,H,High income
LUX,2001,FY03,H,High income
LUX,2002,FY04,H,High income
LUX,2003,FY05,H,High income
LUX,2004,FY06,H,High income
LUX,2005,FY07,H,High income
LUX,2006,FY08,H,High income
LUX,2007,FY09,H,High income
LUX,2008,FY10,H,High income
LUX,2009,FY11,H,High income
LUX,2010,FY12,H,High income
LUX,2011,FY13,H,High income
LUX,2012,FY14,H,High income
LUX,2013,FY15,H,High income
LUX,2014,FY16,H,High income
LUX,2015,FY17,H,High income
LUX,2016,FY18,H,High income
LUX,2017,FY19,H,High income
LUX,2018,FY20,H,High income
LUX,2019,FY21,H,High income
LUX,2020,FY22,H,High income
LUX,2021,FY23,H,High income
LUX,2022,FY24,H,High income
LUX,2023,FY25,H,High income
LUX,2024,FY26,H,High income
LUX,2025,FY27,H,High income
LVA,1991,FY93,UM,Upper middle income
LVA,1992,FY94,LM,Lower middle income
LVA,1993,FY95,LM,Lower middle income
LVA,1994,FY96,LM,Lower middle income
LVA,1995,FY97,LM,Lower middle income
LVA,1996,FY98,LM,Lower middle income
LVA,1997,FY99,LM,Lower middle income
LVA,1998,FY00,LM,Lower middle income
LVA,1999,FY01,LM,Lower middle income
LVA,2000,FY02,LM,Lower middle income
LVA,2001,FY03,UM,Upper middle income
LVA,2002,FY04,UM,Upper middle income
LVA,2003,FY05,UM,Upper middle income
LVA,2004,FY06,UM,Upper middle income
LVA,2005,FY07,UM,Upper middle income
LVA,2006,FY08,UM,Upper middle income
LVA,2007,FY09,UM,Upper middle income
LVA,2008,FY10,UM,Upper middle income
LVA,2009,FY11,H,High income
LVA,2010,FY12,UM,Upper middle income
LVA,2011,FY13,UM,Upper middle income
LVA,2012,FY14,H,High income
LVA,2013,FY15,H,High income
LVA,2014,FY16,H,High income
LVA,2015,FY17,H,High income
LVA,2016,FY18,H,High income
LVA,2017,FY19,H,High income
LVA,2018,FY20,H,High income
LVA,2019,FY21,H,High income
LVA,2020,FY22,H,High income
LVA,2021,FY23,H,High income
LVA,2022,FY24,H,High income
LVA,2023,FY25,H,High income
LVA,2024,FY26,H,High income
LVA,2025,FY27,H,High income
MAC,1987,FY89,UM,Upper middle income
MAC,1988,FY90,UM,Upper middle income
MAC,1989,FY91,UM,Upper middle income
MAC,1990,FY92,UM,Upper middle income
MAC,1991,FY93,UM,Upper middle income
MAC,1992,FY94,UM,Upper middle income
MAC,1993,FY95,UM,Upper middle income
MAC,1994,FY96,H,High income
MAC,1995,FY97,H,High income
MAC,1996,FY98,H,High income
MAC,1997,FY99,H,High income
MAC,1998,FY00,H,High income
MAC,1999,FY01,H,High income
MAC,2000,FY02,H,High income
MAC,2001,FY03,H,High income
MAC,2002,FY04,H,High income
MAC,2003,FY05,H,High income
MAC,2004,FY06,H,High income
MAC,2005,FY07,H,High income
MAC,2006,FY08,H,High income
MAC,2007,FY09,H,High income
MAC,2008,FY10,H,High income
MAC,2009,FY11,H,High income
MAC,2010,FY12,H,High income
MAC,2011,FY13,H,High income
MAC,2012,FY14,H,High income
MAC,2013,FY15,H,High income
MAC,2014,FY16,H,High income
MAC,2015,FY17,H,High income
MAC,2016,FY18,H,High income
MAC,2017,FY19,H,High income
MAC,2018,FY20,H,High income
MAC,2019,FY21,H,High income
MAC,2020,FY22,H,High income
MAC,2021,FY23,H,High income
MAC,2022,FY24,H,High income
MAC,2023,FY25,H,High income
MAC,2024,FY26,H,High income
MAC,2025,FY27,H,High income
MAF,2010,FY12,H,High income
MAF,2011,FY13,H,High income
MAF,2012,FY14,H,High income
MAF,2013,FY15,H,High income
MAF,2014,FY16,H,High income
MAF,2015,FY17,H,High income
MAF,2016,FY18,H,High income
MAF,2017,FY19,H,High income
MAF,2018,FY20,H,High income
MAF,2019,FY21,H,High income
MAF,2020,FY22,H,High income
MAF,2021,FY23,H,High income
MAF,2022,FY24,H,High income
MAF,2023,FY25,H,High income
MAF,2024,FY26,H,High income
MAF,2025,FY27,H,High income
MAR,1987,FY89,LM,Lower middle income
MAR,1988,FY90,LM,Lower middle income
MAR,1989,FY91,LM,Lower middle income
MAR,1990,FY92,LM,Lower middle income
MAR,1991,FY93,LM,Lower middle income
MAR,1992,FY94,LM,Lower middle income
MAR,1993,FY95,LM,Lower middle income
MAR,1994,FY96,LM,Lower middle income
MAR,1995,FY97,LM,Lower middle income
MAR,1996,FY98,LM,Lower middle income
MAR,1997,FY99,LM,Lower middle income
MAR,1998,FY00,LM,Lower middle income
MAR,1999,FY01,LM,Lower middle income
MAR,2000,FY02,LM,Lower middle income
MAR,2001,FY03,LM,Lower middle income
MAR,2002,FY04,LM,Lower middle income
MAR,2003,FY05,LM,Lower middle income
MAR,2004,FY06,LM,Lower middle income
MAR,2005,FY07,LM,Lower middle income
MAR,2006,FY08,LM,Lower middle income
MAR,2007,FY09,LM,Lower middle income
MAR,2008,FY10,LM,Lower middle income
MAR,2009,FY11,LM,Lower middle income
MAR,2010,FY12,LM,Lower middle income
MAR,2011,FY13,LM,Lower middle income
MAR,2012,FY14,LM,Lower middle income
MAR,2013,FY15,LM,Lower middle income
MAR,2014,FY16,LM,Lower middle income
MAR,2015,FY17,LM,Lower middle income
MAR,2016,FY18,LM,Lower middle income
MAR,2017,FY19,LM,Lower middle income
MAR,2018,FY20,LM,Lower middle income
MAR,2019,FY21,LM,Lower middle income
MAR,2020,FY22,LM,Lower middle income
MAR,2021,FY23,LM,Lower middle income
MAR,2022,FY24,LM,Lower middle income
MAR,2023,FY25,LM,Lower middle income
MAR,2024,FY26,LM,Lower middle income
MAR,2025,FY27,LM,Lower middle income
MCO,1994,FY96,H,High income
MCO,1995,FY97,H,High income
MCO,1996,FY98,H,High income
MCO,1997,FY99,H,High income
MCO,1998,FY00,H,High income
MCO,1999,FY01,H,High income
MCO,2000,FY02,H,High income
MCO,2001,FY03,H,High income
MCO,2002,FY04,H,High income
MCO,2003,FY05,H,High income
MCO,2004,FY06,H,High income
MCO,2005,FY07,H,High income
MCO,2006,FY08,H,High income
MCO,2007,FY09,H,High income
MCO,2008,FY10,H,High income
MCO,2009,FY11,H,High income
MCO,2010,FY12,H,High income
MCO,2011,FY13,H,High income
MCO,2012,FY14,H,High income
MCO,2013,FY15,H,High income
MCO,2014,FY16,H,High income
MCO,2015,FY17,H,High income
MCO,2016,FY18,H,High income
MCO,2017,FY19,H,High income
MCO,2018,FY20,H,High income
MCO,2019,FY21,H,High income
MCO,2020,FY22,H,High income
MCO,2021,FY23,H,High income
MCO,2022,FY24,H,High income
MCO,2023,FY25,H,High income
MCO,2024,FY26,H,High income
MCO,2025,FY27,H,High income
MDA,1991,FY93,LM,Lower middle income
MDA,1992,FY94,LM,Lower middle income
MDA,1993,FY95,LM,Lower middle income
MDA,1994,FY96,LM,Lower middle income
MDA,1995,FY97,LM,Lower middle income
MDA,1996,FY98,L,Low income
MDA,1997,FY99,L,Low income
MDA,1998,FY00,L,Low income
MDA,1999,FY01,L,Low income
MDA,2000,FY02,L,Low income
MDA,2001,FY03,L,Low income
MDA,2002,FY04,L,Low income
MDA,2003,FY05,L,Low income
MDA,2004,FY06,L,Low income
MDA,2005,FY07,LM,Lower middle income
MDA,2006,FY08,LM,Lower middle income
MDA,2007,FY09,LM,Lower middle income
MDA,2008,FY10,LM,Lower middle income
MDA,2009,FY11,LM,Lower middle income
MDA,2010,FY12,LM,Lower middle income
MDA,2011,FY13,LM,Lower middle income
MDA,2012,FY14,LM,Lower middle income
MDA,2013,FY15,LM,Lower middle income
MDA,2014,FY16,LM,Lower middle income
MDA,2015,FY17,LM,Lower middle income
MDA,2016,FY18,LM,Lower middle income
MDA,2017,FY19,LM,Lower middle income
MDA,2018,FY20,LM,Lower middle income
MDA,2019,FY21,LM,Lower middle income
MDA,2020,FY22,UM,Upper middle income
MDA,2021,FY23,UM,Upper middle income
MDA,2022,FY24,UM,Upper middle income
MDA,2023,FY25,UM,Upper middle income
MDA,2024,FY26,UM,Upper middle income
MDA,2025,FY27,UM,Upper middle income
MDG,1987,FY89,L,Low income
MDG,1988,FY90,L,Low income
MDG,1989,FY91,L,Low income
MDG,1990,FY92,L,Low income
MDG,1991,FY93,L,Low income
MDG,1992,FY94,L,Low income
MDG,1993,FY95,L,Low income
MDG,1994,FY96,L,Low income
MDG,1995,FY97,L,Low income
MDG,1996,FY98,L,Low income
MDG,1997,FY99,L,Low income
MDG,1998,FY00,L,Low income
MDG,1999,FY01,L,Low income
MDG,2000,FY02,L,Low income
MDG,2001,FY03,L,Low income
MDG,2002,FY04,L,Low income
MDG,2003,FY05,L,Low income
MDG,2004,FY06,L,Low income
MDG,2005,FY07,L,Low income
MDG,2006,FY08,L,Low income
MDG,2007,FY09,L,Low income
MDG,2008,FY10,L,Low income
MDG,2009,FY11,L,Low income
MDG,2010,FY12,L,Low income
MDG,2011,FY13,L,Low income
MDG,2012,FY14,L,Low income
MDG,2013,FY15,L,Low income
MDG,2014,FY16,L,Low income
MDG,2015,FY17,L,Low income
MDG,2016,FY18,L,Low income
MDG,2017,FY19,L,Low income
MDG,2018,FY20,L,Low income
MDG,2019,FY21,L,Low income
MDG,2020,FY22,L,Low income
MDG,2021,FY23,L,Low income
MDG,2022,FY24,L,Low income
MDG,2023,FY25,L,Low income
MDG,2024,FY26,L,Low income
MDG,2025,FY27,L,Low income
MDV,1987,FY89,L,Low income
MDV,1988,FY90,L,Low income
MDV,1989,FY91,L,Low income
MDV,1990,FY92,L,Low income
MDV,1991,FY93,L,Low income
MDV,1992,FY94,L,Low income
MDV,1993,FY95,LM,Lower middle income
MDV,1994,FY96,LM,Lower middle income
MDV,1995,FY97,LM,Lower middle income
MDV,1996,FY98,LM,Lower middle income
MDV,1997,FY99,LM,Lower middle income
MDV,1998,FY00,LM,Lower middle income
MDV,1999,FY01,LM,Lower middle income
MDV,2000,FY02,LM,Lower middle income
MDV,2001,FY03,LM,Lower middle income
MDV,2002,FY04,LM,Lower middle income
MDV,2003,FY05,LM,Lower middle income
MDV,2004,FY06,LM,Lower middle income
MDV,2005,FY07,LM,Lower middle income
MDV,2006,FY08,LM,Lower middle income
MDV,2007,FY09,LM,Lower middle income
MDV,2008,FY10,LM,Lower middle income
MDV,2009,FY11,LM,Lower middle income
MDV,2010,FY12,UM,Upper middle income
MDV,2011,FY13,UM,Upper middle income
MDV,2012,FY14,UM,Upper middle income
MDV,2013,FY15,UM,Upper middle income
MDV,2014,FY16,UM,Upper middle income
MDV,2015,FY17,UM,Upper middle income
MDV,2016,FY18,UM,Upper middle income
MDV,2017,FY19,UM,Upper middle income
MDV,2018,FY20,UM,Upper middle income
MDV,2019,FY21,UM,Upper middle income
MDV,2020,FY22,UM,Upper middle income
MDV,2021,FY23,UM,Upper middle income
MDV,2022,FY24,UM,Upper middle income
MDV,2023,FY25,UM,Upper middle income
MDV,2024,FY26,UM,Upper middle income
MDV,2025,FY27,UM,Upper middle income
MEX,1987,FY89,LM,Lower middle income
MEX,1988,FY90,LM,Lower middle income
MEX,1989,FY91,LM,Lower middle income
MEX,1990,FY92,UM,Upper middle income
MEX,1991,FY93,UM,Upper middle income
MEX,1992,FY94,UM,Upper middle income
MEX,1993,FY95,UM,Upper middle income
MEX,1994,FY96,UM,Upper middle income
MEX,1995,FY97,UM,Upper middle income
MEX,1996,FY98,UM,Upper middle income
MEX,1997,FY99,UM,Upper middle income
MEX,1998,FY00,UM,Upper middle income
MEX,1999,FY01,UM,Upper middle income
MEX,2000,FY02,UM,Upper middle income
MEX,2001,FY03,UM,Upper middle income
MEX,2002,FY04,UM,Upper middle income
MEX,2003,FY05,UM,Upper middle income
MEX,2004,FY06,UM,Upper middle income
MEX,2005,FY07,UM,Upper middle income
MEX,2006,FY08,UM,Upper middle income
MEX,2007,FY09,UM,Upper middle income
MEX,2008,FY10,UM,Upper middle income
MEX,2009,FY11,UM,Upper middle income
MEX,2010,FY12,UM,Upper middle income
MEX,2011,FY13,UM,Upper middle income
MEX,2012,FY14,UM,Upper middle income
MEX,2013,FY15,UM,Upper middle income
MEX,2014,FY16,UM,Upper middle income
MEX,2015,FY17,UM,Upper middle income
MEX,2016,FY18,UM,Upper middle income
MEX,2017,FY19,UM,Upper middle income
MEX,2018,FY20,UM,Upper middle income
MEX,2019,FY21,UM,Upper middle income
MEX,2020,FY22,UM,Upper middle income
MEX,2021,FY23,UM,Upper middle income
MEX,2022,FY24,UM,Upper middle income
MEX,2023,FY25,UM,Upper middle income
MEX,2024,FY26,UM,Upper middle income
MEX,2025,FY27,UM,Upper middle income
MHL,1991,FY93,LM,Lower middle income
MHL,1992,FY94,LM,Lower middle income
MHL,1993,FY95,LM,Lower middle income
MHL,1994,FY96,LM,Lower middle income
MHL,1995,FY97,LM,Lower middle income
MHL,1996,FY98,LM,Lower middle income
MHL,1997,FY99,LM,Lower middle income
MHL,1998,FY00,LM,Lower middle income
MHL,1999,FY01,LM,Lower middle income
MHL,2000,FY02,LM,Lower middle income
MHL,2001,FY03,LM,Lower middle income
MHL,2002,FY04,LM,Lower middle income
MHL,2003,FY05,LM,Lower middle income
MHL,2004,FY06,LM,Lower middle income
MHL,2005,FY07,LM,Lower middle income
MHL,2006,FY08,LM,Lower middle income
MHL,2007,FY09,LM,Lower middle income
MHL,2008,FY10,LM,Lower middle income
MHL,2009,FY11,LM,Lower middle income
MHL,2010,FY12,LM,Lower middle income
MHL,2011,FY13,LM,Lower middle income
MHL,2012,FY14,UM,Upper middle income
MHL,2013,FY15,UM,Upper middle income
MHL,2014,FY16,UM,Upper middle income
MHL,2015,FY17,UM,Upper middle income
MHL,2016,FY18,UM,Upper middle income
MHL,2017,FY19,UM,Upper middle income
MHL,2018,FY20,UM,Upper middle income
MHL,2019,FY21,UM,Upper middle income
MHL,2020,FY22,UM,Upper middle income
MHL,2021,FY23,UM,Upper middle income
MHL,2022,FY24,UM,Upper middle income
MHL,2023,FY25,UM,Upper middle income
MHL,2024,FY26,UM,Upper middle income
MHL,2025,FY27,UM,Upper middle income
MKD,1992,FY94,LM,Lower middle income
MKD,1993,FY95,LM,Lower middle income
MKD,1994,FY96,LM,Lower middle income
MKD,1995,FY97,LM,Lower middle income
MKD,1996,FY98,LM,Lower middle income
MKD,1997,FY99,LM,Lower middle income
MKD,1998,FY00,LM,Lower middle income
MKD,1999,FY01,LM,Lower middle income
MKD,2000,FY02,LM,Lower middle income
MKD,2001,FY03,LM,Lower middle income
MKD,2002,FY04,LM,Lower middle income
MKD,2003,FY05,LM,Lower middle income
MKD,2004,FY06,LM,Lower middle income
MKD,2005,FY07,LM,Lower middle income
MKD,2006,FY08,LM,Lower middle income
MKD,2007,FY09,LM,Lower middle income
MKD,2008,FY10,UM,Upper middle income
MKD,2009,FY11,UM,Upper middle income
MKD,2010,FY12,UM,Upper middle income
MKD,2011,FY13,UM,Upper middle income
MKD,2012,FY14,UM,Upper middle income
MKD,2013,FY15,UM,Upper middle income
MKD,2014,FY16,UM,Upper middle income
MKD,2015,FY17,UM,Upper middle income
MKD,2016,FY18,UM,Upper middle income
MKD,2017,FY19,UM,Upper middle income
MKD,2018,FY20,UM,Upper middle income
MKD,2019,FY21,UM,Upper middle income
MKD,2020,FY22,UM,Upper middle income
MKD,2021,FY23,UM,Upper middle income
MKD,2022,FY24,UM,Upper middle income
MKD,2023,FY25,UM,Upper middle income
MKD,2024,FY26,UM,Upper middle income
MKD,2025,FY27,UM,Upper middle income
MLI,1987,FY89,L,Low income
MLI,1988,FY90,L,Low income
MLI,1989,FY91,L,Low income
MLI,1990,FY92,L,Low income
MLI,1991,FY93,L,Low income
MLI,1992,FY94,L,Low income
MLI,1993,FY95,L,Low income
MLI,1994,FY96,L,Low income
MLI,1995,FY97,L,Low income
MLI,1996,FY98,L,Low income
MLI,1997,FY99,L,Low income
MLI,1998,FY00,L,Low income
MLI,1999,FY01,L,Low income
MLI,2000,FY02,L,Low income
MLI,2001,FY03,L,Low income
MLI,2002,FY04,L,Low income
MLI,2003,FY05,L,Low income
MLI,2004,FY06,L,Low income
MLI,2005,FY07,L,Low income
MLI,2006,FY08,L,Low income
MLI,2007,FY09,L,Low income
MLI,2008,FY10,L,Low income
MLI,2009,FY11,L,Low income
MLI,2010,FY12,L,Low income
MLI,2011,FY13,L,Low income
MLI,2012,FY14,L,Low income
MLI,2013,FY15,L,Low income
MLI,2014,FY16,L,Low income
MLI,2015,FY17,L,Low income
MLI,2016,FY18,L,Low income
MLI,2017,FY19,L,Low income
MLI,2018,FY20,L,Low income
MLI,2019,FY21,L,Low income
MLI,2020,FY22,L,Low income
MLI,2021,FY23,L,Low income
MLI,2022,FY24,L,Low income
MLI,2023,FY25,L,Low income
MLI,2024,FY26,L,Low income
MLI,2025,FY27,L,Low income
MLT,1987,FY89,UM,Upper middle income
MLT,1988,FY90,UM,Upper middle income
MLT,1989,FY91,H,High income
MLT,1990,FY92,UM,Upper middle income
MLT,1991,FY93,UM,Upper middle income
MLT,1992,FY94,UM,Upper middle income
MLT,1993,FY95,UM,Upper middle income
MLT,1994,FY96,UM,Upper middle income
MLT,1995,FY97,UM,Upper middle income
MLT,1996,FY98,UM,Upper middle income
MLT,1997,FY99,UM,Upper middle income
MLT,1998,FY00,H,High income
MLT,1999,FY01,UM,Upper middle income
MLT,2000,FY02,H,High income
MLT,2001,FY03,UM,Upper middle income
MLT,2002,FY04,H,High income
MLT,2003,FY05,H,High income
MLT,2004,FY06,H,High income
MLT,2005,FY07,H,High income
MLT,2006,FY08,H,High income
MLT,2007,FY09,H,High income
MLT,2008,FY10,H,High income
MLT,2009,FY11,H,High income
MLT,2010,FY12,H,High income
MLT,2011,FY13,H,High income
MLT,2012,FY14,H,High income
MLT,2013,FY15,H,High income
MLT,2014,FY16,H,High income
MLT,2015,FY17,H,High income
MLT,2016,FY18,H,High income
MLT,2017,FY19,H,High income
MLT,2018,FY20,H,High income
MLT,2019,FY21,H,High income
MLT,2020,FY22,H,High income
MLT,2021,FY23,H,High income
MLT,2022,FY24,H,High income
MLT,2023,FY25,H,High income
MLT,2024,FY26,H,High income
MLT,2025,FY27,H,High income
MMR,1987,FY89,L,Low income
MMR,1988,FY90,L,Low income
MMR,1989,FY91,L,Low income
MMR,1990,FY92,L,Low income
MMR,1991,FY93,L,Low income
MMR,1992,FY94,L,Low income
MMR,1993,FY95,L,Low income
MMR,1994,FY96,L,Low income
MMR,1995,FY97,L,Low income
MMR,1996,FY98,L,Low income
MMR,1997,FY99,L,Low income
MMR,1998,FY00,L,Low income
MMR,1999,FY01,L,Low income
MMR,2000,FY02,L,Low income
MMR,2001,FY03,L,Low income
MMR,2002,FY04,L,Low income
MMR,2003,FY05,L,Low income
MMR,2004,FY06,L,Low income
MMR,2005,FY07,L,Low income
MMR,2006,FY08,L,Low income
MMR,2007,FY09,L,Low income
MMR,2008,FY10,L,Low income
MMR,2009,FY11,L,Low income
MMR,2010,FY12,L,Low income
MMR,2011,FY13,L,Low income
MMR,2012,FY14,L,Low income
MMR,2013,FY15,L,Low income
MMR,2014,FY16,LM,Lower middle income
MMR,2015,FY17,LM,Lower middle income
MMR,2016,FY18,LM,Lower middle income
MMR,2017,FY19,LM,Lower middle income
MMR,2018,FY20,LM,Lower middle income
MMR,2019,FY21,LM,Lower middle income
MMR,2020,FY22,LM,Lower middle income
MMR,2021,FY23,LM,Lower middle income
MMR,2022,FY24,LM,Lower middle income
MMR,2023,FY25,LM,Lower middle income
MMR,2024,FY26,LM,Lower middle income
MMR,2025,FY27,LM,Lower middle income
MNE,2006,FY08,UM,Upper middle income
MNE,2007,FY09,UM,Upper middle income
MNE,2008,FY10,UM,Upper middle income
MNE,2009,FY11,UM,Upper middle income
MNE,2010,FY12,UM,Upper middle income
MNE,2011,FY13,UM,Upper middle income
MNE,2012,FY14,UM,Upper middle income
MNE,2013,FY15,UM,Upper middle income
MNE,2014,FY16,UM,Upper middle income
MNE,2015,FY17,UM,Upper middle income
MNE,2016,FY18,UM,Upper middle income
MNE,2017,FY19,UM,Upper middle income
MNE,2018,FY20,UM,Upper middle income
MNE,2019,FY21,UM,Upper middle income
MNE,2020,FY22,UM,Upper middle income
MNE,2021,FY23,UM,Upper middle income
MNE,2022,FY24,UM,Upper middle income
MNE,2023,FY25,UM,Upper middle income
MNE,2024,FY26,UM,Upper middle income
MNE,2025,FY27,UM,Upper middle income
MNG,1989,FY91,LM,Lower middle income
MNG,1990,FY92,LM,Lower middle income
MNG,1991,FY93,LM,Lower middle income
MNG,1992,FY94,LM,Lower middle income
MNG,1993,FY95,L,Low income
MNG,1994,FY96,L,Low income
MNG,1995,FY97,L,Low income
MNG,1996,FY98,L,Low income
MNG,1997,FY99,L,Low income
MNG,1998,FY00,L,Low income
MNG,1999,FY01,L,Low income
MNG,2000,FY02,L,Low income
MNG,2001,FY03,L,Low income
MNG,2002,FY04,L,Low income
MNG,2003,FY05,L,Low income
MNG,2004,FY06,L,Low income
MNG,2005,FY07,L,Low income
MNG,2006,FY08,L,Low income
MNG,2007,FY09,LM,Lower middle income
MNG,2008,FY10,LM,Lower middle income
MNG,2009,FY11,LM,Lower middle income
MNG,2010,FY12,LM,Lower middle income
MNG,2011,FY13,LM,Lower middle income
MNG,2012,FY14,LM,Lower middle income
MNG,2013,FY15,LM,Lower middle income
MNG,2014,FY16,UM,Upper middle income
MNG,2015,FY17,LM,Lower middle income
MNG,2016,FY18,LM,Lower middle income
MNG,2017,FY19,LM,Lower middle income
MNG,2018,FY20,LM,Lower middle income
MNG,2019,FY21,LM,Lower middle income
MNG,2020,FY22,LM,Lower middle income
MNG,2021,FY23,LM,Lower middle income
MNG,2022,FY24,LM,Lower middle income
MNG,2023,FY25,UM,Upper middle income
MNG,2024,FY26,UM,Upper middle income
MNG,2025,FY27,UM,Upper middle income
MNP,1992,FY94,LM,Lower middle income
MNP,1993,FY95,LM,Lower middle income
MNP,1994,FY96,LM,Lower middle income
MNP,1995,FY97,H,High income
MNP,1996,FY98,H,High income
MNP,1997,FY99,H,High income
MNP,1998,FY00,H,High income
MNP,1999,FY01,H,High income
MNP,2000,FY02,H,High income
MNP,2001,FY03,H,High income
MNP,2002,FY04,UM,Upper middle income
MNP,2003,FY05,UM,Upper middle income
MNP,2004,FY06,UM,Upper middle income
MNP,2005,FY07,UM,Upper middle income
MNP,2006,FY08,UM,Upper middle income
MNP,2007,FY09,H,High income
MNP,2008,FY10,H,High income
MNP,2009,FY11,H,High income
MNP,2010,FY12,H,High income
MNP,2011,FY13,H,High income
MNP,2012,FY14,H,High income
MNP,2013,FY15,H,High income
MNP,2014,FY16,H,High income
MNP,2015,FY17,H,High income
MNP,2016,FY18,H,High income
MNP,2017,FY19,H,High income
MNP,2018,FY20,H,High income
MNP,2019,FY21,H,High income
MNP,2020,FY22,H,High income
MNP,2021,FY23,H,High income
MNP,2022,FY24,H,High income
MNP,2023,FY25,H,High income
MNP,2024,FY26,H,High income
MNP,2025,FY27,H,High income
MOZ,1987,FY89,L,Low income
MOZ,1988,FY90,L,Low income
MOZ,1989,FY91,L,Low income
MOZ,1990,FY92,L,Low income
MOZ,1991,FY93,L,Low income
MOZ,1992,FY94,L,Low income
MOZ,1993,FY95,L,Low income
MOZ,1994,FY96,L,Low income
MOZ,1995,FY97,L,Low income
MOZ,1996,FY98,L,Low income
MOZ,1997,FY99,L,Low income
MOZ,1998,FY00,L,Low income
MOZ,1999,FY01,L,Low income
MOZ,2000,FY02,L,Low income
MOZ,2001,FY03,L,Low income
MOZ,2002,FY04,L,Low income
MOZ,2003,FY05,L,Low income
MOZ,2004,FY06,L,Low income
MOZ,2005,FY07,L,Low income
MOZ,2006,FY08,L,Low income
MOZ,2007,FY09,L,Low income
MOZ,2008,FY10,L,Low income
MOZ,2009,FY11,L,Low income
MOZ,2010,FY12,L,Low income
MOZ,2011,FY13,L,Low income
MOZ,2012,FY14,L,Low income
MOZ,2013,FY15,L,Low income
MOZ,2014,FY16,L,Low income
MOZ,2015,FY17,L,Low income
MOZ,2016,FY18,L,Low income
MOZ,2017,FY19,L,Low income
MOZ,2018,FY20,L,Low income
MOZ,2019,FY21,L,Low income
MOZ,2020,FY22,L,Low income
MOZ,2021,FY23,L,Low income
MOZ,2022,FY24,L,Low income
MOZ,2023,FY25,L,Low income
MOZ,2024,FY26,L,Low income
MOZ,2025,FY27,L,Low income
MRT,1987,FY89,L,Low income
MRT,1988,FY90,L,Low income
MRT,1989,FY91,L,Low income
MRT,1990,FY92,L,Low income
MRT,1991,FY93,L,Low income
MRT,1992,FY94,L,Low income
MRT,1993,FY95,L,Low income
MRT,1994,FY96,L,Low income
MRT,1995,FY97,L,Low income
MRT,1996,FY98,L,Low income
MRT,1997,FY99,L,Low income
MRT,1998,FY00,L,Low income
MRT,1999,FY01,L,Low income
MRT,2000,FY02,L,Low income
MRT,2001,FY03,L,Low income
MRT,2002,FY04,L,Low income
MRT,2003,FY05,L,Low income
MRT,2004,FY06,L,Low income
MRT,2005,FY07,L,Low income
MRT,2006,FY08,L,Low income
MRT,2007,FY09,L,Low income
MRT,2008,FY10,L,Low income
MRT,2009,FY11,L,Low income
MRT,2010,FY12,LM,Lower middle income
MRT,2011,FY13,L,Low income
MRT,2012,FY14,LM,Lower middle income
MRT,2013,FY15,LM,Lower middle income
MRT,2014,FY16,LM,Lower middle income
MRT,2015,FY17,LM,Lower middle income
MRT,2016,FY18,LM,Lower middle income
MRT,2017,FY19,LM,Lower middle income
MRT,2018,FY20,LM,Lower middle income
MRT,2019,FY21,LM,Lower middle income
MRT,2020,FY22,LM,Lower middle income
MRT,2021,FY23,LM,Lower middle income
MRT,2022,FY24,LM,Lower middle income
MRT,2023,FY25,LM,Lower middle income
MRT,2024,FY26,LM,Lower middle income
MRT,2025,FY27,LM,Lower middle income
MUS,1987,FY89,LM,Lower middle income
MUS,1988,FY90,LM,Lower middle income
MUS,1989,FY91,LM,Lower middle income
MUS,1990,FY92,LM,Lower middle income
MUS,1991,FY93,LM,Lower middle income
MUS,1992,FY94,UM,Upper middle income
MUS,1993,FY95,UM,Upper middle income
MUS,1994,FY96,UM,Upper middle income
MUS,1995,FY97,UM,Upper middle income
MUS,1996,FY98,UM,Upper middle income
MUS,1997,FY99,UM,Upper middle income
MUS,1998,FY00,UM,Upper middle income
MUS,1999,FY01,UM,Upper middle income
MUS,2000,FY02,UM,Upper middle income
MUS,2001,FY03,UM,Upper middle income
MUS,2002,FY04,UM,Upper middle income
MUS,2003,FY05,UM,Upper middle income
MUS,2004,FY06,UM,Upper middle income
MUS,2005,FY07,UM,Upper middle income
MUS,2006,FY08,UM,Upper middle income
MUS,2007,FY09,UM,Upper middle income
MUS,2008,FY10,UM,Upper middle income
MUS,2009,FY11,UM,Upper middle income
MUS,2010,FY12,UM,Upper middle income
MUS,2011,FY13,UM,Upper middle income
MUS,2012,FY14,UM,Upper middle income
MUS,2013,FY15,UM,Upper middle income
MUS,2014,FY16,UM,Upper middle income
MUS,2015,FY17,UM,Upper middle income
MUS,2016,FY18,UM,Upper middle income
MUS,2017,FY19,UM,Upper middle income
MUS,2018,FY20,UM,Upper middle income
MUS,2019,FY21,H,High income
MUS,2020,FY22,UM,Upper middle income
MUS,2021,FY23,UM,Upper middle income
MUS,2022,FY24,UM,Upper middle income
MUS,2023,FY25,UM,Upper middle income
MUS,2024,FY26,UM,Upper middle income
MUS,2025,FY27,UM,Upper middle income
MWI,1987,FY89,L,Low income
MWI,1988,FY90,L,Low income
MWI,1989,FY91,L,Low income
MWI,1990,FY92,L,Low income
MWI,1991,FY93,L,Low income
MWI,1992,FY94,L,Low income
MWI,1993,FY95,L,Low income
MWI,1994,FY96,L,Low income
MWI,1995,FY97,L,Low income
MWI,1996,FY98,L,Low income
MWI,1997,FY99,L,Low income
MWI,1998,FY00,L,Low income
MWI,1999,FY01,L,Low income
MWI,2000,FY02,L,Low income
MWI,2001,FY03,L,Low income
MWI,2002,FY04,L,Low income
MWI,2003,FY05,L,Low income
MWI,2004,FY06,L,Low income
MWI,2005,FY07,L,Low income
MWI,2006,FY08,L,Low income
MWI,2007,FY09,L,Low income
MWI,2008,FY10,L,Low income
MWI,2009,FY11,L,Low income
MWI,2010,FY12,L,Low income
MWI,2011,FY13,L,Low income
MWI,2012,FY14,L,Low income
MWI,2013,FY15,L,Low income
MWI,2014,FY16,L,Low income
MWI,2015,FY17,L,Low income
MWI,2016,FY18,L,Low income
MWI,2017,FY19,L,Low income
MWI,2018,FY20,L,Low income
MWI,2019,FY21,L,Low income
MWI,2020,FY22,L,Low income
MWI,2021,FY23,L,Low income
MWI,2022,FY24,L,Low income
MWI,2023,FY25,L,Low income
MWI,2024,FY26,L,Low income
MWI,2025,FY27,L,Low income
MYS,1987,FY89,LM,Lower middle income
MYS,1988,FY90,LM,Lower middle income
MYS,1989,FY91,LM,Lower middle income
MYS,1990,FY92,LM,Lower middle income
MYS,1991,FY93,LM,Lower middle income
MYS,1992,FY94,UM,Upper middle income
MYS,1993,FY95,UM,Upper middle income
MYS,1994,FY96,UM,Upper middle income
MYS,1995,FY97,UM,Upper middle income
MYS,1996,FY98,UM,Upper middle income
MYS,1997,FY99,UM,Upper middle income
MYS,1998,FY00,UM,Upper middle income
MYS,1999,FY01,UM,Upper middle income
MYS,2000,FY02,UM,Upper middle income
MYS,2001,FY03,UM,Upper middle income
MYS,2002,FY04,UM,Upper middle income
MYS,2003,FY05,UM,Upper middle income
MYS,2004,FY06,UM,Upper middle income
MYS,2005,FY07,UM,Upper middle income
MYS,2006,FY08,UM,Upper middle income
MYS,2007,FY09,UM,Upper middle income
MYS,2008,FY10,UM,Upper middle income
MYS,2009,FY11,UM,Upper middle income
MYS,2010,FY12,UM,Upper middle income
MYS,2011,FY13,UM,Upper middle income
MYS,2012,FY14,UM,Upper middle income
MYS,2013,FY15,UM,Upper middle income
MYS,2014,FY16,UM,Upper middle income
MYS,2015,FY17,UM,Upper middle income
MYS,2016,FY18,UM,Upper middle income
MYS,2017,FY19,UM,Upper middle income
MYS,2018,FY20,UM,Upper middle income
MYS,2019,FY21,UM,Upper middle income
MYS,2020,FY22,UM,Upper middle income
MYS,2021,FY23,UM,Upper middle income
MYS,2022,FY24,UM,Upper middle income
MYS,2023,FY25,UM,Upper middle income
MYS,2024,FY26,UM,Upper middle income
MYS,2025,FY27,UM,Upper middle income
MYT,1990,FY92,H,High income
MYT,1991,FY93,UM,Upper middle income
MYT,1992,FY94,UM,Upper middle income
MYT,1993,FY95,UM,Upper middle income
MYT,1994,FY96,UM,Upper middle income
MYT,1995,FY97,UM,Upper middle income
MYT,1996,FY98,UM,Upper middle income
MYT,1997,FY99,UM,Upper middle income
MYT,1998,FY00,UM,Upper middle income
MYT,1999,FY01,UM,Upper middle income
MYT,2000,FY02,UM,Upper middle income
MYT,2001,FY03,UM,Upper middle income
MYT,2002,FY04,UM,Upper middle income
MYT,2003,FY05,UM,Upper middle income
MYT,2004,FY06,UM,Upper middle income
MYT,2005,FY07,UM,Upper middle income
MYT,2006,FY08,UM,Upper middle income
MYT,2007,FY09,UM,Upper middle income
MYT,2008,FY10,UM,Upper middle income
MYT,2009,FY11,UM,Upper middle income
MYT,2010,FY12,UM,Upper middle income
NAM,1989,FY91,LM,Lower middle income
NAM,1990,FY92,LM,Lower middle income
NAM,1991,FY93,LM,Lower middle income
NAM,1992,FY94,LM,Lower middle income
NAM,1993,FY95,LM,Lower middle income
NAM,1994,FY96,LM,Lower middle income
NAM,1995,FY97,LM,Lower middle income
NAM,1996,FY98,LM,Lower middle income
NAM,1997,FY99,LM,Lower middle income
NAM,1998,FY00,LM,Lower middle income
NAM,1999,FY01,LM,Lower middle income
NAM,2000,FY02,LM,Lower middle income
NAM,2001,FY03,LM,Lower middle income
NAM,2002,FY04,LM,Lower middle income
NAM,2003,FY05,LM,Lower middle income
NAM,2004,FY06,LM,Lower middle income
NAM,2005,FY07,LM,Lower middle income
NAM,2006,FY08,LM,Lower middle income
NAM,2007,FY09,LM,Lower middle income
NAM,2008,FY10,UM,Upper middle income
NAM,2009,FY11,UM,Upper middle income
NAM,2010,FY12,UM,Upper middle income
NAM,2011,FY13,UM,Upper middle income
NAM,2012,FY14,UM,Upper middle income
NAM,2013,FY15,UM,Upper middle income
NAM,2014,FY16,UM,Upper middle income
NAM,2015,FY17,UM,Upper middle income
NAM,2016,FY18,UM,Upper middle income
NAM,2017,FY19,UM,Upper middle income
NAM,2018,FY20,UM,Upper middle income
NAM,2019,FY21,UM,Upper middle income
NAM,2020,FY22,UM,Upper middle income
NAM,2021,FY23,UM,Upper middle income
NAM,2022,FY24,UM,Upper middle income
NAM,2023,FY25,UM,Upper middle income
NAM,2024,FY26,LM,Lower middle income
NAM,2025,FY27,LM,Lower middle income
NCL,1987,FY89,UM,Upper middle income
NCL,1988,FY90,UM,Upper middle income
NCL,1989,FY91,UM,Upper middle income
NCL,1990,FY92,UM,Upper middle income
NCL,1991,FY93,UM,Upper middle income
NCL,1992,FY94,UM,Upper middle income
NCL,1993,FY95,UM,Upper middle income
NCL,1994,FY96,UM,Upper middle income
NCL,1995,FY97,H,High income
NCL,1996,FY98,H,High income
NCL,1997,FY99,H,High income
NCL,1998,FY00,H,High income
NCL,1999,FY01,H,High income
NCL,2000,FY02,H,High income
NCL,2001,FY03,H,High income
NCL,2002,FY04,H,High income
NCL,2003,FY05,H,High income
NCL,2004,FY06,H,High income
NCL,2005,FY07,H,High income
NCL,2006,FY08,H,High income
NCL,2007,FY09,H,High income
NCL,2008,FY10,H,High income
NCL,2009,FY11,H,High income
NCL,2010,FY12,H,High income
NCL,2011,FY13,H,High income
NCL,2012,FY14,H,High income
NCL,2013,FY15,H,High income
NCL,2014,FY16,H,High income
NCL,2015,FY17,H,High income
NCL,2016,FY18,H,High income
NCL,2017,FY19,H,High income
NCL,2018,FY20,H,High income
NCL,2019,FY21,H,High income
NCL,2020,FY22,H,High income
NCL,2021,FY23,H,High income
NCL,2022,FY24,H,High income
NCL,2023,FY25,H,High income
NCL,2024,FY26,H,High income
NCL,2025,FY27,H,High income
NER,1987,FY89,L,Low income
NER,1988,FY90,L,Low income
NER,1989,FY91,L,Low income
NER,1990,FY92,L,Low income
NER,1991,FY93,L,Low income
NER,1992,FY94,L,Low income
NER,1993,FY95,L,Low income
NER,1994,FY96,L,Low income
NER,1995,FY97,L,Low income
NER,1996,FY98,L,Low income
NER,1997,FY99,L,Low income
NER,1998,FY00,L,Low income
NER,1999,FY01,L,Low income
NER,2000,FY02,L,Low income
NER,2001,FY03,L,Low income
NER,2002,FY04,L,Low income
NER,2003,FY05,L,Low income
NER,2004,FY06,L,Low income
NER,2005,FY07,L,Low income
NER,2006,FY08,L,Low income
NER,2007,FY09,L,Low income
NER,2008,FY10,L,Low income
NER,2009,FY11,L,Low income
NER,2010,FY12,L,Low income
NER,2011,FY13,L,Low income
NER,2012,FY14,L,Low income
NER,2013,FY15,L,Low income
NER,2014,FY16,L,Low income
NER,2015,FY17,L,Low income
NER,2016,FY18,L,Low income
NER,2017,FY19,L,Low income
NER,2018,FY20,L,Low income
NER,2019,FY21,L,Low income
NER,2020,FY22,L,Low income
NER,2021,FY23,L,Low income
NER,2022,FY24,L,Low income
NER,2023,FY25,L,Low income
NER,2024,FY26,L,Low income
NER,2025,FY27,L,Low income
NGA,1987,FY89,L,Low income
NGA,1988,FY90,L,Low income
NGA,1989,FY91,L,Low income
NGA,1990,FY92,L,Low income
NGA,1991,FY93,L,Low income
NGA,1992,FY94,L,Low income
NGA,1993,FY95,L,Low income
NGA,1994,FY96,L,Low income
NGA,1995,FY97,L,Low income
NGA,1996,FY98,L,Low income
NGA,1997,FY99,L,Low income
NGA,1998,FY00,L,Low income
NGA,1999,FY01,L,Low income
NGA,2000,FY02,L,Low income
NGA,2001,FY03,L,Low income
NGA,2002,FY04,L,Low income
NGA,2003,FY05,L,Low income
NGA,2004,FY06,L,Low income
NGA,2005,FY07,L,Low income
NGA,2006,FY08,L,Low income
NGA,2007,FY09,L,Low income
NGA,2008,FY10,LM,Lower middle income
NGA,2009,FY11,LM,Lower middle income
NGA,2010,FY12,LM,Lower middle income
NGA,2011,FY13,LM,Lower middle income
NGA,2012,FY14,LM,Lower middle income
NGA,2013,FY15,LM,Lower middle income
NGA,2014,FY16,LM,Lower middle income
NGA,2015,FY17,LM,Lower middle income
NGA,2016,FY18,LM,Lower middle income
NGA,2017,FY19,LM,Lower middle income
NGA,2018,FY20,LM,Lower middle income
NGA,2019,FY21,LM,Lower middle income
NGA,2020,FY22,LM,Lower middle income
NGA,2021,FY23,LM,Lower middle income
NGA,2022,FY24,LM,Lower middle income
NGA,2023,FY25,LM,Lower middle income
NGA,2024,FY26,LM,Lower middle income
NGA,2025,FY27,LM,Lower middle income
NIC,1987,FY89,LM,Lower middle income
NIC,1988,FY90,LM,Lower middle income
NIC,1989,FY91,LM,Lower middle income
NIC,1990,FY92,LM,Lower middle income
NIC,1991,FY93,L,Low income
NIC,1992,FY94,L,Low income
NIC,1993,FY95,L,Low income
NIC,1994,FY96,L,Low income
NIC,1995,FY97,L,Low income
NIC,1996,FY98,L,Low income
NIC,1997,FY99,L,Low income
NIC,1998,FY00,L,Low income
NIC,1999,FY01,L,Low income
NIC,2000,FY02,L,Low income
NIC,2001,FY03,L,Low income
NIC,2002,FY04,L,Low income
NIC,2003,FY05,L,Low income
NIC,2004,FY06,L,Low income
NIC,2005,FY07,LM,Lower middle income
NIC,2006,FY08,LM,Lower middle income
NIC,2007,FY09,LM,Lower middle income
NIC,2008,FY10,LM,Lower middle income
NIC,2009,FY11,LM,Lower middle income
NIC,2010,FY12,LM,Lower middle income
NIC,2011,FY13,LM,Lower middle income
NIC,2012,FY14,LM,Lower middle income
NIC,2013,FY15,LM,Lower middle income
NIC,2014,FY16,LM,Lower middle income
NIC,2015,FY17,LM,Lower middle income
NIC,2016,FY18,LM,Lower middle income
NIC,2017,FY19,LM,Lower middle income
NIC,2018,FY20,LM,Lower middle income
NIC,2019,FY21,LM,Lower middle income
NIC,2020,FY22,LM,Lower middle income
NIC,2021,FY23,LM,Lower middle income
NIC,2022,FY24,LM,Lower middle income
NIC,2023,FY25,LM,Lower middle income
NIC,2024,FY26,LM,Lower middle income
NIC,2025,FY27,LM,Lower middle income
NLD,1987,FY89,H,High income
NLD,1988,FY90,H,High income
NLD,1989,FY91,H,High income
NLD,1990,FY92,H,High income
NLD,1991,FY93,H,High income
NLD,1992,FY94,H,High income
NLD,1993,FY95,H,High income
NLD,1994,FY96,H,High income
NLD,1995,FY97,H,High income
NLD,1996,FY98,H,High income
NLD,1997,FY99,H,High income
NLD,1998,FY00,H,High income
NLD,1999,FY01,H,High income
NLD,2000,FY02,H,High income
NLD,2001,FY03,H,High income
NLD,2002,FY04,H,High income
NLD,2003,FY05,H,High income
NLD,2004,FY06,H,High income
NLD,2005,FY07,H,High income
NLD,2006,FY08,H,High income
NLD,2007,FY09,H,High income
NLD,2008,FY10,H,High income
NLD,2009,FY11,H,High income
NLD,2010,FY12,H,High income
NLD,2011,FY13,H,High income
NLD,2012,FY14,H,High income
NLD,2013,FY15,H,High income
NLD,2014,FY16,H,High income
NLD,2015,FY17,H,High income
NLD,2016,FY18,H,High income
NLD,2017,FY19,H,High income
NLD,2018,FY20,H,High income
NLD,2019,FY21,H,High income
NLD,2020,FY22,H,High income
NLD,2021,FY23,H,High income
NLD,2022,FY24,H,High income
NLD,2023,FY25,H,High income
NLD,2024,FY26,H,High income
NLD,2025,FY27,H,High income
NOR,1987,FY89,H,High income
NOR,1988,FY90,H,High income
NOR,1989,FY91,H,High income
NOR,1990,FY92,H,High income
NOR,1991,FY93,H,High income
NOR,1992,FY94,H,High income
NOR,1993,FY95,H,High income
NOR,1994,FY96,H,High income
NOR,1995,FY97,H,High income
NOR,1996,FY98,H,High income
NOR,1997,FY99,H,High income
NOR,1998,FY00,H,High income
NOR,1999,FY01,H,High income
NOR,2000,FY02,H,High income
NOR,2001,FY03,H,High income
NOR,2002,FY04,H,High income
NOR,2003,FY05,H,High income
NOR,2004,FY06,H,High income
NOR,2005,FY07,H,High income
NOR,2006,FY08,H,High income
NOR,2007,FY09,H,High income
NOR,2008,FY10,H,High income
NOR,2009,FY11,H,High income
NOR,2010,FY12,H,High income
NOR,2011,FY13,H,High income
NOR,2012,FY14,H,High income
NOR,2013,FY15,H,High income
NOR,2014,FY16,H,High income
NOR,2015,FY17,H,High income
NOR,2016,FY18,H,High income
NOR,2017,FY19,H,High income
NOR,2018,FY20,H,High income
NOR,2019,FY21,H,High income
NOR,2020,FY22,H,High income
NOR,2021,FY23,H,High income
NOR,2022,FY24,H,High income
NOR,2023,FY25,H,High income
NOR,2024,FY26,H,High income
NOR,2025,FY27,H,High income
NPL,1987,FY89,L,Low income
NPL,1988,FY90,L,Low income
NPL,1989,FY91,L,Low income
NPL,1990,FY92,L,Low income
NPL,1991,FY93,L,Low income
NPL,1992,FY94,L,Low income
NPL,1993,FY95,L,Low income
NPL,1994,FY96,L,Low income
NPL,1995,FY97,L,Low income
NPL,1996,FY98,L,Low income
NPL,1997,FY99,L,Low income
NPL,1998,FY00,L,Low income
NPL,1999,FY01,L,Low income
NPL,2000,FY02,L,Low income
NPL,2001,FY03,L,Low income
NPL,2002,FY04,L,Low income
NPL,2003,FY05,L,Low income
NPL,2004,FY06,L,Low income
NPL,2005,FY07,L,Low income
NPL,2006,FY08,L,Low income
NPL,2007,FY09,L,Low income
NPL,2008,FY10,L,Low income
NPL,2009,FY11,L,Low income
NPL,2010,FY12,L,Low income
NPL,2011,FY13,L,Low income
NPL,2012,FY14,L,Low income
NPL,2013,FY15,L,Low income
NPL,2014,FY16,L,Low income
NPL,2015,FY17,L,Low income
NPL,2016,FY18,L,Low income
NPL,2017,FY19,L,Low income
NPL,2018,FY20,L,Low income
NPL,2019,FY21,LM,Lower middle income
NPL,2020,FY22,LM,Lower middle income
NPL,2021,FY23,LM,Lower middle income
NPL,2022,FY24,LM,Lower middle income
NPL,2023,FY25,LM,Lower middle income
NPL,2024,FY26,LM,Lower middle income
NPL,2025,FY27,LM,Lower middle income
NRU,2015,FY17,H,High income
NRU,2016,FY18,UM,Upper middle income
NRU,2017,FY19,UM,Upper middle income
NRU,2018,FY20,UM,Upper middle income
NRU,2019,FY21,H,High income
NRU,2020,FY22,H,High income
NRU,2021,FY23,H,High income
NRU,2022,FY24,H,High income
NRU,2023,FY25,H,High income
NRU,2024,FY26,H,High income
NRU,2025,FY27,H,High income
NZL,1987,FY89,H,High income
NZL,1988,FY90,H,High income
NZL,1989,FY91,H,High income
NZL,1990,FY92,H,High income
NZL,1991,FY93,H,High income
NZL,1992,FY94,H,High income
NZL,1993,FY95,H,High income
NZL,1994,FY96,H,High income
NZL,1995,FY97,H,High income
NZL,1996,FY98,H,High income
NZL,1997,FY99,H,High income
NZL,1998,FY00,H,High income
NZL,1999,FY01,H,High income
NZL,2000,FY02,H,High income
NZL,2001,FY03,H,High income
NZL,2002,FY04,H,High income
NZL,2003,FY05,H,High income
NZL,2004,FY06,H,High income
NZL,2005,FY07,H,High income
NZL,2006,FY08,H,High income
NZL,2007,FY09,H,High income
NZL,2008,FY10,H,High income
NZL,2009,FY11,H,High income
NZL,2010,FY12,H,High income
NZL,2011,FY13,H,High income
NZL,2012,FY14,H,High income
NZL,2013,FY15,H,High income
NZL,2014,FY16,H,High income
NZL,2015,FY17,H,High income
NZL,2016,FY18,H,High income
NZL,2017,FY19,H,High income
NZL,2018,FY20,H,High income
NZL,2019,FY21,H,High income
NZL,2020,FY22,H,High income
NZL,2021,FY23,H,High income
NZL,2022,FY24,H,High income
NZL,2023,FY25,H,High income
NZL,2024,FY26,H,High income
NZL,2025,FY27,H,High income
OMN,1987,FY89,UM,Upper middle income
OMN,1988,FY90,UM,Upper middle income
OMN,1989,FY91,UM,Upper middle income
OMN,1990,FY92,UM,Upper middle income
OMN,1991,FY93,UM,Upper middle income
OMN,1992,FY94,UM,Upper middle income
OMN,1993,FY95,UM,Upper middle income
OMN,1994,FY96,UM,Upper middle income
OMN,1995,FY97,UM,Upper middle income
OMN,1996,FY98,UM,Upper middle income
OMN,1997,FY99,UM,Upper middle income
OMN,1998,FY00,UM,Upper middle income
OMN,1999,FY01,UM,Upper middle income
OMN,2000,FY02,UM,Upper middle income
OMN,2001,FY03,UM,Upper middle income
OMN,2002,FY04,UM,Upper middle income
OMN,2003,FY05,UM,Upper middle income
OMN,2004,FY06,UM,Upper middle income
OMN,2005,FY07,UM,Upper middle income
OMN,2006,FY08,UM,Upper middle income
OMN,2007,FY09,H,High income
OMN,2008,FY10,H,High income
OMN,2009,FY11,H,High income
OMN,2010,FY12,H,High income
OMN,2011,FY13,H,High income
OMN,2012,FY14,H,High income
OMN,2013,FY15,H,High income
OMN,2014,FY16,H,High income
OMN,2015,FY17,H,High income
OMN,2016,FY18,H,High income
OMN,2017,FY19,H,High income
OMN,2018,FY20,H,High income
OMN,2019,FY21,H,High income
OMN,2020,FY22,H,High income
OMN,2021,FY23,H,High income
OMN,2022,FY24,H,High income
OMN,2023,FY25,H,High income
OMN,2024,FY26,H,High income
OMN,2025,FY27,H,High income
PAK,1987,FY89,L,Low income
PAK,1988,FY90,L,Low income
PAK,1989,FY91,L,Low income
PAK,1990,FY92,L,Low income
PAK,1991,FY93,L,Low income
PAK,1992,FY94,L,Low income
PAK,1993,FY95,L,Low income
PAK,1994,FY96,L,Low income
PAK,1995,FY97,L,Low income
PAK,1996,FY98,L,Low income
PAK,1997,FY99,L,Low income
PAK,1998,FY00,L,Low income
PAK,1999,FY01,L,Low income
PAK,2000,FY02,L,Low income
PAK,2001,FY03,L,Low income
PAK,2002,FY04,L,Low income
PAK,2003,FY05,L,Low income
PAK,2004,FY06,L,Low income
PAK,2005,FY07,L,Low income
PAK,2006,FY08,L,Low income
PAK,2007,FY09,L,Low income
PAK,2008,FY10,LM,Lower middle income
PAK,2009,FY11,LM,Lower middle income
PAK,2010,FY12,LM,Lower middle income
PAK,2011,FY13,LM,Lower middle income
PAK,2012,FY14,LM,Lower middle income
PAK,2013,FY15,LM,Lower middle income
PAK,2014,FY16,LM,Lower middle income
PAK,2015,FY17,LM,Lower middle income
PAK,2016,FY18,LM,Lower middle income
PAK,2017,FY19,LM,Lower middle income
PAK,2018,FY20,LM,Lower middle income
PAK,2019,FY21,LM,Lower middle income
PAK,2020,FY22,LM,Lower middle income
PAK,2021,FY23,LM,Lower middle income
PAK,2022,FY24,LM,Lower middle income
PAK,2023,FY25,LM,Lower middle income
PAK,2024,FY26,LM,Lower middle income
PAK,2025,FY27,LM,Lower middle income
PAN,1987,FY89,UM,Upper middle income
PAN,1988,FY90,LM,Lower middle income
PAN,1989,FY91,LM,Lower middle income
PAN,1990,FY92,LM,Lower middle income
PAN,1991,FY93,LM,Lower middle income
PAN,1992,FY94,LM,Lower middle income
PAN,1993,FY95,LM,Lower middle income
PAN,1994,FY96,LM,Lower middle income
PAN,1995,FY97,LM,Lower middle income
PAN,1996,FY98,LM,Lower middle income
PAN,1997,FY99,LM,Lower middle income
PAN,1998,FY00,UM,Upper middle income
PAN,1999,FY01,UM,Upper middle income
PAN,2000,FY02,UM,Upper middle income
PAN,2001,FY03,UM,Upper middle income
PAN,2002,FY04,UM,Upper middle income
PAN,2003,FY05,UM,Upper middle income
PAN,2004,FY06,UM,Upper middle income
PAN,2005,FY07,UM,Upper middle income
PAN,2006,FY08,UM,Upper middle income
PAN,2007,FY09,UM,Upper middle income
PAN,2008,FY10,UM,Upper middle income
PAN,2009,FY11,UM,Upper middle income
PAN,2010,FY12,UM,Upper middle income
PAN,2011,FY13,UM,Upper middle income
PAN,2012,FY14,UM,Upper middle income
PAN,2013,FY15,UM,Upper middle income
PAN,2014,FY16,UM,Upper middle income
PAN,2015,FY17,UM,Upper middle income
PAN,2016,FY18,UM,Upper middle income
PAN,2017,FY19,H,High income
PAN,2018,FY20,H,High income
PAN,2019,FY21,H,High income
PAN,2020,FY22,UM,Upper middle income
PAN,2021,FY23,H,High income
PAN,2022,FY24,H,High income
PAN,2023,FY25,H,High income
PAN,2024,FY26,H,High income
PAN,2025,FY27,H,High income
PER,1987,FY89,LM,Lower middle income
PER,1988,FY90,LM,Lower middle income
PER,1989,FY91,LM,Lower middle income
PER,1990,FY92,LM,Lower middle income
PER,1991,FY93,LM,Lower middle income
PER,1992,FY94,LM,Lower middle income
PER,1993,FY95,LM,Lower middle income
PER,1994,FY96,LM,Lower middle income
PER,1995,FY97,LM,Lower middle income
PER,1996,FY98,LM,Lower middle income
PER,1997,FY99,LM,Lower middle income
PER,1998,FY00,LM,Lower middle income
PER,1999,FY01,LM,Lower middle income
PER,2000,FY02,LM,Lower middle income
PER,2001,FY03,LM,Lower middle income
PER,2002,FY04,LM,Lower middle income
PER,2003,FY05,LM,Lower middle income
PER,2004,FY06,LM,Lower middle income
PER,2005,FY07,LM,Lower middle income
PER,2006,FY08,LM,Lower middle income
PER,2007,FY09,LM,Lower middle income
PER,2008,FY10,UM,Upper middle income
PER,2009,FY11,UM,Upper middle income
PER,2010,FY12,UM,Upper middle income
PER,2011,FY13,UM,Upper middle income
PER,2012,FY14,UM,Upper middle income
PER,2013,FY15,UM,Upper middle income
PER,2014,FY16,UM,Upper middle income
PER,2015,FY17,UM,Upper middle income
PER,2016,FY18,UM,Upper middle income
PER,2017,FY19,UM,Upper middle income
PER,2018,FY20,UM,Upper middle income
PER,2019,FY21,UM,Upper middle income
PER,2020,FY22,UM,Upper middle income
PER,2021,FY23,UM,Upper middle income
PER,2022,FY24,UM,Upper middle income
PER,2023,FY25,UM,Upper middle income
PER,2024,FY26,UM,Upper middle income
PER,2025,FY27,UM,Upper middle income
PHL,1987,FY89,LM,Lower middle income
PHL,1988,FY90,LM,Lower middle income
PHL,1989,FY91,LM,Lower middle income
PHL,1990,FY92,LM,Lower middle income
PHL,1991,FY93,LM,Lower middle income
PHL,1992,FY94,LM,Lower middle income
PHL,1993,FY95,LM,Lower middle income
PHL,1994,FY96,LM,Lower middle income
PHL,1995,FY97,LM,Lower middle income
PHL,1996,FY98,LM,Lower middle income
PHL,1997,FY99,LM,Lower middle income
PHL,1998,FY00,LM,Lower middle income
PHL,1999,FY01,LM,Lower middle income
PHL,2000,FY02,LM,Lower middle income
PHL,2001,FY03,LM,Lower middle income
PHL,2002,FY04,LM,Lower middle income
PHL,2003,FY05,LM,Lower middle income
PHL,2004,FY06,LM,Lower middle income
PHL,2005,FY07,LM,Lower middle income
PHL,2006,FY08,LM,Lower middle income
PHL,2007,FY09,LM,Lower middle income
PHL,2008,FY10,LM,Lower middle income
PHL,2009,FY11,LM,Lower middle income
PHL,2010,FY12,LM,Lower middle income
PHL,2011,FY13,LM,Lower middle income
PHL,2012,FY14,LM,Lower middle income
PHL,2013,FY15,LM,Lower middle income
PHL,2014,FY16,LM,Lower middle income
PHL,2015,FY17,LM,Lower middle income
PHL,2016,FY18,LM,Lower middle income
PHL,2017,FY19,LM,Lower middle income
PHL,2018,FY20,LM,Lower middle income
PHL,2019,FY21,LM,Lower middle income
PHL,2020,FY22,LM,Lower middle income
PHL,2021,FY23,LM,Lower middle income
PHL,2022,FY24,LM,Lower middle income
PHL,2023,FY25,LM,Lower middle income
PHL,2024,FY26,LM,Lower middle income
PHL,2025,FY27,UM,Upper middle income
PLW,1996,FY98,UM,Upper middle income
PLW,1997,FY99,UM,Upper middle income
PLW,1998,FY00,UM,Upper middle income
PLW,1999,FY01,UM,Upper middle income
PLW,2000,FY02,UM,Upper middle income
PLW,2001,FY03,UM,Upper middle income
PLW,2002,FY04,UM,Upper middle income
PLW,2003,FY05,UM,Upper middle income
PLW,2004,FY06,UM,Upper middle income
PLW,2005,FY07,UM,Upper middle income
PLW,2006,FY08,UM,Upper middle income
PLW,2007,FY09,UM,Upper middle income
PLW,2008,FY10,UM,Upper middle income
PLW,2009,FY11,UM,Upper middle income
PLW,2010,FY12,UM,Upper middle income
PLW,2011,FY13,UM,Upper middle income
PLW,2012,FY14,UM,Upper middle income
PLW,2013,FY15,UM,Upper middle income
PLW,2014,FY16,UM,Upper middle income
PLW,2015,FY17,UM,Upper middle income
PLW,2016,FY18,H,High income
PLW,2017,FY19,H,High income
PLW,2018,FY20,H,High income
PLW,2019,FY21,H,High income
PLW,2020,FY22,H,High income
PLW,2021,FY23,UM,Upper middle income
PLW,2022,FY24,UM,Upper middle income
PLW,2023,FY25,H,High income
PLW,2024,FY26,H,High income
PLW,2025,FY27,H,High income
PNG,1987,FY89,LM,Lower middle income
PNG,1988,FY90,LM,Lower middle income
PNG,1989,FY91,LM,Lower middle income
PNG,1990,FY92,LM,Lower middle income
PNG,1991,FY93,LM,Lower middle income
PNG,1992,FY94,LM,Lower middle income
PNG,1993,FY95,LM,Lower middle income
PNG,1994,FY96,LM,Lower middle income
PNG,1995,FY97,LM,Lower middle income
PNG,1996,FY98,LM,Lower middle income
PNG,1997,FY99,LM,Lower middle income
PNG,1998,FY00,LM,Lower middle income
PNG,1999,FY01,LM,Lower middle income
PNG,2000,FY02,LM,Lower middle income
PNG,2001,FY03,L,Low income
PNG,2002,FY04,L,Low income
PNG,2003,FY05,L,Low income
PNG,2004,FY06,L,Low income
PNG,2005,FY07,L,Low income
PNG,2006,FY08,L,Low income
PNG,2007,FY09,L,Low income
PNG,2008,FY10,LM,Lower middle income
PNG,2009,FY11,LM,Lower middle income
PNG,2010,FY12,LM,Lower middle income
PNG,2011,FY13,LM,Lower middle income
PNG,2012,FY14,LM,Lower middle income
PNG,2013,FY15,LM,Lower middle income
PNG,2014,FY16,LM,Lower middle income
PNG,2015,FY17,LM,Lower middle income
PNG,2016,FY18,LM,Lower middle income
PNG,2017,FY19,LM,Lower middle income
PNG,2018,FY20,LM,Lower middle income
PNG,2019,FY21,LM,Lower middle income
PNG,2020,FY22,LM,Lower middle income
PNG,2021,FY23,LM,Lower middle income
PNG,2022,FY24,LM,Lower middle income
PNG,2023,FY25,LM,Lower middle income
PNG,2024,FY26,LM,Lower middle income
PNG,2025,FY27,LM,Lower middle income
POL,1987,FY89,LM,Lower middle income
POL,1988,FY90,LM,Lower middle income
POL,1989,FY91,LM,Lower middle income
POL,1990,FY92,LM,Lower middle income
POL,1991,FY93,LM,Lower middle income
POL,1992,FY94,LM,Lower middle income
POL,1993,FY95,LM,Lower middle income
POL,1994,FY96,LM,Lower middle income
POL,1995,FY97,LM,Lower middle income
POL,1996,FY98,UM,Upper middle income
POL,1997,FY99,UM,Upper middle income
POL,1998,FY00,UM,Upper middle income
POL,1999,FY01,UM,Upper middle income
POL,2000,FY02,UM,Upper middle income
POL,2001,FY03,UM,Upper middle income
POL,2002,FY04,UM,Upper middle income
POL,2003,FY05,UM,Upper middle income
POL,2004,FY06,UM,Upper middle income
POL,2005,FY07,UM,Upper middle income
POL,2006,FY08,UM,Upper middle income
POL,2007,FY09,UM,Upper middle income
POL,2008,FY10,UM,Upper middle income
POL,2009,FY11,H,High income
POL,2010,FY12,H,High income
POL,2011,FY13,H,High income
POL,2012,FY14,H,High income
POL,2013,FY15,H,High income
POL,2014,FY16,H,High income
POL,2015,FY17,H,High income
POL,2016,FY18,H,High income
POL,2017,FY19,H,High income
POL,2018,FY20,H,High income
POL,2019,FY21,H,High income
POL,2020,FY22,H,High income
POL,2021,FY23,H,High income
POL,2022,FY24,H,High income
POL,2023,FY25,H,High income
POL,2024,FY26,H,High income
POL,2025,FY27,H,High income
PRI,1987,FY89,UM,Upper middle income
PRI,1988,FY90,UM,Upper middle income
PRI,1989,FY91,H,High income
PRI,1990,FY92,UM,Upper middle income
PRI,1991,FY93,UM,Upper middle income
PRI,1992,FY94,UM,Upper middle income
PRI,1993,FY95,UM,Upper middle income
PRI,1994,FY96,UM,Upper middle income
PRI,1995,FY97,UM,Upper middle income
PRI,1996,FY98,UM,Upper middle income
PRI,1997,FY99,UM,Upper middle income
PRI,1998,FY00,UM,Upper middle income
PRI,1999,FY01,UM,Upper middle income
PRI,2000,FY02,UM,Upper middle income
PRI,2001,FY03,UM,Upper middle income
PRI,2002,FY04,H,High income
PRI,2003,FY05,H,High income
PRI,2004,FY06,H,High income
PRI,2005,FY07,H,High income
PRI,2006,FY08,H,High income
PRI,2007,FY09,H,High income
PRI,2008,FY10,H,High income
PRI,2009,FY11,H,High income
PRI,2010,FY12,H,High income
PRI,2011,FY13,H,High income
PRI,2012,FY14,H,High income
PRI,2013,FY15,H,High income
PRI,2014,FY16,H,High income
PRI,2015,FY17,H,High income
PRI,2016,FY18,H,High income
PRI,2017,FY19,H,High income
PRI,2018,FY20,H,High income
PRI,2019,FY21,H,High income
PRI,2020,FY22,H,High income
PRI,2021,FY23,H,High income
PRI,2022,FY24,H,High income
PRI,2023,FY25,H,High income
PRI,2024,FY26,H,High income
PRI,2025,FY27,H,High income
PRK,1990,FY92,LM,Lower middle income
PRK,1991,FY93,LM,Lower middle income
PRK,1992,FY94,LM,Lower middle income
PRK,1993,FY95,LM,Lower middle income
PRK,1994,FY96,LM,Lower middle income
PRK,1995,FY97,LM,Lower middle income
PRK,1996,FY98,LM,Lower middle income
PRK,1997,FY99,LM,Lower middle income
PRK,1998,FY00,L,Low income
PRK,1999,FY01,L,Low income
PRK,2000,FY02,L,Low income
PRK,2001,FY03,L,Low income
PRK,2002,FY04,L,Low income
PRK,2003,FY05,L,Low income
PRK,2004,FY06,L,Low income
PRK,2005,FY07,L,Low income
PRK,2006,FY08,L,Low income
PRK,2007,FY09,L,Low income
PRK,2008,FY10,L,Low income
PRK,2009,FY11,L,Low income
PRK,2010,FY12,L,Low income
PRK,2011,FY13,L,Low income
PRK,2012,FY14,L,Low income
PRK,2013,FY15,L,Low income
PRK,2014,FY16,L,Low income
PRK,2015,FY17,L,Low income
PRK,2016,FY18,L,Low income
PRK,2017,FY19,L,Low income
PRK,2018,FY20,L,Low income
PRK,2019,FY21,L,Low income
PRK,2020,FY22,L,Low income
PRK,2021,FY23,L,Low income
PRK,2022,FY24,L,Low income
PRK,2023,FY25,L,Low income
PRK,2024,FY26,L,Low income
PRK,2025,FY27,L,Low income
PRT,1987,FY89,UM,Upper middle income
PRT,1988,FY90,UM,Upper middle income
PRT,1989,FY91,UM,Upper middle income
PRT,1990,FY92,UM,Upper middle income
PRT,1991,FY93,UM,Upper middle income
PRT,1992,FY94,UM,Upper middle income
PRT,1993,FY95,UM,Upper middle income
PRT,1994,FY96,H,High income
PRT,1995,FY97,H,High income
PRT,1996,FY98,H,High income
PRT,1997,FY99,H,High income
PRT,1998,FY00,H,High income
PRT,1999,FY01,H,High income
PRT,2000,FY02,H,High income
PRT,2001,FY03,H,High income
PRT,2002,FY04,H,High income
PRT,2003,FY05,H,High income
PRT,2004,FY06,H,High income
PRT,2005,FY07,H,High income
PRT,2006,FY08,H,High income
PRT,2007,FY09,H,High income
PRT,2008,FY10,H,High income
PRT,2009,FY11,H,High income
PRT,2010,FY12,H,High income
PRT,2011,FY13,H,High income
PRT,2012,FY14,H,High income
PRT,2013,FY15,H,High income
PRT,2014,FY16,H,High income
PRT,2015,FY17,H,High income
PRT,2016,FY18,H,High income
PRT,2017,FY19,H,High income
PRT,2018,FY20,H,High income
PRT,2019,FY21,H,High income
PRT,2020,FY22,H,High income
PRT,2021,FY23,H,High income
PRT,2022,FY24,H,High income
PRT,2023,FY25,H,High income
PRT,2024,FY26,H,High income
PRT,2025,FY27,H,High income
PRY,1987,FY89,LM,Lower middle income
PRY,1988,FY90,LM,Lower middle income
PRY,1989,FY91,LM,Lower middle income
PRY,1990,FY92,LM,Lower middle income
PRY,1991,FY93,LM,Lower middle income
PRY,1992,FY94,LM,Lower middle income
PRY,1993,FY95,LM,Lower middle income
PRY,1994,FY96,LM,Lower middle income
PRY,1995,FY97,LM,Lower middle income
PRY,1996,FY98,LM,Lower middle income
PRY,1997,FY99,LM,Lower middle income
PRY,1998,FY00,LM,Lower middle income
PRY,1999,FY01,LM,Lower middle income
PRY,2000,FY02,LM,Lower middle income
PRY,2001,FY03,LM,Lower middle income
PRY,2002,FY04,LM,Lower middle income
PRY,2003,FY05,LM,Lower middle income
PRY,2004,FY06,LM,Lower middle income
PRY,2005,FY07,LM,Lower middle income
PRY,2006,FY08,LM,Lower middle income
PRY,2007,FY09,LM,Lower middle income
PRY,2008,FY10,LM,Lower middle income
PRY,2009,FY11,LM,Lower middle income
PRY,2010,FY12,LM,Lower middle income
PRY,2011,FY13,LM,Lower middle income
PRY,2012,FY14,LM,Lower middle income
PRY,2013,FY15,LM,Lower middle income
PRY,2014,FY16,UM,Upper middle income
PRY,2015,FY17,UM,Upper middle income
PRY,2016,FY18,UM,Upper middle income
PRY,2017,FY19,UM,Upper middle income
PRY,2018,FY20,UM,Upper middle income
PRY,2019,FY21,UM,Upper middle income
PRY,2020,FY22,UM,Upper middle income
PRY,2021,FY23,UM,Upper middle income
PRY,2022,FY24,UM,Upper middle income
PRY,2023,FY25,UM,Upper middle income
PRY,2024,FY26,UM,Upper middle income
PRY,2025,FY27,UM,Upper middle income
PSE,1994,FY96,LM,Lower middle income
PSE,1995,FY97,LM,Lower middle income
PSE,1996,FY98,LM,Lower middle income
PSE,1997,FY99,LM,Lower middle income
PSE,1998,FY00,LM,Lower middle income
PSE,1999,FY01,LM,Lower middle income
PSE,2000,FY02,LM,Lower middle income
PSE,2001,FY03,LM,Lower middle income
PSE,2002,FY04,LM,Lower middle income
PSE,2003,FY05,LM,Lower middle income
PSE,2004,FY06,LM,Lower middle income
PSE,2005,FY07,LM,Lower middle income
PSE,2006,FY08,LM,Lower middle income
PSE,2007,FY09,LM,Lower middle income
PSE,2008,FY10,LM,Lower middle income
PSE,2009,FY11,LM,Lower middle income
PSE,2010,FY12,LM,Lower middle income
PSE,2011,FY13,LM,Lower middle income
PSE,2012,FY14,LM,Lower middle income
PSE,2013,FY15,LM,Lower middle income
PSE,2014,FY16,LM,Lower middle income
PSE,2015,FY17,LM,Lower middle income
PSE,2016,FY18,LM,Lower middle income
PSE,2017,FY19,LM,Lower middle income
PSE,2018,FY20,LM,Lower middle income
PSE,2019,FY21,LM,Lower middle income
PSE,2020,FY22,LM,Lower middle income
PSE,2021,FY23,LM,Lower middle income
PSE,2022,FY24,UM,Upper middle income
PSE,2023,FY25,LM,Lower middle income
PSE,2024,FY26,LM,Lower middle income
PSE,2025,FY27,LM,Lower middle income
PYF,1990,FY92,H,High income
PYF,1991,FY93,H,High income
PYF,1992,FY94,H,High income
PYF,1993,FY95,H,High income
PYF,1994,FY96,H,High income
PYF,1995,FY97,H,High income
PYF,1996,FY98,H,High income
PYF,1997,FY99,H,High income
PYF,1998,FY00,H,High income
PYF,1999,FY01,H,High income
PYF,2000,FY02,H,High income
PYF,2001,FY03,H,High income
PYF,2002,FY04,H,High income
PYF,2003,FY05,H,High income
PYF,2004,FY06,H,High income
PYF,2005,FY07,H,High income
PYF,2006,FY08,H,High income
PYF,2007,FY09,H,High income
PYF,2008,FY10,H,High income
PYF,2009,FY11,H,High income
PYF,2010,FY12,H,High income
PYF,2011,FY13,H,High income
PYF,2012,FY14,H,High income
PYF,2013,FY15,H,High income
PYF,2014,FY16,H,High income
PYF,2015,FY17,H,High income
PYF,2016,FY18,H,High income
PYF,2017,FY19,H,High income
PYF,2018,FY20,H,High income
PYF,2019,FY21,H,High income
PYF,2020,FY22,H,High income
PYF,2021,FY23,H,High income
PYF,2022,FY24,H,High income
PYF,2023,FY25,H,High income
PYF,2024,FY26,H,High income
PYF,2025,FY27,H,High income
QAT,1987,FY89,H,High income
QAT,1988,FY90,H,High income
QAT,1989,FY91,H,High income
QAT,1990,FY92,H,High income
QAT,1991,FY93,H,High income
QAT,1992,FY94,H,High income
QAT,1993,FY95,H,High income
QAT,1994,FY96,H,High income
QAT,1995,FY97,H,High income
QAT,1996,FY98,H,High income
QAT,1997,FY99,H,High income
QAT,1998,FY00,H,High income
QAT,1999,FY01,H,High income
QAT,2000,FY02,H,High income
QAT,2001,FY03,H,High income
QAT,2002,FY04,H,High income
QAT,2003,FY05,H,High income
QAT,2004,FY06,H,High income
QAT,2005,FY07,H,High income
QAT,2006,FY08,H,High income
QAT,2007,FY09,H,High income
QAT,2008,FY10,H,High income
QAT,2009,FY11,H,High income
QAT,2010,FY12,H,High income
QAT,2011,FY13,H,High income
QAT,2012,FY14,H,High income
QAT,2013,FY15,H,High income
QAT,2014,FY16,H,High income
QAT,2015,FY17,H,High income
QAT,2016,FY18,H,High income
QAT,2017,FY19,H,High income
QAT,2018,FY20,H,High income
QAT,2019,FY21,H,High income
QAT,2020,FY22,H,High income
QAT,2021,FY23,H,High income
QAT,2022,FY24,H,High income
QAT,2023,FY25,H,High income
QAT,2024,FY26,H,High income
QAT,2025,FY27,H,High income
ROU,1987,FY89,UM,Upper middle income
ROU,1988,FY90,UM,Upper middle income
ROU,1989,FY91,UM,Upper middle income
ROU,1990,FY92,LM,Lower middle income
ROU,1991,FY93,LM,Lower middle income
ROU,1992,FY94,LM,Lower middle income
ROU,1993,FY95,LM,Lower middle income
ROU,1994,FY96,LM,Lower middle income
ROU,1995,FY97,LM,Lower middle income
ROU,1996,FY98,LM,Lower middle income
ROU,1997,FY99,LM,Lower middle income
ROU,1998,FY00,LM,Lower middle income
ROU,1999,FY01,LM,Lower middle income
ROU,2000,FY02,LM,Lower middle income
ROU,2001,FY03,LM,Lower middle income
ROU,2002,FY04,LM,Lower middle income
ROU,2003,FY05,LM,Lower middle income
ROU,2004,FY06,LM,Lower middle income
ROU,2005,FY07,UM,Upper middle income
ROU,2006,FY08,UM,Upper middle income
ROU,2007,FY09,UM,Upper middle income
ROU,2008,FY10,UM,Upper middle income
ROU,2009,FY11,UM,Upper middle income
ROU,2010,FY12,UM,Upper middle income
ROU,2011,FY13,UM,Upper middle income
ROU,2012,FY14,UM,Upper middle income
ROU,2013,FY15,UM,Upper middle income
ROU,2014,FY16,UM,Upper middle income
ROU,2015,FY17,UM,Upper middle income
ROU,2016,FY18,UM,Upper middle income
ROU,2017,FY19,UM,Upper middle income
ROU,2018,FY20,UM,Upper middle income
ROU,2019,FY21,H,High income
ROU,2020,FY22,UM,Upper middle income
ROU,2021,FY23,H,High income
ROU,2022,FY24,H,High income
ROU,2023,FY25,H,High income
ROU,2024,FY26,H,High income
ROU,2025,FY27,H,High income
RUS,1991,FY93,UM,Upper middle income
RUS,1992,FY94,LM,Lower middle income
RUS,1993,FY95,LM,Lower middle income
RUS,1994,FY96,LM,Lower middle income
RUS,1995,FY97,LM,Lower middle income
RUS,1996,FY98,LM,Lower middle income
RUS,1997,FY99,LM,Lower middle income
RUS,1998,FY00,LM,Lower middle income
RUS,1999,FY01,LM,Lower middle income
RUS,2000,FY02,LM,Lower middle income
RUS,2001,FY03,LM,Lower middle income
RUS,2002,FY04,LM,Lower middle income
RUS,2003,FY05,LM,Lower middle income
RUS,2004,FY06,UM,Upper middle income
RUS,2005,FY07,UM,Upper middle income
RUS,2006,FY08,UM,Upper middle income
RUS,2007,FY09,UM,Upper middle income
RUS,2008,FY10,UM,Upper middle income
RUS,2009,FY11,UM,Upper middle income
RUS,2010,FY12,UM,Upper middle income
RUS,2011,FY13,UM,Upper middle income
RUS,2012,FY14,H,High income
RUS,2013,FY15,H,High income
RUS,2014,FY16,H,High income
RUS,2015,FY17,UM,Upper middle income
RUS,2016,FY18,UM,Upper middle income
RUS,2017,FY19,UM,Upper middle income
RUS,2018,FY20,UM,Upper middle income
RUS,2019,FY21,UM,Upper middle income
RUS,2020,FY22,UM,Upper middle income
RUS,2021,FY23,UM,Upper middle income
RUS,2022,FY24,UM,Upper middle income
RUS,2023,FY25,H,High income
RUS,2024,FY26,H,High income
RUS,2025,FY27,H,High income
RWA,1987,FY89,L,Low income
RWA,1988,FY90,L,Low income
RWA,1989,FY91,L,Low income
RWA,1990,FY92,L,Low income
RWA,1991,FY93,L,Low income
RWA,1992,FY94,L,Low income
RWA,1993,FY95,L,Low income
RWA,1994,FY96,L,Low income
RWA,1995,FY97,L,Low income
RWA,1996,FY98,L,Low income
RWA,1997,FY99,L,Low income
RWA,1998,FY00,L,Low income
RWA,1999,FY01,L,Low income
RWA,2000,FY02,L,Low income
RWA,2001,FY03,L,Low income
RWA,2002,FY04,L,Low income
RWA,2003,FY05,L,Low income
RWA,2004,FY06,L,Low income
RWA,2005,FY07,L,Low income
RWA,2006,FY08,L,Low income
RWA,2007,FY09,L,Low income
RWA,2008,FY10,L,Low income
RWA,2009,FY11,L,Low income
RWA,2010,FY12,L,Low income
RWA,2011,FY13,L,Low income
RWA,2012,FY14,L,Low income
RWA,2013,FY15,L,Low income
RWA,2014,FY16,L,Low income
RWA,2015,FY17,L,Low income
RWA,2016,FY18,L,Low income
RWA,2017,FY19,L,Low income
RWA,2018,FY20,L,Low income
RWA,2019,FY21,L,Low income
RWA,2020,FY22,L,Low income
RWA,2021,FY23,L,Low income
RWA,2022,FY24,L,Low income
RWA,2023,FY25,L,Low income
RWA,2024,FY26,L,Low income
RWA,2025,FY27,L,Low income
SAU,1987,FY89,H,High income
SAU,1988,FY90,H,High income
SAU,1989,FY91,H,High income
SAU,1990,FY92,UM,Upper middle income
SAU,1991,FY93,UM,Upper middle income
SAU,1992,FY94,UM,Upper middle income
SAU,1993,FY95,UM,Upper middle income
SAU,1994,FY96,UM,Upper middle income
SAU,1995,FY97,UM,Upper middle income
SAU,1996,FY98,UM,Upper middle income
SAU,1997,FY99,UM,Upper middle income
SAU,1998,FY00,UM,Upper middle income
SAU,1999,FY01,UM,Upper middle income
SAU,2000,FY02,UM,Upper middle income
SAU,2001,FY03,UM,Upper middle income
SAU,2002,FY04,UM,Upper middle income
SAU,2003,FY05,UM,Upper middle income
SAU,2004,FY06,H,High income
SAU,2005,FY07,H,High income
SAU,2006,FY08,H,High income
SAU,2007,FY09,H,High income
SAU,2008,FY10,H,High income
SAU,2009,FY11,H,High income
SAU,2010,FY12,H,High income
SAU,2011,FY13,H,High income
SAU,2012,FY14,H,High income
SAU,2013,FY15,H,High income
SAU,2014,FY16,H,High income
SAU,2015,FY17,H,High income
SAU,2016,FY18,H,High income
SAU,2017,FY19,H,High income
SAU,2018,FY20,H,High income
SAU,2019,FY21,H,High income
SAU,2020,FY22,H,High income
SAU,2021,FY23,H,High income
SAU,2022,FY24,H,High income
SAU,2023,FY25,H,High income
SAU,2024,FY26,H,High income
SAU,2025,FY27,H,High income
SDN,1987,FY89,L,Low income
SDN,1988,FY90,L,Low income
SDN,1989,FY91,L,Low income
SDN,1990,FY92,L,Low income
SDN,1991,FY93,L,Low income
SDN,1992,FY94,L,Low income
SDN,1993,FY95,L,Low income
SDN,1994,FY96,L,Low income
SDN,1995,FY97,L,Low income
SDN,1996,FY98,L,Low income
SDN,1997,FY99,L,Low income
SDN,1998,FY00,L,Low income
SDN,1999,FY01,L,Low income
SDN,2000,FY02,L,Low income
SDN,2001,FY03,L,Low income
SDN,2002,FY04,L,Low income
SDN,2003,FY05,L,Low income
SDN,2004,FY06,L,Low income
SDN,2005,FY07,L,Low income
SDN,2006,FY08,L,Low income
SDN,2007,FY09,LM,Lower middle income
SDN,2008,FY10,LM,Lower middle income
SDN,2009,FY11,LM,Lower middle income
SDN,2010,FY12,LM,Lower middle income
SDN,2011,FY13,LM,Lower middle income
SDN,2012,FY14,LM,Lower middle income
SDN,2013,FY15,LM,Lower middle income
SDN,2014,FY16,LM,Lower middle income
SDN,2015,FY17,LM,Lower middle income
SDN,2016,FY18,LM,Lower middle income
SDN,2017,FY19,LM,Lower middle income
SDN,2018,FY20,LM,Lower middle income
SDN,2019,FY21,L,Low income
SDN,2020,FY22,L,Low income
SDN,2021,FY23,L,Low income
SDN,2022,FY24,L,Low income
SDN,2023,FY25,L,Low income
SDN,2024,FY26,L,Low income
SDN,2025,FY27,L,Low income
SEN,1987,FY89,LM,Lower middle income
SEN,1988,FY90,LM,Lower middle income
SEN,1989,FY91,LM,Lower middle income
SEN,1990,FY92,LM,Lower middle income
SEN,1991,FY93,LM,Lower middle income
SEN,1992,FY94,LM,Lower middle income
SEN,1993,FY95,LM,Lower middle income
SEN,1994,FY96,L,Low income
SEN,1995,FY97,L,Low income
SEN,1996,FY98,L,Low income
SEN,1997,FY99,L,Low income
SEN,1998,FY00,L,Low income
SEN,1999,FY01,L,Low income
SEN,2000,FY02,L,Low income
SEN,2001,FY03,L,Low income
SEN,2002,FY04,L,Low income
SEN,2003,FY05,L,Low income
SEN,2004,FY06,L,Low income
SEN,2005,FY07,L,Low income
SEN,2006,FY08,L,Low income
SEN,2007,FY09,L,Low income
SEN,2008,FY10,L,Low income
SEN,2009,FY11,LM,Lower middle income
SEN,2010,FY12,LM,Lower middle income
SEN,2011,FY13,LM,Lower middle income
SEN,2012,FY14,LM,Lower middle income
SEN,2013,FY15,LM,Lower middle income
SEN,2014,FY16,LM,Lower middle income
SEN,2015,FY17,L,Low income
SEN,2016,FY18,L,Low income
SEN,2017,FY19,L,Low income
SEN,2018,FY20,LM,Lower middle income
SEN,2019,FY21,LM,Lower middle income
SEN,2020,FY22,LM,Lower middle income
SEN,2021,FY23,LM,Lower middle income
SEN,2022,FY24,LM,Lower middle income
SEN,2023,FY25,LM,Lower middle income
SEN,2024,FY26,LM,Lower middle income
SEN,2025,FY27,LM,Lower middle income
SGP,1987,FY89,H,High income
SGP,1988,FY90,H,High income
SGP,1989,FY91,H,High income
SGP,1990,FY92,H,High income
SGP,1991,FY93,H,High income
SGP,1992,FY94,H,High income
SGP,1993,FY95,H,High income
SGP,1994,FY96,H,High income
SGP,1995,FY97,H,High income
SGP,1996,FY98,H,High income
SGP,1997,FY99,H,High income
SGP,1998,FY00,H,High income
SGP,1999,FY01,H,High income
SGP,2000,FY02,H,High income
SGP,2001,FY03,H,High income
SGP,2002,FY04,H,High income
SGP,2003,FY05,H,High income
SGP,2004,FY06,H,High income
SGP,2005,FY07,H,High income
SGP,2006,FY08,H,High income
SGP,2007,FY09,H,High income
SGP,2008,FY10,H,High income
SGP,2009,FY11,H,High income
SGP,2010,FY12,H,High income
SGP,2011,FY13,H,High income
SGP,2012,FY14,H,High income
SGP,2013,FY15,H,High income
SGP,2014,FY16,H,High income
SGP,2015,FY17,H,High income
SGP,2016,FY18,H,High income
SGP,2017,FY19,H,High income
SGP,2018,FY20,H,High income
SGP,2019,FY21,H,High income
SGP,2020,FY22,H,High income
SGP,2021,FY23,H,High income
SGP,2022,FY24,H,High income
SGP,2023,FY25,H,High income
SGP,2024,FY26,H,High income
SGP,2025,FY27,H,High income
SLB,1987,FY89,L,Low income
SLB,1988,FY90,LM,Lower middle income
SLB,1989,FY91,L,Low income
SLB,1990,FY92,L,Low income
SLB,1991,FY93,L,Low income
SLB,1992,FY94,LM,Lower middle income
SLB,1993,FY95,LM,Lower middle income
SLB,1994,FY96,LM,Lower middle income
SLB,1995,FY97,LM,Lower middle income
SLB,1996,FY98,LM,Lower middle income
SLB,1997,FY99,LM,Lower middle income
SLB,1998,FY00,L,Low income
SLB,1999,FY01,L,Low income
SLB,2000,FY02,L,Low income
SLB,2001,FY03,L,Low income
SLB,2002,FY04,L,Low income
SLB,2003,FY05,L,Low income
SLB,2004,FY06,L,Low income
SLB,2005,FY07,L,Low income
SLB,2006,FY08,L,Low income
SLB,2007,FY09,L,Low income
SLB,2008,FY10,LM,Lower middle income
SLB,2009,FY11,L,Low income
SLB,2010,FY12,LM,Lower middle income
SLB,2011,FY13,LM,Lower middle income
SLB,2012,FY14,LM,Lower middle income
SLB,2013,FY15,LM,Lower middle income
SLB,2014,FY16,LM,Lower middle income
SLB,2015,FY17,LM,Lower middle income
SLB,2016,FY18,LM,Lower middle income
SLB,2017,FY19,LM,Lower middle income
SLB,2018,FY20,LM,Lower middle income
SLB,2019,FY21,LM,Lower middle income
SLB,2020,FY22,LM,Lower middle income
SLB,2021,FY23,LM,Lower middle income
SLB,2022,FY24,LM,Lower middle income
SLB,2023,FY25,LM,Lower middle income
SLB,2024,FY26,LM,Lower middle income
SLB,2025,FY27,LM,Lower middle income
SLE,1987,FY89,L,Low income
SLE,1988,FY90,L,Low income
SLE,1989,FY91,L,Low income
SLE,1990,FY92,L,Low income
SLE,1991,FY93,L,Low income
SLE,1992,FY94,L,Low income
SLE,1993,FY95,L,Low income
SLE,1994,FY96,L,Low income
SLE,1995,FY97,L,Low income
SLE,1996,FY98,L,Low income
SLE,1997,FY99,L,Low income
SLE,1998,FY00,L,Low income
SLE,1999,FY01,L,Low income
SLE,2000,FY02,L,Low income
SLE,2001,FY03,L,Low income
SLE,2002,FY04,L,Low income
SLE,2003,FY05,L,Low income
SLE,2004,FY06,L,Low income
SLE,2005,FY07,L,Low income
SLE,2006,FY08,L,Low income
SLE,2007,FY09,L,Low income
SLE,2008,FY10,L,Low income
SLE,2009,FY11,L,Low income
SLE,2010,FY12,L,Low income
SLE,2011,FY13,L,Low income
SLE,2012,FY14,L,Low income
SLE,2013,FY15,L,Low income
SLE,2014,FY16,L,Low income
SLE,2015,FY17,L,Low income
SLE,2016,FY18,L,Low income
SLE,2017,FY19,L,Low income
SLE,2018,FY20,L,Low income
SLE,2019,FY21,L,Low income
SLE,2020,FY22,L,Low income
SLE,2021,FY23,L,Low income
SLE,2022,FY24,L,Low income
SLE,2023,FY25,L,Low income
SLE,2024,FY26,L,Low income
SLE,2025,FY27,L,Low income
SLV,1987,FY89,LM,Lower middle income
SLV,1988,FY90,LM,Lower middle income
SLV,1989,FY91,LM,Lower middle income
SLV,1990,FY92,LM,Lower middle income
SLV,1991,FY93,LM,Lower middle income
SLV,1992,FY94,LM,Lower middle income
SLV,1993,FY95,LM,Lower middle income
SLV,1994,FY96,LM,Lower middle income
SLV,1995,FY97,LM,Lower middle income
SLV,1996,FY98,LM,Lower middle income
SLV,1997,FY99,LM,Lower middle income
SLV,1998,FY00,LM,Lower middle income
SLV,1999,FY01,LM,Lower middle income
SLV,2000,FY02,LM,Lower middle income
SLV,2001,FY03,LM,Lower middle income
SLV,2002,FY04,LM,Lower middle income
SLV,2003,FY05,LM,Lower middle income
SLV,2004,FY06,LM,Lower middle income
SLV,2005,FY07,LM,Lower middle income
SLV,2006,FY08,LM,Lower middle income
SLV,2007,FY09,LM,Lower middle income
SLV,2008,FY10,LM,Lower middle income
SLV,2009,FY11,LM,Lower middle income
SLV,2010,FY12,LM,Lower middle income
SLV,2011,FY13,LM,Lower middle income
SLV,2012,FY14,LM,Lower middle income
SLV,2013,FY15,LM,Lower middle income
SLV,2014,FY16,LM,Lower middle income
SLV,2015,FY17,LM,Lower middle income
SLV,2016,FY18,LM,Lower middle income
SLV,2017,FY19,LM,Lower middle income
SLV,2018,FY20,LM,Lower middle income
SLV,2019,FY21,LM,Lower middle income
SLV,2020,FY22,LM,Lower middle income
SLV,2021,FY23,LM,Lower middle income
SLV,2022,FY24,UM,Upper middle income
SLV,2023,FY25,UM,Upper middle income
SLV,2024,FY26,UM,Upper middle income
SLV,2025,FY27,UM,Upper middle income
SMR,1991,FY93,H,High income
SMR,1992,FY94,H,High income
SMR,1993,FY95,H,High income
SMR,2000,FY02,H,High income
SMR,2001,FY03,H,High income
SMR,2002,FY04,H,High income
SMR,2003,FY05,H,High income
SMR,2004,FY06,H,High income
SMR,2005,FY07,H,High income
SMR,2006,FY08,H,High income
SMR,2007,FY09,H,High income
SMR,2008,FY10,H,High income
SMR,2009,FY11,H,High income
SMR,2010,FY12,H,High income
SMR,2011,FY13,H,High income
SMR,2012,FY14,H,High income
SMR,2013,FY15,H,High income
SMR,2014,FY16,H,High income
SMR,2015,FY17,H,High income
SMR,2016,FY18,H,High income
SMR,2017,FY19,H,High income
SMR,2018,FY20,H,High income
SMR,2019,FY21,H,High income
SMR,2020,FY22,H,High income
SMR,2021,FY23,H,High income
SMR,2022,FY24,H,High income
SMR,2023,FY25,H,High income
SMR,2024,FY26,H,High income
SMR,2025,FY27,H,High income
SOM,1987,FY89,L,Low income
SOM,1988,FY90,L,Low income
SOM,1989,FY91,L,Low income
SOM,1990,FY92,L,Low income
SOM,1991,FY93,L,Low income
SOM,1992,FY94,L,Low income
SOM,1993,FY95,L,Low income
SOM,1994,FY96,L,Low income
SOM,1995,FY97,L,Low income
SOM,1996,FY98,L,Low income
SOM,1997,FY99,L,Low income
SOM,1998,FY00,L,Low income
SOM,1999,FY01,L,Low income
SOM,2000,FY02,L,Low income
SOM,2001,FY03,L,Low income
SOM,2002,FY04,L,Low income
SOM,2003,FY05,L,Low income
SOM,2004,FY06,L,Low income
SOM,2005,FY07,L,Low income
SOM,2006,FY08,L,Low income
SOM,2007,FY09,L,Low income
SOM,2008,FY10,L,Low income
SOM,2009,FY11,L,Low income
SOM,2010,FY12,L,Low income
SOM,2011,FY13,L,Low income
SOM,2012,FY14,L,Low income
SOM,2013,FY15,L,Low income
SOM,2014,FY16,L,Low income
SOM,2015,FY17,L,Low income
SOM,2016,FY18,L,Low income
SOM,2017,FY19,L,Low income
SOM,2018,FY20,L,Low income
SOM,2019,FY21,L,Low income
SOM,2020,FY22,L,Low income
SOM,2021,FY23,L,Low income
SOM,2022,FY24,L,Low income
SOM,2023,FY25,L,Low income
SOM,2024,FY26,L,Low income
SOM,2025,FY27,L,Low income
SRB,2006,FY08,UM,Upper middle income
SRB,2007,FY09,UM,Upper middle income
SRB,2008,FY10,UM,Upper middle income
SRB,2009,FY11,UM,Upper middle income
SRB,2010,FY12,UM,Upper middle income
SRB,2011,FY13,UM,Upper middle income
SRB,2012,FY14,UM,Upper middle income
SRB,2013,FY15,UM,Upper middle income
SRB,2014,FY16,UM,Upper middle income
SRB,2015,FY17,UM,Upper middle income
SRB,2016,FY18,UM,Upper middle income
SRB,2017,FY19,UM,Upper middle income
SRB,2018,FY20,UM,Upper middle income
SRB,2019,FY21,UM,Upper middle income
SRB,2020,FY22,UM,Upper middle income
SRB,2021,FY23,UM,Upper middle income
SRB,2022,FY24,UM,Upper middle income
SRB,2023,FY25,UM,Upper middle income
SRB,2024,FY26,UM,Upper middle income
SRB,2025,FY27,UM,Upper middle income
SSD,2011,FY13,LM,Lower middle income
SSD,2012,FY14,L,Low income
SSD,2013,FY15,LM,Lower middle income
SSD,2014,FY16,L,Low income
SSD,2015,FY17,L,Low income
SSD,2016,FY18,L,Low income
SSD,2017,FY19,L,Low income
SSD,2018,FY20,L,Low income
SSD,2019,FY21,L,Low income
SSD,2020,FY22,L,Low income
SSD,2021,FY23,L,Low income
SSD,2022,FY24,L,Low income
SSD,2023,FY25,L,Low income
SSD,2024,FY26,L,Low income
SSD,2025,FY27,L,Low income
STP,1987,FY89,L,Low income
STP,1988,FY90,L,Low income
STP,1989,FY91,L,Low income
STP,1990,FY92,L,Low income
STP,1991,FY93,L,Low income
STP,1992,FY94,L,Low income
STP,1993,FY95,L,Low income
STP,1994,FY96,L,Low income
STP,1995,FY97,L,Low income
STP,1996,FY98,L,Low income
STP,1997,FY99,L,Low income
STP,1998,FY00,L,Low income
STP,1999,FY01,L,Low income
STP,2000,FY02,L,Low income
STP,2001,FY03,L,Low income
STP,2002,FY04,L,Low income
STP,2003,FY05,L,Low income
STP,2004,FY06,L,Low income
STP,2005,FY07,L,Low income
STP,2006,FY08,L,Low income
STP,2007,FY09,L,Low income
STP,2008,FY10,LM,Lower middle income
STP,2009,FY11,LM,Lower middle income
STP,2010,FY12,LM,Lower middle income
STP,2011,FY13,LM,Lower middle income
STP,2012,FY14,LM,Lower middle income
STP,2013,FY15,LM,Lower middle income
STP,2014,FY16,LM,Lower middle income
STP,2015,FY17,LM,Lower middle income
STP,2016,FY18,LM,Lower middle income
STP,2017,FY19,LM,Lower middle income
STP,2018,FY20,LM,Lower middle income
STP,2019,FY21,LM,Lower middle income
STP,2020,FY22,LM,Lower middle income
STP,2021,FY23,LM,Lower middle income
STP,2022,FY24,LM,Lower middle income
STP,2023,FY25,LM,Lower middle income
STP,2024,FY26,LM,Lower middle income
STP,2025,FY27,LM,Lower middle income
SUN,1990,FY92,UM,Upper middle income
SUR,1987,FY89,UM,Upper middle income
SUR,1988,FY90,UM,Upper middle income
SUR,1989,FY91,UM,Upper middle income
SUR,1990,FY92,UM,Upper middle income
SUR,1991,FY93,UM,Upper middle income
SUR,1992,FY94,UM,Upper middle income
SUR,1993,FY95,LM,Lower middle income
SUR,1994,FY96,LM,Lower middle income
SUR,1995,FY97,LM,Lower middle income
SUR,1996,FY98,LM,Lower middle income
SUR,1997,FY99,LM,Lower middle income
SUR,1998,FY00,LM,Lower middle income
SUR,1999,FY01,LM,Lower middle income
SUR,2000,FY02,LM,Lower middle income
SUR,2001,FY03,LM,Lower middle income
SUR,2002,FY04,LM,Lower middle income
SUR,2003,FY05,LM,Lower middle income
SUR,2004,FY06,LM,Lower middle income
SUR,2005,FY07,LM,Lower middle income
SUR,2006,FY08,LM,Lower middle income
SUR,2007,FY09,UM,Upper middle income
SUR,2008,FY10,UM,Upper middle income
SUR,2009,FY11,UM,Upper middle income
SUR,2010,FY12,UM,Upper middle income
SUR,2011,FY13,UM,Upper middle income
SUR,2012,FY14,UM,Upper middle income
SUR,2013,FY15,UM,Upper middle income
SUR,2014,FY16,UM,Upper middle income
SUR,2015,FY17,UM,Upper middle income
SUR,2016,FY18,UM,Upper middle income
SUR,2017,FY19,UM,Upper middle income
SUR,2018,FY20,UM,Upper middle income
SUR,2019,FY21,UM,Upper middle income
SUR,2020,FY22,UM,Upper middle income
SUR,2021,FY23,UM,Upper middle income
SUR,2022,FY24,UM,Upper middle income
SUR,2023,FY25,UM,Upper middle income
SUR,2024,FY26,UM,Upper middle income
SUR,2025,FY27,UM,Upper middle income
SVK,1992,FY94,LM,Lower middle income
SVK,1993,FY95,LM,Lower middle income
SVK,1994,FY96,LM,Lower middle income
SVK,1995,FY97,LM,Lower middle income
SVK,1996,FY98,UM,Upper middle income
SVK,1997,FY99,UM,Upper middle income
SVK,1998,FY00,UM,Upper middle income
SVK,1999,FY01,UM,Upper middle income
SVK,2000,FY02,UM,Upper middle income
SVK,2001,FY03,UM,Upper middle income
SVK,2002,FY04,UM,Upper middle income
SVK,2003,FY05,UM,Upper middle income
SVK,2004,FY06,UM,Upper middle income
SVK,2005,FY07,UM,Upper middle income
SVK,2006,FY08,UM,Upper middle income
SVK,2007,FY09,H,High income
SVK,2008,FY10,H,High income
SVK,2009,FY11,H,High income
SVK,2010,FY12,H,High income
SVK,2011,FY13,H,High income
SVK,2012,FY14,H,High income
SVK,2013,FY15,H,High income
SVK,2014,FY16,H,High income
SVK,2015,FY17,H,High income
SVK,2016,FY18,H,High income
SVK,2017,FY19,H,High income
SVK,2018,FY20,H,High income
SVK,2019,FY21,H,High income
SVK,2020,FY22,H,High income
SVK,2021,FY23,H,High income
SVK,2022,FY24,H,High income
SVK,2023,FY25,H,High income
SVK,2024,FY26,H,High income
SVK,2025,FY27,H,High income
SVN,1992,FY94,UM,Upper middle income
SVN,1993,FY95,UM,Upper middle income
SVN,1994,FY96,UM,Upper middle income
SVN,1995,FY97,UM,Upper middle income
SVN,1996,FY98,UM,Upper middle income
SVN,1997,FY99,H,High income
SVN,1998,FY00,H,High income
SVN,1999,FY01,H,High income
SVN,2000,FY02,H,High income
SVN,2001,FY03,H,High income
SVN,2002,FY04,H,High income
SVN,2003,FY05,H,High income
SVN,2004,FY06,H,High income
SVN,2005,FY07,H,High income
SVN,2006,FY08,H,High income
SVN,2007,FY09,H,High income
SVN,2008,FY10,H,High income
SVN,2009,FY11,H,High income
SVN,2010,FY12,H,High income
SVN,2011,FY13,H,High income
SVN,2012,FY14,H,High income
SVN,2013,FY15,H,High income
SVN,2014,FY16,H,High income
SVN,2015,FY17,H,High income
SVN,2016,FY18,H,High income
SVN,2017,FY19,H,High income
SVN,2018,FY20,H,High income
SVN,2019,FY21,H,High income
SVN,2020,FY22,H,High income
SVN,2021,FY23,H,High income
SVN,2022,FY24,H,High income
SVN,2023,FY25,H,High income
SVN,2024,FY26,H,High income
SVN,2025,FY27,H,High income
SWE,1987,FY89,H,High income
SWE,1988,FY90,H,High income
SWE,1989,FY91,H,High income
SWE,1990,FY92,H,High income
SWE,1991,FY93,H,High income
SWE,1992,FY94,H,High income
SWE,1993,FY95,H,High income
SWE,1994,FY96,H,High income
SWE,1995,FY97,H,High income
SWE,1996,FY98,H,High income
SWE,1997,FY99,H,High income
SWE,1998,FY00,H,High income
SWE,1999,FY01,H,High income
SWE,2000,FY02,H,High income
SWE,2001,FY03,H,High income
SWE,2002,FY04,H,High income
SWE,2003,FY05,H,High income
SWE,2004,FY06,H,High income
SWE,2005,FY07,H,High income
SWE,2006,FY08,H,High income
SWE,2007,FY09,H,High income
SWE,2008,FY10,H,High income
SWE,2009,FY11,H,High income
SWE,2010,FY12,H,High income
SWE,2011,FY13,H,High income
SWE,2012,FY14,H,High income
SWE,2013,FY15,H,High income
SWE,2014,FY16,H,High income
SWE,2015,FY17,H,High income
SWE,2016,FY18,H,High income
SWE,2017,FY19,H,High income
SWE,2018,FY20,H,High income
SWE,2019,FY21,H,High income
SWE,2020,FY22,H,High income
SWE,2021,FY23,H,High income
SWE,2022,FY24,H,High income
SWE,2023,FY25,H,High income
SWE,2024,FY26,H,High income
SWE,2025,FY27,H,High income
SWZ,1987,FY89,LM,Lower middle income
SWZ,1988,FY90,LM,Lower middle income
SWZ,1989,FY91,LM,Lower middle income
SWZ,1990,FY92,LM,Lower middle income
SWZ,1991,FY93,LM,Lower middle income
SWZ,1992,FY94,LM,Lower middle income
SWZ,1993,FY95,LM,Lower middle income
SWZ,1994,FY96,LM,Lower middle income
SWZ,1995,FY97,LM,Lower middle income
SWZ,1996,FY98,LM,Lower middle income
SWZ,1997,FY99,LM,Lower middle income
SWZ,1998,FY00,LM,Lower middle income
SWZ,1999,FY01,LM,Lower middle income
SWZ,2000,FY02,LM,Lower middle income
SWZ,2001,FY03,LM,Lower middle income
SWZ,2002,FY04,LM,Lower middle income
SWZ,2003,FY05,LM,Lower middle income
SWZ,2004,FY06,LM,Lower middle income
SWZ,2005,FY07,LM,Lower middle income
SWZ,2006,FY08,LM,Lower middle income
SWZ,2007,FY09,LM,Lower middle income
SWZ,2008,FY10,LM,Lower middle income
SWZ,2009,FY11,LM,Lower middle income
SWZ,2010,FY12,LM,Lower middle income
SWZ,2011,FY13,LM,Lower middle income
SWZ,2012,FY14,LM,Lower middle income
SWZ,2013,FY15,LM,Lower middle income
SWZ,2014,FY16,LM,Lower middle income
SWZ,2015,FY17,LM,Lower middle income
SWZ,2016,FY18,LM,Lower middle income
SWZ,2017,FY19,LM,Lower middle income
SWZ,2018,FY20,LM,Lower middle income
SWZ,2019,FY21,LM,Lower middle income
SWZ,2020,FY22,LM,Lower middle income
SWZ,2021,FY23,LM,Lower middle income
SWZ,2022,FY24,LM,Lower middle income
SWZ,2023,FY25,LM,Lower middle income
SWZ,2024,FY26,LM,Lower middle income
SWZ,2025,FY27,LM,Lower middle income
SXM,2010,FY12,H,High income
SXM,2011,FY13,H,High income
SXM,2012,FY14,H,High income
SXM,2013,FY15,H,High income
SXM,2014,FY16,H,High income
SXM,2015,FY17,H,High income
SXM,2016,FY18,H,High income
SXM,2017,FY19,H,High income
SXM,2018,FY20,H,High income
SXM,2019,FY21,H,High income
SXM,2020,FY22,H,High income
SXM,2021,FY23,H,High income
SXM,2022,FY24,H,High income
SXM,2023,FY25,H,High income
SXM,2024,FY26,H,High income
SXM,2025,FY27,H,High income
SYC,1987,FY89,UM,Upper middle income
SYC,1988,FY90,UM,Upper middle income
SYC,1989,FY91,UM,Upper middle income
SYC,1990,FY92,UM,Upper middle income
SYC,1991,FY93,UM,Upper middle income
SYC,1992,FY94,UM,Upper middle income
SYC,1993,FY95,UM,Upper middle income
SYC,1994,FY96,UM,Upper middle income
SYC,1995,FY97,UM,Upper middle income
SYC,1996,FY98,UM,Upper middle income
SYC,1997,FY99,UM,Upper middle income
SYC,1998,FY00,UM,Upper middle income
SYC,1999,FY01,UM,Upper middle income
SYC,2000,FY02,UM,Upper middle income
SYC,2001,FY03,UM,Upper middle income
SYC,2002,FY04,UM,Upper middle income
SYC,2003,FY05,UM,Upper middle income
SYC,2004,FY06,UM,Upper middle income
SYC,2005,FY07,UM,Upper middle income
SYC,2006,FY08,UM,Upper middle income
SYC,2007,FY09,UM,Upper middle income
SYC,2008,FY10,UM,Upper middle income
SYC,2009,FY11,UM,Upper middle income
SYC,2010,FY12,UM,Upper middle income
SYC,2011,FY13,UM,Upper middle income
SYC,2012,FY14,UM,Upper middle income
SYC,2013,FY15,UM,Upper middle income
SYC,2014,FY16,H,High income
SYC,2015,FY17,H,High income
SYC,2016,FY18,H,High income
SYC,2017,FY19,H,High income
SYC,2018,FY20,H,High income
SYC,2019,FY21,H,High income
SYC,2020,FY22,H,High income
SYC,2021,FY23,H,High income
SYC,2022,FY24,H,High income
SYC,2023,FY25,H,High income
SYC,2024,FY26,H,High income
SYC,2025,FY27,H,High income
SYR,1987,FY89,LM,Lower middle income
SYR,1988,FY90,LM,Lower middle income
SYR,1989,FY91,LM,Lower middle income
SYR,1990,FY92,LM,Lower middle income
SYR,1991,FY93,LM,Lower middle income
SYR,1992,FY94,LM,Lower middle income
SYR,1993,FY95,LM,Lower middle income
SYR,1994,FY96,LM,Lower middle income
SYR,1995,FY97,LM,Lower middle income
SYR,1996,FY98,LM,Lower middle income
SYR,1997,FY99,LM,Lower middle income
SYR,1998,FY00,LM,Lower middle income
SYR,1999,FY01,LM,Lower middle income
SYR,2000,FY02,LM,Lower middle income
SYR,2001,FY03,LM,Lower middle income
SYR,2002,FY04,LM,Lower middle income
SYR,2003,FY05,LM,Lower middle income
SYR,2004,FY06,LM,Lower middle income
SYR,2005,FY07,LM,Lower middle income
SYR,2006,FY08,LM,Lower middle income
SYR,2007,FY09,LM,Lower middle income
SYR,2008,FY10,LM,Lower middle income
SYR,2009,FY11,LM,Lower middle income
SYR,2010,FY12,LM,Lower middle income
SYR,2011,FY13,LM,Lower middle income
SYR,2012,FY14,LM,Lower middle income
SYR,2013,FY15,LM,Lower middle income
SYR,2014,FY16,LM,Lower middle income
SYR,2015,FY17,LM,Lower middle income
SYR,2016,FY18,LM,Lower middle income
SYR,2017,FY19,L,Low income
SYR,2018,FY20,L,Low income
SYR,2019,FY21,L,Low income
SYR,2020,FY22,L,Low income
SYR,2021,FY23,L,Low income
SYR,2022,FY24,L,Low income
SYR,2023,FY25,L,Low income
SYR,2024,FY26,L,Low income
SYR,2025,FY27,L,Low income
TCA,2009,FY11,H,High income
TCA,2010,FY12,H,High income
TCA,2011,FY13,H,High income
TCA,2012,FY14,H,High income
TCA,2013,FY15,H,High income
TCA,2014,FY16,H,High income
TCA,2015,FY17,H,High income
TCA,2016,FY18,H,High income
TCA,2017,FY19,H,High income
TCA,2018,FY20,H,High income
TCA,2019,FY21,H,High income
TCA,2020,FY22,H,High income
TCA,2021,FY23,H,High income
TCA,2022,FY24,H,High income
TCA,2023,FY25,H,High income
TCA,2024,FY26,H,High income
TCA,2025,FY27,H,High income
TCD,1987,FY89,L,Low income
TCD,1988,FY90,L,Low income
TCD,1989,FY91,L,Low income
TCD,1990,FY92,L,Low income
TCD,1991,FY93,L,Low income
TCD,1992,FY94,L,Low income
TCD,1993,FY95,L,Low income
TCD,1994,FY96,L,Low income
TCD,1995,FY97,L,Low income
TCD,1996,FY98,L,Low income
TCD,1997,FY99,L,Low income
TCD,1998,FY00,L,Low income
TCD,1999,FY01,L,Low income
TCD,2000,FY02,L,Low income
TCD,2001,FY03,L,Low income
TCD,2002,FY04,L,Low income
TCD,2003,FY05,L,Low income
TCD,2004,FY06,L,Low income
TCD,2005,FY07,L,Low income
TCD,2006,FY08,L,Low income
TCD,2007,FY09,L,Low income
TCD,2008,FY10,L,Low income
TCD,2009,FY11,L,Low income
TCD,2010,FY12,L,Low income
TCD,2011,FY13,L,Low income
TCD,2012,FY14,L,Low income
TCD,2013,FY15,L,Low income
TCD,2014,FY16,L,Low income
TCD,2015,FY17,L,Low income
TCD,2016,FY18,L,Low income
TCD,2017,FY19,L,Low income
TCD,2018,FY20,L,Low income
TCD,2019,FY21,L,Low income
TCD,2020,FY22,L,Low income
TCD,2021,FY23,L,Low income
TCD,2022,FY24,L,Low income
TCD,2023,FY25,L,Low income
TCD,2024,FY26,L,Low income
TCD,2025,FY27,L,Low income
TGO,1987,FY89,L,Low income
TGO,1988,FY90,L,Low income
TGO,1989,FY91,L,Low income
TGO,1990,FY92,L,Low income
TGO,1991,FY93,L,Low income
TGO,1992,FY94,L,Low income
TGO,1993,FY95,L,Low income
TGO,1994,FY96,L,Low income
TGO,1995,FY97,L,Low income
TGO,1996,FY98,L,Low income
TGO,1997,FY99,L,Low income
TGO,1998,FY00,L,Low income
TGO,1999,FY01,L,Low income
TGO,2000,FY02,L,Low income
TGO,2001,FY03,L,Low income
TGO,2002,FY04,L,Low income
TGO,2003,FY05,L,Low income
TGO,2004,FY06,L,Low income
TGO,2005,FY07,L,Low income
TGO,2006,FY08,L,Low income
TGO,2007,FY09,L,Low income
TGO,2008,FY10,L,Low income
TGO,2009,FY11,L,Low income
TGO,2010,FY12,L,Low income
TGO,2011,FY13,L,Low income
TGO,2012,FY14,L,Low income
TGO,2013,FY15,L,Low income
TGO,2014,FY16,L,Low income
TGO,2015,FY17,L,Low income
TGO,2016,FY18,L,Low income
TGO,2017,FY19,L,Low income
TGO,2018,FY20,L,Low income
TGO,2019,FY21,L,Low income
TGO,2020,FY22,L,Low income
TGO,2021,FY23,L,Low income
TGO,2022,FY24,L,Low income
TGO,2023,FY25,L,Low income
TGO,2024,FY26,L,Low income
TGO,2025,FY27,LM,Lower middle income
THA,1987,FY89,LM,Lower middle income
THA,1988,FY90,LM,Lower middle income
THA,1989,FY91,LM,Lower middle income
THA,1990,FY92,LM,Lower middle income
THA,1991,FY93,LM,Lower middle income
THA,1992,FY94,LM,Lower middle income
THA,1993,FY95,LM,Lower middle income
THA,1994,FY96,LM,Lower middle income
THA,1995,FY97,LM,Lower middle income
THA,1996,FY98,LM,Lower middle income
THA,1997,FY99,LM,Lower middle income
THA,1998,FY00,LM,Lower middle income
THA,1999,FY01,LM,Lower middle income
THA,2000,FY02,LM,Lower middle income
THA,2001,FY03,LM,Lower middle income
THA,2002,FY04,LM,Lower middle income
THA,2003,FY05,LM,Lower middle income
THA,2004,FY06,LM,Lower middle income
THA,2005,FY07,LM,Lower middle income
THA,2006,FY08,LM,Lower middle income
THA,2007,FY09,LM,Lower middle income
THA,2008,FY10,LM,Lower middle income
THA,2009,FY11,LM,Lower middle income
THA,2010,FY12,UM,Upper middle income
THA,2011,FY13,UM,Upper middle income
THA,2012,FY14,UM,Upper middle income
THA,2013,FY15,UM,Upper middle income
THA,2014,FY16,UM,Upper middle income
THA,2015,FY17,UM,Upper middle income
THA,2016,FY18,UM,Upper middle income
THA,2017,FY19,UM,Upper middle income
THA,2018,FY20,UM,Upper middle income
THA,2019,FY21,UM,Upper middle income
THA,2020,FY22,UM,Upper middle income
THA,2021,FY23,UM,Upper middle income
THA,2022,FY24,UM,Upper middle income
THA,2023,FY25,UM,Upper middle income
THA,2024,FY26,UM,Upper middle income
THA,2025,FY27,UM,Upper middle income
TJK,1991,FY93,LM,Lower middle income
TJK,1992,FY94,L,Low income
TJK,1993,FY95,L,Low income
TJK,1994,FY96,L,Low income
TJK,1995,FY97,L,Low income
TJK,1996,FY98,L,Low income
TJK,1997,FY99,L,Low income
TJK,1998,FY00,L,Low income
TJK,1999,FY01,L,Low income
TJK,2000,FY02,L,Low income
TJK,2001,FY03,L,Low income
TJK,2002,FY04,L,Low income
TJK,2003,FY05,L,Low income
TJK,2004,FY06,L,Low income
TJK,2005,FY07,L,Low income
TJK,2006,FY08,L,Low income
TJK,2007,FY09,L,Low income
TJK,2008,FY10,L,Low income
TJK,2009,FY11,L,Low income
TJK,2010,FY12,L,Low income
TJK,2011,FY13,L,Low income
TJK,2012,FY14,L,Low income
TJK,2013,FY15,L,Low income
TJK,2014,FY16,LM,Lower middle income
TJK,2015,FY17,LM,Lower middle income
TJK,2016,FY18,LM,Lower middle income
TJK,2017,FY19,L,Low income
TJK,2018,FY20,L,Low income
TJK,2019,FY21,L,Low income
TJK,2020,FY22,LM,Lower middle income
TJK,2021,FY23,LM,Lower middle income
TJK,2022,FY24,LM,Lower middle income
TJK,2023,FY25,LM,Lower middle income
TJK,2024,FY26,LM,Lower middle income
TJK,2025,FY27,LM,Lower middle income
TKM,1991,FY93,LM,Lower middle income
TKM,1992,FY94,LM,Lower middle income
TKM,1993,FY95,LM,Lower middle income
TKM,1994,FY96,LM,Lower middle income
TKM,1995,FY97,LM,Lower middle income
TKM,1996,FY98,LM,Lower middle income
TKM,1997,FY99,L,Low income
TKM,1998,FY00,L,Low income
TKM,1999,FY01,L,Low income
TKM,2000,FY02,LM,Lower middle income
TKM,2001,FY03,LM,Lower middle income
TKM,2002,FY04,LM,Lower middle income
TKM,2003,FY05,LM,Lower middle income
TKM,2004,FY06,LM,Lower middle income
TKM,2005,FY07,LM,Lower middle income
TKM,2006,FY08,LM,Lower middle income
TKM,2007,FY09,LM,Lower middle income
TKM,2008,FY10,LM,Lower middle income
TKM,2009,FY11,LM,Lower middle income
TKM,2010,FY12,LM,Lower middle income
TKM,2011,FY13,UM,Upper middle income
TKM,2012,FY14,UM,Upper middle income
TKM,2013,FY15,UM,Upper middle income
TKM,2014,FY16,UM,Upper middle income
TKM,2015,FY17,UM,Upper middle income
TKM,2016,FY18,UM,Upper middle income
TKM,2017,FY19,UM,Upper middle income
TKM,2018,FY20,UM,Upper middle income
TKM,2019,FY21,UM,Upper middle income
TKM,2020,FY22,UM,Upper middle income
TKM,2021,FY23,UM,Upper middle income
TKM,2022,FY24,UM,Upper middle income
TKM,2023,FY25,UM,Upper middle income
TKM,2024,FY26,UM,Upper middle income
TKM,2025,FY27,UM,Upper middle income
TLS,2001,FY03,L,Low income
TLS,2002,FY04,L,Low income
TLS,2003,FY05,L,Low income
TLS,2004,FY06,L,Low income
TLS,2005,FY07,L,Low income
TLS,2006,FY08,L,Low income
TLS,2007,FY09,LM,Lower middle income
TLS,2008,FY10,LM,Lower middle income
TLS,2009,FY11,LM,Lower middle income
TLS,2010,FY12,LM,Lower middle income
TLS,2011,FY13,LM,Lower middle income
TLS,2012,FY14,LM,Lower middle income
TLS,2013,FY15,LM,Lower middle income
TLS,2014,FY16,LM,Lower middle income
TLS,2015,FY17,LM,Lower middle income
TLS,2016,FY18,LM,Lower middle income
TLS,2017,FY19,LM,Lower middle income
TLS,2018,FY20,LM,Lower middle income
TLS,2019,FY21,LM,Lower middle income
TLS,2020,FY22,LM,Lower middle income
TLS,2021,FY23,LM,Lower middle income
TLS,2022,FY24,LM,Lower middle income
TLS,2023,FY25,LM,Lower middle income
TLS,2024,FY26,LM,Lower middle income
TLS,2025,FY27,LM,Lower middle income
TON,1987,FY89,LM,Lower middle income
TON,1988,FY90,LM,Lower middle income
TON,1989,FY91,LM,Lower middle income
TON,1990,FY92,LM,Lower middle income
TON,1991,FY93,LM,Lower middle income
TON,1992,FY94,LM,Lower middle income
TON,1993,FY95,LM,Lower middle income
TON,1994,FY96,LM,Lower middle income
TON,1995,FY97,LM,Lower middle income
TON,1996,FY98,LM,Lower middle income
TON,1997,FY99,LM,Lower middle income
TON,1998,FY00,LM,Lower middle income
TON,1999,FY01,LM,Lower middle income
TON,2000,FY02,LM,Lower middle income
TON,2001,FY03,LM,Lower middle income
TON,2002,FY04,LM,Lower middle income
TON,2003,FY05,LM,Lower middle income
TON,2004,FY06,LM,Lower middle income
TON,2005,FY07,LM,Lower middle income
TON,2006,FY08,LM,Lower middle income
TON,2007,FY09,LM,Lower middle income
TON,2008,FY10,LM,Lower middle income
TON,2009,FY11,LM,Lower middle income
TON,2010,FY12,LM,Lower middle income
TON,2011,FY13,LM,Lower middle income
TON,2012,FY14,UM,Upper middle income
TON,2013,FY15,UM,Upper middle income
TON,2014,FY16,UM,Upper middle income
TON,2015,FY17,LM,Lower middle income
TON,2016,FY18,UM,Upper middle income
TON,2017,FY19,UM,Upper middle income
TON,2018,FY20,UM,Upper middle income
TON,2019,FY21,UM,Upper middle income
TON,2020,FY22,UM,Upper middle income
TON,2021,FY23,UM,Upper middle income
TON,2022,FY24,UM,Upper middle income
TON,2023,FY25,UM,Upper middle income
TON,2024,FY26,UM,Upper middle income
TON,2025,FY27,UM,Upper middle income
TTO,1987,FY89,UM,Upper middle income
TTO,1988,FY90,UM,Upper middle income
TTO,1989,FY91,UM,Upper middle income
TTO,1990,FY92,UM,Upper middle income
TTO,1991,FY93,UM,Upper middle income
TTO,1992,FY94,UM,Upper middle income
TTO,1993,FY95,UM,Upper middle income
TTO,1994,FY96,UM,Upper middle income
TTO,1995,FY97,UM,Upper middle income
TTO,1996,FY98,UM,Upper middle income
TTO,1997,FY99,UM,Upper middle income
TTO,1998,FY00,UM,Upper middle income
TTO,1999,FY01,UM,Upper middle income
TTO,2000,FY02,UM,Upper middle income
TTO,2001,FY03,UM,Upper middle income
TTO,2002,FY04,UM,Upper middle income
TTO,2003,FY05,UM,Upper middle income
TTO,2004,FY06,UM,Upper middle income
TTO,2005,FY07,UM,Upper middle income
TTO,2006,FY08,H,High income
TTO,2007,FY09,H,High income
TTO,2008,FY10,H,High income
TTO,2009,FY11,H,High income
TTO,2010,FY12,H,High income
TTO,2011,FY13,H,High income
TTO,2012,FY14,H,High income
TTO,2013,FY15,H,High income
TTO,2014,FY16,H,High income
TTO,2015,FY17,H,High income
TTO,2016,FY18,H,High income
TTO,2017,FY19,H,High income
TTO,2018,FY20,H,High income
TTO,2019,FY21,H,High income
TTO,2020,FY22,H,High income
TTO,2021,FY23,H,High income
TTO,2022,FY24,H,High income
TTO,2023,FY25,H,High income
TTO,2024,FY26,H,High income
TTO,2025,FY27,H,High income
TUN,1987,FY89,LM,Lower middle income
TUN,1988,FY90,LM,Lower middle income
TUN,1989,FY91,LM,Lower middle income
TUN,1990,FY92,LM,Lower middle income
TUN,1991,FY93,LM,Lower middle income
TUN,1992,FY94,LM,Lower middle income
TUN,1993,FY95,LM,Lower middle income
TUN,1994,FY96,LM,Lower middle income
TUN,1995,FY97,LM,Lower middle income
TUN,1996,FY98,LM,Lower middle income
TUN,1997,FY99,LM,Lower middle income
TUN,1998,FY00,LM,Lower middle income
TUN,1999,FY01,LM,Lower middle income
TUN,2000,FY02,LM,Lower middle income
TUN,2001,FY03,LM,Lower middle income
TUN,2002,FY04,LM,Lower middle income
TUN,2003,FY05,LM,Lower middle income
TUN,2004,FY06,LM,Lower middle income
TUN,2005,FY07,LM,Lower middle income
TUN,2006,FY08,LM,Lower middle income
TUN,2007,FY09,LM,Lower middle income
TUN,2008,FY10,LM,Lower middle income
TUN,2009,FY11,LM,Lower middle income
TUN,2010,FY12,UM,Upper middle income
TUN,2011,FY13,UM,Upper middle income
TUN,2012,FY14,UM,Upper middle income
TUN,2013,FY15,UM,Upper middle income
TUN,2014,FY16,UM,Upper middle income
TUN,2015,FY17,LM,Lower middle income
TUN,2016,FY18,LM,Lower middle income
TUN,2017,FY19,LM,Lower middle income
TUN,2018,FY20,LM,Lower middle income
TUN,2019,FY21,LM,Lower middle income
TUN,2020,FY22,LM,Lower middle income
TUN,2021,FY23,LM,Lower middle income
TUN,2022,FY24,LM,Lower middle income
TUN,2023,FY25,LM,Lower middle income
TUN,2024,FY26,LM,Lower middle income
TUN,2025,FY27,LM,Lower middle income
TUR,1987,FY89,LM,Lower middle income
TUR,1988,FY90,LM,Lower middle income
TUR,1989,FY91,LM,Lower middle income
TUR,1990,FY92,LM,Lower middle income
TUR,1991,FY93,LM,Lower middle income
TUR,1992,FY94,LM,Lower middle income
TUR,1993,FY95,LM,Lower middle income
TUR,1994,FY96,LM,Lower middle income
TUR,1995,FY97,LM,Lower middle income
TUR,1996,FY98,LM,Lower middle income
TUR,1997,FY99,UM,Upper middle income
TUR,1998,FY00,UM,Upper middle income
TUR,1999,FY01,LM,Lower middle income
TUR,2000,FY02,UM,Upper middle income
TUR,2001,FY03,LM,Lower middle income
TUR,2002,FY04,LM,Lower middle income
TUR,2003,FY05,LM,Lower middle income
TUR,2004,FY06,UM,Upper middle income
TUR,2005,FY07,UM,Upper middle income
TUR,2006,FY08,UM,Upper middle income
TUR,2007,FY09,UM,Upper middle income
TUR,2008,FY10,UM,Upper middle income
TUR,2009,FY11,UM,Upper middle income
TUR,2010,FY12,UM,Upper middle income
TUR,2011,FY13,UM,Upper middle income
TUR,2012,FY14,UM,Upper middle income
TUR,2013,FY15,UM,Upper middle income
TUR,2014,FY16,UM,Upper middle income
TUR,2015,FY17,UM,Upper middle income
TUR,2016,FY18,UM,Upper middle income
TUR,2017,FY19,UM,Upper middle income
TUR,2018,FY20,UM,Upper middle income
TUR,2019,FY21,UM,Upper middle income
TUR,2020,FY22,UM,Upper middle income
TUR,2021,FY23,UM,Upper middle income
TUR,2022,FY24,UM,Upper middle income
TUR,2023,FY25,UM,Upper middle income
TUR,2024,FY26,UM,Upper middle income
TUR,2025,FY27,UM,Upper middle income
TUV,2009,FY11,LM,Lower middle income
TUV,2010,FY12,LM,Lower middle income
TUV,2011,FY13,UM,Upper middle income
TUV,2012,FY14,UM,Upper middle income
TUV,2013,FY15,UM,Upper middle income
TUV,2014,FY16,UM,Upper middle income
TUV,2015,FY17,UM,Upper middle income
TUV,2016,FY18,UM,Upper middle income
TUV,2017,FY19,UM,Upper middle income
TUV,2018,FY20,UM,Upper middle income
TUV,2019,FY21,UM,Upper middle income
TUV,2020,FY22,UM,Upper middle income
TUV,2021,FY23,UM,Upper middle income
TUV,2022,FY24,UM,Upper middle income
TUV,2023,FY25,UM,Upper middle income
TUV,2024,FY26,UM,Upper middle income
TUV,2025,FY27,UM,Upper middle income
TWN,1987,FY89,H,High income
TWN,1988,FY90,H,High income
TWN,1989,FY91,H,High income
TWN,1990,FY92,H,High income
TWN,1991,FY93,H,High income
TWN,1992,FY94,H,High income
TWN,1993,FY95,H,High income
TWN,1994,FY96,H,High income
TWN,1995,FY97,H,High income
TWN,1996,FY98,H,High income
TWN,1997,FY99,H,High income
TWN,1998,FY00,H,High income
TWN,1999,FY01,H,High income
TWN,2000,FY02,H,High income
TWN,2001,FY03,H,High income
TWN,2002,FY04,H,High income
TWN,2003,FY05,H,High income
TWN,2004,FY06,H,High income
TWN,2005,FY07,H,High income
TWN,2006,FY08,H,High income
TWN,2007,FY09,H,High income
TWN,2008,FY10,H,High income
TWN,2009,FY11,H,High income
TWN,2010,FY12,H,High income
TWN,2011,FY13,H,High income
TWN,2012,FY14,H,High income
TWN,2013,FY15,H,High income
TWN,2014,FY16,H,High income
TWN,2015,FY17,H,High income
TWN,2016,FY18,H,High income
TWN,2017,FY19,H,High income
TWN,2018,FY20,H,High income
TWN,2019,FY21,H,High income
TWN,2020,FY22,H,High income
TWN,2021,FY23,H,High income
TWN,2022,FY24,H,High income
TWN,2023,FY25,H,High income
TWN,2024,FY26,H,High income
TWN,2025,FY27,H,High income
TZA,1987,FY89,L,Low income
TZA,1988,FY90,L,Low income
TZA,1989,FY91,L,Low income
TZA,1990,FY92,L,Low income
TZA,1991,FY93,L,Low income
TZA,1992,FY94,L,Low income
TZA,1993,FY95,L,Low income
TZA,1994,FY96,L,Low income
TZA,1995,FY97,L,Low income
TZA,1996,FY98,L,Low income
TZA,1997,FY99,L,Low income
TZA,1998,FY00,L,Low income
TZA,1999,FY01,L,Low income
TZA,2000,FY02,L,Low income
TZA,2001,FY03,L,Low income
TZA,2002,FY04,L,Low income
TZA,2003,FY05,L,Low income
TZA,2004,FY06,L,Low income
TZA,2005,FY07,L,Low income
TZA,2006,FY08,L,Low income
TZA,2007,FY09,L,Low income
TZA,2008,FY10,L,Low income
TZA,2009,FY11,L,Low income
TZA,2010,FY12,L,Low income
TZA,2011,FY13,L,Low income
TZA,2012,FY14,L,Low income
TZA,2013,FY15,L,Low income
TZA,2014,FY16,L,Low income
TZA,2015,FY17,L,Low income
TZA,2016,FY18,L,Low income
TZA,2017,FY19,L,Low income
TZA,2018,FY20,L,Low income
TZA,2019,FY21,LM,Lower middle income
TZA,2020,FY22,LM,Lower middle income
TZA,2021,FY23,LM,Lower middle income
TZA,2022,FY24,LM,Lower middle income
TZA,2023,FY25,LM,Lower middle income
TZA,2024,FY26,LM,Lower middle income
TZA,2025,FY27,LM,Lower middle income
UGA,1987,FY89,L,Low income
UGA,1988,FY90,L,Low income
UGA,1989,FY91,L,Low income
UGA,1990,FY92,L,Low income
UGA,1991,FY93,L,Low income
UGA,1992,FY94,L,Low income
UGA,1993,FY95,L,Low income
UGA,1994,FY96,L,Low income
UGA,1995,FY97,L,Low income
UGA,1996,FY98,L,Low income
UGA,1997,FY99,L,Low income
UGA,1998,FY00,L,Low income
UGA,1999,FY01,L,Low income
UGA,2000,FY02,L,Low income
UGA,2001,FY03,L,Low income
UGA,2002,FY04,L,Low income
UGA,2003,FY05,L,Low income
UGA,2004,FY06,L,Low income
UGA,2005,FY07,L,Low income
UGA,2006,FY08,L,Low income
UGA,2007,FY09,L,Low income
UGA,2008,FY10,L,Low income
UGA,2009,FY11,L,Low income
UGA,2010,FY12,L,Low income
UGA,2011,FY13,L,Low income
UGA,2012,FY14,L,Low income
UGA,2013,FY15,L,Low income
UGA,2014,FY16,L,Low income
UGA,2015,FY17,L,Low income
UGA,2016,FY18,L,Low income
UGA,2017,FY19,L,Low income
UGA,2018,FY20,L,Low income
UGA,2019,FY21,L,Low income
UGA,2020,FY22,L,Low income
UGA,2021,FY23,L,Low income
UGA,2022,FY24,L,Low income
UGA,2023,FY25,L,Low income
UGA,2024,FY26,L,Low income
UGA,2025,FY27,L,Low income
UKR,1991,FY93,LM,Lower middle income
UKR,1992,FY94,LM,Lower middle income
UKR,1993,FY95,LM,Lower middle income
UKR,1994,FY96,LM,Lower middle income
UKR,1995,FY97,LM,Lower middle income
UKR,1996,FY98,LM,Lower middle income
UKR,1997,FY99,LM,Lower middle income
UKR,1998,FY00,LM,Lower middle income
UKR,1999,FY01,L,Low income
UKR,2000,FY02,L,Low income
UKR,2001,FY03,L,Low income
UKR,2002,FY04,LM,Lower middle income
UKR,2003,FY05,LM,Lower middle income
UKR,2004,FY06,LM,Lower middle income
UKR,2005,FY07,LM,Lower middle income
UKR,2006,FY08,LM,Lower middle income
UKR,2007,FY09,LM,Lower middle income
UKR,2008,FY10,LM,Lower middle income
UKR,2009,FY11,LM,Lower middle income
UKR,2010,FY12,LM,Lower middle income
UKR,2011,FY13,LM,Lower middle income
UKR,2012,FY14,LM,Lower middle income
UKR,2013,FY15,LM,Lower middle income
UKR,2014,FY16,LM,Lower middle income
UKR,2015,FY17,LM,Lower middle income
UKR,2016,FY18,LM,Lower middle income
UKR,2017,FY19,LM,Lower middle income
UKR,2018,FY20,LM,Lower middle income
UKR,2019,FY21,LM,Lower middle income
UKR,2020,FY22,LM,Lower middle income
UKR,2021,FY23,LM,Lower middle income
UKR,2022,FY24,LM,Lower middle income
UKR,2023,FY25,UM,Upper middle income
UKR,2024,FY26,UM,Upper middle income
UKR,2025,FY27,UM,Upper middle income
URY,1987,FY89,UM,Upper middle income
URY,1988,FY90,UM,Upper middle income
URY,1989,FY91,UM,Upper middle income
URY,1990,FY92,UM,Upper middle income
URY,1991,FY93,UM,Upper middle income
URY,1992,FY94,UM,Upper middle income
URY,1993,FY95,UM,Upper middle income
URY,1994,FY96,UM,Upper middle income
URY,1995,FY97,UM,Upper middle income
URY,1996,FY98,UM,Upper middle income
URY,1997,FY99,UM,Upper middle income
URY,1998,FY00,UM,Upper middle income
URY,1999,FY01,UM,Upper middle income
URY,2000,FY02,UM,Upper middle income
URY,2001,FY03,UM,Upper middle income
URY,2002,FY04,UM,Upper middle income
URY,2003,FY05,UM,Upper middle income
URY,2004,FY06,UM,Upper middle income
URY,2005,FY07,UM,Upper middle income
URY,2006,FY08,UM,Upper middle income
URY,2007,FY09,UM,Upper middle income
URY,2008,FY10,UM,Upper middle income
URY,2009,FY11,UM,Upper middle income
URY,2010,FY12,UM,Upper middle income
URY,2011,FY13,UM,Upper middle income
URY,2012,FY14,H,High income
URY,2013,FY15,H,High income
URY,2014,FY16,H,High income
URY,2015,FY17,H,High income
URY,2016,FY18,H,High income
URY,2017,FY19,H,High income
URY,2018,FY20,H,High income
URY,2019,FY21,H,High income
URY,2020,FY22,H,High income
URY,2021,FY23,H,High income
URY,2022,FY24,H,High income
URY,2023,FY25,H,High income
URY,2024,FY26,H,High income
URY,2025,FY27,H,High income
USA,1987,FY89,H,High income
USA,1988,FY90,H,High income
USA,1989,FY91,H,High income
USA,1990,FY92,H,High income
USA,1991,FY93,H,High income
USA,1992,FY94,H,High income
USA,1993,FY95,H,High income
USA,1994,FY96,H,High income
USA,1995,FY97,H,High income
USA,1996,FY98,H,High income
USA,1997,FY99,H,High income
USA,1998,FY00,H,High income
USA,1999,FY01,H,High income
USA,2000,FY02,H,High income
USA,2001,FY03,H,High income
USA,2002,FY04,H,High income
USA,2003,FY05,H,High income
USA,2004,FY06,H,High income
USA,2005,FY07,H,High income
USA,2006,FY08,H,High income
USA,2007,FY09,H,High income
USA,2008,FY10,H,High income
USA,2009,FY11,H,High income
USA,2010,FY12,H,High income
USA,2011,FY13,H,High income
USA,2012,FY14,H,High income
USA,2013,FY15,H,High income
USA,2014,FY16,H,High income
USA,2015,FY17,H,High income
USA,2016,FY18,H,High income
USA,2017,FY19,H,High income
USA,2018,FY20,H,High income
USA,2019,FY21,H,High income
USA,2020,FY22,H,High income
USA,2021,FY23,H,High income
USA,2022,FY24,H,High income
USA,2023,FY25,H,High income
USA,2024,FY26,H,High income
USA,2025,FY27,H,High income
UZB,1991,FY93,LM,Lower middle income
UZB,1992,FY94,LM,Lower middle income
UZB,1993,FY95,LM,Lower middle income
UZB,1994,FY96,LM,Lower middle income
UZB,1995,FY97,LM,Lower middle income
UZB,1996,FY98,LM,Lower middle income
UZB,1997,FY99,LM,Lower middle income
UZB,1998,FY00,LM,Lower middle income
UZB,1999,FY01,L,Low income
UZB,2000,FY02,L,Low income
UZB,2001,FY03,L,Low income
UZB,2002,FY04,L,Low income
UZB,2003,FY05,L,Low income
UZB,2004,FY06,L,Low income
UZB,2005,FY07,L,Low income
UZB,2006,FY08,L,Low income
UZB,2007,FY09,L,Low income
UZB,2008,FY10,L,Low income
UZB,2009,FY11,LM,Lower middle income
UZB,2010,FY12,LM,Lower middle income
UZB,2011,FY13,LM,Lower middle income
UZB,2012,FY14,LM,Lower middle income
UZB,2013,FY15,LM,Lower middle income
UZB,2014,FY16,LM,Lower middle income
UZB,2015,FY17,LM,Lower middle income
UZB,2016,FY18,LM,Lower middle income
UZB,2017,FY19,LM,Lower middle income
UZB,2018,FY20,LM,Lower middle income
UZB,2019,FY21,LM,Lower middle income
UZB,2020,FY22,LM,Lower middle income
UZB,2021,FY23,LM,Lower middle income
UZB,2022,FY24,LM,Lower middle income
UZB,2023,FY25,LM,Lower middle income
UZB,2024,FY26,LM,Lower middle income
UZB,2025,FY27,LM,Lower middle income
VCT,1987,FY89,LM,Lower middle income
VCT,1988,FY90,LM,Lower middle income
VCT,1989,FY91,LM,Lower middle income
VCT,1990,FY92,LM,Lower middle income
VCT,1991,FY93,LM,Lower middle income
VCT,1992,FY94,LM,Lower middle income
VCT,1993,FY95,LM,Lower middle income
VCT,1994,FY96,LM,Lower middle income
VCT,1995,FY97,LM,Lower middle income
VCT,1996,FY98,LM,Lower middle income
VCT,1997,FY99,LM,Lower middle income
VCT,1998,FY00,LM,Lower middle income
VCT,1999,FY01,LM,Lower middle income
VCT,2000,FY02,LM,Lower middle income
VCT,2001,FY03,LM,Lower middle income
VCT,2002,FY04,LM,Lower middle income
VCT,2003,FY05,UM,Upper middle income
VCT,2004,FY06,UM,Upper middle income
VCT,2005,FY07,UM,Upper middle income
VCT,2006,FY08,UM,Upper middle income
VCT,2007,FY09,UM,Upper middle income
VCT,2008,FY10,UM,Upper middle income
VCT,2009,FY11,UM,Upper middle income
VCT,2010,FY12,UM,Upper middle income
VCT,2011,FY13,UM,Upper middle income
VCT,2012,FY14,UM,Upper middle income
VCT,2013,FY15,UM,Upper middle income
VCT,2014,FY16,UM,Upper middle income
VCT,2015,FY17,UM,Upper middle income
VCT,2016,FY18,UM,Upper middle income
VCT,2017,FY19,UM,Upper middle income
VCT,2018,FY20,UM,Upper middle income
VCT,2019,FY21,UM,Upper middle income
VCT,2020,FY22,UM,Upper middle income
VCT,2021,FY23,UM,Upper middle income
VCT,2022,FY24,UM,Upper middle income
VCT,2023,FY25,UM,Upper middle income
VCT,2024,FY26,UM,Upper middle income
VCT,2025,FY27,UM,Upper middle income
VEN,1987,FY89,UM,Upper middle income
VEN,1988,FY90,UM,Upper middle income
VEN,1989,FY91,UM,Upper middle income
VEN,1990,FY92,UM,Upper middle income
VEN,1991,FY93,UM,Upper middle income
VEN,1992,FY94,UM,Upper middle income
VEN,1993,FY95,UM,Upper middle income
VEN,1994,FY96,LM,Lower middle income
VEN,1995,FY97,LM,Lower middle income
VEN,1996,FY98,LM,Lower middle income
VEN,1997,FY99,UM,Upper middle income
VEN,1998,FY00,UM,Upper middle income
VEN,1999,FY01,UM,Upper middle income
VEN,2000,FY02,UM,Upper middle income
VEN,2001,FY03,UM,Upper middle income
VEN,2002,FY04,UM,Upper middle income
VEN,2003,FY05,UM,Upper middle income
VEN,2004,FY06,UM,Upper middle income
VEN,2005,FY07,UM,Upper middle income
VEN,2006,FY08,UM,Upper middle income
VEN,2007,FY09,UM,Upper middle income
VEN,2008,FY10,UM,Upper middle income
VEN,2009,FY11,UM,Upper middle income
VEN,2010,FY12,UM,Upper middle income
VEN,2011,FY13,UM,Upper middle income
VEN,2012,FY14,UM,Upper middle income
VEN,2013,FY15,UM,Upper middle income
VEN,2014,FY16,H,High income
VEN,2015,FY17,UM,Upper middle income
VEN,2016,FY18,UM,Upper middle income
VEN,2017,FY19,UM,Upper middle income
VEN,2018,FY20,UM,Upper middle income
VEN,2019,FY21,UM,Upper middle income
VEN,2025,FY27,LM,Lower middle income
VGB,2015,FY17,H,High income
VGB,2016,FY18,H,High income
VGB,2017,FY19,H,High income
VGB,2018,FY20,H,High income
VGB,2019,FY21,H,High income
VGB,2020,FY22,H,High income
VGB,2021,FY23,H,High income
VGB,2022,FY24,H,High income
VGB,2023,FY25,H,High income
VGB,2024,FY26,H,High income
VGB,2025,FY27,H,High income
VIR,1987,FY89,H,High income
VIR,1988,FY90,H,High income
VIR,1989,FY91,H,High income
VIR,1990,FY92,H,High income
VIR,1991,FY93,H,High income
VIR,1992,FY94,H,High income
VIR,1993,FY95,H,High income
VIR,1994,FY96,H,High income
VIR,1995,FY97,H,High income
VIR,1996,FY98,H,High income
VIR,1997,FY99,H,High income
VIR,1998,FY00,H,High income
VIR,1999,FY01,H,High income
VIR,2000,FY02,H,High income
VIR,2001,FY03,H,High income
VIR,2002,FY04,H,High income
VIR,2003,FY05,H,High income
VIR,2004,FY06,H,High income
VIR,2005,FY07,H,High income
VIR,2006,FY08,H,High income
VIR,2007,FY09,H,High income
VIR,2008,FY10,H,High income
VIR,2009,FY11,H,High income
VIR,2010,FY12,H,High income
VIR,2011,FY13,H,High income
VIR,2012,FY14,H,High income
VIR,2013,FY15,H,High income
VIR,2014,FY16,H,High income
VIR,2015,FY17,H,High income
VIR,2016,FY18,H,High income
VIR,2017,FY19,H,High income
VIR,2018,FY20,H,High income
VIR,2019,FY21,H,High income
VIR,2020,FY22,H,High income
VIR,2021,FY23,H,High income
VIR,2022,FY24,H,High income
VIR,2023,FY25,H,High income
VIR,2024,FY26,H,High income
VIR,2025,FY27,H,High income
VNM,1987,FY89,L,Low income
VNM,1988,FY90,L,Low income
VNM,1989,FY91,L,Low income
VNM,1990,FY92,L,Low income
VNM,1991,FY93,L,Low income
VNM,1992,FY94,L,Low income
VNM,1993,FY95,L,Low income
VNM,1994,FY96,L,Low income
VNM,1995,FY97,L,Low income
VNM,1996,FY98,L,Low income
VNM,1997,FY99,L,Low income
VNM,1998,FY00,L,Low income
VNM,1999,FY01,L,Low income
VNM,2000,FY02,L,Low income
VNM,2001,FY03,L,Low income
VNM,2002,FY04,L,Low income
VNM,2003,FY05,L,Low income
VNM,2004,FY06,L,Low income
VNM,2005,FY07,L,Low income
VNM,2006,FY08,L,Low income
VNM,2007,FY09,L,Low income
VNM,2008,FY10,L,Low income
VNM,2009,FY11,LM,Lower middle income
VNM,2010,FY12,LM,Lower middle income
VNM,2011,FY13,LM,Lower middle income
VNM,2012,FY14,LM,Lower middle income
VNM,2013,FY15,LM,Lower middle income
VNM,2014,FY16,LM,Lower middle income
VNM,2015,FY17,LM,Lower middle income
VNM,2016,FY18,LM,Lower middle income
VNM,2017,FY19,LM,Lower middle income
VNM,2018,FY20,LM,Lower middle income
VNM,2019,FY21,LM,Lower middle income
VNM,2020,FY22,LM,Lower middle income
VNM,2021,FY23,LM,Lower middle income
VNM,2022,FY24,LM,Lower middle income
VNM,2023,FY25,LM,Lower middle income
VNM,2024,FY26,LM,Lower middle income
VNM,2025,FY27,UM,Upper middle income
VUT,1987,FY89,LM,Lower middle income
VUT,1988,FY90,LM,Lower middle income
VUT,1989,FY91,LM,Lower middle income
VUT,1990,FY92,LM,Lower middle income
VUT,1991,FY93,LM,Lower middle income
VUT,1992,FY94,LM,Lower middle income
VUT,1993,FY95,LM,Lower middle income
VUT,1994,FY96,LM,Lower middle income
VUT,1995,FY97,LM,Lower middle income
VUT,1996,FY98,LM,Lower middle income
VUT,1997,FY99,LM,Lower middle income
VUT,1998,FY00,LM,Lower middle income
VUT,1999,FY01,LM,Lower middle income
VUT,2000,FY02,LM,Lower middle income
VUT,2001,FY03,LM,Lower middle income
VUT,2002,FY04,LM,Lower middle income
VUT,2003,FY05,LM,Lower middle income
VUT,2004,FY06,LM,Lower middle income
VUT,2005,FY07,LM,Lower middle income
VUT,2006,FY08,LM,Lower middle income
VUT,2007,FY09,LM,Lower middle income
VUT,2008,FY10,LM,Lower middle income
VUT,2009,FY11,LM,Lower middle income
VUT,2010,FY12,LM,Lower middle income
VUT,2011,FY13,LM,Lower middle income
VUT,2012,FY14,LM,Lower middle income
VUT,2013,FY15,LM,Lower middle income
VUT,2014,FY16,LM,Lower middle income
VUT,2015,FY17,LM,Lower middle income
VUT,2016,FY18,LM,Lower middle income
VUT,2017,FY19,LM,Lower middle income
VUT,2018,FY20,LM,Lower middle income
VUT,2019,FY21,LM,Lower middle income
VUT,2020,FY22,LM,Lower middle income
VUT,2021,FY23,LM,Lower middle income
VUT,2022,FY24,LM,Lower middle income
VUT,2023,FY25,LM,Lower middle income
VUT,2024,FY26,LM,Lower middle income
VUT,2025,FY27,LM,Lower middle income
WSM,1987,FY89,LM,Lower middle income
WSM,1988,FY90,LM,Lower middle income
WSM,1989,FY91,LM,Lower middle income
WSM,1990,FY92,LM,Lower middle income
WSM,1991,FY93,LM,Lower middle income
WSM,1992,FY94,LM,Lower middle income
WSM,1993,FY95,LM,Lower middle income
WSM,1994,FY96,LM,Lower middle income
WSM,1995,FY97,LM,Lower middle income
WSM,1996,FY98,LM,Lower middle income
WSM,1997,FY99,LM,Lower middle income
WSM,1998,FY00,LM,Lower middle income
WSM,1999,FY01,LM,Lower middle income
WSM,2000,FY02,LM,Lower middle income
WSM,2001,FY03,LM,Lower middle income
WSM,2002,FY04,LM,Lower middle income
WSM,2003,FY05,LM,Lower middle income
WSM,2004,FY06,LM,Lower middle income
WSM,2005,FY07,LM,Lower middle income
WSM,2006,FY08,LM,Lower middle income
WSM,2007,FY09,LM,Lower middle income
WSM,2008,FY10,LM,Lower middle income
WSM,2009,FY11,LM,Lower middle income
WSM,2010,FY12,LM,Lower middle income
WSM,2011,FY13,LM,Lower middle income
WSM,2012,FY14,LM,Lower middle income
WSM,2013,FY15,LM,Lower middle income
WSM,2014,FY16,LM,Lower middle income
WSM,2015,FY17,LM,Lower middle income
WSM,2016,FY18,UM,Upper middle income
WSM,2017,FY19,UM,Upper middle income
WSM,2018,FY20,UM,Upper middle income
WSM,2019,FY21,UM,Upper middle income
WSM,2020,FY22,LM,Lower middle income
WSM,2021,FY23,LM,Lower middle income
WSM,2022,FY24,LM,Lower middle income
WSM,2023,FY25,LM,Lower middle income
WSM,2024,FY26,UM,Upper middle income
WSM,2025,FY27,UM,Upper middle income
XKX,2008,FY10,LM,Lower middle income
XKX,2009,FY11,LM,Lower middle income
XKX,2010,FY12,LM,Lower middle income
XKX,2011,FY13,LM,Lower middle income
XKX,2012,FY14,LM,Lower middle income
XKX,2013,FY15,LM,Lower middle income
XKX,2014,FY16,LM,Lower middle income
XKX,2015,FY17,LM,Lower middle income
XKX,2016,FY18,LM,Lower middle income
XKX,2017,FY19,LM,Lower middle income
XKX,2018,FY20,UM,Upper middle income
XKX,2019,FY21,UM,Upper middle income
XKX,2020,FY22,UM,Upper middle income
XKX,2021,FY23,UM,Upper middle income
XKX,2022,FY24,UM,Upper middle income
XKX,2023,FY25,UM,Upper middle income
XKX,2024,FY26,UM,Upper middle income
XKX,2025,FY27,UM,Upper middle income
YEM,1987,FY89,LM,Lower middle income
YEM,1988,FY90,LM,Lower middle income
YEM,1989,FY91,LM,Lower middle income
YEM,1990,FY92,LM,Lower middle income
YEM,1991,FY93,L,Low income
YEM,1992,FY94,L,Low income
YEM,1993,FY95,L,Low income
YEM,1994,FY96,L,Low income
YEM,1995,FY97,L,Low income
YEM,1996,FY98,L,Low income
YEM,1997,FY99,L,Low income
YEM,1998,FY00,L,Low income
YEM,1999,FY01,L,Low income
YEM,2000,FY02,L,Low income
YEM,2001,FY03,L,Low income
YEM,2002,FY04,L,Low income
YEM,2003,FY05,L,Low income
YEM,2004,FY06,L,Low income
YEM,2005,FY07,L,Low income
YEM,2006,FY08,L,Low income
YEM,2007,FY09,L,Low income
YEM,2008,FY10,L,Low income
YEM,2009,FY11,LM,Lower middle income
YEM,2010,FY12,LM,Lower middle income
YEM,2011,FY13,LM,Lower middle income
YEM,2012,FY14,LM,Lower middle income
YEM,2013,FY15,LM,Lower middle income
YEM,2014,FY16,LM,Lower middle income
YEM,2015,FY17,LM,Lower middle income
YEM,2016,FY18,LM,Lower middle income
YEM,2017,FY19,L,Low income
YEM,2018,FY20,L,Low income
YEM,2019,FY21,L,Low income
YEM,2020,FY22,L,Low income
YEM,2021,FY23,L,Low income
YEM,2022,FY24,L,Low income
YEM,2023,FY25,L,Low income
YEM,2024,FY26,L,Low income
YEM,2025,FY27,L,Low income
YUG,1992,FY94,LM,Lower middle income
YUG,1993,FY95,LM,Lower middle income
YUG,1994,FY96,LM,Lower middle income
YUG,1995,FY97,LM,Lower middle income
YUG,1996,FY98,LM,Lower middle income
YUG,1997,FY99,LM,Lower middle income
YUG,1998,FY00,LM,Lower middle income
YUG,1999,FY01,LM,Lower middle income
YUG,2000,FY02,LM,Lower middle income
YUG,2001,FY03,LM,Lower middle income
YUG,2002,FY04,LM,Lower middle income
YUG,2003,FY05,LM,Lower middle income
YUG,2004,FY06,LM,Lower middle income
YUG,2005,FY07,LM,Lower middle income
ZAF,1987,FY89,LM,Lower middle income
ZAF,1988,FY90,UM,Upper middle income
ZAF,1989,FY91,UM,Upper middle income
ZAF,1990,FY92,UM,Upper middle income
ZAF,1991,FY93,UM,Upper middle income
ZAF,1992,FY94,UM,Upper middle income
ZAF,1993,FY95,UM,Upper middle income
ZAF,1994,FY96,UM,Upper middle income
ZAF,1995,FY97,UM,Upper middle income
ZAF,1996,FY98,UM,Upper middle income
ZAF,1997,FY99,UM,Upper middle income
ZAF,1998,FY00,LM,Lower middle income
ZAF,1999,FY01,UM,Upper middle income
ZAF,2000,FY02,UM,Upper middle income
ZAF,2001,FY03,LM,Lower middle income
ZAF,2002,FY04,LM,Lower middle income
ZAF,2003,FY05,LM,Lower middle income
ZAF,2004,FY06,UM,Upper middle income
ZAF,2005,FY07,UM,Upper middle income
ZAF,2006,FY08,UM,Upper middle income
ZAF,2007,FY09,UM,Upper middle income
ZAF,2008,FY10,UM,Upper middle income
ZAF,2009,FY11,UM,Upper middle income
ZAF,2010,FY12,UM,Upper middle income
ZAF,2011,FY13,UM,Upper middle income
ZAF,2012,FY14,UM,Upper middle income
ZAF,2013,FY15,UM,Upper middle income
ZAF,2014,FY16,UM,Upper middle income
ZAF,2015,FY17,UM,Upper middle income
ZAF,2016,FY18,UM,Upper middle income
ZAF,2017,FY19,UM,Upper middle income
ZAF,2018,FY20,UM,Upper middle income
ZAF,2019,FY21,UM,Upper middle income
ZAF,2020,FY22,UM,Upper middle income
ZAF,2021,FY23,UM,Upper middle income
ZAF,2022,FY24,UM,Upper middle income
ZAF,2023,FY25,UM,Upper middle income
ZAF,2024,FY26,UM,Upper middle income
ZAF,2025,FY27,UM,Upper middle income
ZMB,1987,FY89,L,Low income
ZMB,1988,FY90,L,Low income
ZMB,1989,FY91,L,Low income
ZMB,1990,FY92,L,Low income
ZMB,1991,FY93,L,Low income
ZMB,1992,FY94,L,Low income
ZMB,1993,FY95,L,Low income
ZMB,1994,FY96,L,Low income
ZMB,1995,FY97,L,Low income
ZMB,1996,FY98,L,Low income
ZMB,1997,FY99,L,Low income
ZMB,1998,FY00,L,Low income
ZMB,1999,FY01,L,Low income
ZMB,2000,FY02,L,Low income
ZMB,2001,FY03,L,Low income
ZMB,2002,FY04,L,Low income
ZMB,2003,FY05,L,Low income
ZMB,2004,FY06,L,Low income
ZMB,2005,FY07,L,Low income
ZMB,2006,FY08,L,Low income
ZMB,2007,FY09,L,Low income
ZMB,2008,FY10,L,Low income
ZMB,2009,FY11,L,Low income
ZMB,2010,FY12,LM,Lower middle income
ZMB,2011,FY13,LM,Lower middle income
ZMB,2012,FY14,LM,Lower middle income
ZMB,2013,FY15,LM,Lower middle income
ZMB,2014,FY16,LM,Lower middle income
ZMB,2015,FY17,LM,Lower middle income
ZMB,2016,FY18,LM,Lower middle income
ZMB,2017,FY19,LM,Lower middle income
ZMB,2018,FY20,LM,Lower middle income
ZMB,2019,FY21,LM,Lower middle income
ZMB,2020,FY22,LM,Lower middle income
ZMB,2021,FY23,L,Low income
ZMB,2022,FY24,LM,Lower middle income
ZMB,2023,FY25,LM,Lower middle income
ZMB,2024,FY26,LM,Lower middle income
ZMB,2025,FY27,LM,Lower middle income
ZWE,1987,FY89,LM,Lower middle income
ZWE,1988,FY90,LM,Lower middle income
ZWE,1989,FY91,LM,Lower middle income
ZWE,1990,FY92,LM,Lower middle income
ZWE,1991,FY93,L,Low income
ZWE,1992,FY94,L,Low income
ZWE,1993,FY95,L,Low income
ZWE,1994,FY96,L,Low income
ZWE,1995,FY97,L,Low income
ZWE,1996,FY98,L,Low income
ZWE,1997,FY99,L,Low income
ZWE,1998,FY00,L,Low income
ZWE,1999,FY01,L,Low income
ZWE,2000,FY02,L,Low income
ZWE,2001,FY03,L,Low income
ZWE,2002,FY04,L,Low income
ZWE,2003,FY05,L,Low income
ZWE,2004,FY06,L,Low income
ZWE,2005,FY07,L,Low income
ZWE,2006,FY08,L,Low income
ZWE,2007,FY09,L,Low income
ZWE,2008,FY10,L,Low income
ZWE,2009,FY11,L,Low income
ZWE,2010,FY12,L,Low income
ZWE,2011,FY13,L,Low income
ZWE,2012,FY14,L,Low income
ZWE,2013,FY15,L,Low income
ZWE,2014,FY16,L,Low income
ZWE,2015,FY17,L,Low income
ZWE,2016,FY18,L,Low income
ZWE,2017,FY19,L,Low income
ZWE,2018,FY20,LM,Lower middle income
ZWE,2019,FY21,LM,Lower middle income
ZWE,2020,FY22,LM,Lower middle income
ZWE,2021,FY23,LM,Lower middle income
ZWE,2022,FY24,LM,Lower middle income
ZWE,2023,FY25,LM,Lower middle income
ZWE,2024,FY26,LM,Lower middle income
ZWE,2025,FY27,LM,Lower middle income
